keyword_index	keyword	encoded_keyword	search_url	topic	intent	priority	platform_sensitive	recommended_for_kuaishou	source_count
1	虚拟专用网络	%E8%99%9A%E6%8B%9F%E4%B8%93%E7%94%A8%E7%BD%91%E7%BB%9C	https://www.kuaishou.com/search/%E8%99%9A%E6%8B%9F%E4%B8%93%E7%94%A8%E7%BD%91%E7%BB%9C	VPN核心	泛需求	A	false	true	5
2	跨境专线	%E8%B7%A8%E5%A2%83%E4%B8%93%E7%BA%BF	https://www.kuaishou.com/search/%E8%B7%A8%E5%A2%83%E4%B8%93%E7%BA%BF	跨境与海外网络	跨境外贸	A	false	true	5
3	ipsec vpn	ipsec%20vpn	https://www.kuaishou.com/search/ipsec%20vpn	VPN协议与技术	代理与IP	A	false	true	4
4	openvpn	openvpn	https://www.kuaishou.com/search/openvpn	VPN协议与技术	泛需求	A	false	true	4
5	tiktok网络	tiktok%E7%BD%91%E7%BB%9C	https://www.kuaishou.com/search/tiktok%E7%BD%91%E7%BB%9C	跨境与海外网络	跨境外贸	A	false	true	4
6	vpn	vpn	https://www.kuaishou.com/search/vpn	VPN核心	泛需求	A	false	true	4
7	vpn下载	vpn%E4%B8%8B%E8%BD%BD	https://www.kuaishou.com/search/vpn%E4%B8%8B%E8%BD%BD	VPN核心	下载安装	A	false	true	4
8	vpn免费	vpn%E5%85%8D%E8%B4%B9	https://www.kuaishou.com/search/vpn%E5%85%8D%E8%B4%B9	VPN核心	泛需求	A	false	true	4
9	vpn加速器	vpn%E5%8A%A0%E9%80%9F%E5%99%A8	https://www.kuaishou.com/search/vpn%E5%8A%A0%E9%80%9F%E5%99%A8	VPN核心	泛需求	A	false	true	4
10	vpn协议	vpn%E5%8D%8F%E8%AE%AE	https://www.kuaishou.com/search/vpn%E5%8D%8F%E8%AE%AE	VPN协议与技术	科普原理	A	false	true	4
11	vpn原理	vpn%E5%8E%9F%E7%90%86	https://www.kuaishou.com/search/vpn%E5%8E%9F%E7%90%86	VPN核心	科普原理	A	false	true	4
12	vpn安全吗	vpn%E5%AE%89%E5%85%A8%E5%90%97	https://www.kuaishou.com/search/vpn%E5%AE%89%E5%85%A8%E5%90%97	VPN核心	科普原理	A	false	true	4
13	vpn安卓	vpn%E5%AE%89%E5%8D%93	https://www.kuaishou.com/search/vpn%E5%AE%89%E5%8D%93	VPN核心	下载安装	A	false	true	4
14	vpn客户端	vpn%E5%AE%A2%E6%88%B7%E7%AB%AF	https://www.kuaishou.com/search/vpn%E5%AE%A2%E6%88%B7%E7%AB%AF	VPN核心	下载安装	A	false	true	4
15	vpn怎么用	vpn%E6%80%8E%E4%B9%88%E7%94%A8	https://www.kuaishou.com/search/vpn%E6%80%8E%E4%B9%88%E7%94%A8	VPN核心	配置排障	A	false	true	4
16	vpn手机	vpn%E6%89%8B%E6%9C%BA	https://www.kuaishou.com/search/vpn%E6%89%8B%E6%9C%BA	VPN核心	下载安装	A	false	true	4
17	vpn是什么	vpn%E6%98%AF%E4%BB%80%E4%B9%88	https://www.kuaishou.com/search/vpn%E6%98%AF%E4%BB%80%E4%B9%88	VPN核心	科普原理	A	false	true	4
18	vpn服务器	vpn%E6%9C%8D%E5%8A%A1%E5%99%A8	https://www.kuaishou.com/search/vpn%E6%9C%8D%E5%8A%A1%E5%99%A8	VPN核心	泛需求	A	false	true	4
19	vpn电脑	vpn%E7%94%B5%E8%84%91	https://www.kuaishou.com/search/vpn%E7%94%B5%E8%84%91	VPN核心	下载安装	A	false	true	4
20	vpn节点	vpn%E8%8A%82%E7%82%B9	https://www.kuaishou.com/search/vpn%E8%8A%82%E7%82%B9	VPN核心	代理与IP	A	true	true	4
21	vpn苹果	vpn%E8%8B%B9%E6%9E%9C	https://www.kuaishou.com/search/vpn%E8%8B%B9%E6%9E%9C	VPN核心	下载安装	A	false	true	4
22	vpn设置	vpn%E8%AE%BE%E7%BD%AE	https://www.kuaishou.com/search/vpn%E8%AE%BE%E7%BD%AE	VPN核心	配置排障	A	false	true	4
23	vpn路由器	vpn%E8%B7%AF%E7%94%B1%E5%99%A8	https://www.kuaishou.com/search/vpn%E8%B7%AF%E7%94%B1%E5%99%A8	VPN核心	泛需求	A	false	true	4
24	vpn软件	vpn%E8%BD%AF%E4%BB%B6	https://www.kuaishou.com/search/vpn%E8%BD%AF%E4%BB%B6	VPN核心	下载安装	A	false	true	4
25	vpn违法吗	vpn%E8%BF%9D%E6%B3%95%E5%90%97	https://www.kuaishou.com/search/vpn%E8%BF%9D%E6%B3%95%E5%90%97	VPN核心	泛需求	A	false	true	4
26	vpn连接	vpn%E8%BF%9E%E6%8E%A5	https://www.kuaishou.com/search/vpn%E8%BF%9E%E6%8E%A5	VPN核心	配置排障	A	false	true	4
27	vpn速度慢	vpn%E9%80%9F%E5%BA%A6%E6%85%A2	https://www.kuaishou.com/search/vpn%E9%80%9F%E5%BA%A6%E6%85%A2	VPN核心	泛需求	A	false	true	4
28	vpn配置	vpn%E9%85%8D%E7%BD%AE	https://www.kuaishou.com/search/vpn%E9%85%8D%E7%BD%AE	VPN核心	配置排障	A	false	true	4
29	wireguard	wireguard	https://www.kuaishou.com/search/wireguard	VPN协议与技术	泛需求	A	false	true	4
30	企业vpn	%E4%BC%81%E4%B8%9Avpn	https://www.kuaishou.com/search/%E4%BC%81%E4%B8%9Avpn	企业网络	企业办公	A	false	true	4
31	回国加速器	%E5%9B%9E%E5%9B%BD%E5%8A%A0%E9%80%9F%E5%99%A8	https://www.kuaishou.com/search/%E5%9B%9E%E5%9B%BD%E5%8A%A0%E9%80%9F%E5%99%A8	跨境与海外网络	跨境外贸	A	false	true	4
32	国际专线	%E5%9B%BD%E9%99%85%E4%B8%93%E7%BA%BF	https://www.kuaishou.com/search/%E5%9B%BD%E9%99%85%E4%B8%93%E7%BA%BF	跨境与海外网络	跨境外贸	A	false	true	4
33	外贸网络	%E5%A4%96%E8%B4%B8%E7%BD%91%E7%BB%9C	https://www.kuaishou.com/search/%E5%A4%96%E8%B4%B8%E7%BD%91%E7%BB%9C	跨境与海外网络	跨境外贸	A	false	true	4
34	手机vpn设置	%E6%89%8B%E6%9C%BAvpn%E8%AE%BE%E7%BD%AE	https://www.kuaishou.com/search/%E6%89%8B%E6%9C%BAvpn%E8%AE%BE%E7%BD%AE	VPN核心	配置排障	A	false	true	4
35	校园网vpn	%E6%A0%A1%E5%9B%AD%E7%BD%91vpn	https://www.kuaishou.com/search/%E6%A0%A1%E5%9B%AD%E7%BD%91vpn	VPN核心	泛需求	A	false	true	4
36	海外app下载	%E6%B5%B7%E5%A4%96app%E4%B8%8B%E8%BD%BD	https://www.kuaishou.com/search/%E6%B5%B7%E5%A4%96app%E4%B8%8B%E8%BD%BD	跨境与海外网络	跨境外贸	A	false	true	4
37	海外ip	%E6%B5%B7%E5%A4%96ip	https://www.kuaishou.com/search/%E6%B5%B7%E5%A4%96ip	跨境与海外网络	跨境外贸	A	false	true	4
38	海外加速器	%E6%B5%B7%E5%A4%96%E5%8A%A0%E9%80%9F%E5%99%A8	https://www.kuaishou.com/search/%E6%B5%B7%E5%A4%96%E5%8A%A0%E9%80%9F%E5%99%A8	跨境与海外网络	跨境外贸	A	false	true	4
39	海外应用商店	%E6%B5%B7%E5%A4%96%E5%BA%94%E7%94%A8%E5%95%86%E5%BA%97	https://www.kuaishou.com/search/%E6%B5%B7%E5%A4%96%E5%BA%94%E7%94%A8%E5%95%86%E5%BA%97	跨境与海外网络	跨境外贸	A	false	true	4
40	海外软件下载	%E6%B5%B7%E5%A4%96%E8%BD%AF%E4%BB%B6%E4%B8%8B%E8%BD%BD	https://www.kuaishou.com/search/%E6%B5%B7%E5%A4%96%E8%BD%AF%E4%BB%B6%E4%B8%8B%E8%BD%BD	跨境与海外网络	跨境外贸	A	false	true	4
41	用vpn会被抓吗	%E7%94%A8vpn%E4%BC%9A%E8%A2%AB%E6%8A%93%E5%90%97	https://www.kuaishou.com/search/%E7%94%A8vpn%E4%BC%9A%E8%A2%AB%E6%8A%93%E5%90%97	VPN核心	泛需求	A	false	true	4
42	科学上网	%E7%A7%91%E5%AD%A6%E4%B8%8A%E7%BD%91	https://www.kuaishou.com/search/%E7%A7%91%E5%AD%A6%E4%B8%8A%E7%BD%91	VPN核心	泛需求	A	true	true	4
43	翻墙违法吗	%E7%BF%BB%E5%A2%99%E8%BF%9D%E6%B3%95%E5%90%97	https://www.kuaishou.com/search/%E7%BF%BB%E5%A2%99%E8%BF%9D%E6%B3%95%E5%90%97	VPN核心	泛需求	A	true	true	4
44	苹果手机vpn设置	%E8%8B%B9%E6%9E%9C%E6%89%8B%E6%9C%BAvpn%E8%AE%BE%E7%BD%AE	https://www.kuaishou.com/search/%E8%8B%B9%E6%9E%9C%E6%89%8B%E6%9C%BAvpn%E8%AE%BE%E7%BD%AE	VPN核心	配置排障	A	false	true	4
45	虚拟私人网络	%E8%99%9A%E6%8B%9F%E7%A7%81%E4%BA%BA%E7%BD%91%E7%BB%9C	https://www.kuaishou.com/search/%E8%99%9A%E6%8B%9F%E7%A7%81%E4%BA%BA%E7%BD%91%E7%BB%9C	VPN核心	泛需求	A	false	true	4
46	跨境电商网络	%E8%B7%A8%E5%A2%83%E7%94%B5%E5%95%86%E7%BD%91%E7%BB%9C	https://www.kuaishou.com/search/%E8%B7%A8%E5%A2%83%E7%94%B5%E5%95%86%E7%BD%91%E7%BB%9C	跨境与海外网络	跨境外贸	A	false	true	4
47	跨境电商网络环境	%E8%B7%A8%E5%A2%83%E7%94%B5%E5%95%86%E7%BD%91%E7%BB%9C%E7%8E%AF%E5%A2%83	https://www.kuaishou.com/search/%E8%B7%A8%E5%A2%83%E7%94%B5%E5%95%86%E7%BD%91%E7%BB%9C%E7%8E%AF%E5%A2%83	跨境与海外网络	跨境外贸	A	false	true	4
48	跨境电商网络环境搭建	%E8%B7%A8%E5%A2%83%E7%94%B5%E5%95%86%E7%BD%91%E7%BB%9C%E7%8E%AF%E5%A2%83%E6%90%AD%E5%BB%BA	https://www.kuaishou.com/search/%E8%B7%A8%E5%A2%83%E7%94%B5%E5%95%86%E7%BD%91%E7%BB%9C%E7%8E%AF%E5%A2%83%E6%90%AD%E5%BB%BA	跨境与海外网络	跨境外贸	A	false	true	4
49	跨境网络	%E8%B7%A8%E5%A2%83%E7%BD%91%E7%BB%9C	https://www.kuaishou.com/search/%E8%B7%A8%E5%A2%83%E7%BD%91%E7%BB%9C	跨境与海外网络	跨境外贸	A	false	true	4
50	魔法上网	%E9%AD%94%E6%B3%95%E4%B8%8A%E7%BD%91	https://www.kuaishou.com/search/%E9%AD%94%E6%B3%95%E4%B8%8A%E7%BD%91	VPN核心	泛需求	A	false	true	4
51	tiktok网络不稳定	tiktok%E7%BD%91%E7%BB%9C%E4%B8%8D%E7%A8%B3%E5%AE%9A	https://www.kuaishou.com/search/tiktok%E7%BD%91%E7%BB%9C%E4%B8%8D%E7%A8%B3%E5%AE%9A	跨境与海外网络	跨境外贸	A	false	true	4
52	tiktok网络无法连接	tiktok%E7%BD%91%E7%BB%9C%E6%97%A0%E6%B3%95%E8%BF%9E%E6%8E%A5	https://www.kuaishou.com/search/tiktok%E7%BD%91%E7%BB%9C%E6%97%A0%E6%B3%95%E8%BF%9E%E6%8E%A5	跨境与海外网络	跨境外贸	A	false	true	4
53	tiktok网络连接不稳定	tiktok%E7%BD%91%E7%BB%9C%E8%BF%9E%E6%8E%A5%E4%B8%8D%E7%A8%B3%E5%AE%9A	https://www.kuaishou.com/search/tiktok%E7%BD%91%E7%BB%9C%E8%BF%9E%E6%8E%A5%E4%B8%8D%E7%A8%B3%E5%AE%9A	跨境与海外网络	跨境外贸	A	false	true	4
54	外贸网络搭建	%E5%A4%96%E8%B4%B8%E7%BD%91%E7%BB%9C%E6%90%AD%E5%BB%BA	https://www.kuaishou.com/search/%E5%A4%96%E8%B4%B8%E7%BD%91%E7%BB%9C%E6%90%AD%E5%BB%BA	跨境与海外网络	跨境外贸	A	false	true	4
55	tiktok网络连接不稳定ios	tiktok%E7%BD%91%E7%BB%9C%E8%BF%9E%E6%8E%A5%E4%B8%8D%E7%A8%B3%E5%AE%9Aios	https://www.kuaishou.com/search/tiktok%E7%BD%91%E7%BB%9C%E8%BF%9E%E6%8E%A5%E4%B8%8D%E7%A8%B3%E5%AE%9Aios	跨境与海外网络	跨境外贸	A	false	true	4
56	ssl vpn	ssl%20vpn	https://www.kuaishou.com/search/ssl%20vpn	VPN协议与技术	泛需求	A	false	true	3
57	tiktok无网络连接	tiktok%E6%97%A0%E7%BD%91%E7%BB%9C%E8%BF%9E%E6%8E%A5	https://www.kuaishou.com/search/tiktok%E6%97%A0%E7%BD%91%E7%BB%9C%E8%BF%9E%E6%8E%A5	跨境与海外网络	跨境外贸	A	false	true	3
58	vpn哪个好	vpn%E5%93%AA%E4%B8%AA%E5%A5%BD	https://www.kuaishou.com/search/vpn%E5%93%AA%E4%B8%AA%E5%A5%BD	VPN核心	选型购买	A	false	true	3
59	vpn节点超时	vpn%E8%8A%82%E7%82%B9%E8%B6%85%E6%97%B6	https://www.kuaishou.com/search/vpn%E8%8A%82%E7%82%B9%E8%B6%85%E6%97%B6	VPN核心	代理与IP	A	true	true	3
60	亚马逊网络	%E4%BA%9A%E9%A9%AC%E9%80%8A%E7%BD%91%E7%BB%9C	https://www.kuaishou.com/search/%E4%BA%9A%E9%A9%AC%E9%80%8A%E7%BD%91%E7%BB%9C	跨境与海外网络	跨境外贸	A	false	true	3
61	翻墙	%E7%BF%BB%E5%A2%99	https://www.kuaishou.com/search/%E7%BF%BB%E5%A2%99	VPN核心	泛需求	A	true	true	3
62	ipsec vpn搭建	ipsec%20vpn%E6%90%AD%E5%BB%BA	https://www.kuaishou.com/search/ipsec%20vpn%E6%90%AD%E5%BB%BA	VPN协议与技术	配置排障	A	false	true	3
63	proton vpn安全吗	proton%20vpn%E5%AE%89%E5%85%A8%E5%90%97	https://www.kuaishou.com/search/proton%20vpn%E5%AE%89%E5%85%A8%E5%90%97	VPN核心	科普原理	A	false	true	3
64	vpn免费节点	vpn%E5%85%8D%E8%B4%B9%E8%8A%82%E7%82%B9	https://www.kuaishou.com/search/vpn%E5%85%8D%E8%B4%B9%E8%8A%82%E7%82%B9	VPN核心	代理与IP	A	true	true	3
65	vpn加速器免费	vpn%E5%8A%A0%E9%80%9F%E5%99%A8%E5%85%8D%E8%B4%B9	https://www.kuaishou.com/search/vpn%E5%8A%A0%E9%80%9F%E5%99%A8%E5%85%8D%E8%B4%B9	VPN核心	泛需求	A	false	true	3
66	vpn加速器推荐	vpn%E5%8A%A0%E9%80%9F%E5%99%A8%E6%8E%A8%E8%8D%90	https://www.kuaishou.com/search/vpn%E5%8A%A0%E9%80%9F%E5%99%A8%E6%8E%A8%E8%8D%90	VPN核心	选型购买	A	false	true	3
67	vpn哪个好用	vpn%E5%93%AA%E4%B8%AA%E5%A5%BD%E7%94%A8	https://www.kuaishou.com/search/vpn%E5%93%AA%E4%B8%AA%E5%A5%BD%E7%94%A8	VPN核心	选型购买	A	false	true	3
68	vpn安卓下载	vpn%E5%AE%89%E5%8D%93%E4%B8%8B%E8%BD%BD	https://www.kuaishou.com/search/vpn%E5%AE%89%E5%8D%93%E4%B8%8B%E8%BD%BD	VPN核心	下载安装	A	false	true	3
69	vpn安卓免费	vpn%E5%AE%89%E5%8D%93%E5%85%8D%E8%B4%B9	https://www.kuaishou.com/search/vpn%E5%AE%89%E5%8D%93%E5%85%8D%E8%B4%B9	VPN核心	下载安装	A	false	true	3
70	vpn手机免费	vpn%E6%89%8B%E6%9C%BA%E5%85%8D%E8%B4%B9	https://www.kuaishou.com/search/vpn%E6%89%8B%E6%9C%BA%E5%85%8D%E8%B4%B9	VPN核心	下载安装	A	false	true	3
71	vpn推荐便宜	vpn%E6%8E%A8%E8%8D%90%E4%BE%BF%E5%AE%9C	https://www.kuaishou.com/search/vpn%E6%8E%A8%E8%8D%90%E4%BE%BF%E5%AE%9C	VPN核心	选型购买	A	false	true	3
72	vpn服务器地址	vpn%E6%9C%8D%E5%8A%A1%E5%99%A8%E5%9C%B0%E5%9D%80	https://www.kuaishou.com/search/vpn%E6%9C%8D%E5%8A%A1%E5%99%A8%E5%9C%B0%E5%9D%80	VPN核心	泛需求	A	false	true	3
73	vpn服务器推荐	vpn%E6%9C%8D%E5%8A%A1%E5%99%A8%E6%8E%A8%E8%8D%90	https://www.kuaishou.com/search/vpn%E6%9C%8D%E5%8A%A1%E5%99%A8%E6%8E%A8%E8%8D%90	VPN核心	选型购买	A	false	true	3
74	vpn电脑版	vpn%E7%94%B5%E8%84%91%E7%89%88	https://www.kuaishou.com/search/vpn%E7%94%B5%E8%84%91%E7%89%88	VPN核心	下载安装	A	false	true	3
75	vpn节点订阅	vpn%E8%8A%82%E7%82%B9%E8%AE%A2%E9%98%85	https://www.kuaishou.com/search/vpn%E8%8A%82%E7%82%B9%E8%AE%A2%E9%98%85	VPN核心	代理与IP	A	true	true	3
76	vpn节点购买	vpn%E8%8A%82%E7%82%B9%E8%B4%AD%E4%B9%B0	https://www.kuaishou.com/search/vpn%E8%8A%82%E7%82%B9%E8%B4%AD%E4%B9%B0	VPN核心	选型购买	A	true	true	3
77	vpn苹果手机	vpn%E8%8B%B9%E6%9E%9C%E6%89%8B%E6%9C%BA	https://www.kuaishou.com/search/vpn%E8%8B%B9%E6%9E%9C%E6%89%8B%E6%9C%BA	VPN核心	下载安装	A	false	true	3
78	vpn路由器推荐	vpn%E8%B7%AF%E7%94%B1%E5%99%A8%E6%8E%A8%E8%8D%90	https://www.kuaishou.com/search/vpn%E8%B7%AF%E7%94%B1%E5%99%A8%E6%8E%A8%E8%8D%90	VPN核心	选型购买	A	false	true	3
79	vpn路由器设置	vpn%E8%B7%AF%E7%94%B1%E5%99%A8%E8%AE%BE%E7%BD%AE	https://www.kuaishou.com/search/vpn%E8%B7%AF%E7%94%B1%E5%99%A8%E8%AE%BE%E7%BD%AE	VPN核心	配置排障	A	false	true	3
80	vpn软件推荐	vpn%E8%BD%AF%E4%BB%B6%E6%8E%A8%E8%8D%90	https://www.kuaishou.com/search/vpn%E8%BD%AF%E4%BB%B6%E6%8E%A8%E8%8D%90	VPN核心	选型购买	A	false	true	3
81	vpn连接后无法上网	vpn%E8%BF%9E%E6%8E%A5%E5%90%8E%E6%97%A0%E6%B3%95%E4%B8%8A%E7%BD%91	https://www.kuaishou.com/search/vpn%E8%BF%9E%E6%8E%A5%E5%90%8E%E6%97%A0%E6%B3%95%E4%B8%8A%E7%BD%91	VPN核心	配置排障	A	false	true	3
82	vpn配置文件	vpn%E9%85%8D%E7%BD%AE%E6%96%87%E4%BB%B6	https://www.kuaishou.com/search/vpn%E9%85%8D%E7%BD%AE%E6%96%87%E4%BB%B6	VPN核心	配置排障	A	false	true	3
83	免费加速器vpn	%E5%85%8D%E8%B4%B9%E5%8A%A0%E9%80%9F%E5%99%A8vpn	https://www.kuaishou.com/search/%E5%85%8D%E8%B4%B9%E5%8A%A0%E9%80%9F%E5%99%A8vpn	VPN核心	泛需求	A	false	true	3
84	回国加速器免费	%E5%9B%9E%E5%9B%BD%E5%8A%A0%E9%80%9F%E5%99%A8%E5%85%8D%E8%B4%B9	https://www.kuaishou.com/search/%E5%9B%9E%E5%9B%BD%E5%8A%A0%E9%80%9F%E5%99%A8%E5%85%8D%E8%B4%B9	跨境与海外网络	跨境外贸	A	false	true	3
85	海外网络环境	%E6%B5%B7%E5%A4%96%E7%BD%91%E7%BB%9C%E7%8E%AF%E5%A2%83	https://www.kuaishou.com/search/%E6%B5%B7%E5%A4%96%E7%BD%91%E7%BB%9C%E7%8E%AF%E5%A2%83	跨境与海外网络	跨境外贸	A	false	true	3
86	独立ip vpn	%E7%8B%AC%E7%AB%8Bip%20vpn	https://www.kuaishou.com/search/%E7%8B%AC%E7%AB%8Bip%20vpn	代理与IP	代理与IP	A	false	true	3
87	vpn手机版	vpn%E6%89%8B%E6%9C%BA%E7%89%88	https://www.kuaishou.com/search/vpn%E6%89%8B%E6%9C%BA%E7%89%88	VPN核心	下载安装	A	false	true	3
88	vpn电脑版下载	vpn%E7%94%B5%E8%84%91%E7%89%88%E4%B8%8B%E8%BD%BD	https://www.kuaishou.com/search/vpn%E7%94%B5%E8%84%91%E7%89%88%E4%B8%8B%E8%BD%BD	VPN核心	下载安装	A	false	true	3
89	vpn电脑版免费	vpn%E7%94%B5%E8%84%91%E7%89%88%E5%85%8D%E8%B4%B9	https://www.kuaishou.com/search/vpn%E7%94%B5%E8%84%91%E7%89%88%E5%85%8D%E8%B4%B9	VPN核心	下载安装	A	false	true	3
90	梯子vpn	%E6%A2%AF%E5%AD%90vpn	https://www.kuaishou.com/search/%E6%A2%AF%E5%AD%90vpn	VPN核心	泛需求	A	true	true	3
91	科学上网工具	%E7%A7%91%E5%AD%A6%E4%B8%8A%E7%BD%91%E5%B7%A5%E5%85%B7	https://www.kuaishou.com/search/%E7%A7%91%E5%AD%A6%E4%B8%8A%E7%BD%91%E5%B7%A5%E5%85%B7	VPN核心	泛需求	A	true	true	3
92	vpn下载安卓	vpn%E4%B8%8B%E8%BD%BD%E5%AE%89%E5%8D%93	https://www.kuaishou.com/search/vpn%E4%B8%8B%E8%BD%BD%E5%AE%89%E5%8D%93	VPN核心	下载安装	A	false	true	3
93	vpn免费推荐	vpn%E5%85%8D%E8%B4%B9%E6%8E%A8%E8%8D%90	https://www.kuaishou.com/search/vpn%E5%85%8D%E8%B4%B9%E6%8E%A8%E8%8D%90	VPN核心	选型购买	A	false	true	3
94	vpn免费试用	vpn%E5%85%8D%E8%B4%B9%E8%AF%95%E7%94%A8	https://www.kuaishou.com/search/vpn%E5%85%8D%E8%B4%B9%E8%AF%95%E7%94%A8	VPN核心	泛需求	A	false	true	3
95	vpn推荐ios	vpn%E6%8E%A8%E8%8D%90ios	https://www.kuaishou.com/search/vpn%E6%8E%A8%E8%8D%90ios	VPN核心	选型购买	A	false	true	3
96	vpn服务器搭建	vpn%E6%9C%8D%E5%8A%A1%E5%99%A8%E6%90%AD%E5%BB%BA	https://www.kuaishou.com/search/vpn%E6%9C%8D%E5%8A%A1%E5%99%A8%E6%90%AD%E5%BB%BA	VPN核心	配置排障	A	false	true	3
97	vpn节点推荐	vpn%E8%8A%82%E7%82%B9%E6%8E%A8%E8%8D%90	https://www.kuaishou.com/search/vpn%E8%8A%82%E7%82%B9%E6%8E%A8%E8%8D%90	VPN核心	选型购买	A	true	true	3
98	vpn苹果免费	vpn%E8%8B%B9%E6%9E%9C%E5%85%8D%E8%B4%B9	https://www.kuaishou.com/search/vpn%E8%8B%B9%E6%9E%9C%E5%85%8D%E8%B4%B9	VPN核心	下载安装	A	false	true	3
99	vpn连接不上	vpn%E8%BF%9E%E6%8E%A5%E4%B8%8D%E4%B8%8A	https://www.kuaishou.com/search/vpn%E8%BF%9E%E6%8E%A5%E4%B8%8D%E4%B8%8A	VPN核心	配置排障	A	false	true	3
100	游戏加速器和vpn的区别	%E6%B8%B8%E6%88%8F%E5%8A%A0%E9%80%9F%E5%99%A8%E5%92%8Cvpn%E7%9A%84%E5%8C%BA%E5%88%AB	https://www.kuaishou.com/search/%E6%B8%B8%E6%88%8F%E5%8A%A0%E9%80%9F%E5%99%A8%E5%92%8Cvpn%E7%9A%84%E5%8C%BA%E5%88%AB	游戏加速	科普原理	A	false	true	3
101	科学上网机场	%E7%A7%91%E5%AD%A6%E4%B8%8A%E7%BD%91%E6%9C%BA%E5%9C%BA	https://www.kuaishou.com/search/%E7%A7%91%E5%AD%A6%E4%B8%8A%E7%BD%91%E6%9C%BA%E5%9C%BA	VPN核心	泛需求	A	true	true	3
102	科学上网软件	%E7%A7%91%E5%AD%A6%E4%B8%8A%E7%BD%91%E8%BD%AF%E4%BB%B6	https://www.kuaishou.com/search/%E7%A7%91%E5%AD%A6%E4%B8%8A%E7%BD%91%E8%BD%AF%E4%BB%B6	VPN核心	下载安装	A	true	true	3
103	静态ip vpn	%E9%9D%99%E6%80%81ip%20vpn	https://www.kuaishou.com/search/%E9%9D%99%E6%80%81ip%20vpn	代理与IP	代理与IP	A	false	true	3
104	vpn机场	vpn%E6%9C%BA%E5%9C%BA	https://www.kuaishou.com/search/vpn%E6%9C%BA%E5%9C%BA	VPN核心	泛需求	A	true	true	3
105	vpn电脑推荐	vpn%E7%94%B5%E8%84%91%E6%8E%A8%E8%8D%90	https://www.kuaishou.com/search/vpn%E7%94%B5%E8%84%91%E6%8E%A8%E8%8D%90	VPN核心	选型购买	A	false	true	3
106	vpn节点搭建	vpn%E8%8A%82%E7%82%B9%E6%90%AD%E5%BB%BA	https://www.kuaishou.com/search/vpn%E8%8A%82%E7%82%B9%E6%90%AD%E5%BB%BA	VPN核心	配置排障	A	true	true	3
107	wireguard vpn	wireguard%20vpn	https://www.kuaishou.com/search/wireguard%20vpn	VPN协议与技术	泛需求	A	false	true	3
108	wireguard配置	wireguard%E9%85%8D%E7%BD%AE	https://www.kuaishou.com/search/wireguard%E9%85%8D%E7%BD%AE	VPN协议与技术	配置排障	A	false	true	3
109	vpn免费安卓	vpn%E5%85%8D%E8%B4%B9%E5%AE%89%E5%8D%93	https://www.kuaishou.com/search/vpn%E5%85%8D%E8%B4%B9%E5%AE%89%E5%8D%93	VPN核心	下载安装	A	false	true	3
110	vpn节点分享	vpn%E8%8A%82%E7%82%B9%E5%88%86%E4%BA%AB	https://www.kuaishou.com/search/vpn%E8%8A%82%E7%82%B9%E5%88%86%E4%BA%AB	VPN核心	代理与IP	A	true	true	3
111	vpn修改	vpn%E4%BF%AE%E6%94%B9	https://www.kuaishou.com/search/vpn%E4%BF%AE%E6%94%B9	VPN核心	泛需求	A	false	true	2
112	vpn和翻墙的区别	vpn%E5%92%8C%E7%BF%BB%E5%A2%99%E7%9A%84%E5%8C%BA%E5%88%AB	https://www.kuaishou.com/search/vpn%E5%92%8C%E7%BF%BB%E5%A2%99%E7%9A%84%E5%8C%BA%E5%88%AB	VPN核心	科普原理	A	true	true	2
113	vpn推荐	vpn%E6%8E%A8%E8%8D%90	https://www.kuaishou.com/search/vpn%E6%8E%A8%E8%8D%90	VPN核心	选型购买	A	false	true	2
114	vpn法律风险	vpn%E6%B3%95%E5%BE%8B%E9%A3%8E%E9%99%A9	https://www.kuaishou.com/search/vpn%E6%B3%95%E5%BE%8B%E9%A3%8E%E9%99%A9	VPN核心	泛需求	A	false	true	2
115	vpn行政处罚	vpn%E8%A1%8C%E6%94%BF%E5%A4%84%E7%BD%9A	https://www.kuaishou.com/search/vpn%E8%A1%8C%E6%94%BF%E5%A4%84%E7%BD%9A	VPN核心	泛需求	A	false	true	2
116	海外网络	%E6%B5%B7%E5%A4%96%E7%BD%91%E7%BB%9C	https://www.kuaishou.com/search/%E6%B5%B7%E5%A4%96%E7%BD%91%E7%BB%9C	跨境与海外网络	跨境外贸	A	false	true	2
117	远程办公vpn	%E8%BF%9C%E7%A8%8B%E5%8A%9E%E5%85%ACvpn	https://www.kuaishou.com/search/%E8%BF%9C%E7%A8%8B%E5%8A%9E%E5%85%ACvpn	企业网络	企业办公	A	false	true	2
118	ssl vpn下载	ssl%20vpn%E4%B8%8B%E8%BD%BD	https://www.kuaishou.com/search/ssl%20vpn%E4%B8%8B%E8%BD%BD	VPN协议与技术	下载安装	A	false	true	2
119	vpn修改ip地址	vpn%E4%BF%AE%E6%94%B9ip%E5%9C%B0%E5%9D%80	https://www.kuaishou.com/search/vpn%E4%BF%AE%E6%94%B9ip%E5%9C%B0%E5%9D%80	VPN核心	代理与IP	A	false	true	2
120	vpn软件免费	vpn%E8%BD%AF%E4%BB%B6%E5%85%8D%E8%B4%B9	https://www.kuaishou.com/search/vpn%E8%BD%AF%E4%BB%B6%E5%85%8D%E8%B4%B9	VPN核心	下载安装	A	false	true	2
121	vpn连接成功无法访问外网	vpn%E8%BF%9E%E6%8E%A5%E6%88%90%E5%8A%9F%E6%97%A0%E6%B3%95%E8%AE%BF%E9%97%AE%E5%A4%96%E7%BD%91	https://www.kuaishou.com/search/vpn%E8%BF%9E%E6%8E%A5%E6%88%90%E5%8A%9F%E6%97%A0%E6%B3%95%E8%AE%BF%E9%97%AE%E5%A4%96%E7%BD%91	VPN核心	配置排障	A	false	true	2
122	wireguard是什么	wireguard%E6%98%AF%E4%BB%80%E4%B9%88	https://www.kuaishou.com/search/wireguard%E6%98%AF%E4%BB%80%E4%B9%88	VPN协议与技术	科普原理	A	false	true	2
123	永久免费加速器vpn	%E6%B0%B8%E4%B9%85%E5%85%8D%E8%B4%B9%E5%8A%A0%E9%80%9F%E5%99%A8vpn	https://www.kuaishou.com/search/%E6%B0%B8%E4%B9%85%E5%85%8D%E8%B4%B9%E5%8A%A0%E9%80%9F%E5%99%A8vpn	VPN核心	泛需求	A	false	true	2
124	海外网络加速器	%E6%B5%B7%E5%A4%96%E7%BD%91%E7%BB%9C%E5%8A%A0%E9%80%9F%E5%99%A8	https://www.kuaishou.com/search/%E6%B5%B7%E5%A4%96%E7%BD%91%E7%BB%9C%E5%8A%A0%E9%80%9F%E5%99%A8	跨境与海外网络	跨境外贸	A	false	true	2
125	海外网络环境是什么意思	%E6%B5%B7%E5%A4%96%E7%BD%91%E7%BB%9C%E7%8E%AF%E5%A2%83%E6%98%AF%E4%BB%80%E4%B9%88%E6%84%8F%E6%80%9D	https://www.kuaishou.com/search/%E6%B5%B7%E5%A4%96%E7%BD%91%E7%BB%9C%E7%8E%AF%E5%A2%83%E6%98%AF%E4%BB%80%E4%B9%88%E6%84%8F%E6%80%9D	跨境与海外网络	跨境外贸	A	false	true	2
126	海外网络电视直播	%E6%B5%B7%E5%A4%96%E7%BD%91%E7%BB%9C%E7%94%B5%E8%A7%86%E7%9B%B4%E6%92%AD	https://www.kuaishou.com/search/%E6%B5%B7%E5%A4%96%E7%BD%91%E7%BB%9C%E7%94%B5%E8%A7%86%E7%9B%B4%E6%92%AD	跨境与海外网络	跨境外贸	A	false	true	2
127	iphone vpn设置	iphone%20vpn%E8%AE%BE%E7%BD%AE	https://www.kuaishou.com/search/iphone%20vpn%E8%AE%BE%E7%BD%AE	VPN核心	配置排障	A	false	true	2
128	ipsec vpn配置	ipsec%20vpn%E9%85%8D%E7%BD%AE	https://www.kuaishou.com/search/ipsec%20vpn%E9%85%8D%E7%BD%AE	VPN协议与技术	配置排障	A	false	true	2
129	openvpn connect	openvpn%20connect	https://www.kuaishou.com/search/openvpn%20connect	VPN协议与技术	泛需求	A	false	true	2
130	ssl vpn fortigate	ssl%20vpn%20fortigate	https://www.kuaishou.com/search/ssl%20vpn%20fortigate	VPN协议与技术	泛需求	A	false	true	2
131	vpn下载免费	vpn%E4%B8%8B%E8%BD%BD%E5%85%8D%E8%B4%B9	https://www.kuaishou.com/search/vpn%E4%B8%8B%E8%BD%BD%E5%85%8D%E8%B4%B9	VPN核心	下载安装	A	false	true	2
132	vpn下载电脑	vpn%E4%B8%8B%E8%BD%BD%E7%94%B5%E8%84%91	https://www.kuaishou.com/search/vpn%E4%B8%8B%E8%BD%BD%E7%94%B5%E8%84%91	VPN核心	下载安装	A	false	true	2
133	vpn下载链接	vpn%E4%B8%8B%E8%BD%BD%E9%93%BE%E6%8E%A5	https://www.kuaishou.com/search/vpn%E4%B8%8B%E8%BD%BD%E9%93%BE%E6%8E%A5	VPN核心	下载安装	A	false	true	2
134	vpn免费下载	vpn%E5%85%8D%E8%B4%B9%E4%B8%8B%E8%BD%BD	https://www.kuaishou.com/search/vpn%E5%85%8D%E8%B4%B9%E4%B8%8B%E8%BD%BD	VPN核心	下载安装	A	false	true	2
135	vpn加速器下载	vpn%E5%8A%A0%E9%80%9F%E5%99%A8%E4%B8%8B%E8%BD%BD	https://www.kuaishou.com/search/vpn%E5%8A%A0%E9%80%9F%E5%99%A8%E4%B8%8B%E8%BD%BD	VPN核心	下载安装	A	false	true	2
136	vpn加速器免费试用	vpn%E5%8A%A0%E9%80%9F%E5%99%A8%E5%85%8D%E8%B4%B9%E8%AF%95%E7%94%A8	https://www.kuaishou.com/search/vpn%E5%8A%A0%E9%80%9F%E5%99%A8%E5%85%8D%E8%B4%B9%E8%AF%95%E7%94%A8	VPN核心	泛需求	A	false	true	2
137	vpn原理是什么	vpn%E5%8E%9F%E7%90%86%E6%98%AF%E4%BB%80%E4%B9%88	https://www.kuaishou.com/search/vpn%E5%8E%9F%E7%90%86%E6%98%AF%E4%BB%80%E4%B9%88	VPN核心	科普原理	A	false	true	2
138	vpn客户端下载	vpn%E5%AE%A2%E6%88%B7%E7%AB%AF%E4%B8%8B%E8%BD%BD	https://www.kuaishou.com/search/vpn%E5%AE%A2%E6%88%B7%E7%AB%AF%E4%B8%8B%E8%BD%BD	VPN核心	下载安装	A	false	true	2
139	vpn客户端推荐	vpn%E5%AE%A2%E6%88%B7%E7%AB%AF%E6%8E%A8%E8%8D%90	https://www.kuaishou.com/search/vpn%E5%AE%A2%E6%88%B7%E7%AB%AF%E6%8E%A8%E8%8D%90	VPN核心	选型购买	A	false	true	2
140	vpn推荐便宜好用	vpn%E6%8E%A8%E8%8D%90%E4%BE%BF%E5%AE%9C%E5%A5%BD%E7%94%A8	https://www.kuaishou.com/search/vpn%E6%8E%A8%E8%8D%90%E4%BE%BF%E5%AE%9C%E5%A5%BD%E7%94%A8	VPN核心	选型购买	A	false	true	2
141	vpn路由器大陆	vpn%E8%B7%AF%E7%94%B1%E5%99%A8%E5%A4%A7%E9%99%86	https://www.kuaishou.com/search/vpn%E8%B7%AF%E7%94%B1%E5%99%A8%E5%A4%A7%E9%99%86	VPN核心	泛需求	A	false	true	2
142	vpn连接工具	vpn%E8%BF%9E%E6%8E%A5%E5%B7%A5%E5%85%B7	https://www.kuaishou.com/search/vpn%E8%BF%9E%E6%8E%A5%E5%B7%A5%E5%85%B7	VPN核心	配置排障	A	false	true	2
143	vpn配置文件下载	vpn%E9%85%8D%E7%BD%AE%E6%96%87%E4%BB%B6%E4%B8%8B%E8%BD%BD	https://www.kuaishou.com/search/vpn%E9%85%8D%E7%BD%AE%E6%96%87%E4%BB%B6%E4%B8%8B%E8%BD%BD	VPN核心	配置排障	A	false	true	2
144	wireguard教程	wireguard%E6%95%99%E7%A8%8B	https://www.kuaishou.com/search/wireguard%E6%95%99%E7%A8%8B	VPN协议与技术	配置排障	A	false	true	2
145	企业vpn搭建	%E4%BC%81%E4%B8%9Avpn%E6%90%AD%E5%BB%BA	https://www.kuaishou.com/search/%E4%BC%81%E4%B8%9Avpn%E6%90%AD%E5%BB%BA	企业网络	企业办公	A	false	true	2
146	免费加速器vpn推荐	%E5%85%8D%E8%B4%B9%E5%8A%A0%E9%80%9F%E5%99%A8vpn%E6%8E%A8%E8%8D%90	https://www.kuaishou.com/search/%E5%85%8D%E8%B4%B9%E5%8A%A0%E9%80%9F%E5%99%A8vpn%E6%8E%A8%E8%8D%90	VPN核心	选型购买	A	false	true	2
147	全球节点vpn	%E5%85%A8%E7%90%83%E8%8A%82%E7%82%B9vpn	https://www.kuaishou.com/search/%E5%85%A8%E7%90%83%E8%8A%82%E7%82%B9vpn	VPN核心	代理与IP	A	true	true	2
148	海外ip查询	%E6%B5%B7%E5%A4%96ip%E6%9F%A5%E8%AF%A2	https://www.kuaishou.com/search/%E6%B5%B7%E5%A4%96ip%E6%9F%A5%E8%AF%A2	跨境与海外网络	跨境外贸	A	false	true	2
149	海外加速器免费	%E6%B5%B7%E5%A4%96%E5%8A%A0%E9%80%9F%E5%99%A8%E5%85%8D%E8%B4%B9	https://www.kuaishou.com/search/%E6%B5%B7%E5%A4%96%E5%8A%A0%E9%80%9F%E5%99%A8%E5%85%8D%E8%B4%B9	跨境与海外网络	跨境外贸	A	false	true	2
150	海外应用商店下载	%E6%B5%B7%E5%A4%96%E5%BA%94%E7%94%A8%E5%95%86%E5%BA%97%E4%B8%8B%E8%BD%BD	https://www.kuaishou.com/search/%E6%B5%B7%E5%A4%96%E5%BA%94%E7%94%A8%E5%95%86%E5%BA%97%E4%B8%8B%E8%BD%BD	跨境与海外网络	跨境外贸	A	false	true	2
151	独立ip vpn推荐	%E7%8B%AC%E7%AB%8Bip%20vpn%E6%8E%A8%E8%8D%90	https://www.kuaishou.com/search/%E7%8B%AC%E7%AB%8Bip%20vpn%E6%8E%A8%E8%8D%90	代理与IP	选型购买	A	false	true	2
152	网络加速器vpn	%E7%BD%91%E7%BB%9C%E5%8A%A0%E9%80%9F%E5%99%A8vpn	https://www.kuaishou.com/search/%E7%BD%91%E7%BB%9C%E5%8A%A0%E9%80%9F%E5%99%A8vpn	VPN核心	泛需求	A	false	true	2
153	魔法上网教程	%E9%AD%94%E6%B3%95%E4%B8%8A%E7%BD%91%E6%95%99%E7%A8%8B	https://www.kuaishou.com/search/%E9%AD%94%E6%B3%95%E4%B8%8A%E7%BD%91%E6%95%99%E7%A8%8B	VPN核心	配置排障	A	false	true	2
154	dragon vpn安全吗	dragon%20vpn%E5%AE%89%E5%85%A8%E5%90%97	https://www.kuaishou.com/search/dragon%20vpn%E5%AE%89%E5%85%A8%E5%90%97	VPN核心	科普原理	A	false	true	2
155	ipsec vpn下载	ipsec%20vpn%E4%B8%8B%E8%BD%BD	https://www.kuaishou.com/search/ipsec%20vpn%E4%B8%8B%E8%BD%BD	VPN协议与技术	下载安装	A	false	true	2
156	ipsec vpn服务器openwrt	ipsec%20vpn%E6%9C%8D%E5%8A%A1%E5%99%A8openwrt	https://www.kuaishou.com/search/ipsec%20vpn%E6%9C%8D%E5%8A%A1%E5%99%A8openwrt	VPN协议与技术	代理与IP	A	false	true	2
157	openvpn下载	openvpn%E4%B8%8B%E8%BD%BD	https://www.kuaishou.com/search/openvpn%E4%B8%8B%E8%BD%BD	VPN协议与技术	下载安装	A	false	true	2
158	ssl vpn client	ssl%20vpn%20client	https://www.kuaishou.com/search/ssl%20vpn%20client	VPN协议与技术	泛需求	A	false	true	2
159	vpn手机下载	vpn%E6%89%8B%E6%9C%BA%E4%B8%8B%E8%BD%BD	https://www.kuaishou.com/search/vpn%E6%89%8B%E6%9C%BA%E4%B8%8B%E8%BD%BD	VPN核心	下载安装	A	false	true	2
160	vpn推荐github	vpn%E6%8E%A8%E8%8D%90github	https://www.kuaishou.com/search/vpn%E6%8E%A8%E8%8D%90github	VPN核心	选型购买	A	false	true	2
161	vpn是什么软件	vpn%E6%98%AF%E4%BB%80%E4%B9%88%E8%BD%AF%E4%BB%B6	https://www.kuaishou.com/search/vpn%E6%98%AF%E4%BB%80%E4%B9%88%E8%BD%AF%E4%BB%B6	VPN核心	下载安装	A	false	true	2
162	vpn服务器购买	vpn%E6%9C%8D%E5%8A%A1%E5%99%A8%E8%B4%AD%E4%B9%B0	https://www.kuaishou.com/search/vpn%E6%9C%8D%E5%8A%A1%E5%99%A8%E8%B4%AD%E4%B9%B0	VPN核心	选型购买	A	false	true	2
163	vpn电脑免费	vpn%E7%94%B5%E8%84%91%E5%85%8D%E8%B4%B9	https://www.kuaishou.com/search/vpn%E7%94%B5%E8%84%91%E5%85%8D%E8%B4%B9	VPN核心	下载安装	A	false	true	2
164	vpn电脑端	vpn%E7%94%B5%E8%84%91%E7%AB%AF	https://www.kuaishou.com/search/vpn%E7%94%B5%E8%84%91%E7%AB%AF	VPN核心	下载安装	A	false	true	2
165	vpn苹果下载	vpn%E8%8B%B9%E6%9E%9C%E4%B8%8B%E8%BD%BD	https://www.kuaishou.com/search/vpn%E8%8B%B9%E6%9E%9C%E4%B8%8B%E8%BD%BD	VPN核心	下载安装	A	false	true	2
166	vpn路由器购买	vpn%E8%B7%AF%E7%94%B1%E5%99%A8%E8%B4%AD%E4%B9%B0	https://www.kuaishou.com/search/vpn%E8%B7%AF%E7%94%B1%E5%99%A8%E8%B4%AD%E4%B9%B0	VPN核心	选型购买	A	false	true	2
167	vpn软件下载	vpn%E8%BD%AF%E4%BB%B6%E4%B8%8B%E8%BD%BD	https://www.kuaishou.com/search/vpn%E8%BD%AF%E4%BB%B6%E4%B8%8B%E8%BD%BD	VPN核心	下载安装	A	false	true	2
168	vpn配置购买	vpn%E9%85%8D%E7%BD%AE%E8%B4%AD%E4%B9%B0	https://www.kuaishou.com/search/vpn%E9%85%8D%E7%BD%AE%E8%B4%AD%E4%B9%B0	VPN核心	配置排障	A	false	true	2
169	vpn配置链接	vpn%E9%85%8D%E7%BD%AE%E9%93%BE%E6%8E%A5	https://www.kuaishou.com/search/vpn%E9%85%8D%E7%BD%AE%E9%93%BE%E6%8E%A5	VPN核心	配置排障	A	false	true	2
170	wireguard客户端	wireguard%E5%AE%A2%E6%88%B7%E7%AB%AF	https://www.kuaishou.com/search/wireguard%E5%AE%A2%E6%88%B7%E7%AB%AF	VPN协议与技术	下载安装	A	false	true	2
171	免费加速器vpn下载	%E5%85%8D%E8%B4%B9%E5%8A%A0%E9%80%9F%E5%99%A8vpn%E4%B8%8B%E8%BD%BD	https://www.kuaishou.com/search/%E5%85%8D%E8%B4%B9%E5%8A%A0%E9%80%9F%E5%99%A8vpn%E4%B8%8B%E8%BD%BD	VPN核心	下载安装	A	false	true	2
172	回国加速器vpn	%E5%9B%9E%E5%9B%BD%E5%8A%A0%E9%80%9F%E5%99%A8vpn	https://www.kuaishou.com/search/%E5%9B%9E%E5%9B%BD%E5%8A%A0%E9%80%9F%E5%99%A8vpn	跨境与海外网络	跨境外贸	A	false	true	2
173	海外ip代理免费	%E6%B5%B7%E5%A4%96ip%E4%BB%A3%E7%90%86%E5%85%8D%E8%B4%B9	https://www.kuaishou.com/search/%E6%B5%B7%E5%A4%96ip%E4%BB%A3%E7%90%86%E5%85%8D%E8%B4%B9	跨境与海外网络	跨境外贸	A	false	true	2
174	海外加速器vpn	%E6%B5%B7%E5%A4%96%E5%8A%A0%E9%80%9F%E5%99%A8vpn	https://www.kuaishou.com/search/%E6%B5%B7%E5%A4%96%E5%8A%A0%E9%80%9F%E5%99%A8vpn	跨境与海外网络	跨境外贸	A	false	true	2
175	海外网络测速	%E6%B5%B7%E5%A4%96%E7%BD%91%E7%BB%9C%E6%B5%8B%E9%80%9F	https://www.kuaishou.com/search/%E6%B5%B7%E5%A4%96%E7%BD%91%E7%BB%9C%E6%B5%8B%E9%80%9F	跨境与海外网络	跨境外贸	A	false	true	2
176	科学上网教程	%E7%A7%91%E5%AD%A6%E4%B8%8A%E7%BD%91%E6%95%99%E7%A8%8B	https://www.kuaishou.com/search/%E7%A7%91%E5%AD%A6%E4%B8%8A%E7%BD%91%E6%95%99%E7%A8%8B	VPN核心	配置排障	A	true	true	2
177	魔法上网推荐	%E9%AD%94%E6%B3%95%E4%B8%8A%E7%BD%91%E6%8E%A8%E8%8D%90	https://www.kuaishou.com/search/%E9%AD%94%E6%B3%95%E4%B8%8A%E7%BD%91%E6%8E%A8%E8%8D%90	VPN核心	选型购买	A	false	true	2
178	google vpn怎么用	google%20vpn%E6%80%8E%E4%B9%88%E7%94%A8	https://www.kuaishou.com/search/google%20vpn%E6%80%8E%E4%B9%88%E7%94%A8	VPN核心	配置排障	A	false	true	2
179	ipsec vpn原理	ipsec%20vpn%E5%8E%9F%E7%90%86	https://www.kuaishou.com/search/ipsec%20vpn%E5%8E%9F%E7%90%86	VPN协议与技术	科普原理	A	false	true	2
180	sd-wan跨境专线	sd-wan%E8%B7%A8%E5%A2%83%E4%B8%93%E7%BA%BF	https://www.kuaishou.com/search/sd-wan%E8%B7%A8%E5%A2%83%E4%B8%93%E7%BA%BF	跨境与海外网络	企业办公	A	false	true	2
181	ssl vpn是什么	ssl%20vpn%E6%98%AF%E4%BB%80%E4%B9%88	https://www.kuaishou.com/search/ssl%20vpn%E6%98%AF%E4%BB%80%E4%B9%88	VPN协议与技术	科普原理	A	false	true	2
182	vpn协议推荐	vpn%E5%8D%8F%E8%AE%AE%E6%8E%A8%E8%8D%90	https://www.kuaishou.com/search/vpn%E5%8D%8F%E8%AE%AE%E6%8E%A8%E8%8D%90	VPN协议与技术	选型购买	A	false	true	2
183	vpn安卓安装包	vpn%E5%AE%89%E5%8D%93%E5%AE%89%E8%A3%85%E5%8C%85	https://www.kuaishou.com/search/vpn%E5%AE%89%E5%8D%93%E5%AE%89%E8%A3%85%E5%8C%85	VPN核心	下载安装	A	false	true	2
184	vpn推荐知乎	vpn%E6%8E%A8%E8%8D%90%E7%9F%A5%E4%B9%8E	https://www.kuaishou.com/search/vpn%E6%8E%A8%E8%8D%90%E7%9F%A5%E4%B9%8E	VPN核心	选型购买	A	false	true	2
185	vpn电脑下载	vpn%E7%94%B5%E8%84%91%E4%B8%8B%E8%BD%BD	https://www.kuaishou.com/search/vpn%E7%94%B5%E8%84%91%E4%B8%8B%E8%BD%BD	VPN核心	下载安装	A	false	true	2
186	vpn电脑版推荐	vpn%E7%94%B5%E8%84%91%E7%89%88%E6%8E%A8%E8%8D%90	https://www.kuaishou.com/search/vpn%E7%94%B5%E8%84%91%E7%89%88%E6%8E%A8%E8%8D%90	VPN核心	选型购买	A	false	true	2
187	vpn软件免费下载	vpn%E8%BD%AF%E4%BB%B6%E5%85%8D%E8%B4%B9%E4%B8%8B%E8%BD%BD	https://www.kuaishou.com/search/vpn%E8%BD%AF%E4%BB%B6%E5%85%8D%E8%B4%B9%E4%B8%8B%E8%BD%BD	VPN核心	下载安装	A	false	true	2
188	vpn连接软件	vpn%E8%BF%9E%E6%8E%A5%E8%BD%AF%E4%BB%B6	https://www.kuaishou.com/search/vpn%E8%BF%9E%E6%8E%A5%E8%BD%AF%E4%BB%B6	VPN核心	配置排障	A	false	true	2
189	vpn配置软件	vpn%E9%85%8D%E7%BD%AE%E8%BD%AF%E4%BB%B6	https://www.kuaishou.com/search/vpn%E9%85%8D%E7%BD%AE%E8%BD%AF%E4%BB%B6	VPN核心	配置排障	A	false	true	2
190	回国加速器游戏	%E5%9B%9E%E5%9B%BD%E5%8A%A0%E9%80%9F%E5%99%A8%E6%B8%B8%E6%88%8F	https://www.kuaishou.com/search/%E5%9B%9E%E5%9B%BD%E5%8A%A0%E9%80%9F%E5%99%A8%E6%B8%B8%E6%88%8F	跨境与海外网络	跨境外贸	A	false	true	2
191	海外ip地址查询	%E6%B5%B7%E5%A4%96ip%E5%9C%B0%E5%9D%80%E6%9F%A5%E8%AF%A2	https://www.kuaishou.com/search/%E6%B5%B7%E5%A4%96ip%E5%9C%B0%E5%9D%80%E6%9F%A5%E8%AF%A2	跨境与海外网络	跨境外贸	A	false	true	2
192	海外加速器下载	%E6%B5%B7%E5%A4%96%E5%8A%A0%E9%80%9F%E5%99%A8%E4%B8%8B%E8%BD%BD	https://www.kuaishou.com/search/%E6%B5%B7%E5%A4%96%E5%8A%A0%E9%80%9F%E5%99%A8%E4%B8%8B%E8%BD%BD	跨境与海外网络	跨境外贸	A	false	true	2
193	独立ip的vpn	%E7%8B%AC%E7%AB%8Bip%E7%9A%84vpn	https://www.kuaishou.com/search/%E7%8B%AC%E7%AB%8Bip%E7%9A%84vpn	代理与IP	代理与IP	A	false	true	2
194	科学上网梯子	%E7%A7%91%E5%AD%A6%E4%B8%8A%E7%BD%91%E6%A2%AF%E5%AD%90	https://www.kuaishou.com/search/%E7%A7%91%E5%AD%A6%E4%B8%8A%E7%BD%91%E6%A2%AF%E5%AD%90	VPN核心	泛需求	A	true	true	2
195	ipsec vpn是什么	ipsec%20vpn%E6%98%AF%E4%BB%80%E4%B9%88	https://www.kuaishou.com/search/ipsec%20vpn%E6%98%AF%E4%BB%80%E4%B9%88	VPN协议与技术	科普原理	A	false	true	2
196	proton vpn怎么用	proton%20vpn%E6%80%8E%E4%B9%88%E7%94%A8	https://www.kuaishou.com/search/proton%20vpn%E6%80%8E%E4%B9%88%E7%94%A8	VPN核心	配置排障	A	false	true	2
197	vpn安卓推荐	vpn%E5%AE%89%E5%8D%93%E6%8E%A8%E8%8D%90	https://www.kuaishou.com/search/vpn%E5%AE%89%E5%8D%93%E6%8E%A8%E8%8D%90	VPN核心	选型购买	A	false	true	2
198	vpn客户端工具	vpn%E5%AE%A2%E6%88%B7%E7%AB%AF%E5%B7%A5%E5%85%B7	https://www.kuaishou.com/search/vpn%E5%AE%A2%E6%88%B7%E7%AB%AF%E5%B7%A5%E5%85%B7	VPN核心	下载安装	A	false	true	2
199	海外ip地址	%E6%B5%B7%E5%A4%96ip%E5%9C%B0%E5%9D%80	https://www.kuaishou.com/search/%E6%B5%B7%E5%A4%96ip%E5%9C%B0%E5%9D%80	跨境与海外网络	跨境外贸	A	false	true	2
200	ipsec vpn服务器	ipsec%20vpn%E6%9C%8D%E5%8A%A1%E5%99%A8	https://www.kuaishou.com/search/ipsec%20vpn%E6%9C%8D%E5%8A%A1%E5%99%A8	VPN协议与技术	代理与IP	A	false	true	2
201	vpn免费电脑	vpn%E5%85%8D%E8%B4%B9%E7%94%B5%E8%84%91	https://www.kuaishou.com/search/vpn%E5%85%8D%E8%B4%B9%E7%94%B5%E8%84%91	VPN核心	下载安装	A	false	true	2
202	vpn推荐2026	vpn%E6%8E%A8%E8%8D%902026	https://www.kuaishou.com/search/vpn%E6%8E%A8%E8%8D%902026	VPN核心	选型购买	A	false	true	2
203	vpn是什么原理	vpn%E6%98%AF%E4%BB%80%E4%B9%88%E5%8E%9F%E7%90%86	https://www.kuaishou.com/search/vpn%E6%98%AF%E4%BB%80%E4%B9%88%E5%8E%9F%E7%90%86	VPN核心	科普原理	A	false	true	2
204	住宅ip vpn	%E4%BD%8F%E5%AE%85ip%20vpn	https://www.kuaishou.com/search/%E4%BD%8F%E5%AE%85ip%20vpn	代理与IP	代理与IP	A	false	true	2
205	小米海外应用商店	%E5%B0%8F%E7%B1%B3%E6%B5%B7%E5%A4%96%E5%BA%94%E7%94%A8%E5%95%86%E5%BA%97	https://www.kuaishou.com/search/%E5%B0%8F%E7%B1%B3%E6%B5%B7%E5%A4%96%E5%BA%94%E7%94%A8%E5%95%86%E5%BA%97	跨境与海外网络	跨境外贸	A	false	true	2
206	海外加速器推荐	%E6%B5%B7%E5%A4%96%E5%8A%A0%E9%80%9F%E5%99%A8%E6%8E%A8%E8%8D%90	https://www.kuaishou.com/search/%E6%B5%B7%E5%A4%96%E5%8A%A0%E9%80%9F%E5%99%A8%E6%8E%A8%E8%8D%90	跨境与海外网络	跨境外贸	A	false	true	2
207	科学上网推荐	%E7%A7%91%E5%AD%A6%E4%B8%8A%E7%BD%91%E6%8E%A8%E8%8D%90	https://www.kuaishou.com/search/%E7%A7%91%E5%AD%A6%E4%B8%8A%E7%BD%91%E6%8E%A8%E8%8D%90	VPN核心	选型购买	A	true	true	2
208	oppo海外应用商店	oppo%E6%B5%B7%E5%A4%96%E5%BA%94%E7%94%A8%E5%95%86%E5%BA%97	https://www.kuaishou.com/search/oppo%E6%B5%B7%E5%A4%96%E5%BA%94%E7%94%A8%E5%95%86%E5%BA%97	跨境与海外网络	跨境外贸	A	false	true	2
209	vpn加速器试用	vpn%E5%8A%A0%E9%80%9F%E5%99%A8%E8%AF%95%E7%94%A8	https://www.kuaishou.com/search/vpn%E5%8A%A0%E9%80%9F%E5%99%A8%E8%AF%95%E7%94%A8	VPN核心	泛需求	A	false	true	2
210	vpn连接器	vpn%E8%BF%9E%E6%8E%A5%E5%99%A8	https://www.kuaishou.com/search/vpn%E8%BF%9E%E6%8E%A5%E5%99%A8	VPN核心	配置排障	A	false	true	2
211	虚拟专用网络搭建	%E8%99%9A%E6%8B%9F%E4%B8%93%E7%94%A8%E7%BD%91%E7%BB%9C%E6%90%AD%E5%BB%BA	https://www.kuaishou.com/search/%E8%99%9A%E6%8B%9F%E4%B8%93%E7%94%A8%E7%BD%91%E7%BB%9C%E6%90%AD%E5%BB%BA	VPN核心	配置排障	A	false	true	2
212	华为海外应用商店	%E5%8D%8E%E4%B8%BA%E6%B5%B7%E5%A4%96%E5%BA%94%E7%94%A8%E5%95%86%E5%BA%97	https://www.kuaishou.com/search/%E5%8D%8E%E4%B8%BA%E6%B5%B7%E5%A4%96%E5%BA%94%E7%94%A8%E5%95%86%E5%BA%97	跨境与海外网络	跨境外贸	A	false	true	2
213	vpn下载ios	vpn%E4%B8%8B%E8%BD%BDios	https://www.kuaishou.com/search/vpn%E4%B8%8B%E8%BD%BDios	VPN核心	下载安装	A	false	true	2
214	vpn加速器电脑	vpn%E5%8A%A0%E9%80%9F%E5%99%A8%E7%94%B5%E8%84%91	https://www.kuaishou.com/search/vpn%E5%8A%A0%E9%80%9F%E5%99%A8%E7%94%B5%E8%84%91	VPN核心	下载安装	A	false	true	2
215	海外留学生网络卡顿	%E6%B5%B7%E5%A4%96%E7%95%99%E5%AD%A6%E7%94%9F%E7%BD%91%E7%BB%9C%E5%8D%A1%E9%A1%BF	https://www.kuaishou.com/search/%E6%B5%B7%E5%A4%96%E7%95%99%E5%AD%A6%E7%94%9F%E7%BD%91%E7%BB%9C%E5%8D%A1%E9%A1%BF	跨境与海外网络	跨境外贸	A	false	true	1
216	海外网络卡顿	%E6%B5%B7%E5%A4%96%E7%BD%91%E7%BB%9C%E5%8D%A1%E9%A1%BF	https://www.kuaishou.com/search/%E6%B5%B7%E5%A4%96%E7%BD%91%E7%BB%9C%E5%8D%A1%E9%A1%BF	跨境与海外网络	跨境外贸	A	false	true	1
217	翻墙会被抓吗	%E7%BF%BB%E5%A2%99%E4%BC%9A%E8%A2%AB%E6%8A%93%E5%90%97	https://www.kuaishou.com/search/%E7%BF%BB%E5%A2%99%E4%BC%9A%E8%A2%AB%E6%8A%93%E5%90%97	VPN核心	泛需求	A	true	true	1
218	vpn gate教学	vpn%20gate%E6%95%99%E5%AD%A6	https://www.kuaishou.com/search/vpn%20gate%E6%95%99%E5%AD%A6	VPN核心	泛需求	A	false	true	1
219	vpn推荐安卓	vpn%E6%8E%A8%E8%8D%90%E5%AE%89%E5%8D%93	https://www.kuaishou.com/search/vpn%E6%8E%A8%E8%8D%90%E5%AE%89%E5%8D%93	VPN核心	选型购买	A	false	true	1
220	vpn推荐机场	vpn%E6%8E%A8%E8%8D%90%E6%9C%BA%E5%9C%BA	https://www.kuaishou.com/search/vpn%E6%8E%A8%E8%8D%90%E6%9C%BA%E5%9C%BA	VPN核心	选型购买	A	true	true	1
221	vpn是什么意思	vpn%E6%98%AF%E4%BB%80%E4%B9%88%E6%84%8F%E6%80%9D	https://www.kuaishou.com/search/vpn%E6%98%AF%E4%BB%80%E4%B9%88%E6%84%8F%E6%80%9D	VPN核心	科普原理	A	false	true	1
222	vpn路由器推荐ptt	vpn%E8%B7%AF%E7%94%B1%E5%99%A8%E6%8E%A8%E8%8D%90ptt	https://www.kuaishou.com/search/vpn%E8%B7%AF%E7%94%B1%E5%99%A8%E6%8E%A8%E8%8D%90ptt	VPN核心	选型购买	A	false	true	1
223	亚马逊多店铺防关联	%E4%BA%9A%E9%A9%AC%E9%80%8A%E5%A4%9A%E5%BA%97%E9%93%BA%E9%98%B2%E5%85%B3%E8%81%94	https://www.kuaishou.com/search/%E4%BA%9A%E9%A9%AC%E9%80%8A%E5%A4%9A%E5%BA%97%E9%93%BA%E9%98%B2%E5%85%B3%E8%81%94	跨境与海外网络	跨境外贸	A	false	true	1
224	北京大学校园网vpn	%E5%8C%97%E4%BA%AC%E5%A4%A7%E5%AD%A6%E6%A0%A1%E5%9B%AD%E7%BD%91vpn	https://www.kuaishou.com/search/%E5%8C%97%E4%BA%AC%E5%A4%A7%E5%AD%A6%E6%A0%A1%E5%9B%AD%E7%BD%91vpn	VPN核心	泛需求	A	false	true	1
225	海外ip怎么改	%E6%B5%B7%E5%A4%96ip%E6%80%8E%E4%B9%88%E6%94%B9	https://www.kuaishou.com/search/%E6%B5%B7%E5%A4%96ip%E6%80%8E%E4%B9%88%E6%94%B9	跨境与海外网络	跨境外贸	A	false	true	1
226	海外留学生网络卡顿怎么办	%E6%B5%B7%E5%A4%96%E7%95%99%E5%AD%A6%E7%94%9F%E7%BD%91%E7%BB%9C%E5%8D%A1%E9%A1%BF%E6%80%8E%E4%B9%88%E5%8A%9E	https://www.kuaishou.com/search/%E6%B5%B7%E5%A4%96%E7%95%99%E5%AD%A6%E7%94%9F%E7%BD%91%E7%BB%9C%E5%8D%A1%E9%A1%BF%E6%80%8E%E4%B9%88%E5%8A%9E	跨境与海外网络	跨境外贸	A	false	true	1
227	海外网络哪里找	%E6%B5%B7%E5%A4%96%E7%BD%91%E7%BB%9C%E5%93%AA%E9%87%8C%E6%89%BE	https://www.kuaishou.com/search/%E6%B5%B7%E5%A4%96%E7%BD%91%E7%BB%9C%E5%93%AA%E9%87%8C%E6%89%BE	跨境与海外网络	跨境外贸	A	false	true	1
228	电脑翻墙会被网警抓吗	%E7%94%B5%E8%84%91%E7%BF%BB%E5%A2%99%E4%BC%9A%E8%A2%AB%E7%BD%91%E8%AD%A6%E6%8A%93%E5%90%97	https://www.kuaishou.com/search/%E7%94%B5%E8%84%91%E7%BF%BB%E5%A2%99%E4%BC%9A%E8%A2%AB%E7%BD%91%E8%AD%A6%E6%8A%93%E5%90%97	VPN核心	下载安装	A	true	true	1
229	翻墙能干嘛	%E7%BF%BB%E5%A2%99%E8%83%BD%E5%B9%B2%E5%98%9B	https://www.kuaishou.com/search/%E7%BF%BB%E5%A2%99%E8%83%BD%E5%B9%B2%E5%98%9B	VPN核心	泛需求	A	true	true	1
230	ipsec vpn搭建教程	ipsec%20vpn%E6%90%AD%E5%BB%BA%E6%95%99%E7%A8%8B	https://www.kuaishou.com/search/ipsec%20vpn%E6%90%AD%E5%BB%BA%E6%95%99%E7%A8%8B	VPN协议与技术	配置排障	A	false	true	1
231	leaf vpn安全吗	leaf%20vpn%E5%AE%89%E5%85%A8%E5%90%97	https://www.kuaishou.com/search/leaf%20vpn%E5%AE%89%E5%85%A8%E5%90%97	VPN核心	科普原理	A	false	true	1
232	mac vpn客户端	mac%20vpn%E5%AE%A2%E6%88%B7%E7%AB%AF	https://www.kuaishou.com/search/mac%20vpn%E5%AE%A2%E6%88%B7%E7%AB%AF	VPN核心	下载安装	A	false	true	1
233	openvpn下载官网	openvpn%E4%B8%8B%E8%BD%BD%E5%AE%98%E7%BD%91	https://www.kuaishou.com/search/openvpn%E4%B8%8B%E8%BD%BD%E5%AE%98%E7%BD%91	VPN协议与技术	下载安装	A	false	true	1
234	proton vpn免费安全吗	proton%20vpn%E5%85%8D%E8%B4%B9%E5%AE%89%E5%85%A8%E5%90%97	https://www.kuaishou.com/search/proton%20vpn%E5%85%8D%E8%B4%B9%E5%AE%89%E5%85%A8%E5%90%97	VPN核心	科普原理	A	false	true	1
235	ssl vpn客户端mac	ssl%20vpn%E5%AE%A2%E6%88%B7%E7%AB%AFmac	https://www.kuaishou.com/search/ssl%20vpn%E5%AE%A2%E6%88%B7%E7%AB%AFmac	VPN协议与技术	下载安装	A	false	true	1
236	vpn.安全吗	vpn.%E5%AE%89%E5%85%A8%E5%90%97	https://www.kuaishou.com/search/vpn.%E5%AE%89%E5%85%A8%E5%90%97	VPN核心	科普原理	A	false	true	1
237	vpn免费安卓下载	vpn%E5%85%8D%E8%B4%B9%E5%AE%89%E5%8D%93%E4%B8%8B%E8%BD%BD	https://www.kuaishou.com/search/vpn%E5%85%8D%E8%B4%B9%E5%AE%89%E5%8D%93%E4%B8%8B%E8%BD%BD	VPN核心	下载安装	A	false	true	1
238	vpn免费节点分享	vpn%E5%85%8D%E8%B4%B9%E8%8A%82%E7%82%B9%E5%88%86%E4%BA%AB	https://www.kuaishou.com/search/vpn%E5%85%8D%E8%B4%B9%E8%8A%82%E7%82%B9%E5%88%86%E4%BA%AB	VPN核心	代理与IP	A	true	true	1
239	vpn加速器免费下载	vpn%E5%8A%A0%E9%80%9F%E5%99%A8%E5%85%8D%E8%B4%B9%E4%B8%8B%E8%BD%BD	https://www.kuaishou.com/search/vpn%E5%8A%A0%E9%80%9F%E5%99%A8%E5%85%8D%E8%B4%B9%E4%B8%8B%E8%BD%BD	VPN核心	下载安装	A	false	true	1
240	vpn加速器推荐梯子免费	vpn%E5%8A%A0%E9%80%9F%E5%99%A8%E6%8E%A8%E8%8D%90%E6%A2%AF%E5%AD%90%E5%85%8D%E8%B4%B9	https://www.kuaishou.com/search/vpn%E5%8A%A0%E9%80%9F%E5%99%A8%E6%8E%A8%E8%8D%90%E6%A2%AF%E5%AD%90%E5%85%8D%E8%B4%B9	VPN核心	选型购买	A	true	true	1
241	vpn和加速器的区别	vpn%E5%92%8C%E5%8A%A0%E9%80%9F%E5%99%A8%E7%9A%84%E5%8C%BA%E5%88%AB	https://www.kuaishou.com/search/vpn%E5%92%8C%E5%8A%A0%E9%80%9F%E5%99%A8%E7%9A%84%E5%8C%BA%E5%88%AB	VPN核心	科普原理	A	false	true	1
242	vpn哪个好用知乎	vpn%E5%93%AA%E4%B8%AA%E5%A5%BD%E7%94%A8%E7%9F%A5%E4%B9%8E	https://www.kuaishou.com/search/vpn%E5%93%AA%E4%B8%AA%E5%A5%BD%E7%94%A8%E7%9F%A5%E4%B9%8E	VPN核心	选型购买	A	false	true	1
243	vpn安卓下载免费	vpn%E5%AE%89%E5%8D%93%E4%B8%8B%E8%BD%BD%E5%85%8D%E8%B4%B9	https://www.kuaishou.com/search/vpn%E5%AE%89%E5%8D%93%E4%B8%8B%E8%BD%BD%E5%85%8D%E8%B4%B9	VPN核心	下载安装	A	false	true	1
244	vpn安卓免费下载	vpn%E5%AE%89%E5%8D%93%E5%85%8D%E8%B4%B9%E4%B8%8B%E8%BD%BD	https://www.kuaishou.com/search/vpn%E5%AE%89%E5%8D%93%E5%85%8D%E8%B4%B9%E4%B8%8B%E8%BD%BD	VPN核心	下载安装	A	false	true	1
245	vpn怎么用iphone	vpn%E6%80%8E%E4%B9%88%E7%94%A8iphone	https://www.kuaishou.com/search/vpn%E6%80%8E%E4%B9%88%E7%94%A8iphone	VPN核心	配置排障	A	false	true	1
246	vpn怎么用手机	vpn%E6%80%8E%E4%B9%88%E7%94%A8%E6%89%8B%E6%9C%BA	https://www.kuaishou.com/search/vpn%E6%80%8E%E4%B9%88%E7%94%A8%E6%89%8B%E6%9C%BA	VPN核心	配置排障	A	false	true	1
247	vpn怎么设置	vpn%E6%80%8E%E4%B9%88%E8%AE%BE%E7%BD%AE	https://www.kuaishou.com/search/vpn%E6%80%8E%E4%B9%88%E8%AE%BE%E7%BD%AE	VPN核心	配置排障	A	false	true	1
248	vpn手机免费下载	vpn%E6%89%8B%E6%9C%BA%E5%85%8D%E8%B4%B9%E4%B8%8B%E8%BD%BD	https://www.kuaishou.com/search/vpn%E6%89%8B%E6%9C%BA%E5%85%8D%E8%B4%B9%E4%B8%8B%E8%BD%BD	VPN核心	下载安装	A	false	true	1
249	vpn推荐中国	vpn%E6%8E%A8%E8%8D%90%E4%B8%AD%E5%9B%BD	https://www.kuaishou.com/search/vpn%E6%8E%A8%E8%8D%90%E4%B8%AD%E5%9B%BD	VPN核心	选型购买	A	false	true	1
250	vpn推荐免费	vpn%E6%8E%A8%E8%8D%90%E5%85%8D%E8%B4%B9	https://www.kuaishou.com/search/vpn%E6%8E%A8%E8%8D%90%E5%85%8D%E8%B4%B9	VPN核心	选型购买	A	false	true	1
251	vpn是什么怎样使用	vpn%E6%98%AF%E4%BB%80%E4%B9%88%E6%80%8E%E6%A0%B7%E4%BD%BF%E7%94%A8	https://www.kuaishou.com/search/vpn%E6%98%AF%E4%BB%80%E4%B9%88%E6%80%8E%E6%A0%B7%E4%BD%BF%E7%94%A8	VPN核心	科普原理	A	false	true	1
252	vpn是法律风险的吗	vpn%E6%98%AF%E6%B3%95%E5%BE%8B%E9%A3%8E%E9%99%A9%E7%9A%84%E5%90%97	https://www.kuaishou.com/search/vpn%E6%98%AF%E6%B3%95%E5%BE%8B%E9%A3%8E%E9%99%A9%E7%9A%84%E5%90%97	VPN核心	泛需求	A	false	true	1
253	vpn服务器地址怎么填	vpn%E6%9C%8D%E5%8A%A1%E5%99%A8%E5%9C%B0%E5%9D%80%E6%80%8E%E4%B9%88%E5%A1%AB	https://www.kuaishou.com/search/vpn%E6%9C%8D%E5%8A%A1%E5%99%A8%E5%9C%B0%E5%9D%80%E6%80%8E%E4%B9%88%E5%A1%AB	VPN核心	配置排障	A	false	true	1
254	vpn稳定推荐	vpn%E7%A8%B3%E5%AE%9A%E6%8E%A8%E8%8D%90	https://www.kuaishou.com/search/vpn%E7%A8%B3%E5%AE%9A%E6%8E%A8%E8%8D%90	VPN核心	选型购买	A	false	true	1
255	vpn节点订阅免费	vpn%E8%8A%82%E7%82%B9%E8%AE%A2%E9%98%85%E5%85%8D%E8%B4%B9	https://www.kuaishou.com/search/vpn%E8%8A%82%E7%82%B9%E8%AE%A2%E9%98%85%E5%85%8D%E8%B4%B9	VPN核心	代理与IP	A	true	true	1
256	vpn节点购买网站	vpn%E8%8A%82%E7%82%B9%E8%B4%AD%E4%B9%B0%E7%BD%91%E7%AB%99	https://www.kuaishou.com/search/vpn%E8%8A%82%E7%82%B9%E8%B4%AD%E4%B9%B0%E7%BD%91%E7%AB%99	VPN核心	选型购买	A	true	true	1
257	vpn节点超时是什么原因	vpn%E8%8A%82%E7%82%B9%E8%B6%85%E6%97%B6%E6%98%AF%E4%BB%80%E4%B9%88%E5%8E%9F%E5%9B%A0	https://www.kuaishou.com/search/vpn%E8%8A%82%E7%82%B9%E8%B6%85%E6%97%B6%E6%98%AF%E4%BB%80%E4%B9%88%E5%8E%9F%E5%9B%A0	VPN核心	科普原理	A	true	true	1
258	vpn苹果手机怎么用	vpn%E8%8B%B9%E6%9E%9C%E6%89%8B%E6%9C%BA%E6%80%8E%E4%B9%88%E7%94%A8	https://www.kuaishou.com/search/vpn%E8%8B%B9%E6%9E%9C%E6%89%8B%E6%9C%BA%E6%80%8E%E4%B9%88%E7%94%A8	VPN核心	配置排障	A	false	true	1
259	vpn设置教程	vpn%E8%AE%BE%E7%BD%AE%E6%95%99%E7%A8%8B	https://www.kuaishou.com/search/vpn%E8%AE%BE%E7%BD%AE%E6%95%99%E7%A8%8B	VPN核心	配置排障	A	false	true	1
260	vpn路由器是什么	vpn%E8%B7%AF%E7%94%B1%E5%99%A8%E6%98%AF%E4%BB%80%E4%B9%88	https://www.kuaishou.com/search/vpn%E8%B7%AF%E7%94%B1%E5%99%A8%E6%98%AF%E4%BB%80%E4%B9%88	VPN核心	科普原理	A	false	true	1
261	vpn路由器翻墙	vpn%E8%B7%AF%E7%94%B1%E5%99%A8%E7%BF%BB%E5%A2%99	https://www.kuaishou.com/search/vpn%E8%B7%AF%E7%94%B1%E5%99%A8%E7%BF%BB%E5%A2%99	VPN核心	泛需求	A	true	true	1
262	vpn软件推荐安卓	vpn%E8%BD%AF%E4%BB%B6%E6%8E%A8%E8%8D%90%E5%AE%89%E5%8D%93	https://www.kuaishou.com/search/vpn%E8%BD%AF%E4%BB%B6%E6%8E%A8%E8%8D%90%E5%AE%89%E5%8D%93	VPN核心	选型购买	A	false	true	1
263	vpn违法吗vpn的优缺点分析	vpn%E8%BF%9D%E6%B3%95%E5%90%97vpn%E7%9A%84%E4%BC%98%E7%BC%BA%E7%82%B9%E5%88%86%E6%9E%90	https://www.kuaishou.com/search/vpn%E8%BF%9D%E6%B3%95%E5%90%97vpn%E7%9A%84%E4%BC%98%E7%BC%BA%E7%82%B9%E5%88%86%E6%9E%90	VPN核心	泛需求	A	false	true	1
264	vpn速度慢怎么解决	vpn%E9%80%9F%E5%BA%A6%E6%85%A2%E6%80%8E%E4%B9%88%E8%A7%A3%E5%86%B3	https://www.kuaishou.com/search/vpn%E9%80%9F%E5%BA%A6%E6%85%A2%E6%80%8E%E4%B9%88%E8%A7%A3%E5%86%B3	VPN核心	配置排障	A	false	true	1
265	wireguard下载	wireguard%E4%B8%8B%E8%BD%BD	https://www.kuaishou.com/search/wireguard%E4%B8%8B%E8%BD%BD	VPN协议与技术	下载安装	A	false	true	1
266	wireguard被网管查到了	wireguard%E8%A2%AB%E7%BD%91%E7%AE%A1%E6%9F%A5%E5%88%B0%E4%BA%86	https://www.kuaishou.com/search/wireguard%E8%A2%AB%E7%BD%91%E7%AE%A1%E6%9F%A5%E5%88%B0%E4%BA%86	VPN协议与技术	泛需求	A	false	true	1
267	免费加速器vpn梯子	%E5%85%8D%E8%B4%B9%E5%8A%A0%E9%80%9F%E5%99%A8vpn%E6%A2%AF%E5%AD%90	https://www.kuaishou.com/search/%E5%85%8D%E8%B4%B9%E5%8A%A0%E9%80%9F%E5%99%A8vpn%E6%A2%AF%E5%AD%90	VPN核心	泛需求	A	true	true	1
268	免费的vpn软件	%E5%85%8D%E8%B4%B9%E7%9A%84vpn%E8%BD%AF%E4%BB%B6	https://www.kuaishou.com/search/%E5%85%8D%E8%B4%B9%E7%9A%84vpn%E8%BD%AF%E4%BB%B6	VPN核心	下载安装	A	false	true	1
269	回国加速器免费永久版	%E5%9B%9E%E5%9B%BD%E5%8A%A0%E9%80%9F%E5%99%A8%E5%85%8D%E8%B4%B9%E6%B0%B8%E4%B9%85%E7%89%88	https://www.kuaishou.com/search/%E5%9B%9E%E5%9B%BD%E5%8A%A0%E9%80%9F%E5%99%A8%E5%85%8D%E8%B4%B9%E6%B0%B8%E4%B9%85%E7%89%88	跨境与海外网络	跨境外贸	A	false	true	1
270	常德首例一男子通过vpn翻墙访问境外网站被行政处罚	%E5%B8%B8%E5%BE%B7%E9%A6%96%E4%BE%8B%E4%B8%80%E7%94%B7%E5%AD%90%E9%80%9A%E8%BF%87vpn%E7%BF%BB%E5%A2%99%E8%AE%BF%E9%97%AE%E5%A2%83%E5%A4%96%E7%BD%91%E7%AB%99%E8%A2%AB%E8%A1%8C%E6%94%BF%E5%A4%84%E7%BD%9A	https://www.kuaishou.com/search/%E5%B8%B8%E5%BE%B7%E9%A6%96%E4%BE%8B%E4%B8%80%E7%94%B7%E5%AD%90%E9%80%9A%E8%BF%87vpn%E7%BF%BB%E5%A2%99%E8%AE%BF%E9%97%AE%E5%A2%83%E5%A4%96%E7%BD%91%E7%AB%99%E8%A2%AB%E8%A1%8C%E6%94%BF%E5%A4%84%E7%BD%9A	VPN核心	泛需求	A	true	true	1
271	快连vpn安全吗	%E5%BF%AB%E8%BF%9Evpn%E5%AE%89%E5%85%A8%E5%90%97	https://www.kuaishou.com/search/%E5%BF%AB%E8%BF%9Evpn%E5%AE%89%E5%85%A8%E5%90%97	VPN核心	科普原理	A	false	true	1
272	手机vpn设置图解	%E6%89%8B%E6%9C%BAvpn%E8%AE%BE%E7%BD%AE%E5%9B%BE%E8%A7%A3	https://www.kuaishou.com/search/%E6%89%8B%E6%9C%BAvpn%E8%AE%BE%E7%BD%AE%E5%9B%BE%E8%A7%A3	VPN核心	配置排障	A	false	true	1
273	搭建vpn服务器推荐	%E6%90%AD%E5%BB%BAvpn%E6%9C%8D%E5%8A%A1%E5%99%A8%E6%8E%A8%E8%8D%90	https://www.kuaishou.com/search/%E6%90%AD%E5%BB%BAvpn%E6%9C%8D%E5%8A%A1%E5%99%A8%E6%8E%A8%E8%8D%90	VPN核心	配置排障	A	false	true	1
274	校园网vpn连不上	%E6%A0%A1%E5%9B%AD%E7%BD%91vpn%E8%BF%9E%E4%B8%8D%E4%B8%8A	https://www.kuaishou.com/search/%E6%A0%A1%E5%9B%AD%E7%BD%91vpn%E8%BF%9E%E4%B8%8D%E4%B8%8A	VPN核心	配置排障	A	false	true	1
275	海外ip代理	%E6%B5%B7%E5%A4%96ip%E4%BB%A3%E7%90%86	https://www.kuaishou.com/search/%E6%B5%B7%E5%A4%96ip%E4%BB%A3%E7%90%86	跨境与海外网络	跨境外贸	A	false	true	1
276	海外ip地址生成器	%E6%B5%B7%E5%A4%96ip%E5%9C%B0%E5%9D%80%E7%94%9F%E6%88%90%E5%99%A8	https://www.kuaishou.com/search/%E6%B5%B7%E5%A4%96ip%E5%9C%B0%E5%9D%80%E7%94%9F%E6%88%90%E5%99%A8	跨境与海外网络	跨境外贸	A	false	true	1
277	海外应用商店安卓版下载	%E6%B5%B7%E5%A4%96%E5%BA%94%E7%94%A8%E5%95%86%E5%BA%97%E5%AE%89%E5%8D%93%E7%89%88%E4%B8%8B%E8%BD%BD	https://www.kuaishou.com/search/%E6%B5%B7%E5%A4%96%E5%BA%94%E7%94%A8%E5%95%86%E5%BA%97%E5%AE%89%E5%8D%93%E7%89%88%E4%B8%8B%E8%BD%BD	跨境与海外网络	跨境外贸	A	false	true	1
278	海外留学生网络卡顿原因	%E6%B5%B7%E5%A4%96%E7%95%99%E5%AD%A6%E7%94%9F%E7%BD%91%E7%BB%9C%E5%8D%A1%E9%A1%BF%E5%8E%9F%E5%9B%A0	https://www.kuaishou.com/search/%E6%B5%B7%E5%A4%96%E7%95%99%E5%AD%A6%E7%94%9F%E7%BD%91%E7%BB%9C%E5%8D%A1%E9%A1%BF%E5%8E%9F%E5%9B%A0	跨境与海外网络	跨境外贸	A	false	true	1
279	海外网络专线	%E6%B5%B7%E5%A4%96%E7%BD%91%E7%BB%9C%E4%B8%93%E7%BA%BF	https://www.kuaishou.com/search/%E6%B5%B7%E5%A4%96%E7%BD%91%E7%BB%9C%E4%B8%93%E7%BA%BF	跨境与海外网络	跨境外贸	A	false	true	1
280	海外网络专线多少钱	%E6%B5%B7%E5%A4%96%E7%BD%91%E7%BB%9C%E4%B8%93%E7%BA%BF%E5%A4%9A%E5%B0%91%E9%92%B1	https://www.kuaishou.com/search/%E6%B5%B7%E5%A4%96%E7%BD%91%E7%BB%9C%E4%B8%93%E7%BA%BF%E5%A4%9A%E5%B0%91%E9%92%B1	跨境与海外网络	跨境外贸	A	false	true	1
281	海外网络怎么用	%E6%B5%B7%E5%A4%96%E7%BD%91%E7%BB%9C%E6%80%8E%E4%B9%88%E7%94%A8	https://www.kuaishou.com/search/%E6%B5%B7%E5%A4%96%E7%BD%91%E7%BB%9C%E6%80%8E%E4%B9%88%E7%94%A8	跨境与海外网络	跨境外贸	A	false	true	1
282	海外网络环境vivo	%E6%B5%B7%E5%A4%96%E7%BD%91%E7%BB%9C%E7%8E%AF%E5%A2%83vivo	https://www.kuaishou.com/search/%E6%B5%B7%E5%A4%96%E7%BD%91%E7%BB%9C%E7%8E%AF%E5%A2%83vivo	跨境与海外网络	跨境外贸	A	false	true	1
283	海外网络环境搭建	%E6%B5%B7%E5%A4%96%E7%BD%91%E7%BB%9C%E7%8E%AF%E5%A2%83%E6%90%AD%E5%BB%BA	https://www.kuaishou.com/search/%E6%B5%B7%E5%A4%96%E7%BD%91%E7%BB%9C%E7%8E%AF%E5%A2%83%E6%90%AD%E5%BB%BA	跨境与海外网络	跨境外贸	A	false	true	1
284	海外网络电视直播app	%E6%B5%B7%E5%A4%96%E7%BD%91%E7%BB%9C%E7%94%B5%E8%A7%86%E7%9B%B4%E6%92%ADapp	https://www.kuaishou.com/search/%E6%B5%B7%E5%A4%96%E7%BD%91%E7%BB%9C%E7%94%B5%E8%A7%86%E7%9B%B4%E6%92%ADapp	跨境与海外网络	跨境外贸	A	false	true	1
285	火箭加速器vpn	%E7%81%AB%E7%AE%AD%E5%8A%A0%E9%80%9F%E5%99%A8vpn	https://www.kuaishou.com/search/%E7%81%AB%E7%AE%AD%E5%8A%A0%E9%80%9F%E5%99%A8vpn	VPN核心	泛需求	A	false	true	1
286	电脑vpn翻墙	%E7%94%B5%E8%84%91vpn%E7%BF%BB%E5%A2%99	https://www.kuaishou.com/search/%E7%94%B5%E8%84%91vpn%E7%BF%BB%E5%A2%99	VPN核心	下载安装	A	true	true	1
287	科学上网路由器	%E7%A7%91%E5%AD%A6%E4%B8%8A%E7%BD%91%E8%B7%AF%E7%94%B1%E5%99%A8	https://www.kuaishou.com/search/%E7%A7%91%E5%AD%A6%E4%B8%8A%E7%BD%91%E8%B7%AF%E7%94%B1%E5%99%A8	VPN核心	泛需求	A	true	true	1
288	翻墙会被警察抓吗	%E7%BF%BB%E5%A2%99%E4%BC%9A%E8%A2%AB%E8%AD%A6%E5%AF%9F%E6%8A%93%E5%90%97	https://www.kuaishou.com/search/%E7%BF%BB%E5%A2%99%E4%BC%9A%E8%A2%AB%E8%AD%A6%E5%AF%9F%E6%8A%93%E5%90%97	VPN核心	泛需求	A	true	true	1
289	翻墙软件和vpn的区别	%E7%BF%BB%E5%A2%99%E8%BD%AF%E4%BB%B6%E5%92%8Cvpn%E7%9A%84%E5%8C%BA%E5%88%AB	https://www.kuaishou.com/search/%E7%BF%BB%E5%A2%99%E8%BD%AF%E4%BB%B6%E5%92%8Cvpn%E7%9A%84%E5%8C%BA%E5%88%AB	VPN核心	下载安装	A	true	true	1
290	翻墙软件猫咪	%E7%BF%BB%E5%A2%99%E8%BD%AF%E4%BB%B6%E7%8C%AB%E5%92%AA	https://www.kuaishou.com/search/%E7%BF%BB%E5%A2%99%E8%BD%AF%E4%BB%B6%E7%8C%AB%E5%92%AA	VPN核心	下载安装	A	true	true	1
291	翻墙违法吗翻墙的风险和后果	%E7%BF%BB%E5%A2%99%E8%BF%9D%E6%B3%95%E5%90%97%E7%BF%BB%E5%A2%99%E7%9A%84%E9%A3%8E%E9%99%A9%E5%92%8C%E5%90%8E%E6%9E%9C	https://www.kuaishou.com/search/%E7%BF%BB%E5%A2%99%E8%BF%9D%E6%B3%95%E5%90%97%E7%BF%BB%E5%A2%99%E7%9A%84%E9%A3%8E%E9%99%A9%E5%92%8C%E5%90%8E%E6%9E%9C	VPN核心	泛需求	A	true	true	1
292	苹果手机vpn设置技巧	%E8%8B%B9%E6%9E%9C%E6%89%8B%E6%9C%BAvpn%E8%AE%BE%E7%BD%AE%E6%8A%80%E5%B7%A7	https://www.kuaishou.com/search/%E8%8B%B9%E6%9E%9C%E6%89%8B%E6%9C%BAvpn%E8%AE%BE%E7%BD%AE%E6%8A%80%E5%B7%A7	VPN核心	配置排障	A	false	true	1
293	虚拟专用网络vpn	%E8%99%9A%E6%8B%9F%E4%B8%93%E7%94%A8%E7%BD%91%E7%BB%9Cvpn	https://www.kuaishou.com/search/%E8%99%9A%E6%8B%9F%E4%B8%93%E7%94%A8%E7%BD%91%E7%BB%9Cvpn	VPN核心	泛需求	A	false	true	1
294	虚拟专用网络工具	%E8%99%9A%E6%8B%9F%E4%B8%93%E7%94%A8%E7%BD%91%E7%BB%9C%E5%B7%A5%E5%85%B7	https://www.kuaishou.com/search/%E8%99%9A%E6%8B%9F%E4%B8%93%E7%94%A8%E7%BD%91%E7%BB%9C%E5%B7%A5%E5%85%B7	VPN核心	泛需求	A	false	true	1
295	虚拟私人网络什么意思	%E8%99%9A%E6%8B%9F%E7%A7%81%E4%BA%BA%E7%BD%91%E7%BB%9C%E4%BB%80%E4%B9%88%E6%84%8F%E6%80%9D	https://www.kuaishou.com/search/%E8%99%9A%E6%8B%9F%E7%A7%81%E4%BA%BA%E7%BD%91%E7%BB%9C%E4%BB%80%E4%B9%88%E6%84%8F%E6%80%9D	VPN核心	科普原理	A	false	true	1
296	虚拟私人网络搭建	%E8%99%9A%E6%8B%9F%E7%A7%81%E4%BA%BA%E7%BD%91%E7%BB%9C%E6%90%AD%E5%BB%BA	https://www.kuaishou.com/search/%E8%99%9A%E6%8B%9F%E7%A7%81%E4%BA%BA%E7%BD%91%E7%BB%9C%E6%90%AD%E5%BB%BA	VPN核心	配置排障	A	false	true	1
297	路由器vpn推荐	%E8%B7%AF%E7%94%B1%E5%99%A8vpn%E6%8E%A8%E8%8D%90	https://www.kuaishou.com/search/%E8%B7%AF%E7%94%B1%E5%99%A8vpn%E6%8E%A8%E8%8D%90	VPN核心	选型购买	A	false	true	1
298	路由器设置vpn	%E8%B7%AF%E7%94%B1%E5%99%A8%E8%AE%BE%E7%BD%AEvpn	https://www.kuaishou.com/search/%E8%B7%AF%E7%94%B1%E5%99%A8%E8%AE%BE%E7%BD%AEvpn	VPN核心	配置排障	A	false	true	1
299	远程办公vpn下载	%E8%BF%9C%E7%A8%8B%E5%8A%9E%E5%85%ACvpn%E4%B8%8B%E8%BD%BD	https://www.kuaishou.com/search/%E8%BF%9C%E7%A8%8B%E5%8A%9E%E5%85%ACvpn%E4%B8%8B%E8%BD%BD	企业网络	企业办公	A	false	true	1
300	连接vpn后无法上网	%E8%BF%9E%E6%8E%A5vpn%E5%90%8E%E6%97%A0%E6%B3%95%E4%B8%8A%E7%BD%91	https://www.kuaishou.com/search/%E8%BF%9E%E6%8E%A5vpn%E5%90%8E%E6%97%A0%E6%B3%95%E4%B8%8A%E7%BD%91	VPN核心	配置排障	A	false	true	1
301	魔法上网工具	%E9%AD%94%E6%B3%95%E4%B8%8A%E7%BD%91%E5%B7%A5%E5%85%B7	https://www.kuaishou.com/search/%E9%AD%94%E6%B3%95%E4%B8%8A%E7%BD%91%E5%B7%A5%E5%85%B7	VPN核心	泛需求	A	false	true	1
302	iphone vpn设置教程	iphone%20vpn%E8%AE%BE%E7%BD%AE%E6%95%99%E7%A8%8B	https://www.kuaishou.com/search/iphone%20vpn%E8%AE%BE%E7%BD%AE%E6%95%99%E7%A8%8B	VPN核心	配置排障	A	false	true	1
303	ipsec vpn搭建过程	ipsec%20vpn%E6%90%AD%E5%BB%BA%E8%BF%87%E7%A8%8B	https://www.kuaishou.com/search/ipsec%20vpn%E6%90%AD%E5%BB%BA%E8%BF%87%E7%A8%8B	VPN协议与技术	配置排障	A	false	true	1
304	macos vpn客户端	macos%20vpn%E5%AE%A2%E6%88%B7%E7%AB%AF	https://www.kuaishou.com/search/macos%20vpn%E5%AE%A2%E6%88%B7%E7%AB%AF	VPN核心	下载安装	A	false	true	1
305	openvpn服务器搭建	openvpn%E6%9C%8D%E5%8A%A1%E5%99%A8%E6%90%AD%E5%BB%BA	https://www.kuaishou.com/search/openvpn%E6%9C%8D%E5%8A%A1%E5%99%A8%E6%90%AD%E5%BB%BA	VPN协议与技术	配置排障	A	false	true	1
306	proton vpn国内怎么用安全吗	proton%20vpn%E5%9B%BD%E5%86%85%E6%80%8E%E4%B9%88%E7%94%A8%E5%AE%89%E5%85%A8%E5%90%97	https://www.kuaishou.com/search/proton%20vpn%E5%9B%BD%E5%86%85%E6%80%8E%E4%B9%88%E7%94%A8%E5%AE%89%E5%85%A8%E5%90%97	VPN核心	配置排障	A	false	true	1
307	ssl vpn fortigate 7.6	ssl%20vpn%20fortigate%207.6	https://www.kuaishou.com/search/ssl%20vpn%20fortigate%207.6	VPN协议与技术	泛需求	A	false	true	1
308	ssl vpn客户端	ssl%20vpn%E5%AE%A2%E6%88%B7%E7%AB%AF	https://www.kuaishou.com/search/ssl%20vpn%E5%AE%A2%E6%88%B7%E7%AB%AF	VPN协议与技术	下载安装	A	false	true	1
309	star vpn怎么用	star%20vpn%E6%80%8E%E4%B9%88%E7%94%A8	https://www.kuaishou.com/search/star%20vpn%E6%80%8E%E4%B9%88%E7%94%A8	VPN核心	配置排障	A	false	true	1
310	vpn.为什么	vpn.%E4%B8%BA%E4%BB%80%E4%B9%88	https://www.kuaishou.com/search/vpn.%E4%B8%BA%E4%BB%80%E4%B9%88	VPN核心	泛需求	A	false	true	1
311	vpn代理服务器的推荐	vpn%E4%BB%A3%E7%90%86%E6%9C%8D%E5%8A%A1%E5%99%A8%E7%9A%84%E6%8E%A8%E8%8D%90	https://www.kuaishou.com/search/vpn%E4%BB%A3%E7%90%86%E6%9C%8D%E5%8A%A1%E5%99%A8%E7%9A%84%E6%8E%A8%E8%8D%90	代理与IP	选型购买	A	false	true	1
312	vpn免费节点安全	vpn%E5%85%8D%E8%B4%B9%E8%8A%82%E7%82%B9%E5%AE%89%E5%85%A8	https://www.kuaishou.com/search/vpn%E5%85%8D%E8%B4%B9%E8%8A%82%E7%82%B9%E5%AE%89%E5%85%A8	VPN核心	代理与IP	A	true	true	1
313	vpn加速器推荐pc	vpn%E5%8A%A0%E9%80%9F%E5%99%A8%E6%8E%A8%E8%8D%90pc	https://www.kuaishou.com/search/vpn%E5%8A%A0%E9%80%9F%E5%99%A8%E6%8E%A8%E8%8D%90pc	VPN核心	选型购买	A	false	true	1
314	vpn协议v2ray	vpn%E5%8D%8F%E8%AE%AEv2ray	https://www.kuaishou.com/search/vpn%E5%8D%8F%E8%AE%AEv2ray	VPN协议与技术	科普原理	A	false	true	1
315	vpn协议哪个好	vpn%E5%8D%8F%E8%AE%AE%E5%93%AA%E4%B8%AA%E5%A5%BD	https://www.kuaishou.com/search/vpn%E5%8D%8F%E8%AE%AE%E5%93%AA%E4%B8%AA%E5%A5%BD	VPN协议与技术	选型购买	A	false	true	1
316	vpn哪个好用安全	vpn%E5%93%AA%E4%B8%AA%E5%A5%BD%E7%94%A8%E5%AE%89%E5%85%A8	https://www.kuaishou.com/search/vpn%E5%93%AA%E4%B8%AA%E5%A5%BD%E7%94%A8%E5%AE%89%E5%85%A8	VPN核心	选型购买	A	false	true	1
317	vpn在西安的法律风险	vpn%E5%9C%A8%E8%A5%BF%E5%AE%89%E7%9A%84%E6%B3%95%E5%BE%8B%E9%A3%8E%E9%99%A9	https://www.kuaishou.com/search/vpn%E5%9C%A8%E8%A5%BF%E5%AE%89%E7%9A%84%E6%B3%95%E5%BE%8B%E9%A3%8E%E9%99%A9	VPN核心	泛需求	A	false	true	1
318	vpn安卓下载apk	vpn%E5%AE%89%E5%8D%93%E4%B8%8B%E8%BD%BDapk	https://www.kuaishou.com/search/vpn%E5%AE%89%E5%8D%93%E4%B8%8B%E8%BD%BDapk	VPN核心	下载安装	A	false	true	1
319	vpn安卓免费版	vpn%E5%AE%89%E5%8D%93%E5%85%8D%E8%B4%B9%E7%89%88	https://www.kuaishou.com/search/vpn%E5%AE%89%E5%8D%93%E5%85%8D%E8%B4%B9%E7%89%88	VPN核心	下载安装	A	false	true	1
320	vpn客户端安卓	vpn%E5%AE%A2%E6%88%B7%E7%AB%AF%E5%AE%89%E5%8D%93	https://www.kuaishou.com/search/vpn%E5%AE%A2%E6%88%B7%E7%AB%AF%E5%AE%89%E5%8D%93	VPN核心	下载安装	A	false	true	1
321	vpn客户端软件	vpn%E5%AE%A2%E6%88%B7%E7%AB%AF%E8%BD%AF%E4%BB%B6	https://www.kuaishou.com/search/vpn%E5%AE%A2%E6%88%B7%E7%AB%AF%E8%BD%AF%E4%BB%B6	VPN核心	下载安装	A	false	true	1
322	vpn怎么用dcard	vpn%E6%80%8E%E4%B9%88%E7%94%A8dcard	https://www.kuaishou.com/search/vpn%E6%80%8E%E4%B9%88%E7%94%A8dcard	VPN核心	配置排障	A	false	true	1
323	vpn怎么用电脑	vpn%E6%80%8E%E4%B9%88%E7%94%A8%E7%94%B5%E8%84%91	https://www.kuaishou.com/search/vpn%E6%80%8E%E4%B9%88%E7%94%A8%E7%94%B5%E8%84%91	VPN核心	配置排障	A	false	true	1
324	vpn手机免费版	vpn%E6%89%8B%E6%9C%BA%E5%85%8D%E8%B4%B9%E7%89%88	https://www.kuaishou.com/search/vpn%E6%89%8B%E6%9C%BA%E5%85%8D%E8%B4%B9%E7%89%88	VPN核心	下载安装	A	false	true	1
325	vpn是什么意思和怎么用	vpn%E6%98%AF%E4%BB%80%E4%B9%88%E6%84%8F%E6%80%9D%E5%92%8C%E6%80%8E%E4%B9%88%E7%94%A8	https://www.kuaishou.com/search/vpn%E6%98%AF%E4%BB%80%E4%B9%88%E6%84%8F%E6%80%9D%E5%92%8C%E6%80%8E%E4%B9%88%E7%94%A8	VPN核心	配置排障	A	false	true	1
326	vpn服务器地址大全	vpn%E6%9C%8D%E5%8A%A1%E5%99%A8%E5%9C%B0%E5%9D%80%E5%A4%A7%E5%85%A8	https://www.kuaishou.com/search/vpn%E6%9C%8D%E5%8A%A1%E5%99%A8%E5%9C%B0%E5%9D%80%E5%A4%A7%E5%85%A8	VPN核心	泛需求	A	false	true	1
327	vpn独立ip	vpn%E7%8B%AC%E7%AB%8Bip	https://www.kuaishou.com/search/vpn%E7%8B%AC%E7%AB%8Bip	VPN核心	代理与IP	A	false	true	1
328	vpn节点订阅购买	vpn%E8%8A%82%E7%82%B9%E8%AE%A2%E9%98%85%E8%B4%AD%E4%B9%B0	https://www.kuaishou.com/search/vpn%E8%8A%82%E7%82%B9%E8%AE%A2%E9%98%85%E8%B4%AD%E4%B9%B0	VPN核心	选型购买	A	true	true	1
329	vpn节点购买平台	vpn%E8%8A%82%E7%82%B9%E8%B4%AD%E4%B9%B0%E5%B9%B3%E5%8F%B0	https://www.kuaishou.com/search/vpn%E8%8A%82%E7%82%B9%E8%B4%AD%E4%B9%B0%E5%B9%B3%E5%8F%B0	VPN核心	选型购买	A	true	true	1
330	vpn节点超时怎么办	vpn%E8%8A%82%E7%82%B9%E8%B6%85%E6%97%B6%E6%80%8E%E4%B9%88%E5%8A%9E	https://www.kuaishou.com/search/vpn%E8%8A%82%E7%82%B9%E8%B6%85%E6%97%B6%E6%80%8E%E4%B9%88%E5%8A%9E	VPN核心	配置排障	A	true	true	1
331	vpn苹果手机免费	vpn%E8%8B%B9%E6%9E%9C%E6%89%8B%E6%9C%BA%E5%85%8D%E8%B4%B9	https://www.kuaishou.com/search/vpn%E8%8B%B9%E6%9E%9C%E6%89%8B%E6%9C%BA%E5%85%8D%E8%B4%B9	VPN核心	下载安装	A	false	true	1
332	vpn设置方法	vpn%E8%AE%BE%E7%BD%AE%E6%96%B9%E6%B3%95	https://www.kuaishou.com/search/vpn%E8%AE%BE%E7%BD%AE%E6%96%B9%E6%B3%95	VPN核心	配置排障	A	false	true	1
333	vpn软件推荐稳定	vpn%E8%BD%AF%E4%BB%B6%E6%8E%A8%E8%8D%90%E7%A8%B3%E5%AE%9A	https://www.kuaishou.com/search/vpn%E8%BD%AF%E4%BB%B6%E6%8E%A8%E8%8D%90%E7%A8%B3%E5%AE%9A	VPN核心	选型购买	A	false	true	1
334	vpn违法吗vpn的影响和意义	vpn%E8%BF%9D%E6%B3%95%E5%90%97vpn%E7%9A%84%E5%BD%B1%E5%93%8D%E5%92%8C%E6%84%8F%E4%B9%89	https://www.kuaishou.com/search/vpn%E8%BF%9D%E6%B3%95%E5%90%97vpn%E7%9A%84%E5%BD%B1%E5%93%8D%E5%92%8C%E6%84%8F%E4%B9%89	VPN核心	泛需求	A	false	true	1
335	vpn速度慢怎么办	vpn%E9%80%9F%E5%BA%A6%E6%85%A2%E6%80%8E%E4%B9%88%E5%8A%9E	https://www.kuaishou.com/search/vpn%E9%80%9F%E5%BA%A6%E6%85%A2%E6%80%8E%E4%B9%88%E5%8A%9E	VPN核心	配置排障	A	false	true	1
336	vpn配置文件github	vpn%E9%85%8D%E7%BD%AE%E6%96%87%E4%BB%B6github	https://www.kuaishou.com/search/vpn%E9%85%8D%E7%BD%AE%E6%96%87%E4%BB%B6github	VPN核心	配置排障	A	false	true	1
337	vpn配置文件购买	vpn%E9%85%8D%E7%BD%AE%E6%96%87%E4%BB%B6%E8%B4%AD%E4%B9%B0	https://www.kuaishou.com/search/vpn%E9%85%8D%E7%BD%AE%E6%96%87%E4%BB%B6%E8%B4%AD%E4%B9%B0	VPN核心	配置排障	A	false	true	1
338	whoscall vpn安全吗	whoscall%20vpn%E5%AE%89%E5%85%A8%E5%90%97	https://www.kuaishou.com/search/whoscall%20vpn%E5%AE%89%E5%85%A8%E5%90%97	VPN核心	科普原理	A	false	true	1
339	wireguard异地组网	wireguard%E5%BC%82%E5%9C%B0%E7%BB%84%E7%BD%91	https://www.kuaishou.com/search/wireguard%E5%BC%82%E5%9C%B0%E7%BB%84%E7%BD%91	VPN协议与技术	企业办公	A	false	true	1
340	企业vpn推荐	%E4%BC%81%E4%B8%9Avpn%E6%8E%A8%E8%8D%90	https://www.kuaishou.com/search/%E4%BC%81%E4%B8%9Avpn%E6%8E%A8%E8%8D%90	企业网络	企业办公	A	false	true	1
341	企业vpn软件	%E4%BC%81%E4%B8%9Avpn%E8%BD%AF%E4%BB%B6	https://www.kuaishou.com/search/%E4%BC%81%E4%B8%9Avpn%E8%BD%AF%E4%BB%B6	企业网络	企业办公	A	false	true	1
342	便宜vpn推荐	%E4%BE%BF%E5%AE%9Cvpn%E6%8E%A8%E8%8D%90	https://www.kuaishou.com/search/%E4%BE%BF%E5%AE%9Cvpn%E6%8E%A8%E8%8D%90	VPN核心	选型购买	A	false	true	1
343	回国vpn免费	%E5%9B%9E%E5%9B%BDvpn%E5%85%8D%E8%B4%B9	https://www.kuaishou.com/search/%E5%9B%9E%E5%9B%BDvpn%E5%85%8D%E8%B4%B9	VPN核心	泛需求	A	false	true	1
344	回国加速器免费电脑	%E5%9B%9E%E5%9B%BD%E5%8A%A0%E9%80%9F%E5%99%A8%E5%85%8D%E8%B4%B9%E7%94%B5%E8%84%91	https://www.kuaishou.com/search/%E5%9B%9E%E5%9B%BD%E5%8A%A0%E9%80%9F%E5%99%A8%E5%85%8D%E8%B4%B9%E7%94%B5%E8%84%91	跨境与海外网络	跨境外贸	A	false	true	1
345	回国加速器推荐	%E5%9B%9E%E5%9B%BD%E5%8A%A0%E9%80%9F%E5%99%A8%E6%8E%A8%E8%8D%90	https://www.kuaishou.com/search/%E5%9B%9E%E5%9B%BD%E5%8A%A0%E9%80%9F%E5%99%A8%E6%8E%A8%E8%8D%90	跨境与海外网络	跨境外贸	A	false	true	1
346	如何更改vpn	%E5%A6%82%E4%BD%95%E6%9B%B4%E6%94%B9vpn	https://www.kuaishou.com/search/%E5%A6%82%E4%BD%95%E6%9B%B4%E6%94%B9vpn	VPN核心	配置排障	A	false	true	1
347	手机vpn设置技巧	%E6%89%8B%E6%9C%BAvpn%E8%AE%BE%E7%BD%AE%E6%8A%80%E5%B7%A7	https://www.kuaishou.com/search/%E6%89%8B%E6%9C%BAvpn%E8%AE%BE%E7%BD%AE%E6%8A%80%E5%B7%A7	VPN核心	配置排障	A	false	true	1
348	校园网vpn怎么挂	%E6%A0%A1%E5%9B%AD%E7%BD%91vpn%E6%80%8E%E4%B9%88%E6%8C%82	https://www.kuaishou.com/search/%E6%A0%A1%E5%9B%AD%E7%BD%91vpn%E6%80%8E%E4%B9%88%E6%8C%82	VPN核心	配置排障	A	false	true	1
349	校园网翻墙	%E6%A0%A1%E5%9B%AD%E7%BD%91%E7%BF%BB%E5%A2%99	https://www.kuaishou.com/search/%E6%A0%A1%E5%9B%AD%E7%BD%91%E7%BF%BB%E5%A2%99	VPN核心	泛需求	A	true	true	1
350	海外ip购买	%E6%B5%B7%E5%A4%96ip%E8%B4%AD%E4%B9%B0	https://www.kuaishou.com/search/%E6%B5%B7%E5%A4%96ip%E8%B4%AD%E4%B9%B0	跨境与海外网络	跨境外贸	A	false	true	1
351	海外加速器哪个好	%E6%B5%B7%E5%A4%96%E5%8A%A0%E9%80%9F%E5%99%A8%E5%93%AA%E4%B8%AA%E5%A5%BD	https://www.kuaishou.com/search/%E6%B5%B7%E5%A4%96%E5%8A%A0%E9%80%9F%E5%99%A8%E5%93%AA%E4%B8%AA%E5%A5%BD	跨境与海外网络	跨境外贸	A	false	true	1
352	海外应用商店大全	%E6%B5%B7%E5%A4%96%E5%BA%94%E7%94%A8%E5%95%86%E5%BA%97%E5%A4%A7%E5%85%A8	https://www.kuaishou.com/search/%E6%B5%B7%E5%A4%96%E5%BA%94%E7%94%A8%E5%95%86%E5%BA%97%E5%A4%A7%E5%85%A8	跨境与海外网络	跨境外贸	A	false	true	1
353	海外应用商店有哪些	%E6%B5%B7%E5%A4%96%E5%BA%94%E7%94%A8%E5%95%86%E5%BA%97%E6%9C%89%E5%93%AA%E4%BA%9B	https://www.kuaishou.com/search/%E6%B5%B7%E5%A4%96%E5%BA%94%E7%94%A8%E5%95%86%E5%BA%97%E6%9C%89%E5%93%AA%E4%BA%9B	跨境与海外网络	跨境外贸	A	false	true	1
354	海外网络平台	%E6%B5%B7%E5%A4%96%E7%BD%91%E7%BB%9C%E5%B9%B3%E5%8F%B0	https://www.kuaishou.com/search/%E6%B5%B7%E5%A4%96%E7%BD%91%E7%BB%9C%E5%B9%B3%E5%8F%B0	跨境与海外网络	跨境外贸	A	false	true	1
355	海外网络环境的搭建	%E6%B5%B7%E5%A4%96%E7%BD%91%E7%BB%9C%E7%8E%AF%E5%A2%83%E7%9A%84%E6%90%AD%E5%BB%BA	https://www.kuaishou.com/search/%E6%B5%B7%E5%A4%96%E7%BD%91%E7%BB%9C%E7%8E%AF%E5%A2%83%E7%9A%84%E6%90%AD%E5%BB%BA	跨境与海外网络	跨境外贸	A	false	true	1
356	海外网络转换器多少钱一个	%E6%B5%B7%E5%A4%96%E7%BD%91%E7%BB%9C%E8%BD%AC%E6%8D%A2%E5%99%A8%E5%A4%9A%E5%B0%91%E9%92%B1%E4%B8%80%E4%B8%AA	https://www.kuaishou.com/search/%E6%B5%B7%E5%A4%96%E7%BD%91%E7%BB%9C%E8%BD%AC%E6%8D%A2%E5%99%A8%E5%A4%9A%E5%B0%91%E9%92%B1%E4%B8%80%E4%B8%AA	跨境与海外网络	跨境外贸	A	false	true	1
357	电脑连接vpn后无法上网	%E7%94%B5%E8%84%91%E8%BF%9E%E6%8E%A5vpn%E5%90%8E%E6%97%A0%E6%B3%95%E4%B8%8A%E7%BD%91	https://www.kuaishou.com/search/%E7%94%B5%E8%84%91%E8%BF%9E%E6%8E%A5vpn%E5%90%8E%E6%97%A0%E6%B3%95%E4%B8%8A%E7%BD%91	VPN核心	配置排障	A	false	true	1
358	翻墙也上不了x	%E7%BF%BB%E5%A2%99%E4%B9%9F%E4%B8%8A%E4%B8%8D%E4%BA%86x	https://www.kuaishou.com/search/%E7%BF%BB%E5%A2%99%E4%B9%9F%E4%B8%8A%E4%B8%8D%E4%BA%86x	VPN核心	泛需求	A	true	true	1
359	翻墙后怎么赚钱	%E7%BF%BB%E5%A2%99%E5%90%8E%E6%80%8E%E4%B9%88%E8%B5%9A%E9%92%B1	https://www.kuaishou.com/search/%E7%BF%BB%E5%A2%99%E5%90%8E%E6%80%8E%E4%B9%88%E8%B5%9A%E9%92%B1	VPN核心	配置排障	A	true	true	1
360	翻墙看油管会被抓吗	%E7%BF%BB%E5%A2%99%E7%9C%8B%E6%B2%B9%E7%AE%A1%E4%BC%9A%E8%A2%AB%E6%8A%93%E5%90%97	https://www.kuaishou.com/search/%E7%BF%BB%E5%A2%99%E7%9C%8B%E6%B2%B9%E7%AE%A1%E4%BC%9A%E8%A2%AB%E6%8A%93%E5%90%97	VPN核心	泛需求	A	true	true	1
361	翻墙违法吗翻墙的道德和责任	%E7%BF%BB%E5%A2%99%E8%BF%9D%E6%B3%95%E5%90%97%E7%BF%BB%E5%A2%99%E7%9A%84%E9%81%93%E5%BE%B7%E5%92%8C%E8%B4%A3%E4%BB%BB	https://www.kuaishou.com/search/%E7%BF%BB%E5%A2%99%E8%BF%9D%E6%B3%95%E5%90%97%E7%BF%BB%E5%A2%99%E7%9A%84%E9%81%93%E5%BE%B7%E5%92%8C%E8%B4%A3%E4%BB%BB	VPN核心	泛需求	A	true	true	1
362	苹果手机vpn设置视频	%E8%8B%B9%E6%9E%9C%E6%89%8B%E6%9C%BAvpn%E8%AE%BE%E7%BD%AE%E8%A7%86%E9%A2%91	https://www.kuaishou.com/search/%E8%8B%B9%E6%9E%9C%E6%89%8B%E6%9C%BAvpn%E8%AE%BE%E7%BD%AE%E8%A7%86%E9%A2%91	VPN核心	配置排障	A	false	true	1
363	虚拟专用网络下载	%E8%99%9A%E6%8B%9F%E4%B8%93%E7%94%A8%E7%BD%91%E7%BB%9C%E4%B8%8B%E8%BD%BD	https://www.kuaishou.com/search/%E8%99%9A%E6%8B%9F%E4%B8%93%E7%94%A8%E7%BD%91%E7%BB%9C%E4%B8%8B%E8%BD%BD	VPN核心	下载安装	A	false	true	1
364	虚拟专用网络什么意思	%E8%99%9A%E6%8B%9F%E4%B8%93%E7%94%A8%E7%BD%91%E7%BB%9C%E4%BB%80%E4%B9%88%E6%84%8F%E6%80%9D	https://www.kuaishou.com/search/%E8%99%9A%E6%8B%9F%E4%B8%93%E7%94%A8%E7%BD%91%E7%BB%9C%E4%BB%80%E4%B9%88%E6%84%8F%E6%80%9D	VPN核心	科普原理	A	false	true	1
365	虚拟私人网络vpn	%E8%99%9A%E6%8B%9F%E7%A7%81%E4%BA%BA%E7%BD%91%E7%BB%9Cvpn	https://www.kuaishou.com/search/%E8%99%9A%E6%8B%9F%E7%A7%81%E4%BA%BA%E7%BD%91%E7%BB%9Cvpn	VPN核心	泛需求	A	false	true	1
366	虚拟私人网络连接	%E8%99%9A%E6%8B%9F%E7%A7%81%E4%BA%BA%E7%BD%91%E7%BB%9C%E8%BF%9E%E6%8E%A5	https://www.kuaishou.com/search/%E8%99%9A%E6%8B%9F%E7%A7%81%E4%BA%BA%E7%BD%91%E7%BB%9C%E8%BF%9E%E6%8E%A5	VPN核心	配置排障	A	false	true	1
367	访问外网vpn	%E8%AE%BF%E9%97%AE%E5%A4%96%E7%BD%91vpn	https://www.kuaishou.com/search/%E8%AE%BF%E9%97%AE%E5%A4%96%E7%BD%91vpn	VPN核心	泛需求	A	false	true	1
368	路由器vpn设置	%E8%B7%AF%E7%94%B1%E5%99%A8vpn%E8%AE%BE%E7%BD%AE	https://www.kuaishou.com/search/%E8%B7%AF%E7%94%B1%E5%99%A8vpn%E8%AE%BE%E7%BD%AE	VPN核心	配置排障	A	false	true	1
369	路由器vpn设置推荐	%E8%B7%AF%E7%94%B1%E5%99%A8vpn%E8%AE%BE%E7%BD%AE%E6%8E%A8%E8%8D%90	https://www.kuaishou.com/search/%E8%B7%AF%E7%94%B1%E5%99%A8vpn%E8%AE%BE%E7%BD%AE%E6%8E%A8%E8%8D%90	VPN核心	配置排障	A	false	true	1
370	路由器翻墙和vpn的区别	%E8%B7%AF%E7%94%B1%E5%99%A8%E7%BF%BB%E5%A2%99%E5%92%8Cvpn%E7%9A%84%E5%8C%BA%E5%88%AB	https://www.kuaishou.com/search/%E8%B7%AF%E7%94%B1%E5%99%A8%E7%BF%BB%E5%A2%99%E5%92%8Cvpn%E7%9A%84%E5%8C%BA%E5%88%AB	VPN核心	科普原理	A	true	true	1
371	远程办公vpn软件	%E8%BF%9C%E7%A8%8B%E5%8A%9E%E5%85%ACvpn%E8%BD%AF%E4%BB%B6	https://www.kuaishou.com/search/%E8%BF%9C%E7%A8%8B%E5%8A%9E%E5%85%ACvpn%E8%BD%AF%E4%BB%B6	企业网络	企业办公	A	false	true	1
372	飞俊vpn安全吗	%E9%A3%9E%E4%BF%8Avpn%E5%AE%89%E5%85%A8%E5%90%97	https://www.kuaishou.com/search/%E9%A3%9E%E4%BF%8Avpn%E5%AE%89%E5%85%A8%E5%90%97	VPN核心	科普原理	A	false	true	1
373	魔法上网软件	%E9%AD%94%E6%B3%95%E4%B8%8A%E7%BD%91%E8%BD%AF%E4%BB%B6	https://www.kuaishou.com/search/%E9%AD%94%E6%B3%95%E4%B8%8A%E7%BD%91%E8%BD%AF%E4%BB%B6	VPN核心	下载安装	A	false	true	1
374	sd-wan vs vpn	sd-wan%20vs%20vpn	https://www.kuaishou.com/search/sd-wan%20vs%20vpn	企业网络	企业办公	A	false	true	1
375	vivo海外应用商店	vivo%E6%B5%B7%E5%A4%96%E5%BA%94%E7%94%A8%E5%95%86%E5%BA%97	https://www.kuaishou.com/search/vivo%E6%B5%B7%E5%A4%96%E5%BA%94%E7%94%A8%E5%95%86%E5%BA%97	跨境与海外网络	跨境外贸	A	false	true	1
376	vpn加速器免费版	vpn%E5%8A%A0%E9%80%9F%E5%99%A8%E5%85%8D%E8%B4%B9%E7%89%88	https://www.kuaishou.com/search/vpn%E5%8A%A0%E9%80%9F%E5%99%A8%E5%85%8D%E8%B4%B9%E7%89%88	VPN核心	泛需求	A	false	true	1
377	vpn加速器推荐游戏	vpn%E5%8A%A0%E9%80%9F%E5%99%A8%E6%8E%A8%E8%8D%90%E6%B8%B8%E6%88%8F	https://www.kuaishou.com/search/vpn%E5%8A%A0%E9%80%9F%E5%99%A8%E6%8E%A8%E8%8D%90%E6%B8%B8%E6%88%8F	游戏加速	选型购买	A	false	true	1
378	免费加速器vpn梯子下载	%E5%85%8D%E8%B4%B9%E5%8A%A0%E9%80%9F%E5%99%A8vpn%E6%A2%AF%E5%AD%90%E4%B8%8B%E8%BD%BD	https://www.kuaishou.com/search/%E5%85%8D%E8%B4%B9%E5%8A%A0%E9%80%9F%E5%99%A8vpn%E6%A2%AF%E5%AD%90%E4%B8%8B%E8%BD%BD	VPN核心	下载安装	A	true	true	1
379	加速器排行榜vpn	%E5%8A%A0%E9%80%9F%E5%99%A8%E6%8E%92%E8%A1%8C%E6%A6%9Cvpn	https://www.kuaishou.com/search/%E5%8A%A0%E9%80%9F%E5%99%A8%E6%8E%92%E8%A1%8C%E6%A6%9Cvpn	VPN核心	泛需求	A	false	true	1
380	回国加速器下载	%E5%9B%9E%E5%9B%BD%E5%8A%A0%E9%80%9F%E5%99%A8%E4%B8%8B%E8%BD%BD	https://www.kuaishou.com/search/%E5%9B%9E%E5%9B%BD%E5%8A%A0%E9%80%9F%E5%99%A8%E4%B8%8B%E8%BD%BD	跨境与海外网络	跨境外贸	A	false	true	1
381	回国加速器免费下载	%E5%9B%9E%E5%9B%BD%E5%8A%A0%E9%80%9F%E5%99%A8%E5%85%8D%E8%B4%B9%E4%B8%8B%E8%BD%BD	https://www.kuaishou.com/search/%E5%9B%9E%E5%9B%BD%E5%8A%A0%E9%80%9F%E5%99%A8%E5%85%8D%E8%B4%B9%E4%B8%8B%E8%BD%BD	跨境与海外网络	跨境外贸	A	false	true	1
382	如何搭建海外网络环境	%E5%A6%82%E4%BD%95%E6%90%AD%E5%BB%BA%E6%B5%B7%E5%A4%96%E7%BD%91%E7%BB%9C%E7%8E%AF%E5%A2%83	https://www.kuaishou.com/search/%E5%A6%82%E4%BD%95%E6%90%AD%E5%BB%BA%E6%B5%B7%E5%A4%96%E7%BD%91%E7%BB%9C%E7%8E%AF%E5%A2%83	跨境与海外网络	跨境外贸	A	false	true	1
383	校园网vpn评测	%E6%A0%A1%E5%9B%AD%E7%BD%91vpn%E8%AF%84%E6%B5%8B	https://www.kuaishou.com/search/%E6%A0%A1%E5%9B%AD%E7%BD%91vpn%E8%AF%84%E6%B5%8B	VPN核心	泛需求	A	false	true	1
384	海外ip价格	%E6%B5%B7%E5%A4%96ip%E4%BB%B7%E6%A0%BC	https://www.kuaishou.com/search/%E6%B5%B7%E5%A4%96ip%E4%BB%B7%E6%A0%BC	跨境与海外网络	跨境外贸	A	false	true	1
385	海外网络卡顿怎么解决	%E6%B5%B7%E5%A4%96%E7%BD%91%E7%BB%9C%E5%8D%A1%E9%A1%BF%E6%80%8E%E4%B9%88%E8%A7%A3%E5%86%B3	https://www.kuaishou.com/search/%E6%B5%B7%E5%A4%96%E7%BD%91%E7%BB%9C%E5%8D%A1%E9%A1%BF%E6%80%8E%E4%B9%88%E8%A7%A3%E5%86%B3	跨境与海外网络	跨境外贸	A	false	true	1
386	海外网络如何搭建	%E6%B5%B7%E5%A4%96%E7%BD%91%E7%BB%9C%E5%A6%82%E4%BD%95%E6%90%AD%E5%BB%BA	https://www.kuaishou.com/search/%E6%B5%B7%E5%A4%96%E7%BD%91%E7%BB%9C%E5%A6%82%E4%BD%95%E6%90%AD%E5%BB%BA	跨境与海外网络	跨境外贸	A	false	true	1
387	海外网络环境搭建需要多久	%E6%B5%B7%E5%A4%96%E7%BD%91%E7%BB%9C%E7%8E%AF%E5%A2%83%E6%90%AD%E5%BB%BA%E9%9C%80%E8%A6%81%E5%A4%9A%E4%B9%85	https://www.kuaishou.com/search/%E6%B5%B7%E5%A4%96%E7%BD%91%E7%BB%9C%E7%8E%AF%E5%A2%83%E6%90%AD%E5%BB%BA%E9%9C%80%E8%A6%81%E5%A4%9A%E4%B9%85	跨境与海外网络	跨境外贸	A	false	true	1
388	游戏加速器海外版	%E6%B8%B8%E6%88%8F%E5%8A%A0%E9%80%9F%E5%99%A8%E6%B5%B7%E5%A4%96%E7%89%88	https://www.kuaishou.com/search/%E6%B8%B8%E6%88%8F%E5%8A%A0%E9%80%9F%E5%99%A8%E6%B5%B7%E5%A4%96%E7%89%88	跨境与海外网络	跨境外贸	A	false	true	1
389	网络加速vpn	%E7%BD%91%E7%BB%9C%E5%8A%A0%E9%80%9Fvpn	https://www.kuaishou.com/search/%E7%BD%91%E7%BB%9C%E5%8A%A0%E9%80%9Fvpn	VPN核心	泛需求	A	false	true	1
390	网络加速器海外直播	%E7%BD%91%E7%BB%9C%E5%8A%A0%E9%80%9F%E5%99%A8%E6%B5%B7%E5%A4%96%E7%9B%B4%E6%92%AD	https://www.kuaishou.com/search/%E7%BD%91%E7%BB%9C%E5%8A%A0%E9%80%9F%E5%99%A8%E6%B5%B7%E5%A4%96%E7%9B%B4%E6%92%AD	跨境与海外网络	跨境外贸	A	false	true	1
391	迅游加速器海外版	%E8%BF%85%E6%B8%B8%E5%8A%A0%E9%80%9F%E5%99%A8%E6%B5%B7%E5%A4%96%E7%89%88	https://www.kuaishou.com/search/%E8%BF%85%E6%B8%B8%E5%8A%A0%E9%80%9F%E5%99%A8%E6%B5%B7%E5%A4%96%E7%89%88	跨境与海外网络	跨境外贸	A	false	true	1
392	apkpure海外应用商店	apkpure%E6%B5%B7%E5%A4%96%E5%BA%94%E7%94%A8%E5%95%86%E5%BA%97	https://www.kuaishou.com/search/apkpure%E6%B5%B7%E5%A4%96%E5%BA%94%E7%94%A8%E5%95%86%E5%BA%97	跨境与海外网络	跨境外贸	A	false	true	1
393	vpn加速器免费加速	vpn%E5%8A%A0%E9%80%9F%E5%99%A8%E5%85%8D%E8%B4%B9%E5%8A%A0%E9%80%9F	https://www.kuaishou.com/search/vpn%E5%8A%A0%E9%80%9F%E5%99%A8%E5%85%8D%E8%B4%B9%E5%8A%A0%E9%80%9F	VPN核心	泛需求	A	false	true	1
394	vpn加速器安卓	vpn%E5%8A%A0%E9%80%9F%E5%99%A8%E5%AE%89%E5%8D%93	https://www.kuaishou.com/search/vpn%E5%8A%A0%E9%80%9F%E5%99%A8%E5%AE%89%E5%8D%93	VPN核心	下载安装	A	false	true	1
395	vpn加速器推荐免费	vpn%E5%8A%A0%E9%80%9F%E5%99%A8%E6%8E%A8%E8%8D%90%E5%85%8D%E8%B4%B9	https://www.kuaishou.com/search/vpn%E5%8A%A0%E9%80%9F%E5%99%A8%E6%8E%A8%E8%8D%90%E5%85%8D%E8%B4%B9	VPN核心	选型购买	A	false	true	1
396	免费加速器vpn梯子手机	%E5%85%8D%E8%B4%B9%E5%8A%A0%E9%80%9F%E5%99%A8vpn%E6%A2%AF%E5%AD%90%E6%89%8B%E6%9C%BA	https://www.kuaishou.com/search/%E5%85%8D%E8%B4%B9%E5%8A%A0%E9%80%9F%E5%99%A8vpn%E6%A2%AF%E5%AD%90%E6%89%8B%E6%9C%BA	VPN核心	下载安装	A	true	true	1
397	回国加速器免费推荐	%E5%9B%9E%E5%9B%BD%E5%8A%A0%E9%80%9F%E5%99%A8%E5%85%8D%E8%B4%B9%E6%8E%A8%E8%8D%90	https://www.kuaishou.com/search/%E5%9B%9E%E5%9B%BD%E5%8A%A0%E9%80%9F%E5%99%A8%E5%85%8D%E8%B4%B9%E6%8E%A8%E8%8D%90	跨境与海外网络	跨境外贸	A	false	true	1
398	回国加速器官网	%E5%9B%9E%E5%9B%BD%E5%8A%A0%E9%80%9F%E5%99%A8%E5%AE%98%E7%BD%91	https://www.kuaishou.com/search/%E5%9B%9E%E5%9B%BD%E5%8A%A0%E9%80%9F%E5%99%A8%E5%AE%98%E7%BD%91	跨境与海外网络	跨境外贸	A	false	true	1
399	手游加速器海外	%E6%89%8B%E6%B8%B8%E5%8A%A0%E9%80%9F%E5%99%A8%E6%B5%B7%E5%A4%96	https://www.kuaishou.com/search/%E6%89%8B%E6%B8%B8%E5%8A%A0%E9%80%9F%E5%99%A8%E6%B5%B7%E5%A4%96	跨境与海外网络	跨境外贸	A	false	true	1
400	搭建海外网络环境	%E6%90%AD%E5%BB%BA%E6%B5%B7%E5%A4%96%E7%BD%91%E7%BB%9C%E7%8E%AF%E5%A2%83	https://www.kuaishou.com/search/%E6%90%AD%E5%BB%BA%E6%B5%B7%E5%A4%96%E7%BD%91%E7%BB%9C%E7%8E%AF%E5%A2%83	跨境与海外网络	跨境外贸	A	false	true	1
401	校园网vpn软件	%E6%A0%A1%E5%9B%AD%E7%BD%91vpn%E8%BD%AF%E4%BB%B6	https://www.kuaishou.com/search/%E6%A0%A1%E5%9B%AD%E7%BD%91vpn%E8%BD%AF%E4%BB%B6	VPN核心	下载安装	A	false	true	1
402	永久免费加速器vpn安装	%E6%B0%B8%E4%B9%85%E5%85%8D%E8%B4%B9%E5%8A%A0%E9%80%9F%E5%99%A8vpn%E5%AE%89%E8%A3%85	https://www.kuaishou.com/search/%E6%B0%B8%E4%B9%85%E5%85%8D%E8%B4%B9%E5%8A%A0%E9%80%9F%E5%99%A8vpn%E5%AE%89%E8%A3%85	VPN核心	下载安装	A	false	true	1
403	海外ip回国	%E6%B5%B7%E5%A4%96ip%E5%9B%9E%E5%9B%BD	https://www.kuaishou.com/search/%E6%B5%B7%E5%A4%96ip%E5%9B%9E%E5%9B%BD	跨境与海外网络	跨境外贸	A	false	true	1
404	海外加速器免费版vpn	%E6%B5%B7%E5%A4%96%E5%8A%A0%E9%80%9F%E5%99%A8%E5%85%8D%E8%B4%B9%E7%89%88vpn	https://www.kuaishou.com/search/%E6%B5%B7%E5%A4%96%E5%8A%A0%E9%80%9F%E5%99%A8%E5%85%8D%E8%B4%B9%E7%89%88vpn	跨境与海外网络	跨境外贸	A	false	true	1
405	海外网络ip	%E6%B5%B7%E5%A4%96%E7%BD%91%E7%BB%9Cip	https://www.kuaishou.com/search/%E6%B5%B7%E5%A4%96%E7%BD%91%E7%BB%9Cip	跨境与海外网络	跨境外贸	A	false	true	1
406	海外网络卡顿怎么办	%E6%B5%B7%E5%A4%96%E7%BD%91%E7%BB%9C%E5%8D%A1%E9%A1%BF%E6%80%8E%E4%B9%88%E5%8A%9E	https://www.kuaishou.com/search/%E6%B5%B7%E5%A4%96%E7%BD%91%E7%BB%9C%E5%8D%A1%E9%A1%BF%E6%80%8E%E4%B9%88%E5%8A%9E	跨境与海外网络	跨境外贸	A	false	true	1
407	海外网络工具vps专线	%E6%B5%B7%E5%A4%96%E7%BD%91%E7%BB%9C%E5%B7%A5%E5%85%B7vps%E4%B8%93%E7%BA%BF	https://www.kuaishou.com/search/%E6%B5%B7%E5%A4%96%E7%BD%91%E7%BB%9C%E5%B7%A5%E5%85%B7vps%E4%B8%93%E7%BA%BF	跨境与海外网络	跨境外贸	A	false	true	1
408	海外网络环境分析报告	%E6%B5%B7%E5%A4%96%E7%BD%91%E7%BB%9C%E7%8E%AF%E5%A2%83%E5%88%86%E6%9E%90%E6%8A%A5%E5%91%8A	https://www.kuaishou.com/search/%E6%B5%B7%E5%A4%96%E7%BD%91%E7%BB%9C%E7%8E%AF%E5%A2%83%E5%88%86%E6%9E%90%E6%8A%A5%E5%91%8A	跨境与海外网络	跨境外贸	A	false	true	1
409	海外网络电视	%E6%B5%B7%E5%A4%96%E7%BD%91%E7%BB%9C%E7%94%B5%E8%A7%86	https://www.kuaishou.com/search/%E6%B5%B7%E5%A4%96%E7%BD%91%E7%BB%9C%E7%94%B5%E8%A7%86	跨境与海外网络	跨境外贸	A	false	true	1
410	游戏加速器翻墙	%E6%B8%B8%E6%88%8F%E5%8A%A0%E9%80%9F%E5%99%A8%E7%BF%BB%E5%A2%99	https://www.kuaishou.com/search/%E6%B8%B8%E6%88%8F%E5%8A%A0%E9%80%9F%E5%99%A8%E7%BF%BB%E5%A2%99	游戏加速	游戏娱乐	A	true	true	1
411	跨境专线vpn	%E8%B7%A8%E5%A2%83%E4%B8%93%E7%BA%BFvpn	https://www.kuaishou.com/search/%E8%B7%A8%E5%A2%83%E4%B8%93%E7%BA%BFvpn	跨境与海外网络	跨境外贸	A	false	true	1
412	魔法上网加速器	%E9%AD%94%E6%B3%95%E4%B8%8A%E7%BD%91%E5%8A%A0%E9%80%9F%E5%99%A8	https://www.kuaishou.com/search/%E9%AD%94%E6%B3%95%E4%B8%8A%E7%BD%91%E5%8A%A0%E9%80%9F%E5%99%A8	VPN核心	泛需求	A	false	true	1
413	vpn免费加速器	vpn%E5%85%8D%E8%B4%B9%E5%8A%A0%E9%80%9F%E5%99%A8	https://www.kuaishou.com/search/vpn%E5%85%8D%E8%B4%B9%E5%8A%A0%E9%80%9F%E5%99%A8	VPN核心	泛需求	A	false	true	1
414	vpn加速器免费排行榜	vpn%E5%8A%A0%E9%80%9F%E5%99%A8%E5%85%8D%E8%B4%B9%E6%8E%92%E8%A1%8C%E6%A6%9C	https://www.kuaishou.com/search/vpn%E5%8A%A0%E9%80%9F%E5%99%A8%E5%85%8D%E8%B4%B9%E6%8E%92%E8%A1%8C%E6%A6%9C	VPN核心	泛需求	A	false	true	1
415	vpn加速器官网	vpn%E5%8A%A0%E9%80%9F%E5%99%A8%E5%AE%98%E7%BD%91	https://www.kuaishou.com/search/vpn%E5%8A%A0%E9%80%9F%E5%99%A8%E5%AE%98%E7%BD%91	VPN核心	泛需求	A	false	true	1
416	vpn加速器推荐国外	vpn%E5%8A%A0%E9%80%9F%E5%99%A8%E6%8E%A8%E8%8D%90%E5%9B%BD%E5%A4%96	https://www.kuaishou.com/search/vpn%E5%8A%A0%E9%80%9F%E5%99%A8%E6%8E%A8%E8%8D%90%E5%9B%BD%E5%A4%96	VPN核心	选型购买	A	false	true	1
417	vpn手机免费加速器	vpn%E6%89%8B%E6%9C%BA%E5%85%8D%E8%B4%B9%E5%8A%A0%E9%80%9F%E5%99%A8	https://www.kuaishou.com/search/vpn%E6%89%8B%E6%9C%BA%E5%85%8D%E8%B4%B9%E5%8A%A0%E9%80%9F%E5%99%A8	VPN核心	下载安装	A	false	true	1
418	免费加速器vpn永久免费	%E5%85%8D%E8%B4%B9%E5%8A%A0%E9%80%9F%E5%99%A8vpn%E6%B0%B8%E4%B9%85%E5%85%8D%E8%B4%B9	https://www.kuaishou.com/search/%E5%85%8D%E8%B4%B9%E5%8A%A0%E9%80%9F%E5%99%A8vpn%E6%B0%B8%E4%B9%85%E5%85%8D%E8%B4%B9	VPN核心	泛需求	A	false	true	1
419	全局海外网络环境	%E5%85%A8%E5%B1%80%E6%B5%B7%E5%A4%96%E7%BD%91%E7%BB%9C%E7%8E%AF%E5%A2%83	https://www.kuaishou.com/search/%E5%85%A8%E5%B1%80%E6%B5%B7%E5%A4%96%E7%BD%91%E7%BB%9C%E7%8E%AF%E5%A2%83	跨境与海外网络	跨境外贸	A	false	true	1
420	回国加速器免费版	%E5%9B%9E%E5%9B%BD%E5%8A%A0%E9%80%9F%E5%99%A8%E5%85%8D%E8%B4%B9%E7%89%88	https://www.kuaishou.com/search/%E5%9B%9E%E5%9B%BD%E5%8A%A0%E9%80%9F%E5%99%A8%E5%85%8D%E8%B4%B9%E7%89%88	跨境与海外网络	跨境外贸	A	false	true	1
421	回国加速器哪个好用	%E5%9B%9E%E5%9B%BD%E5%8A%A0%E9%80%9F%E5%99%A8%E5%93%AA%E4%B8%AA%E5%A5%BD%E7%94%A8	https://www.kuaishou.com/search/%E5%9B%9E%E5%9B%BD%E5%8A%A0%E9%80%9F%E5%99%A8%E5%93%AA%E4%B8%AA%E5%A5%BD%E7%94%A8	跨境与海外网络	跨境外贸	A	false	true	1
422	回国加速器永久免费版	%E5%9B%9E%E5%9B%BD%E5%8A%A0%E9%80%9F%E5%99%A8%E6%B0%B8%E4%B9%85%E5%85%8D%E8%B4%B9%E7%89%88	https://www.kuaishou.com/search/%E5%9B%9E%E5%9B%BD%E5%8A%A0%E9%80%9F%E5%99%A8%E6%B0%B8%E4%B9%85%E5%85%8D%E8%B4%B9%E7%89%88	跨境与海外网络	跨境外贸	A	false	true	1
423	校园网vpn推荐	%E6%A0%A1%E5%9B%AD%E7%BD%91vpn%E6%8E%A8%E8%8D%90	https://www.kuaishou.com/search/%E6%A0%A1%E5%9B%AD%E7%BD%91vpn%E6%8E%A8%E8%8D%90	VPN核心	选型购买	A	false	true	1
424	永久免费加速器vpn推荐	%E6%B0%B8%E4%B9%85%E5%85%8D%E8%B4%B9%E5%8A%A0%E9%80%9F%E5%99%A8vpn%E6%8E%A8%E8%8D%90	https://www.kuaishou.com/search/%E6%B0%B8%E4%B9%85%E5%85%8D%E8%B4%B9%E5%8A%A0%E9%80%9F%E5%99%A8vpn%E6%8E%A8%E8%8D%90	VPN核心	选型购买	A	false	true	1
425	海外ip测速	%E6%B5%B7%E5%A4%96ip%E6%B5%8B%E9%80%9F	https://www.kuaishou.com/search/%E6%B5%B7%E5%A4%96ip%E6%B5%8B%E9%80%9F	跨境与海外网络	跨境外贸	A	false	true	1
426	海外网络卡顿什么原因	%E6%B5%B7%E5%A4%96%E7%BD%91%E7%BB%9C%E5%8D%A1%E9%A1%BF%E4%BB%80%E4%B9%88%E5%8E%9F%E5%9B%A0	https://www.kuaishou.com/search/%E6%B5%B7%E5%A4%96%E7%BD%91%E7%BB%9C%E5%8D%A1%E9%A1%BF%E4%BB%80%E4%B9%88%E5%8E%9F%E5%9B%A0	跨境与海外网络	跨境外贸	A	false	true	1
427	海外网络环境是指什么	%E6%B5%B7%E5%A4%96%E7%BD%91%E7%BB%9C%E7%8E%AF%E5%A2%83%E6%98%AF%E6%8C%87%E4%BB%80%E4%B9%88	https://www.kuaishou.com/search/%E6%B5%B7%E5%A4%96%E7%BD%91%E7%BB%9C%E7%8E%AF%E5%A2%83%E6%98%AF%E6%8C%87%E4%BB%80%E4%B9%88	跨境与海外网络	跨境外贸	A	false	true	1
428	海外网络重叠率是什么意思	%E6%B5%B7%E5%A4%96%E7%BD%91%E7%BB%9C%E9%87%8D%E5%8F%A0%E7%8E%87%E6%98%AF%E4%BB%80%E4%B9%88%E6%84%8F%E6%80%9D	https://www.kuaishou.com/search/%E6%B5%B7%E5%A4%96%E7%BD%91%E7%BB%9C%E9%87%8D%E5%8F%A0%E7%8E%87%E6%98%AF%E4%BB%80%E4%B9%88%E6%84%8F%E6%80%9D	跨境与海外网络	跨境外贸	A	false	true	1
429	网络加速器-免费vpn免费代理	%E7%BD%91%E7%BB%9C%E5%8A%A0%E9%80%9F%E5%99%A8-%E5%85%8D%E8%B4%B9vpn%E5%85%8D%E8%B4%B9%E4%BB%A3%E7%90%86	https://www.kuaishou.com/search/%E7%BD%91%E7%BB%9C%E5%8A%A0%E9%80%9F%E5%99%A8-%E5%85%8D%E8%B4%B9vpn%E5%85%8D%E8%B4%B9%E4%BB%A3%E7%90%86	代理与IP	代理与IP	A	false	true	1
430	访问外网的vpn	%E8%AE%BF%E9%97%AE%E5%A4%96%E7%BD%91%E7%9A%84vpn	https://www.kuaishou.com/search/%E8%AE%BF%E9%97%AE%E5%A4%96%E7%BD%91%E7%9A%84vpn	VPN核心	泛需求	A	false	true	1
431	跨境网络加速器	%E8%B7%A8%E5%A2%83%E7%BD%91%E7%BB%9C%E5%8A%A0%E9%80%9F%E5%99%A8	https://www.kuaishou.com/search/%E8%B7%A8%E5%A2%83%E7%BD%91%E7%BB%9C%E5%8A%A0%E9%80%9F%E5%99%A8	跨境与海外网络	跨境外贸	A	false	true	1
432	随身wifi翻墙	%E9%9A%8F%E8%BA%ABwifi%E7%BF%BB%E5%A2%99	https://www.kuaishou.com/search/%E9%9A%8F%E8%BA%ABwifi%E7%BF%BB%E5%A2%99	VPN核心	泛需求	A	true	true	1
433	vpn加速器免费体验	vpn%E5%8A%A0%E9%80%9F%E5%99%A8%E5%85%8D%E8%B4%B9%E4%BD%93%E9%AA%8C	https://www.kuaishou.com/search/vpn%E5%8A%A0%E9%80%9F%E5%99%A8%E5%85%8D%E8%B4%B9%E4%BD%93%E9%AA%8C	VPN核心	泛需求	A	false	true	1
434	vpn加速器推荐理由	vpn%E5%8A%A0%E9%80%9F%E5%99%A8%E6%8E%A8%E8%8D%90%E7%90%86%E7%94%B1	https://www.kuaishou.com/search/vpn%E5%8A%A0%E9%80%9F%E5%99%A8%E6%8E%A8%E8%8D%90%E7%90%86%E7%94%B1	VPN核心	选型购买	A	false	true	1
435	免vpn下载海外软件	%E5%85%8Dvpn%E4%B8%8B%E8%BD%BD%E6%B5%B7%E5%A4%96%E8%BD%AF%E4%BB%B6	https://www.kuaishou.com/search/%E5%85%8Dvpn%E4%B8%8B%E8%BD%BD%E6%B5%B7%E5%A4%96%E8%BD%AF%E4%BB%B6	跨境与海外网络	跨境外贸	A	false	true	1
436	回国加速器免费加速	%E5%9B%9E%E5%9B%BD%E5%8A%A0%E9%80%9F%E5%99%A8%E5%85%8D%E8%B4%B9%E5%8A%A0%E9%80%9F	https://www.kuaishou.com/search/%E5%9B%9E%E5%9B%BD%E5%8A%A0%E9%80%9F%E5%99%A8%E5%85%8D%E8%B4%B9%E5%8A%A0%E9%80%9F	跨境与海外网络	跨境外贸	A	false	true	1
437	回国加速器有哪些	%E5%9B%9E%E5%9B%BD%E5%8A%A0%E9%80%9F%E5%99%A8%E6%9C%89%E5%93%AA%E4%BA%9B	https://www.kuaishou.com/search/%E5%9B%9E%E5%9B%BD%E5%8A%A0%E9%80%9F%E5%99%A8%E6%9C%89%E5%93%AA%E4%BA%9B	跨境与海外网络	跨境外贸	A	false	true	1
438	怎么搭建海外网络环境	%E6%80%8E%E4%B9%88%E6%90%AD%E5%BB%BA%E6%B5%B7%E5%A4%96%E7%BD%91%E7%BB%9C%E7%8E%AF%E5%A2%83	https://www.kuaishou.com/search/%E6%80%8E%E4%B9%88%E6%90%AD%E5%BB%BA%E6%B5%B7%E5%A4%96%E7%BD%91%E7%BB%9C%E7%8E%AF%E5%A2%83	跨境与海外网络	跨境外贸	A	false	true	1
439	推特加速器免费版vpn	%E6%8E%A8%E7%89%B9%E5%8A%A0%E9%80%9F%E5%99%A8%E5%85%8D%E8%B4%B9%E7%89%88vpn	https://www.kuaishou.com/search/%E6%8E%A8%E7%89%B9%E5%8A%A0%E9%80%9F%E5%99%A8%E5%85%8D%E8%B4%B9%E7%89%88vpn	VPN核心	泛需求	A	false	true	1
440	校园网vpn优势	%E6%A0%A1%E5%9B%AD%E7%BD%91vpn%E4%BC%98%E5%8A%BF	https://www.kuaishou.com/search/%E6%A0%A1%E5%9B%AD%E7%BD%91vpn%E4%BC%98%E5%8A%BF	VPN核心	泛需求	A	false	true	1
441	永久免费加速器vpn更新	%E6%B0%B8%E4%B9%85%E5%85%8D%E8%B4%B9%E5%8A%A0%E9%80%9F%E5%99%A8vpn%E6%9B%B4%E6%96%B0	https://www.kuaishou.com/search/%E6%B0%B8%E4%B9%85%E5%85%8D%E8%B4%B9%E5%8A%A0%E9%80%9F%E5%99%A8vpn%E6%9B%B4%E6%96%B0	VPN核心	泛需求	A	false	true	1
442	海外ip vpn	%E6%B5%B7%E5%A4%96ip%20vpn	https://www.kuaishou.com/search/%E6%B5%B7%E5%A4%96ip%20vpn	跨境与海外网络	跨境外贸	A	false	true	1
443	海外ip代理免费下载	%E6%B5%B7%E5%A4%96ip%E4%BB%A3%E7%90%86%E5%85%8D%E8%B4%B9%E4%B8%8B%E8%BD%BD	https://www.kuaishou.com/search/%E6%B5%B7%E5%A4%96ip%E4%BB%A3%E7%90%86%E5%85%8D%E8%B4%B9%E4%B8%8B%E8%BD%BD	跨境与海外网络	跨境外贸	A	false	true	1
444	海外ip代理池	%E6%B5%B7%E5%A4%96ip%E4%BB%A3%E7%90%86%E6%B1%A0	https://www.kuaishou.com/search/%E6%B5%B7%E5%A4%96ip%E4%BB%A3%E7%90%86%E6%B1%A0	跨境与海外网络	跨境外贸	A	false	true	1
445	海外加速器免费试用	%E6%B5%B7%E5%A4%96%E5%8A%A0%E9%80%9F%E5%99%A8%E5%85%8D%E8%B4%B9%E8%AF%95%E7%94%A8	https://www.kuaishou.com/search/%E6%B5%B7%E5%A4%96%E5%8A%A0%E9%80%9F%E5%99%A8%E5%85%8D%E8%B4%B9%E8%AF%95%E7%94%A8	跨境与海外网络	跨境外贸	A	false	true	1
446	海外加速器回国	%E6%B5%B7%E5%A4%96%E5%8A%A0%E9%80%9F%E5%99%A8%E5%9B%9E%E5%9B%BD	https://www.kuaishou.com/search/%E6%B5%B7%E5%A4%96%E5%8A%A0%E9%80%9F%E5%99%A8%E5%9B%9E%E5%9B%BD	跨境与海外网络	跨境外贸	A	false	true	1
447	海外网咯	%E6%B5%B7%E5%A4%96%E7%BD%91%E5%92%AF	https://www.kuaishou.com/search/%E6%B5%B7%E5%A4%96%E7%BD%91%E5%92%AF	跨境与海外网络	跨境外贸	A	false	true	1
448	海外网络节点	%E6%B5%B7%E5%A4%96%E7%BD%91%E7%BB%9C%E8%8A%82%E7%82%B9	https://www.kuaishou.com/search/%E6%B5%B7%E5%A4%96%E7%BD%91%E7%BB%9C%E8%8A%82%E7%82%B9	跨境与海外网络	跨境外贸	A	true	true	1
449	游戏加速器vpn	%E6%B8%B8%E6%88%8F%E5%8A%A0%E9%80%9F%E5%99%A8vpn	https://www.kuaishou.com/search/%E6%B8%B8%E6%88%8F%E5%8A%A0%E9%80%9F%E5%99%A8vpn	游戏加速	游戏娱乐	A	false	true	1
450	翻墙加速器	%E7%BF%BB%E5%A2%99%E5%8A%A0%E9%80%9F%E5%99%A8	https://www.kuaishou.com/search/%E7%BF%BB%E5%A2%99%E5%8A%A0%E9%80%9F%E5%99%A8	VPN核心	泛需求	A	true	true	1
451	vpn加速器下载免费	vpn%E5%8A%A0%E9%80%9F%E5%99%A8%E4%B8%8B%E8%BD%BD%E5%85%8D%E8%B4%B9	https://www.kuaishou.com/search/vpn%E5%8A%A0%E9%80%9F%E5%99%A8%E4%B8%8B%E8%BD%BD%E5%85%8D%E8%B4%B9	VPN核心	下载安装	A	false	true	1
452	vpn加速器免费使用	vpn%E5%8A%A0%E9%80%9F%E5%99%A8%E5%85%8D%E8%B4%B9%E4%BD%BF%E7%94%A8	https://www.kuaishou.com/search/vpn%E5%8A%A0%E9%80%9F%E5%99%A8%E5%85%8D%E8%B4%B9%E4%BD%BF%E7%94%A8	VPN核心	泛需求	A	false	true	1
453	vpn加速器差别	vpn%E5%8A%A0%E9%80%9F%E5%99%A8%E5%B7%AE%E5%88%AB	https://www.kuaishou.com/search/vpn%E5%8A%A0%E9%80%9F%E5%99%A8%E5%B7%AE%E5%88%AB	VPN核心	泛需求	A	false	true	1
454	vpn加速器推荐网站	vpn%E5%8A%A0%E9%80%9F%E5%99%A8%E6%8E%A8%E8%8D%90%E7%BD%91%E7%AB%99	https://www.kuaishou.com/search/vpn%E5%8A%A0%E9%80%9F%E5%99%A8%E6%8E%A8%E8%8D%90%E7%BD%91%E7%AB%99	VPN核心	选型购买	A	false	true	1
455	vpn电脑加速器	vpn%E7%94%B5%E8%84%91%E5%8A%A0%E9%80%9F%E5%99%A8	https://www.kuaishou.com/search/vpn%E7%94%B5%E8%84%91%E5%8A%A0%E9%80%9F%E5%99%A8	VPN核心	下载安装	A	false	true	1
456	一加海外应用商店	%E4%B8%80%E5%8A%A0%E6%B5%B7%E5%A4%96%E5%BA%94%E7%94%A8%E5%95%86%E5%BA%97	https://www.kuaishou.com/search/%E4%B8%80%E5%8A%A0%E6%B5%B7%E5%A4%96%E5%BA%94%E7%94%A8%E5%95%86%E5%BA%97	跨境与海外网络	跨境外贸	A	false	true	1
457	免费加速器vpn教程	%E5%85%8D%E8%B4%B9%E5%8A%A0%E9%80%9F%E5%99%A8vpn%E6%95%99%E7%A8%8B	https://www.kuaishou.com/search/%E5%85%8D%E8%B4%B9%E5%8A%A0%E9%80%9F%E5%99%A8vpn%E6%95%99%E7%A8%8B	VPN核心	配置排障	A	false	true	1
458	免费加速器翻墙	%E5%85%8D%E8%B4%B9%E5%8A%A0%E9%80%9F%E5%99%A8%E7%BF%BB%E5%A2%99	https://www.kuaishou.com/search/%E5%85%8D%E8%B4%B9%E5%8A%A0%E9%80%9F%E5%99%A8%E7%BF%BB%E5%A2%99	VPN核心	泛需求	A	true	true	1
459	免费回国加速器	%E5%85%8D%E8%B4%B9%E5%9B%9E%E5%9B%BD%E5%8A%A0%E9%80%9F%E5%99%A8	https://www.kuaishou.com/search/%E5%85%8D%E8%B4%B9%E5%9B%9E%E5%9B%BD%E5%8A%A0%E9%80%9F%E5%99%A8	跨境与海外网络	跨境外贸	A	false	true	1
460	回国加速器pc	%E5%9B%9E%E5%9B%BD%E5%8A%A0%E9%80%9F%E5%99%A8pc	https://www.kuaishou.com/search/%E5%9B%9E%E5%9B%BD%E5%8A%A0%E9%80%9F%E5%99%A8pc	跨境与海外网络	跨境外贸	A	false	true	1
461	回国加速器电脑版	%E5%9B%9E%E5%9B%BD%E5%8A%A0%E9%80%9F%E5%99%A8%E7%94%B5%E8%84%91%E7%89%88	https://www.kuaishou.com/search/%E5%9B%9E%E5%9B%BD%E5%8A%A0%E9%80%9F%E5%99%A8%E7%94%B5%E8%84%91%E7%89%88	跨境与海外网络	跨境外贸	A	false	true	1
462	外网vpn	%E5%A4%96%E7%BD%91vpn	https://www.kuaishou.com/search/%E5%A4%96%E7%BD%91vpn	VPN核心	泛需求	A	false	true	1
463	外贸静态ip网络搭建	%E5%A4%96%E8%B4%B8%E9%9D%99%E6%80%81ip%E7%BD%91%E7%BB%9C%E6%90%AD%E5%BB%BA	https://www.kuaishou.com/search/%E5%A4%96%E8%B4%B8%E9%9D%99%E6%80%81ip%E7%BD%91%E7%BB%9C%E6%90%AD%E5%BB%BA	跨境与海外网络	跨境外贸	A	false	true	1
464	怎么配置海外网络环境	%E6%80%8E%E4%B9%88%E9%85%8D%E7%BD%AE%E6%B5%B7%E5%A4%96%E7%BD%91%E7%BB%9C%E7%8E%AF%E5%A2%83	https://www.kuaishou.com/search/%E6%80%8E%E4%B9%88%E9%85%8D%E7%BD%AE%E6%B5%B7%E5%A4%96%E7%BD%91%E7%BB%9C%E7%8E%AF%E5%A2%83	跨境与海外网络	跨境外贸	A	false	true	1
465	校园网vpn速度	%E6%A0%A1%E5%9B%AD%E7%BD%91vpn%E9%80%9F%E5%BA%A6	https://www.kuaishou.com/search/%E6%A0%A1%E5%9B%AD%E7%BD%91vpn%E9%80%9F%E5%BA%A6	VPN核心	泛需求	A	false	true	1
466	永久免费加速器vpn评测	%E6%B0%B8%E4%B9%85%E5%85%8D%E8%B4%B9%E5%8A%A0%E9%80%9F%E5%99%A8vpn%E8%AF%84%E6%B5%8B	https://www.kuaishou.com/search/%E6%B0%B8%E4%B9%85%E5%85%8D%E8%B4%B9%E5%8A%A0%E9%80%9F%E5%99%A8vpn%E8%AF%84%E6%B5%8B	VPN核心	泛需求	A	false	true	1
467	海外加速器vpn免费下载	%E6%B5%B7%E5%A4%96%E5%8A%A0%E9%80%9F%E5%99%A8vpn%E5%85%8D%E8%B4%B9%E4%B8%8B%E8%BD%BD	https://www.kuaishou.com/search/%E6%B5%B7%E5%A4%96%E5%8A%A0%E9%80%9F%E5%99%A8vpn%E5%85%8D%E8%B4%B9%E4%B8%8B%E8%BD%BD	跨境与海外网络	跨境外贸	A	false	true	1
468	海外网络是什么网络	%E6%B5%B7%E5%A4%96%E7%BD%91%E7%BB%9C%E6%98%AF%E4%BB%80%E4%B9%88%E7%BD%91%E7%BB%9C	https://www.kuaishou.com/search/%E6%B5%B7%E5%A4%96%E7%BD%91%E7%BB%9C%E6%98%AF%E4%BB%80%E4%B9%88%E7%BD%91%E7%BB%9C	跨境与海外网络	跨境外贸	A	false	true	1
469	海外网络服务	%E6%B5%B7%E5%A4%96%E7%BD%91%E7%BB%9C%E6%9C%8D%E5%8A%A1	https://www.kuaishou.com/search/%E6%B5%B7%E5%A4%96%E7%BD%91%E7%BB%9C%E6%9C%8D%E5%8A%A1	跨境与海外网络	跨境外贸	A	false	true	1
470	绿茶加速器vpn国际网络加速	%E7%BB%BF%E8%8C%B6%E5%8A%A0%E9%80%9F%E5%99%A8vpn%E5%9B%BD%E9%99%85%E7%BD%91%E7%BB%9C%E5%8A%A0%E9%80%9F	https://www.kuaishou.com/search/%E7%BB%BF%E8%8C%B6%E5%8A%A0%E9%80%9F%E5%99%A8vpn%E5%9B%BD%E9%99%85%E7%BD%91%E7%BB%9C%E5%8A%A0%E9%80%9F	VPN核心	泛需求	A	false	true	1
471	虚拟专用网络vpn跨国跨境	%E8%99%9A%E6%8B%9F%E4%B8%93%E7%94%A8%E7%BD%91%E7%BB%9Cvpn%E8%B7%A8%E5%9B%BD%E8%B7%A8%E5%A2%83	https://www.kuaishou.com/search/%E8%99%9A%E6%8B%9F%E4%B8%93%E7%94%A8%E7%BD%91%E7%BB%9Cvpn%E8%B7%A8%E5%9B%BD%E8%B7%A8%E5%A2%83	跨境与海外网络	跨境外贸	A	false	true	1
472	sd-wan和vpn的区别	sd-wan%E5%92%8Cvpn%E7%9A%84%E5%8C%BA%E5%88%AB	https://www.kuaishou.com/search/sd-wan%E5%92%8Cvpn%E7%9A%84%E5%8C%BA%E5%88%AB	企业网络	企业办公	A	false	true	1
473	vpn加速器免费版下载	vpn%E5%8A%A0%E9%80%9F%E5%99%A8%E5%85%8D%E8%B4%B9%E7%89%88%E4%B8%8B%E8%BD%BD	https://www.kuaishou.com/search/vpn%E5%8A%A0%E9%80%9F%E5%99%A8%E5%85%8D%E8%B4%B9%E7%89%88%E4%B8%8B%E8%BD%BD	VPN核心	下载安装	A	false	true	1
474	vpn加速器推荐软件	vpn%E5%8A%A0%E9%80%9F%E5%99%A8%E6%8E%A8%E8%8D%90%E8%BD%AF%E4%BB%B6	https://www.kuaishou.com/search/vpn%E5%8A%A0%E9%80%9F%E5%99%A8%E6%8E%A8%E8%8D%90%E8%BD%AF%E4%BB%B6	VPN核心	选型购买	A	false	true	1
475	vpn加速器翻墙	vpn%E5%8A%A0%E9%80%9F%E5%99%A8%E7%BF%BB%E5%A2%99	https://www.kuaishou.com/search/vpn%E5%8A%A0%E9%80%9F%E5%99%A8%E7%BF%BB%E5%A2%99	VPN核心	泛需求	A	true	true	1
476	vpn手机加速器	vpn%E6%89%8B%E6%9C%BA%E5%8A%A0%E9%80%9F%E5%99%A8	https://www.kuaishou.com/search/vpn%E6%89%8B%E6%9C%BA%E5%8A%A0%E9%80%9F%E5%99%A8	VPN核心	下载安装	A	false	true	1
477	为什么tiktok翻墙也不能看	%E4%B8%BA%E4%BB%80%E4%B9%88tiktok%E7%BF%BB%E5%A2%99%E4%B9%9F%E4%B8%8D%E8%83%BD%E7%9C%8B	https://www.kuaishou.com/search/%E4%B8%BA%E4%BB%80%E4%B9%88tiktok%E7%BF%BB%E5%A2%99%E4%B9%9F%E4%B8%8D%E8%83%BD%E7%9C%8B	跨境与海外网络	跨境外贸	A	true	true	1
478	什么是海外网络	%E4%BB%80%E4%B9%88%E6%98%AF%E6%B5%B7%E5%A4%96%E7%BD%91%E7%BB%9C	https://www.kuaishou.com/search/%E4%BB%80%E4%B9%88%E6%98%AF%E6%B5%B7%E5%A4%96%E7%BD%91%E7%BB%9C	跨境与海外网络	跨境外贸	A	false	true	1
479	免费加速器vpn对比	%E5%85%8D%E8%B4%B9%E5%8A%A0%E9%80%9F%E5%99%A8vpn%E5%AF%B9%E6%AF%94	https://www.kuaishou.com/search/%E5%85%8D%E8%B4%B9%E5%8A%A0%E9%80%9F%E5%99%A8vpn%E5%AF%B9%E6%AF%94	VPN核心	泛需求	A	false	true	1
480	回国加速器sixfast	%E5%9B%9E%E5%9B%BD%E5%8A%A0%E9%80%9F%E5%99%A8sixfast	https://www.kuaishou.com/search/%E5%9B%9E%E5%9B%BD%E5%8A%A0%E9%80%9F%E5%99%A8sixfast	跨境与海外网络	跨境外贸	A	false	true	1
481	手把手教程用住宅ip搭建海外网络环境	%E6%89%8B%E6%8A%8A%E6%89%8B%E6%95%99%E7%A8%8B%E7%94%A8%E4%BD%8F%E5%AE%85ip%E6%90%AD%E5%BB%BA%E6%B5%B7%E5%A4%96%E7%BD%91%E7%BB%9C%E7%8E%AF%E5%A2%83	https://www.kuaishou.com/search/%E6%89%8B%E6%8A%8A%E6%89%8B%E6%95%99%E7%A8%8B%E7%94%A8%E4%BD%8F%E5%AE%85ip%E6%90%AD%E5%BB%BA%E6%B5%B7%E5%A4%96%E7%BD%91%E7%BB%9C%E7%8E%AF%E5%A2%83	跨境与海外网络	跨境外贸	A	false	true	1
482	校园网vpn问题	%E6%A0%A1%E5%9B%AD%E7%BD%91vpn%E9%97%AE%E9%A2%98	https://www.kuaishou.com/search/%E6%A0%A1%E5%9B%AD%E7%BD%91vpn%E9%97%AE%E9%A2%98	VPN核心	泛需求	A	false	true	1
483	永久免费加速器vpn优缺点	%E6%B0%B8%E4%B9%85%E5%85%8D%E8%B4%B9%E5%8A%A0%E9%80%9F%E5%99%A8vpn%E4%BC%98%E7%BC%BA%E7%82%B9	https://www.kuaishou.com/search/%E6%B0%B8%E4%B9%85%E5%85%8D%E8%B4%B9%E5%8A%A0%E9%80%9F%E5%99%A8vpn%E4%BC%98%E7%BC%BA%E7%82%B9	VPN核心	泛需求	A	false	true	1
484	海外网络代理	%E6%B5%B7%E5%A4%96%E7%BD%91%E7%BB%9C%E4%BB%A3%E7%90%86	https://www.kuaishou.com/search/%E6%B5%B7%E5%A4%96%E7%BD%91%E7%BB%9C%E4%BB%A3%E7%90%86	跨境与海外网络	跨境外贸	A	false	true	1
485	海外网络是什么意思	%E6%B5%B7%E5%A4%96%E7%BD%91%E7%BB%9C%E6%98%AF%E4%BB%80%E4%B9%88%E6%84%8F%E6%80%9D	https://www.kuaishou.com/search/%E6%B5%B7%E5%A4%96%E7%BD%91%E7%BB%9C%E6%98%AF%E4%BB%80%E4%B9%88%E6%84%8F%E6%80%9D	跨境与海外网络	跨境外贸	A	false	true	1
486	海外网速	%E6%B5%B7%E5%A4%96%E7%BD%91%E9%80%9F	https://www.kuaishou.com/search/%E6%B5%B7%E5%A4%96%E7%BD%91%E9%80%9F	跨境与海外网络	跨境外贸	A	false	true	1
487	火箭加速器vpn教程	%E7%81%AB%E7%AE%AD%E5%8A%A0%E9%80%9F%E5%99%A8vpn%E6%95%99%E7%A8%8B	https://www.kuaishou.com/search/%E7%81%AB%E7%AE%AD%E5%8A%A0%E9%80%9F%E5%99%A8vpn%E6%95%99%E7%A8%8B	VPN核心	配置排障	A	false	true	1
488	科学上网加速器	%E7%A7%91%E5%AD%A6%E4%B8%8A%E7%BD%91%E5%8A%A0%E9%80%9F%E5%99%A8	https://www.kuaishou.com/search/%E7%A7%91%E5%AD%A6%E4%B8%8A%E7%BD%91%E5%8A%A0%E9%80%9F%E5%99%A8	VPN核心	泛需求	A	true	true	1
489	buffbuff海外应用商店	buffbuff%E6%B5%B7%E5%A4%96%E5%BA%94%E7%94%A8%E5%95%86%E5%BA%97	https://www.kuaishou.com/search/buffbuff%E6%B5%B7%E5%A4%96%E5%BA%94%E7%94%A8%E5%95%86%E5%BA%97	跨境与海外网络	跨境外贸	A	false	true	1
490	sd-wan vpn	sd-wan%20vpn	https://www.kuaishou.com/search/sd-wan%20vpn	企业网络	企业办公	A	false	true	1
491	vpn加速器免费一小时	vpn%E5%8A%A0%E9%80%9F%E5%99%A8%E5%85%8D%E8%B4%B9%E4%B8%80%E5%B0%8F%E6%97%B6	https://www.kuaishou.com/search/vpn%E5%8A%A0%E9%80%9F%E5%99%A8%E5%85%8D%E8%B4%B9%E4%B8%80%E5%B0%8F%E6%97%B6	VPN核心	泛需求	A	false	true	1
492	vpn加速器推荐ios	vpn%E5%8A%A0%E9%80%9F%E5%99%A8%E6%8E%A8%E8%8D%90ios	https://www.kuaishou.com/search/vpn%E5%8A%A0%E9%80%9F%E5%99%A8%E6%8E%A8%E8%8D%90ios	VPN核心	选型购买	A	false	true	1
493	vpn加速器测评	vpn%E5%8A%A0%E9%80%9F%E5%99%A8%E6%B5%8B%E8%AF%84	https://www.kuaishou.com/search/vpn%E5%8A%A0%E9%80%9F%E5%99%A8%E6%B5%8B%E8%AF%84	VPN核心	泛需求	A	false	true	1
494	vpn连接后无法访问外网	vpn%E8%BF%9E%E6%8E%A5%E5%90%8E%E6%97%A0%E6%B3%95%E8%AE%BF%E9%97%AE%E5%A4%96%E7%BD%91	https://www.kuaishou.com/search/vpn%E8%BF%9E%E6%8E%A5%E5%90%8E%E6%97%A0%E6%B3%95%E8%AE%BF%E9%97%AE%E5%A4%96%E7%BD%91	VPN核心	配置排障	A	false	true	1
495	免费加速器vpn评测	%E5%85%8D%E8%B4%B9%E5%8A%A0%E9%80%9F%E5%99%A8vpn%E8%AF%84%E6%B5%8B	https://www.kuaishou.com/search/%E5%85%8D%E8%B4%B9%E5%8A%A0%E9%80%9F%E5%99%A8vpn%E8%AF%84%E6%B5%8B	VPN核心	泛需求	A	false	true	1
496	国际专线vpn	%E5%9B%BD%E9%99%85%E4%B8%93%E7%BA%BFvpn	https://www.kuaishou.com/search/%E5%9B%BD%E9%99%85%E4%B8%93%E7%BA%BFvpn	跨境与海外网络	跨境外贸	A	false	true	1
497	校园网vpn安全	%E6%A0%A1%E5%9B%AD%E7%BD%91vpn%E5%AE%89%E5%85%A8	https://www.kuaishou.com/search/%E6%A0%A1%E5%9B%AD%E7%BD%91vpn%E5%AE%89%E5%85%A8	VPN核心	泛需求	A	false	true	1
498	永久免费加速器vpn使用教程	%E6%B0%B8%E4%B9%85%E5%85%8D%E8%B4%B9%E5%8A%A0%E9%80%9F%E5%99%A8vpn%E4%BD%BF%E7%94%A8%E6%95%99%E7%A8%8B	https://www.kuaishou.com/search/%E6%B0%B8%E4%B9%85%E5%85%8D%E8%B4%B9%E5%8A%A0%E9%80%9F%E5%99%A8vpn%E4%BD%BF%E7%94%A8%E6%95%99%E7%A8%8B	VPN核心	配置排障	A	false	true	1
499	海外加速器免费下载	%E6%B5%B7%E5%A4%96%E5%8A%A0%E9%80%9F%E5%99%A8%E5%85%8D%E8%B4%B9%E4%B8%8B%E8%BD%BD	https://www.kuaishou.com/search/%E6%B5%B7%E5%A4%96%E5%8A%A0%E9%80%9F%E5%99%A8%E5%85%8D%E8%B4%B9%E4%B8%8B%E8%BD%BD	跨境与海外网络	跨境外贸	A	false	true	1
500	海外网络加速工具	%E6%B5%B7%E5%A4%96%E7%BD%91%E7%BB%9C%E5%8A%A0%E9%80%9F%E5%B7%A5%E5%85%B7	https://www.kuaishou.com/search/%E6%B5%B7%E5%A4%96%E7%BD%91%E7%BB%9C%E5%8A%A0%E9%80%9F%E5%B7%A5%E5%85%B7	跨境与海外网络	跨境外贸	A	false	true	1
501	火箭加速器vpn评测	%E7%81%AB%E7%AE%AD%E5%8A%A0%E9%80%9F%E5%99%A8vpn%E8%AF%84%E6%B5%8B	https://www.kuaishou.com/search/%E7%81%AB%E7%AE%AD%E5%8A%A0%E9%80%9F%E5%99%A8vpn%E8%AF%84%E6%B5%8B	VPN核心	泛需求	A	false	true	1
502	随身wifi科学上网	%E9%9A%8F%E8%BA%ABwifi%E7%A7%91%E5%AD%A6%E4%B8%8A%E7%BD%91	https://www.kuaishou.com/search/%E9%9A%8F%E8%BA%ABwifi%E7%A7%91%E5%AD%A6%E4%B8%8A%E7%BD%91	VPN核心	泛需求	A	true	true	1
503	vpn免费节点加速器	vpn%E5%85%8D%E8%B4%B9%E8%8A%82%E7%82%B9%E5%8A%A0%E9%80%9F%E5%99%A8	https://www.kuaishou.com/search/vpn%E5%85%8D%E8%B4%B9%E8%8A%82%E7%82%B9%E5%8A%A0%E9%80%9F%E5%99%A8	VPN核心	代理与IP	A	true	true	1
504	vpn加速器免费手机版	vpn%E5%8A%A0%E9%80%9F%E5%99%A8%E5%85%8D%E8%B4%B9%E6%89%8B%E6%9C%BA%E7%89%88	https://www.kuaishou.com/search/vpn%E5%8A%A0%E9%80%9F%E5%99%A8%E5%85%8D%E8%B4%B9%E6%89%8B%E6%9C%BA%E7%89%88	VPN核心	下载安装	A	false	true	1
505	vpn加速器推荐mac	vpn%E5%8A%A0%E9%80%9F%E5%99%A8%E6%8E%A8%E8%8D%90mac	https://www.kuaishou.com/search/vpn%E5%8A%A0%E9%80%9F%E5%99%A8%E6%8E%A8%E8%8D%90mac	VPN核心	选型购买	A	false	true	1
506	vpn加速器电脑版	vpn%E5%8A%A0%E9%80%9F%E5%99%A8%E7%94%B5%E8%84%91%E7%89%88	https://www.kuaishou.com/search/vpn%E5%8A%A0%E9%80%9F%E5%99%A8%E7%94%B5%E8%84%91%E7%89%88	VPN核心	下载安装	A	false	true	1
507	vpn连接外网	vpn%E8%BF%9E%E6%8E%A5%E5%A4%96%E7%BD%91	https://www.kuaishou.com/search/vpn%E8%BF%9E%E6%8E%A5%E5%A4%96%E7%BD%91	VPN核心	配置排障	A	false	true	1
508	免费加速器vpn优缺点	%E5%85%8D%E8%B4%B9%E5%8A%A0%E9%80%9F%E5%99%A8vpn%E4%BC%98%E7%BC%BA%E7%82%B9	https://www.kuaishou.com/search/%E5%85%8D%E8%B4%B9%E5%8A%A0%E9%80%9F%E5%99%A8vpn%E4%BC%98%E7%BC%BA%E7%82%B9	VPN核心	泛需求	A	false	true	1
509	回国加速器网页版	%E5%9B%9E%E5%9B%BD%E5%8A%A0%E9%80%9F%E5%99%A8%E7%BD%91%E9%A1%B5%E7%89%88	https://www.kuaishou.com/search/%E5%9B%9E%E5%9B%BD%E5%8A%A0%E9%80%9F%E5%99%A8%E7%BD%91%E9%A1%B5%E7%89%88	跨境与海外网络	跨境外贸	A	false	true	1
510	校园网vpn免费吗	%E6%A0%A1%E5%9B%AD%E7%BD%91vpn%E5%85%8D%E8%B4%B9%E5%90%97	https://www.kuaishou.com/search/%E6%A0%A1%E5%9B%AD%E7%BD%91vpn%E5%85%8D%E8%B4%B9%E5%90%97	VPN核心	泛需求	A	false	true	1
511	永久免费加速器vpn问题解决	%E6%B0%B8%E4%B9%85%E5%85%8D%E8%B4%B9%E5%8A%A0%E9%80%9F%E5%99%A8vpn%E9%97%AE%E9%A2%98%E8%A7%A3%E5%86%B3	https://www.kuaishou.com/search/%E6%B0%B8%E4%B9%85%E5%85%8D%E8%B4%B9%E5%8A%A0%E9%80%9F%E5%99%A8vpn%E9%97%AE%E9%A2%98%E8%A7%A3%E5%86%B3	VPN核心	泛需求	A	false	true	1
512	海外加速器试用	%E6%B5%B7%E5%A4%96%E5%8A%A0%E9%80%9F%E5%99%A8%E8%AF%95%E7%94%A8	https://www.kuaishou.com/search/%E6%B5%B7%E5%A4%96%E5%8A%A0%E9%80%9F%E5%99%A8%E8%AF%95%E7%94%A8	跨境与海外网络	跨境外贸	A	false	true	1
513	vpn加速器免费试用一天	vpn%E5%8A%A0%E9%80%9F%E5%99%A8%E5%85%8D%E8%B4%B9%E8%AF%95%E7%94%A8%E4%B8%80%E5%A4%A9	https://www.kuaishou.com/search/vpn%E5%8A%A0%E9%80%9F%E5%99%A8%E5%85%8D%E8%B4%B9%E8%AF%95%E7%94%A8%E4%B8%80%E5%A4%A9	VPN核心	泛需求	A	false	true	1
514	vpn加速器推荐2021	vpn%E5%8A%A0%E9%80%9F%E5%99%A8%E6%8E%A8%E8%8D%902021	https://www.kuaishou.com/search/vpn%E5%8A%A0%E9%80%9F%E5%99%A8%E6%8E%A8%E8%8D%902021	VPN核心	选型购买	A	false	true	1
515	免费加速器vpn哪个好	%E5%85%8D%E8%B4%B9%E5%8A%A0%E9%80%9F%E5%99%A8vpn%E5%93%AA%E4%B8%AA%E5%A5%BD	https://www.kuaishou.com/search/%E5%85%8D%E8%B4%B9%E5%8A%A0%E9%80%9F%E5%99%A8vpn%E5%93%AA%E4%B8%AA%E5%A5%BD	VPN核心	选型购买	A	false	true	1
516	异地组网vpn	%E5%BC%82%E5%9C%B0%E7%BB%84%E7%BD%91vpn	https://www.kuaishou.com/search/%E5%BC%82%E5%9C%B0%E7%BB%84%E7%BD%91vpn	企业网络	企业办公	A	false	true	1
517	校园网vpn安全性	%E6%A0%A1%E5%9B%AD%E7%BD%91vpn%E5%AE%89%E5%85%A8%E6%80%A7	https://www.kuaishou.com/search/%E6%A0%A1%E5%9B%AD%E7%BD%91vpn%E5%AE%89%E5%85%A8%E6%80%A7	VPN核心	泛需求	A	false	true	1
518	海外加速器免费加速	%E6%B5%B7%E5%A4%96%E5%8A%A0%E9%80%9F%E5%99%A8%E5%85%8D%E8%B4%B9%E5%8A%A0%E9%80%9F	https://www.kuaishou.com/search/%E6%B5%B7%E5%A4%96%E5%8A%A0%E9%80%9F%E5%99%A8%E5%85%8D%E8%B4%B9%E5%8A%A0%E9%80%9F	跨境与海外网络	跨境外贸	A	false	true	1
519	apn设置	apn%E8%AE%BE%E7%BD%AE	https://www.kuaishou.com/search/apn%E8%AE%BE%E7%BD%AE	关联网络需求	配置排障	B	false	true	5
520	sd-wan	sd-wan	https://www.kuaishou.com/search/sd-wan	企业网络	企业办公	B	false	true	5
521	住宅ip	%E4%BD%8F%E5%AE%85ip	https://www.kuaishou.com/search/%E4%BD%8F%E5%AE%85ip	代理与IP	代理与IP	B	false	true	5
522	外网	%E5%A4%96%E7%BD%91	https://www.kuaishou.com/search/%E5%A4%96%E7%BD%91	关联网络需求	泛需求	B	false	true	5
523	虚拟局域网	%E8%99%9A%E6%8B%9F%E5%B1%80%E5%9F%9F%E7%BD%91	https://www.kuaishou.com/search/%E8%99%9A%E6%8B%9F%E5%B1%80%E5%9F%9F%E7%BD%91	关联网络需求	泛需求	B	false	true	5
524	pubg加速器	pubg%E5%8A%A0%E9%80%9F%E5%99%A8	https://www.kuaishou.com/search/pubg%E5%8A%A0%E9%80%9F%E5%99%A8	网络加速	泛需求	B	false	true	4
525	sase	sase	https://www.kuaishou.com/search/sase	企业网络	企业办公	B	false	true	4
526	steam游戏加速器	steam%E6%B8%B8%E6%88%8F%E5%8A%A0%E9%80%9F%E5%99%A8	https://www.kuaishou.com/search/steam%E6%B8%B8%E6%88%8F%E5%8A%A0%E9%80%9F%E5%99%A8	游戏加速	游戏娱乐	B	false	true	4
527	telegram一直连接中	telegram%E4%B8%80%E7%9B%B4%E8%BF%9E%E6%8E%A5%E4%B8%AD	https://www.kuaishou.com/search/telegram%E4%B8%80%E7%9B%B4%E8%BF%9E%E6%8E%A5%E4%B8%AD	关联网络需求	配置排障	B	false	true	4
528	telegram连接不上	telegram%E8%BF%9E%E6%8E%A5%E4%B8%8D%E4%B8%8A	https://www.kuaishou.com/search/telegram%E8%BF%9E%E6%8E%A5%E4%B8%8D%E4%B8%8A	关联网络需求	配置排障	B	false	true	4
529	上网卡	%E4%B8%8A%E7%BD%91%E5%8D%A1	https://www.kuaishou.com/search/%E4%B8%8A%E7%BD%91%E5%8D%A1	关联网络需求	泛需求	B	false	true	4
530	代理服务器	%E4%BB%A3%E7%90%86%E6%9C%8D%E5%8A%A1%E5%99%A8	https://www.kuaishou.com/search/%E4%BB%A3%E7%90%86%E6%9C%8D%E5%8A%A1%E5%99%A8	代理与IP	代理与IP	B	false	true	4
531	全球节点	%E5%85%A8%E7%90%83%E8%8A%82%E7%82%B9	https://www.kuaishou.com/search/%E5%85%A8%E7%90%83%E8%8A%82%E7%82%B9	关联网络需求	代理与IP	B	true	true	4
532	国际服加速器	%E5%9B%BD%E9%99%85%E6%9C%8D%E5%8A%A0%E9%80%9F%E5%99%A8	https://www.kuaishou.com/search/%E5%9B%BD%E9%99%85%E6%9C%8D%E5%8A%A0%E9%80%9F%E5%99%A8	网络加速	泛需求	B	false	true	4
533	境外网站	%E5%A2%83%E5%A4%96%E7%BD%91%E7%AB%99	https://www.kuaishou.com/search/%E5%A2%83%E5%A4%96%E7%BD%91%E7%AB%99	关联网络需求	泛需求	B	false	true	4
534	异地组网	%E5%BC%82%E5%9C%B0%E7%BB%84%E7%BD%91	https://www.kuaishou.com/search/%E5%BC%82%E5%9C%B0%E7%BB%84%E7%BD%91	企业网络	企业办公	B	false	true	4
535	手机游戏加速器	%E6%89%8B%E6%9C%BA%E6%B8%B8%E6%88%8F%E5%8A%A0%E9%80%9F%E5%99%A8	https://www.kuaishou.com/search/%E6%89%8B%E6%9C%BA%E6%B8%B8%E6%88%8F%E5%8A%A0%E9%80%9F%E5%99%A8	游戏加速	下载安装	B	false	true	4
536	手游加速器	%E6%89%8B%E6%B8%B8%E5%8A%A0%E9%80%9F%E5%99%A8	https://www.kuaishou.com/search/%E6%89%8B%E6%B8%B8%E5%8A%A0%E9%80%9F%E5%99%A8	游戏加速	游戏娱乐	B	false	true	4
537	游戏加速器	%E6%B8%B8%E6%88%8F%E5%8A%A0%E9%80%9F%E5%99%A8	https://www.kuaishou.com/search/%E6%B8%B8%E6%88%8F%E5%8A%A0%E9%80%9F%E5%99%A8	游戏加速	游戏娱乐	B	false	true	4
538	独立ip	%E7%8B%AC%E7%AB%8Bip	https://www.kuaishou.com/search/%E7%8B%AC%E7%AB%8Bip	代理与IP	代理与IP	B	false	true	4
539	电脑游戏加速器	%E7%94%B5%E8%84%91%E6%B8%B8%E6%88%8F%E5%8A%A0%E9%80%9F%E5%99%A8	https://www.kuaishou.com/search/%E7%94%B5%E8%84%91%E6%B8%B8%E6%88%8F%E5%8A%A0%E9%80%9F%E5%99%A8	游戏加速	下载安装	B	false	true	4
540	网络加速器	%E7%BD%91%E7%BB%9C%E5%8A%A0%E9%80%9F%E5%99%A8	https://www.kuaishou.com/search/%E7%BD%91%E7%BB%9C%E5%8A%A0%E9%80%9F%E5%99%A8	网络加速	泛需求	B	false	true	4
541	访问外网	%E8%AE%BF%E9%97%AE%E5%A4%96%E7%BD%91	https://www.kuaishou.com/search/%E8%AE%BF%E9%97%AE%E5%A4%96%E7%BD%91	关联网络需求	泛需求	B	false	true	4
542	迅游加速器	%E8%BF%85%E6%B8%B8%E5%8A%A0%E9%80%9F%E5%99%A8	https://www.kuaishou.com/search/%E8%BF%85%E6%B8%B8%E5%8A%A0%E9%80%9F%E5%99%A8	网络加速	泛需求	B	false	true	4
543	随身wifi	%E9%9A%8F%E8%BA%ABwifi	https://www.kuaishou.com/search/%E9%9A%8F%E8%BA%ABwifi	关联网络需求	泛需求	B	false	true	4
544	雷神加速器	%E9%9B%B7%E7%A5%9E%E5%8A%A0%E9%80%9F%E5%99%A8	https://www.kuaishou.com/search/%E9%9B%B7%E7%A5%9E%E5%8A%A0%E9%80%9F%E5%99%A8	网络加速	泛需求	B	false	true	4
545	静态ip	%E9%9D%99%E6%80%81ip	https://www.kuaishou.com/search/%E9%9D%99%E6%80%81ip	代理与IP	代理与IP	B	false	true	4
546	代理服务器搭建	%E4%BB%A3%E7%90%86%E6%9C%8D%E5%8A%A1%E5%99%A8%E6%90%AD%E5%BB%BA	https://www.kuaishou.com/search/%E4%BB%A3%E7%90%86%E6%9C%8D%E5%8A%A1%E5%99%A8%E6%90%AD%E5%BB%BA	代理与IP	配置排障	B	false	true	4
547	静态ip怎么设置	%E9%9D%99%E6%80%81ip%E6%80%8E%E4%B9%88%E8%AE%BE%E7%BD%AE	https://www.kuaishou.com/search/%E9%9D%99%E6%80%81ip%E6%80%8E%E4%B9%88%E8%AE%BE%E7%BD%AE	代理与IP	配置排障	B	false	true	4
548	tiktok网络错误	tiktok%E7%BD%91%E7%BB%9C%E9%94%99%E8%AF%AF	https://www.kuaishou.com/search/tiktok%E7%BD%91%E7%BB%9C%E9%94%99%E8%AF%AF	跨境与海外网络	跨境外贸	B	false	true	4
549	加速器排行榜	%E5%8A%A0%E9%80%9F%E5%99%A8%E6%8E%92%E8%A1%8C%E6%A6%9C	https://www.kuaishou.com/search/%E5%8A%A0%E9%80%9F%E5%99%A8%E6%8E%92%E8%A1%8C%E6%A6%9C	网络加速	泛需求	B	false	true	3
550	加速器测评	%E5%8A%A0%E9%80%9F%E5%99%A8%E6%B5%8B%E8%AF%84	https://www.kuaishou.com/search/%E5%8A%A0%E9%80%9F%E5%99%A8%E6%B5%8B%E8%AF%84	网络加速	泛需求	B	false	true	3
551	奇游手游加速器	%E5%A5%87%E6%B8%B8%E6%89%8B%E6%B8%B8%E5%8A%A0%E9%80%9F%E5%99%A8	https://www.kuaishou.com/search/%E5%A5%87%E6%B8%B8%E6%89%8B%E6%B8%B8%E5%8A%A0%E9%80%9F%E5%99%A8	游戏加速	游戏娱乐	B	false	true	3
552	校园网卡顿	%E6%A0%A1%E5%9B%AD%E7%BD%91%E5%8D%A1%E9%A1%BF	https://www.kuaishou.com/search/%E6%A0%A1%E5%9B%AD%E7%BD%91%E5%8D%A1%E9%A1%BF	关联网络需求	泛需求	B	false	true	3
553	海外专线	%E6%B5%B7%E5%A4%96%E4%B8%93%E7%BA%BF	https://www.kuaishou.com/search/%E6%B5%B7%E5%A4%96%E4%B8%93%E7%BA%BF	跨境与海外网络	跨境外贸	B	false	true	3
554	游戏加速器下载	%E6%B8%B8%E6%88%8F%E5%8A%A0%E9%80%9F%E5%99%A8%E4%B8%8B%E8%BD%BD	https://www.kuaishou.com/search/%E6%B8%B8%E6%88%8F%E5%8A%A0%E9%80%9F%E5%99%A8%E4%B8%8B%E8%BD%BD	游戏加速	下载安装	B	false	true	3
555	网络加速	%E7%BD%91%E7%BB%9C%E5%8A%A0%E9%80%9F	https://www.kuaishou.com/search/%E7%BD%91%E7%BB%9C%E5%8A%A0%E9%80%9F	网络加速	泛需求	B	false	true	3
556	锁国区	%E9%94%81%E5%9B%BD%E5%8C%BA	https://www.kuaishou.com/search/%E9%94%81%E5%9B%BD%E5%8C%BA	关联网络需求	泛需求	B	false	true	3
557	tiktok无网络连接怎么办	tiktok%E6%97%A0%E7%BD%91%E7%BB%9C%E8%BF%9E%E6%8E%A5%E6%80%8E%E4%B9%88%E5%8A%9E	https://www.kuaishou.com/search/tiktok%E6%97%A0%E7%BD%91%E7%BB%9C%E8%BF%9E%E6%8E%A5%E6%80%8E%E4%B9%88%E5%8A%9E	跨境与海外网络	跨境外贸	B	false	true	3
558	tiktok无网络连接怎么办安卓	tiktok%E6%97%A0%E7%BD%91%E7%BB%9C%E8%BF%9E%E6%8E%A5%E6%80%8E%E4%B9%88%E5%8A%9E%E5%AE%89%E5%8D%93	https://www.kuaishou.com/search/tiktok%E6%97%A0%E7%BD%91%E7%BB%9C%E8%BF%9E%E6%8E%A5%E6%80%8E%E4%B9%88%E5%8A%9E%E5%AE%89%E5%8D%93	跨境与海外网络	跨境外贸	B	false	true	3
559	tiktok网络不稳定怎么解决	tiktok%E7%BD%91%E7%BB%9C%E4%B8%8D%E7%A8%B3%E5%AE%9A%E6%80%8E%E4%B9%88%E8%A7%A3%E5%86%B3	https://www.kuaishou.com/search/tiktok%E7%BD%91%E7%BB%9C%E4%B8%8D%E7%A8%B3%E5%AE%9A%E6%80%8E%E4%B9%88%E8%A7%A3%E5%86%B3	跨境与海外网络	跨境外贸	B	false	true	3
560	tiktok网络搭建	tiktok%E7%BD%91%E7%BB%9C%E6%90%AD%E5%BB%BA	https://www.kuaishou.com/search/tiktok%E7%BD%91%E7%BB%9C%E6%90%AD%E5%BB%BA	跨境与海外网络	跨境外贸	B	false	true	3
561	代理服务器软件	%E4%BB%A3%E7%90%86%E6%9C%8D%E5%8A%A1%E5%99%A8%E8%BD%AF%E4%BB%B6	https://www.kuaishou.com/search/%E4%BB%A3%E7%90%86%E6%9C%8D%E5%8A%A1%E5%99%A8%E8%BD%AF%E4%BB%B6	代理与IP	下载安装	B	false	true	3
562	手游加速器推荐	%E6%89%8B%E6%B8%B8%E5%8A%A0%E9%80%9F%E5%99%A8%E6%8E%A8%E8%8D%90	https://www.kuaishou.com/search/%E6%89%8B%E6%B8%B8%E5%8A%A0%E9%80%9F%E5%99%A8%E6%8E%A8%E8%8D%90	游戏加速	选型购买	B	false	true	3
563	海外iphone	%E6%B5%B7%E5%A4%96iphone	https://www.kuaishou.com/search/%E6%B5%B7%E5%A4%96iphone	跨境与海外网络	跨境外贸	B	false	true	3
564	跨境网络搭建	%E8%B7%A8%E5%A2%83%E7%BD%91%E7%BB%9C%E6%90%AD%E5%BB%BA	https://www.kuaishou.com/search/%E8%B7%A8%E5%A2%83%E7%BD%91%E7%BB%9C%E6%90%AD%E5%BB%BA	跨境与海外网络	跨境外贸	B	false	true	3
565	跨境网络服务商	%E8%B7%A8%E5%A2%83%E7%BD%91%E7%BB%9C%E6%9C%8D%E5%8A%A1%E5%95%86	https://www.kuaishou.com/search/%E8%B7%A8%E5%A2%83%E7%BD%91%E7%BB%9C%E6%9C%8D%E5%8A%A1%E5%95%86	跨境与海外网络	跨境外贸	B	false	true	3
566	tiktok无网络连接安卓	tiktok%E6%97%A0%E7%BD%91%E7%BB%9C%E8%BF%9E%E6%8E%A5%E5%AE%89%E5%8D%93	https://www.kuaishou.com/search/tiktok%E6%97%A0%E7%BD%91%E7%BB%9C%E8%BF%9E%E6%8E%A5%E5%AE%89%E5%8D%93	跨境与海外网络	跨境外贸	B	false	true	3
567	tiktok无网络连接怎么解决	tiktok%E6%97%A0%E7%BD%91%E7%BB%9C%E8%BF%9E%E6%8E%A5%E6%80%8E%E4%B9%88%E8%A7%A3%E5%86%B3	https://www.kuaishou.com/search/tiktok%E6%97%A0%E7%BD%91%E7%BB%9C%E8%BF%9E%E6%8E%A5%E6%80%8E%E4%B9%88%E8%A7%A3%E5%86%B3	跨境与海外网络	跨境外贸	B	false	true	3
568	tiktok网络连接不稳定怎么解决	tiktok%E7%BD%91%E7%BB%9C%E8%BF%9E%E6%8E%A5%E4%B8%8D%E7%A8%B3%E5%AE%9A%E6%80%8E%E4%B9%88%E8%A7%A3%E5%86%B3	https://www.kuaishou.com/search/tiktok%E7%BD%91%E7%BB%9C%E8%BF%9E%E6%8E%A5%E4%B8%8D%E7%A8%B3%E5%AE%9A%E6%80%8E%E4%B9%88%E8%A7%A3%E5%86%B3	跨境与海外网络	跨境外贸	B	false	true	3
569	住宅ip购买	%E4%BD%8F%E5%AE%85ip%E8%B4%AD%E4%B9%B0	https://www.kuaishou.com/search/%E4%BD%8F%E5%AE%85ip%E8%B4%AD%E4%B9%B0	代理与IP	选型购买	B	false	true	3
570	异地组网方案	%E5%BC%82%E5%9C%B0%E7%BB%84%E7%BD%91%E6%96%B9%E6%A1%88	https://www.kuaishou.com/search/%E5%BC%82%E5%9C%B0%E7%BB%84%E7%BD%91%E6%96%B9%E6%A1%88	企业网络	企业办公	B	false	true	3
571	异地组网软件	%E5%BC%82%E5%9C%B0%E7%BB%84%E7%BD%91%E8%BD%AF%E4%BB%B6	https://www.kuaishou.com/search/%E5%BC%82%E5%9C%B0%E7%BB%84%E7%BD%91%E8%BD%AF%E4%BB%B6	企业网络	企业办公	B	false	true	3
572	海外iphone設定	%E6%B5%B7%E5%A4%96iphone%E8%A8%AD%E5%AE%9A	https://www.kuaishou.com/search/%E6%B5%B7%E5%A4%96iphone%E8%A8%AD%E5%AE%9A	跨境与海外网络	跨境外贸	B	false	true	3
573	游戏加速器免费	%E6%B8%B8%E6%88%8F%E5%8A%A0%E9%80%9F%E5%99%A8%E5%85%8D%E8%B4%B9	https://www.kuaishou.com/search/%E6%B8%B8%E6%88%8F%E5%8A%A0%E9%80%9F%E5%99%A8%E5%85%8D%E8%B4%B9	游戏加速	游戏娱乐	B	false	true	3
574	独立ip购买	%E7%8B%AC%E7%AB%8Bip%E8%B4%AD%E4%B9%B0	https://www.kuaishou.com/search/%E7%8B%AC%E7%AB%8Bip%E8%B4%AD%E4%B9%B0	代理与IP	选型购买	B	false	true	3
575	跨境专线网络	%E8%B7%A8%E5%A2%83%E4%B8%93%E7%BA%BF%E7%BD%91%E7%BB%9C	https://www.kuaishou.com/search/%E8%B7%A8%E5%A2%83%E4%B8%93%E7%BA%BF%E7%BD%91%E7%BB%9C	跨境与海外网络	跨境外贸	B	false	true	3
576	跨境网络专线	%E8%B7%A8%E5%A2%83%E7%BD%91%E7%BB%9C%E4%B8%93%E7%BA%BF	https://www.kuaishou.com/search/%E8%B7%A8%E5%A2%83%E7%BD%91%E7%BB%9C%E4%B8%93%E7%BA%BF	跨境与海外网络	跨境外贸	B	false	true	3
577	迅游加速器口令	%E8%BF%85%E6%B8%B8%E5%8A%A0%E9%80%9F%E5%99%A8%E5%8F%A3%E4%BB%A4	https://www.kuaishou.com/search/%E8%BF%85%E6%B8%B8%E5%8A%A0%E9%80%9F%E5%99%A8%E5%8F%A3%E4%BB%A4	网络加速	泛需求	B	false	true	3
578	静态ip购买	%E9%9D%99%E6%80%81ip%E8%B4%AD%E4%B9%B0	https://www.kuaishou.com/search/%E9%9D%99%E6%80%81ip%E8%B4%AD%E4%B9%B0	代理与IP	选型购买	B	false	true	3
579	tiktok无网络连接ios	tiktok%E6%97%A0%E7%BD%91%E7%BB%9C%E8%BF%9E%E6%8E%A5ios	https://www.kuaishou.com/search/tiktok%E6%97%A0%E7%BD%91%E7%BB%9C%E8%BF%9E%E6%8E%A5ios	跨境与海外网络	跨境外贸	B	false	true	3
580	tiktok网络不稳定怎么办	tiktok%E7%BD%91%E7%BB%9C%E4%B8%8D%E7%A8%B3%E5%AE%9A%E6%80%8E%E4%B9%88%E5%8A%9E	https://www.kuaishou.com/search/tiktok%E7%BD%91%E7%BB%9C%E4%B8%8D%E7%A8%B3%E5%AE%9A%E6%80%8E%E4%B9%88%E5%8A%9E	跨境与海外网络	跨境外贸	B	false	true	3
581	代理服务器拒绝连接	%E4%BB%A3%E7%90%86%E6%9C%8D%E5%8A%A1%E5%99%A8%E6%8B%92%E7%BB%9D%E8%BF%9E%E6%8E%A5	https://www.kuaishou.com/search/%E4%BB%A3%E7%90%86%E6%9C%8D%E5%8A%A1%E5%99%A8%E6%8B%92%E7%BB%9D%E8%BF%9E%E6%8E%A5	代理与IP	配置排障	B	false	true	3
582	虚拟局域网工具	%E8%99%9A%E6%8B%9F%E5%B1%80%E5%9F%9F%E7%BD%91%E5%B7%A5%E5%85%B7	https://www.kuaishou.com/search/%E8%99%9A%E6%8B%9F%E5%B1%80%E5%9F%9F%E7%BD%91%E5%B7%A5%E5%85%B7	关联网络需求	泛需求	B	false	true	3
583	虚拟局域网联机	%E8%99%9A%E6%8B%9F%E5%B1%80%E5%9F%9F%E7%BD%91%E8%81%94%E6%9C%BA	https://www.kuaishou.com/search/%E8%99%9A%E6%8B%9F%E5%B1%80%E5%9F%9F%E7%BD%91%E8%81%94%E6%9C%BA	关联网络需求	泛需求	B	false	true	3
584	随身wifi推荐	%E9%9A%8F%E8%BA%ABwifi%E6%8E%A8%E8%8D%90	https://www.kuaishou.com/search/%E9%9A%8F%E8%BA%ABwifi%E6%8E%A8%E8%8D%90	关联网络需求	选型购买	B	false	true	3
585	代理服务器可能有问题	%E4%BB%A3%E7%90%86%E6%9C%8D%E5%8A%A1%E5%99%A8%E5%8F%AF%E8%83%BD%E6%9C%89%E9%97%AE%E9%A2%98	https://www.kuaishou.com/search/%E4%BB%A3%E7%90%86%E6%9C%8D%E5%8A%A1%E5%99%A8%E5%8F%AF%E8%83%BD%E6%9C%89%E9%97%AE%E9%A2%98	代理与IP	代理与IP	B	false	true	3
586	住宅ip推荐	%E4%BD%8F%E5%AE%85ip%E6%8E%A8%E8%8D%90	https://www.kuaishou.com/search/%E4%BD%8F%E5%AE%85ip%E6%8E%A8%E8%8D%90	代理与IP	选型购买	B	false	true	3
587	住宅ip机场	%E4%BD%8F%E5%AE%85ip%E6%9C%BA%E5%9C%BA	https://www.kuaishou.com/search/%E4%BD%8F%E5%AE%85ip%E6%9C%BA%E5%9C%BA	代理与IP	代理与IP	B	true	true	3
588	随身wifi刷机	%E9%9A%8F%E8%BA%ABwifi%E5%88%B7%E6%9C%BA	https://www.kuaishou.com/search/%E9%9A%8F%E8%BA%ABwifi%E5%88%B7%E6%9C%BA	关联网络需求	泛需求	B	false	true	3
589	tiktok无网络连接点击重试	tiktok%E6%97%A0%E7%BD%91%E7%BB%9C%E8%BF%9E%E6%8E%A5%E7%82%B9%E5%87%BB%E9%87%8D%E8%AF%95	https://www.kuaishou.com/search/tiktok%E6%97%A0%E7%BD%91%E7%BB%9C%E8%BF%9E%E6%8E%A5%E7%82%B9%E5%87%BB%E9%87%8D%E8%AF%95	跨境与海外网络	跨境外贸	B	false	true	3
590	独立ip机场	%E7%8B%AC%E7%AB%8Bip%E6%9C%BA%E5%9C%BA	https://www.kuaishou.com/search/%E7%8B%AC%E7%AB%8Bip%E6%9C%BA%E5%9C%BA	代理与IP	代理与IP	B	true	true	3
591	住宅ip vps	%E4%BD%8F%E5%AE%85ip%20vps	https://www.kuaishou.com/search/%E4%BD%8F%E5%AE%85ip%20vps	代理与IP	代理与IP	B	false	true	3
592	apex英雄加速器	apex%E8%8B%B1%E9%9B%84%E5%8A%A0%E9%80%9F%E5%99%A8	https://www.kuaishou.com/search/apex%E8%8B%B1%E9%9B%84%E5%8A%A0%E9%80%9F%E5%99%A8	网络加速	泛需求	B	false	true	2
593	shadowrocket连接不上	shadowrocket%E8%BF%9E%E6%8E%A5%E4%B8%8D%E4%B8%8A	https://www.kuaishou.com/search/shadowrocket%E8%BF%9E%E6%8E%A5%E4%B8%8D%E4%B8%8A	关联网络需求	配置排障	B	false	true	2
594	tt加速器	tt%E5%8A%A0%E9%80%9F%E5%99%A8	https://www.kuaishou.com/search/tt%E5%8A%A0%E9%80%9F%E5%99%A8	网络加速	泛需求	B	false	true	2
595	三角洲日服加速器	%E4%B8%89%E8%A7%92%E6%B4%B2%E6%97%A5%E6%9C%8D%E5%8A%A0%E9%80%9F%E5%99%A8	https://www.kuaishou.com/search/%E4%B8%89%E8%A7%92%E6%B4%B2%E6%97%A5%E6%9C%8D%E5%8A%A0%E9%80%9F%E5%99%A8	网络加速	泛需求	B	false	true	2
596	主机游戏加速器	%E4%B8%BB%E6%9C%BA%E6%B8%B8%E6%88%8F%E5%8A%A0%E9%80%9F%E5%99%A8	https://www.kuaishou.com/search/%E4%B8%BB%E6%9C%BA%E6%B8%B8%E6%88%8F%E5%8A%A0%E9%80%9F%E5%99%A8	游戏加速	游戏娱乐	B	false	true	2
597	免费加速器	%E5%85%8D%E8%B4%B9%E5%8A%A0%E9%80%9F%E5%99%A8	https://www.kuaishou.com/search/%E5%85%8D%E8%B4%B9%E5%8A%A0%E9%80%9F%E5%99%A8	网络加速	泛需求	B	false	true	2
598	加速器免费时长	%E5%8A%A0%E9%80%9F%E5%99%A8%E5%85%8D%E8%B4%B9%E6%97%B6%E9%95%BF	https://www.kuaishou.com/search/%E5%8A%A0%E9%80%9F%E5%99%A8%E5%85%8D%E8%B4%B9%E6%97%B6%E9%95%BF	网络加速	泛需求	B	false	true	2
599	加速器卡顿	%E5%8A%A0%E9%80%9F%E5%99%A8%E5%8D%A1%E9%A1%BF	https://www.kuaishou.com/search/%E5%8A%A0%E9%80%9F%E5%99%A8%E5%8D%A1%E9%A1%BF	网络加速	泛需求	B	false	true	2
600	加速器延迟高	%E5%8A%A0%E9%80%9F%E5%99%A8%E5%BB%B6%E8%BF%9F%E9%AB%98	https://www.kuaishou.com/search/%E5%8A%A0%E9%80%9F%E5%99%A8%E5%BB%B6%E8%BF%9F%E9%AB%98	网络加速	泛需求	B	false	true	2
601	和平精英加速器	%E5%92%8C%E5%B9%B3%E7%B2%BE%E8%8B%B1%E5%8A%A0%E9%80%9F%E5%99%A8	https://www.kuaishou.com/search/%E5%92%8C%E5%B9%B3%E7%B2%BE%E8%8B%B1%E5%8A%A0%E9%80%9F%E5%99%A8	网络加速	泛需求	B	false	true	2
602	国际网络加速	%E5%9B%BD%E9%99%85%E7%BD%91%E7%BB%9C%E5%8A%A0%E9%80%9F	https://www.kuaishou.com/search/%E5%9B%BD%E9%99%85%E7%BD%91%E7%BB%9C%E5%8A%A0%E9%80%9F	网络加速	泛需求	B	false	true	2
603	地铁逃生加速器	%E5%9C%B0%E9%93%81%E9%80%83%E7%94%9F%E5%8A%A0%E9%80%9F%E5%99%A8	https://www.kuaishou.com/search/%E5%9C%B0%E9%93%81%E9%80%83%E7%94%9F%E5%8A%A0%E9%80%9F%E5%99%A8	网络加速	泛需求	B	false	true	2
604	对峙2加速器	%E5%AF%B9%E5%B3%992%E5%8A%A0%E9%80%9F%E5%99%A8	https://www.kuaishou.com/search/%E5%AF%B9%E5%B3%992%E5%8A%A0%E9%80%9F%E5%99%A8	网络加速	泛需求	B	false	true	2
605	永久免费加速器	%E6%B0%B8%E4%B9%85%E5%85%8D%E8%B4%B9%E5%8A%A0%E9%80%9F%E5%99%A8	https://www.kuaishou.com/search/%E6%B0%B8%E4%B9%85%E5%85%8D%E8%B4%B9%E5%8A%A0%E9%80%9F%E5%99%A8	网络加速	泛需求	B	false	true	2
606	海外直播网络	%E6%B5%B7%E5%A4%96%E7%9B%B4%E6%92%AD%E7%BD%91%E7%BB%9C	https://www.kuaishou.com/search/%E6%B5%B7%E5%A4%96%E7%9B%B4%E6%92%AD%E7%BD%91%E7%BB%9C	跨境与海外网络	跨境外贸	B	false	true	2
607	游戏加速器推荐	%E6%B8%B8%E6%88%8F%E5%8A%A0%E9%80%9F%E5%99%A8%E6%8E%A8%E8%8D%90	https://www.kuaishou.com/search/%E6%B8%B8%E6%88%8F%E5%8A%A0%E9%80%9F%E5%99%A8%E6%8E%A8%E8%8D%90	游戏加速	选型购买	B	false	true	2
608	火箭加速器	%E7%81%AB%E7%AE%AD%E5%8A%A0%E9%80%9F%E5%99%A8	https://www.kuaishou.com/search/%E7%81%AB%E7%AE%AD%E5%8A%A0%E9%80%9F%E5%99%A8	网络加速	泛需求	B	false	true	2
609	球球大作战加速器	%E7%90%83%E7%90%83%E5%A4%A7%E4%BD%9C%E6%88%98%E5%8A%A0%E9%80%9F%E5%99%A8	https://www.kuaishou.com/search/%E7%90%83%E7%90%83%E5%A4%A7%E4%BD%9C%E6%88%98%E5%8A%A0%E9%80%9F%E5%99%A8	网络加速	泛需求	B	false	true	2
610	网络延迟卡顿	%E7%BD%91%E7%BB%9C%E5%BB%B6%E8%BF%9F%E5%8D%A1%E9%A1%BF	https://www.kuaishou.com/search/%E7%BD%91%E7%BB%9C%E5%BB%B6%E8%BF%9F%E5%8D%A1%E9%A1%BF	关联网络需求	泛需求	B	false	true	2
611	联机游戏加速器	%E8%81%94%E6%9C%BA%E6%B8%B8%E6%88%8F%E5%8A%A0%E9%80%9F%E5%99%A8	https://www.kuaishou.com/search/%E8%81%94%E6%9C%BA%E6%B8%B8%E6%88%8F%E5%8A%A0%E9%80%9F%E5%99%A8	游戏加速	游戏娱乐	B	false	true	2
612	荒野乱斗国际服加速器	%E8%8D%92%E9%87%8E%E4%B9%B1%E6%96%97%E5%9B%BD%E9%99%85%E6%9C%8D%E5%8A%A0%E9%80%9F%E5%99%A8	https://www.kuaishou.com/search/%E8%8D%92%E9%87%8E%E4%B9%B1%E6%96%97%E5%9B%BD%E9%99%85%E6%9C%8D%E5%8A%A0%E9%80%9F%E5%99%A8	网络加速	泛需求	B	false	true	2
613	跨境直播网络	%E8%B7%A8%E5%A2%83%E7%9B%B4%E6%92%AD%E7%BD%91%E7%BB%9C	https://www.kuaishou.com/search/%E8%B7%A8%E5%A2%83%E7%9B%B4%E6%92%AD%E7%BD%91%E7%BB%9C	跨境与海外网络	跨境外贸	B	false	true	2
614	tiktok网络无法连接怎么办	tiktok%E7%BD%91%E7%BB%9C%E6%97%A0%E6%B3%95%E8%BF%9E%E6%8E%A5%E6%80%8E%E4%B9%88%E5%8A%9E	https://www.kuaishou.com/search/tiktok%E7%BD%91%E7%BB%9C%E6%97%A0%E6%B3%95%E8%BF%9E%E6%8E%A5%E6%80%8E%E4%B9%88%E5%8A%9E	跨境与海外网络	跨境外贸	B	false	true	2
615	上网卡纯流量卡	%E4%B8%8A%E7%BD%91%E5%8D%A1%E7%BA%AF%E6%B5%81%E9%87%8F%E5%8D%A1	https://www.kuaishou.com/search/%E4%B8%8A%E7%BD%91%E5%8D%A1%E7%BA%AF%E6%B5%81%E9%87%8F%E5%8D%A1	关联网络需求	泛需求	B	false	true	2
616	亚马逊网络服务	%E4%BA%9A%E9%A9%AC%E9%80%8A%E7%BD%91%E7%BB%9C%E6%9C%8D%E5%8A%A1	https://www.kuaishou.com/search/%E4%BA%9A%E9%A9%AC%E9%80%8A%E7%BD%91%E7%BB%9C%E6%9C%8D%E5%8A%A1	跨境与海外网络	跨境外贸	B	false	true	2
617	亚马逊网络服务公司	%E4%BA%9A%E9%A9%AC%E9%80%8A%E7%BD%91%E7%BB%9C%E6%9C%8D%E5%8A%A1%E5%85%AC%E5%8F%B8	https://www.kuaishou.com/search/%E4%BA%9A%E9%A9%AC%E9%80%8A%E7%BD%91%E7%BB%9C%E6%9C%8D%E5%8A%A1%E5%85%AC%E5%8F%B8	跨境与海外网络	企业办公	B	false	true	2
618	代理服务器推荐	%E4%BB%A3%E7%90%86%E6%9C%8D%E5%8A%A1%E5%99%A8%E6%8E%A8%E8%8D%90	https://www.kuaishou.com/search/%E4%BB%A3%E7%90%86%E6%9C%8D%E5%8A%A1%E5%99%A8%E6%8E%A8%E8%8D%90	代理与IP	选型购买	B	false	true	2
619	国际专线网络	%E5%9B%BD%E9%99%85%E4%B8%93%E7%BA%BF%E7%BD%91%E7%BB%9C	https://www.kuaishou.com/search/%E5%9B%BD%E9%99%85%E4%B8%93%E7%BA%BF%E7%BD%91%E7%BB%9C	跨境与海外网络	跨境外贸	B	false	true	2
620	异地组网是什么意思	%E5%BC%82%E5%9C%B0%E7%BB%84%E7%BD%91%E6%98%AF%E4%BB%80%E4%B9%88%E6%84%8F%E6%80%9D	https://www.kuaishou.com/search/%E5%BC%82%E5%9C%B0%E7%BB%84%E7%BD%91%E6%98%AF%E4%BB%80%E4%B9%88%E6%84%8F%E6%80%9D	企业网络	企业办公	B	false	true	2
621	海外iphone esim	%E6%B5%B7%E5%A4%96iphone%20esim	https://www.kuaishou.com/search/%E6%B5%B7%E5%A4%96iphone%20esim	跨境与海外网络	跨境外贸	B	false	true	2
622	海外专线电视剧	%E6%B5%B7%E5%A4%96%E4%B8%93%E7%BA%BF%E7%94%B5%E8%A7%86%E5%89%A7	https://www.kuaishou.com/search/%E6%B5%B7%E5%A4%96%E4%B8%93%E7%BA%BF%E7%94%B5%E8%A7%86%E5%89%A7	跨境与海外网络	跨境外贸	B	false	true	2
623	海外直播网络专线	%E6%B5%B7%E5%A4%96%E7%9B%B4%E6%92%AD%E7%BD%91%E7%BB%9C%E4%B8%93%E7%BA%BF	https://www.kuaishou.com/search/%E6%B5%B7%E5%A4%96%E7%9B%B4%E6%92%AD%E7%BD%91%E7%BB%9C%E4%B8%93%E7%BA%BF	跨境与海外网络	跨境外贸	B	false	true	2
624	游戏加速器推荐手机	%E6%B8%B8%E6%88%8F%E5%8A%A0%E9%80%9F%E5%99%A8%E6%8E%A8%E8%8D%90%E6%89%8B%E6%9C%BA	https://www.kuaishou.com/search/%E6%B8%B8%E6%88%8F%E5%8A%A0%E9%80%9F%E5%99%A8%E6%8E%A8%E8%8D%90%E6%89%8B%E6%9C%BA	游戏加速	选型购买	B	false	true	2
625	火箭加速器官网	%E7%81%AB%E7%AE%AD%E5%8A%A0%E9%80%9F%E5%99%A8%E5%AE%98%E7%BD%91	https://www.kuaishou.com/search/%E7%81%AB%E7%AE%AD%E5%8A%A0%E9%80%9F%E5%99%A8%E5%AE%98%E7%BD%91	网络加速	泛需求	B	false	true	2
626	独立ip是什么意思	%E7%8B%AC%E7%AB%8Bip%E6%98%AF%E4%BB%80%E4%B9%88%E6%84%8F%E6%80%9D	https://www.kuaishou.com/search/%E7%8B%AC%E7%AB%8Bip%E6%98%AF%E4%BB%80%E4%B9%88%E6%84%8F%E6%80%9D	代理与IP	科普原理	B	false	true	2
627	跨境网络搭建教程	%E8%B7%A8%E5%A2%83%E7%BD%91%E7%BB%9C%E6%90%AD%E5%BB%BA%E6%95%99%E7%A8%8B	https://www.kuaishou.com/search/%E8%B7%A8%E5%A2%83%E7%BD%91%E7%BB%9C%E6%90%AD%E5%BB%BA%E6%95%99%E7%A8%8B	跨境与海外网络	跨境外贸	B	false	true	2
628	防关联浏览器	%E9%98%B2%E5%85%B3%E8%81%94%E6%B5%8F%E8%A7%88%E5%99%A8	https://www.kuaishou.com/search/%E9%98%B2%E5%85%B3%E8%81%94%E6%B5%8F%E8%A7%88%E5%99%A8	代理与IP	代理与IP	B	false	true	2
629	pubg加速器免费	pubg%E5%8A%A0%E9%80%9F%E5%99%A8%E5%85%8D%E8%B4%B9	https://www.kuaishou.com/search/pubg%E5%8A%A0%E9%80%9F%E5%99%A8%E5%85%8D%E8%B4%B9	网络加速	泛需求	B	false	true	2
630	pubg加速器推荐	pubg%E5%8A%A0%E9%80%9F%E5%99%A8%E6%8E%A8%E8%8D%90	https://www.kuaishou.com/search/pubg%E5%8A%A0%E9%80%9F%E5%99%A8%E6%8E%A8%E8%8D%90	网络加速	选型购买	B	false	true	2
631	sase下载	sase%E4%B8%8B%E8%BD%BD	https://www.kuaishou.com/search/sase%E4%B8%8B%E8%BD%BD	企业网络	企业办公	B	false	true	2
632	sd-wan搭建	sd-wan%E6%90%AD%E5%BB%BA	https://www.kuaishou.com/search/sd-wan%E6%90%AD%E5%BB%BA	企业网络	企业办公	B	false	true	2
633	sd-wan是什么	sd-wan%E6%98%AF%E4%BB%80%E4%B9%88	https://www.kuaishou.com/search/sd-wan%E6%98%AF%E4%BB%80%E4%B9%88	企业网络	企业办公	B	false	true	2
634	sd-wan组网	sd-wan%E7%BB%84%E7%BD%91	https://www.kuaishou.com/search/sd-wan%E7%BB%84%E7%BD%91	企业网络	企业办公	B	false	true	2
635	telegram连接不上代理	telegram%E8%BF%9E%E6%8E%A5%E4%B8%8D%E4%B8%8A%E4%BB%A3%E7%90%86	https://www.kuaishou.com/search/telegram%E8%BF%9E%E6%8E%A5%E4%B8%8D%E4%B8%8A%E4%BB%A3%E7%90%86	代理与IP	配置排障	B	false	true	2
636	tiktok网络搭建教程	tiktok%E7%BD%91%E7%BB%9C%E6%90%AD%E5%BB%BA%E6%95%99%E7%A8%8B	https://www.kuaishou.com/search/tiktok%E7%BD%91%E7%BB%9C%E6%90%AD%E5%BB%BA%E6%95%99%E7%A8%8B	跨境与海外网络	跨境外贸	B	false	true	2
637	代理服务器搭建教程	%E4%BB%A3%E7%90%86%E6%9C%8D%E5%8A%A1%E5%99%A8%E6%90%AD%E5%BB%BA%E6%95%99%E7%A8%8B	https://www.kuaishou.com/search/%E4%BB%A3%E7%90%86%E6%9C%8D%E5%8A%A1%E5%99%A8%E6%90%AD%E5%BB%BA%E6%95%99%E7%A8%8B	代理与IP	配置排障	B	false	true	2
638	代理服务器设置	%E4%BB%A3%E7%90%86%E6%9C%8D%E5%8A%A1%E5%99%A8%E8%AE%BE%E7%BD%AE	https://www.kuaishou.com/search/%E4%BB%A3%E7%90%86%E6%9C%8D%E5%8A%A1%E5%99%A8%E8%AE%BE%E7%BD%AE	代理与IP	配置排障	B	false	true	2
639	代理服务器软件下载	%E4%BB%A3%E7%90%86%E6%9C%8D%E5%8A%A1%E5%99%A8%E8%BD%AF%E4%BB%B6%E4%B8%8B%E8%BD%BD	https://www.kuaishou.com/search/%E4%BB%A3%E7%90%86%E6%9C%8D%E5%8A%A1%E5%99%A8%E8%BD%AF%E4%BB%B6%E4%B8%8B%E8%BD%BD	代理与IP	下载安装	B	false	true	2
640	住宅ip检测	%E4%BD%8F%E5%AE%85ip%E6%A3%80%E6%B5%8B	https://www.kuaishou.com/search/%E4%BD%8F%E5%AE%85ip%E6%A3%80%E6%B5%8B	代理与IP	代理与IP	B	false	true	2
641	免费加速器游戏	%E5%85%8D%E8%B4%B9%E5%8A%A0%E9%80%9F%E5%99%A8%E6%B8%B8%E6%88%8F	https://www.kuaishou.com/search/%E5%85%8D%E8%B4%B9%E5%8A%A0%E9%80%9F%E5%99%A8%E6%B8%B8%E6%88%8F	游戏加速	游戏娱乐	B	false	true	2
642	内网穿透是什么意思	%E5%86%85%E7%BD%91%E7%A9%BF%E9%80%8F%E6%98%AF%E4%BB%80%E4%B9%88%E6%84%8F%E6%80%9D	https://www.kuaishou.com/search/%E5%86%85%E7%BD%91%E7%A9%BF%E9%80%8F%E6%98%AF%E4%BB%80%E4%B9%88%E6%84%8F%E6%80%9D	企业网络	企业办公	B	false	true	2
643	国际专线价格	%E5%9B%BD%E9%99%85%E4%B8%93%E7%BA%BF%E4%BB%B7%E6%A0%BC	https://www.kuaishou.com/search/%E5%9B%BD%E9%99%85%E4%B8%93%E7%BA%BF%E4%BB%B7%E6%A0%BC	跨境与海外网络	跨境外贸	B	false	true	2
644	国际专线物流	%E5%9B%BD%E9%99%85%E4%B8%93%E7%BA%BF%E7%89%A9%E6%B5%81	https://www.kuaishou.com/search/%E5%9B%BD%E9%99%85%E4%B8%93%E7%BA%BF%E7%89%A9%E6%B5%81	跨境与海外网络	跨境外贸	B	false	true	2
645	境外网站导航	%E5%A2%83%E5%A4%96%E7%BD%91%E7%AB%99%E5%AF%BC%E8%88%AA	https://www.kuaishou.com/search/%E5%A2%83%E5%A4%96%E7%BD%91%E7%AB%99%E5%AF%BC%E8%88%AA	关联网络需求	泛需求	B	false	true	2
646	外贸网络搭建教程	%E5%A4%96%E8%B4%B8%E7%BD%91%E7%BB%9C%E6%90%AD%E5%BB%BA%E6%95%99%E7%A8%8B	https://www.kuaishou.com/search/%E5%A4%96%E8%B4%B8%E7%BD%91%E7%BB%9C%E6%90%AD%E5%BB%BA%E6%95%99%E7%A8%8B	跨境与海外网络	跨境外贸	B	false	true	2
647	手机游戏加速器免费	%E6%89%8B%E6%9C%BA%E6%B8%B8%E6%88%8F%E5%8A%A0%E9%80%9F%E5%99%A8%E5%85%8D%E8%B4%B9	https://www.kuaishou.com/search/%E6%89%8B%E6%9C%BA%E6%B8%B8%E6%88%8F%E5%8A%A0%E9%80%9F%E5%99%A8%E5%85%8D%E8%B4%B9	游戏加速	下载安装	B	false	true	2
648	手游加速器免费	%E6%89%8B%E6%B8%B8%E5%8A%A0%E9%80%9F%E5%99%A8%E5%85%8D%E8%B4%B9	https://www.kuaishou.com/search/%E6%89%8B%E6%B8%B8%E5%8A%A0%E9%80%9F%E5%99%A8%E5%85%8D%E8%B4%B9	游戏加速	游戏娱乐	B	false	true	2
649	校园网卡顿解决方法	%E6%A0%A1%E5%9B%AD%E7%BD%91%E5%8D%A1%E9%A1%BF%E8%A7%A3%E5%86%B3%E6%96%B9%E6%B3%95	https://www.kuaishou.com/search/%E6%A0%A1%E5%9B%AD%E7%BD%91%E5%8D%A1%E9%A1%BF%E8%A7%A3%E5%86%B3%E6%96%B9%E6%B3%95	关联网络需求	泛需求	B	false	true	2
650	海外专线ip	%E6%B5%B7%E5%A4%96%E4%B8%93%E7%BA%BFip	https://www.kuaishou.com/search/%E6%B5%B7%E5%A4%96%E4%B8%93%E7%BA%BFip	跨境与海外网络	跨境外贸	B	false	true	2
651	海外专线服务器	%E6%B5%B7%E5%A4%96%E4%B8%93%E7%BA%BF%E6%9C%8D%E5%8A%A1%E5%99%A8	https://www.kuaishou.com/search/%E6%B5%B7%E5%A4%96%E4%B8%93%E7%BA%BF%E6%9C%8D%E5%8A%A1%E5%99%A8	跨境与海外网络	跨境外贸	B	false	true	2
652	网络加速器下载	%E7%BD%91%E7%BB%9C%E5%8A%A0%E9%80%9F%E5%99%A8%E4%B8%8B%E8%BD%BD	https://www.kuaishou.com/search/%E7%BD%91%E7%BB%9C%E5%8A%A0%E9%80%9F%E5%99%A8%E4%B8%8B%E8%BD%BD	网络加速	下载安装	B	false	true	2
653	虚拟局域网软件	%E8%99%9A%E6%8B%9F%E5%B1%80%E5%9F%9F%E7%BD%91%E8%BD%AF%E4%BB%B6	https://www.kuaishou.com/search/%E8%99%9A%E6%8B%9F%E5%B1%80%E5%9F%9F%E7%BD%91%E8%BD%AF%E4%BB%B6	关联网络需求	下载安装	B	false	true	2
654	跨境专线价格	%E8%B7%A8%E5%A2%83%E4%B8%93%E7%BA%BF%E4%BB%B7%E6%A0%BC	https://www.kuaishou.com/search/%E8%B7%A8%E5%A2%83%E4%B8%93%E7%BA%BF%E4%BB%B7%E6%A0%BC	跨境与海外网络	跨境外贸	B	false	true	2
655	跨境电商网络专线	%E8%B7%A8%E5%A2%83%E7%94%B5%E5%95%86%E7%BD%91%E7%BB%9C%E4%B8%93%E7%BA%BF	https://www.kuaishou.com/search/%E8%B7%A8%E5%A2%83%E7%94%B5%E5%95%86%E7%BD%91%E7%BB%9C%E4%B8%93%E7%BA%BF	跨境与海外网络	跨境外贸	B	false	true	2
656	跨境电商网络搭建教程	%E8%B7%A8%E5%A2%83%E7%94%B5%E5%95%86%E7%BD%91%E7%BB%9C%E6%90%AD%E5%BB%BA%E6%95%99%E7%A8%8B	https://www.kuaishou.com/search/%E8%B7%A8%E5%A2%83%E7%94%B5%E5%95%86%E7%BD%91%E7%BB%9C%E6%90%AD%E5%BB%BA%E6%95%99%E7%A8%8B	跨境与海外网络	跨境外贸	B	false	true	2
657	随身wifi破解	%E9%9A%8F%E8%BA%ABwifi%E7%A0%B4%E8%A7%A3	https://www.kuaishou.com/search/%E9%9A%8F%E8%BA%ABwifi%E7%A0%B4%E8%A7%A3	关联网络需求	泛需求	B	true	true	2
658	雷神加速器口令	%E9%9B%B7%E7%A5%9E%E5%8A%A0%E9%80%9F%E5%99%A8%E5%8F%A3%E4%BB%A4	https://www.kuaishou.com/search/%E9%9B%B7%E7%A5%9E%E5%8A%A0%E9%80%9F%E5%99%A8%E5%8F%A3%E4%BB%A4	网络加速	泛需求	B	false	true	2
659	静态ip怎么设置路由器	%E9%9D%99%E6%80%81ip%E6%80%8E%E4%B9%88%E8%AE%BE%E7%BD%AE%E8%B7%AF%E7%94%B1%E5%99%A8	https://www.kuaishou.com/search/%E9%9D%99%E6%80%81ip%E6%80%8E%E4%B9%88%E8%AE%BE%E7%BD%AE%E8%B7%AF%E7%94%B1%E5%99%A8	代理与IP	配置排障	B	false	true	2
660	tiktok无法连接网络怎么解决	tiktok%E6%97%A0%E6%B3%95%E8%BF%9E%E6%8E%A5%E7%BD%91%E7%BB%9C%E6%80%8E%E4%B9%88%E8%A7%A3%E5%86%B3	https://www.kuaishou.com/search/tiktok%E6%97%A0%E6%B3%95%E8%BF%9E%E6%8E%A5%E7%BD%91%E7%BB%9C%E6%80%8E%E4%B9%88%E8%A7%A3%E5%86%B3	跨境与海外网络	跨境外贸	B	false	true	2
661	tiktok显示无网络连接怎么办	tiktok%E6%98%BE%E7%A4%BA%E6%97%A0%E7%BD%91%E7%BB%9C%E8%BF%9E%E6%8E%A5%E6%80%8E%E4%B9%88%E5%8A%9E	https://www.kuaishou.com/search/tiktok%E6%98%BE%E7%A4%BA%E6%97%A0%E7%BD%91%E7%BB%9C%E8%BF%9E%E6%8E%A5%E6%80%8E%E4%B9%88%E5%8A%9E	跨境与海外网络	跨境外贸	B	false	true	2
662	tiktok网络连接不稳定无法注册	tiktok%E7%BD%91%E7%BB%9C%E8%BF%9E%E6%8E%A5%E4%B8%8D%E7%A8%B3%E5%AE%9A%E6%97%A0%E6%B3%95%E6%B3%A8%E5%86%8C	https://www.kuaishou.com/search/tiktok%E7%BD%91%E7%BB%9C%E8%BF%9E%E6%8E%A5%E4%B8%8D%E7%A8%B3%E5%AE%9A%E6%97%A0%E6%B3%95%E6%B3%A8%E5%86%8C	跨境与海外网络	跨境外贸	B	false	true	2
663	tiktok网络连接不稳定苹果手机	tiktok%E7%BD%91%E7%BB%9C%E8%BF%9E%E6%8E%A5%E4%B8%8D%E7%A8%B3%E5%AE%9A%E8%8B%B9%E6%9E%9C%E6%89%8B%E6%9C%BA	https://www.kuaishou.com/search/tiktok%E7%BD%91%E7%BB%9C%E8%BF%9E%E6%8E%A5%E4%B8%8D%E7%A8%B3%E5%AE%9A%E8%8B%B9%E6%9E%9C%E6%89%8B%E6%9C%BA	跨境与海外网络	跨境外贸	B	false	true	2
664	亚马逊网络星期一	%E4%BA%9A%E9%A9%AC%E9%80%8A%E7%BD%91%E7%BB%9C%E6%98%9F%E6%9C%9F%E4%B8%80	https://www.kuaishou.com/search/%E4%BA%9A%E9%A9%AC%E9%80%8A%E7%BD%91%E7%BB%9C%E6%98%9F%E6%9C%9F%E4%B8%80	跨境与海外网络	跨境外贸	B	false	true	2
665	国际专线iplc access	%E5%9B%BD%E9%99%85%E4%B8%93%E7%BA%BFiplc%20access	https://www.kuaishou.com/search/%E5%9B%BD%E9%99%85%E4%B8%93%E7%BA%BFiplc%20access	跨境与海外网络	跨境外贸	B	false	true	2
666	外贸网络怎么搭建	%E5%A4%96%E8%B4%B8%E7%BD%91%E7%BB%9C%E6%80%8E%E4%B9%88%E6%90%AD%E5%BB%BA	https://www.kuaishou.com/search/%E5%A4%96%E8%B4%B8%E7%BD%91%E7%BB%9C%E6%80%8E%E4%B9%88%E6%90%AD%E5%BB%BA	跨境与海外网络	跨境外贸	B	false	true	2
667	迅游加速器兑换码	%E8%BF%85%E6%B8%B8%E5%8A%A0%E9%80%9F%E5%99%A8%E5%85%91%E6%8D%A2%E7%A0%81	https://www.kuaishou.com/search/%E8%BF%85%E6%B8%B8%E5%8A%A0%E9%80%9F%E5%99%A8%E5%85%91%E6%8D%A2%E7%A0%81	网络加速	泛需求	B	false	true	2
668	openvpn download	openvpn%20download	https://www.kuaishou.com/search/openvpn%20download	VPN协议与技术	泛需求	B	false	true	2
669	openvpn gui	openvpn%20gui	https://www.kuaishou.com/search/openvpn%20gui	VPN协议与技术	泛需求	B	false	true	2
670	tiktok网络连接不稳定登录不上	tiktok%E7%BD%91%E7%BB%9C%E8%BF%9E%E6%8E%A5%E4%B8%8D%E7%A8%B3%E5%AE%9A%E7%99%BB%E5%BD%95%E4%B8%8D%E4%B8%8A	https://www.kuaishou.com/search/tiktok%E7%BD%91%E7%BB%9C%E8%BF%9E%E6%8E%A5%E4%B8%8D%E7%A8%B3%E5%AE%9A%E7%99%BB%E5%BD%95%E4%B8%8D%E4%B8%8A	跨境与海外网络	跨境外贸	B	false	true	2
671	vpn安卓手机	vpn%E5%AE%89%E5%8D%93%E6%89%8B%E6%9C%BA	https://www.kuaishou.com/search/vpn%E5%AE%89%E5%8D%93%E6%89%8B%E6%9C%BA	VPN核心	下载安装	B	false	true	2
672	vpn苹果版	vpn%E8%8B%B9%E6%9E%9C%E7%89%88	https://www.kuaishou.com/search/vpn%E8%8B%B9%E6%9E%9C%E7%89%88	VPN核心	下载安装	B	false	true	2
673	亚马逊网络书店排行榜	%E4%BA%9A%E9%A9%AC%E9%80%8A%E7%BD%91%E7%BB%9C%E4%B9%A6%E5%BA%97%E6%8E%92%E8%A1%8C%E6%A6%9C	https://www.kuaishou.com/search/%E4%BA%9A%E9%A9%AC%E9%80%8A%E7%BD%91%E7%BB%9C%E4%B9%A6%E5%BA%97%E6%8E%92%E8%A1%8C%E6%A6%9C	跨境与海外网络	跨境外贸	B	false	true	2
674	国际专线宽带	%E5%9B%BD%E9%99%85%E4%B8%93%E7%BA%BF%E5%AE%BD%E5%B8%A6	https://www.kuaishou.com/search/%E5%9B%BD%E9%99%85%E4%B8%93%E7%BA%BF%E5%AE%BD%E5%B8%A6	跨境与海外网络	跨境外贸	B	false	true	2
675	海外专线价格	%E6%B5%B7%E5%A4%96%E4%B8%93%E7%BA%BF%E4%BB%B7%E6%A0%BC	https://www.kuaishou.com/search/%E6%B5%B7%E5%A4%96%E4%B8%93%E7%BA%BF%E4%BB%B7%E6%A0%BC	跨境与海外网络	跨境外贸	B	false	true	2
676	海外软件下载中心	%E6%B5%B7%E5%A4%96%E8%BD%AF%E4%BB%B6%E4%B8%8B%E8%BD%BD%E4%B8%AD%E5%BF%83	https://www.kuaishou.com/search/%E6%B5%B7%E5%A4%96%E8%BD%AF%E4%BB%B6%E4%B8%8B%E8%BD%BD%E4%B8%AD%E5%BF%83	跨境与海外网络	跨境外贸	B	false	true	2
677	翻墙后	%E7%BF%BB%E5%A2%99%E5%90%8E	https://www.kuaishou.com/search/%E7%BF%BB%E5%A2%99%E5%90%8E	VPN核心	泛需求	B	true	true	2
678	游戏加速器台湾	%E6%B8%B8%E6%88%8F%E5%8A%A0%E9%80%9F%E5%99%A8%E5%8F%B0%E6%B9%BE	https://www.kuaishou.com/search/%E6%B8%B8%E6%88%8F%E5%8A%A0%E9%80%9F%E5%99%A8%E5%8F%B0%E6%B9%BE	游戏加速	游戏娱乐	B	false	true	2
679	科学上网vpn	%E7%A7%91%E5%AD%A6%E4%B8%8A%E7%BD%91vpn	https://www.kuaishou.com/search/%E7%A7%91%E5%AD%A6%E4%B8%8A%E7%BD%91vpn	VPN核心	泛需求	B	true	true	2
680	跨境电商网络营销模式	%E8%B7%A8%E5%A2%83%E7%94%B5%E5%95%86%E7%BD%91%E7%BB%9C%E8%90%A5%E9%94%80%E6%A8%A1%E5%BC%8F	https://www.kuaishou.com/search/%E8%B7%A8%E5%A2%83%E7%94%B5%E5%95%86%E7%BD%91%E7%BB%9C%E8%90%A5%E9%94%80%E6%A8%A1%E5%BC%8F	跨境与海外网络	跨境外贸	B	false	true	2
681	迅游加速器价格	%E8%BF%85%E6%B8%B8%E5%8A%A0%E9%80%9F%E5%99%A8%E4%BB%B7%E6%A0%BC	https://www.kuaishou.com/search/%E8%BF%85%E6%B8%B8%E5%8A%A0%E9%80%9F%E5%99%A8%E4%BB%B7%E6%A0%BC	网络加速	选型购买	B	false	true	2
682	vpn安卓版	vpn%E5%AE%89%E5%8D%93%E7%89%88	https://www.kuaishou.com/search/vpn%E5%AE%89%E5%8D%93%E7%89%88	VPN核心	下载安装	B	false	true	2
683	vpn手机软件	vpn%E6%89%8B%E6%9C%BA%E8%BD%AF%E4%BB%B6	https://www.kuaishou.com/search/vpn%E6%89%8B%E6%9C%BA%E8%BD%AF%E4%BB%B6	VPN核心	下载安装	B	false	true	2
684	vpn电脑软件	vpn%E7%94%B5%E8%84%91%E8%BD%AF%E4%BB%B6	https://www.kuaishou.com/search/vpn%E7%94%B5%E8%84%91%E8%BD%AF%E4%BB%B6	VPN核心	下载安装	B	false	true	2
685	vpn节点测试	vpn%E8%8A%82%E7%82%B9%E6%B5%8B%E8%AF%95	https://www.kuaishou.com/search/vpn%E8%8A%82%E7%82%B9%E6%B5%8B%E8%AF%95	VPN核心	代理与IP	B	true	true	2
686	wireguard mac	wireguard%20mac	https://www.kuaishou.com/search/wireguard%20mac	VPN协议与技术	泛需求	B	false	true	2
687	wireguard windows	wireguard%20windows	https://www.kuaishou.com/search/wireguard%20windows	VPN协议与技术	泛需求	B	false	true	2
688	如何搭建外贸网络	%E5%A6%82%E4%BD%95%E6%90%AD%E5%BB%BA%E5%A4%96%E8%B4%B8%E7%BD%91%E7%BB%9C	https://www.kuaishou.com/search/%E5%A6%82%E4%BD%95%E6%90%AD%E5%BB%BA%E5%A4%96%E8%B4%B8%E7%BD%91%E7%BB%9C	跨境与海外网络	跨境外贸	B	false	true	2
689	翻墙app	%E7%BF%BB%E5%A2%99app	https://www.kuaishou.com/search/%E7%BF%BB%E5%A2%99app	VPN核心	下载安装	B	true	true	2
690	迅游加速器国际版	%E8%BF%85%E6%B8%B8%E5%8A%A0%E9%80%9F%E5%99%A8%E5%9B%BD%E9%99%85%E7%89%88	https://www.kuaishou.com/search/%E8%BF%85%E6%B8%B8%E5%8A%A0%E9%80%9F%E5%99%A8%E5%9B%BD%E9%99%85%E7%89%88	网络加速	泛需求	B	false	true	2
691	openvpn client	openvpn%20client	https://www.kuaishou.com/search/openvpn%20client	VPN协议与技术	泛需求	B	false	true	2
692	为什么tiktok无网络连接	%E4%B8%BA%E4%BB%80%E4%B9%88tiktok%E6%97%A0%E7%BD%91%E7%BB%9C%E8%BF%9E%E6%8E%A5	https://www.kuaishou.com/search/%E4%B8%BA%E4%BB%80%E4%B9%88tiktok%E6%97%A0%E7%BD%91%E7%BB%9C%E8%BF%9E%E6%8E%A5	跨境与海外网络	跨境外贸	B	false	true	2
693	迅游加速器下载	%E8%BF%85%E6%B8%B8%E5%8A%A0%E9%80%9F%E5%99%A8%E4%B8%8B%E8%BD%BD	https://www.kuaishou.com/search/%E8%BF%85%E6%B8%B8%E5%8A%A0%E9%80%9F%E5%99%A8%E4%B8%8B%E8%BD%BD	网络加速	下载安装	B	false	true	2
694	wireguard github	wireguard%20github	https://www.kuaishou.com/search/wireguard%20github	VPN协议与技术	泛需求	B	false	true	2
695	跨境网络怎么搭建	%E8%B7%A8%E5%A2%83%E7%BD%91%E7%BB%9C%E6%80%8E%E4%B9%88%E6%90%AD%E5%BB%BA	https://www.kuaishou.com/search/%E8%B7%A8%E5%A2%83%E7%BD%91%E7%BB%9C%E6%80%8E%E4%B9%88%E6%90%AD%E5%BB%BA	跨境与海外网络	跨境外贸	B	false	true	2
696	ios加速器测评	ios%E5%8A%A0%E9%80%9F%E5%99%A8%E6%B5%8B%E8%AF%84	https://www.kuaishou.com/search/ios%E5%8A%A0%E9%80%9F%E5%99%A8%E6%B5%8B%E8%AF%84	网络加速	泛需求	B	false	true	1
697	tiktok网络环境异常	tiktok%E7%BD%91%E7%BB%9C%E7%8E%AF%E5%A2%83%E5%BC%82%E5%B8%B8	https://www.kuaishou.com/search/tiktok%E7%BD%91%E7%BB%9C%E7%8E%AF%E5%A2%83%E5%BC%82%E5%B8%B8	跨境与海外网络	跨境外贸	B	false	true	1
698	加速器直装	%E5%8A%A0%E9%80%9F%E5%99%A8%E7%9B%B4%E8%A3%85	https://www.kuaishou.com/search/%E5%8A%A0%E9%80%9F%E5%99%A8%E7%9B%B4%E8%A3%85	网络加速	泛需求	B	false	true	1
699	氧化物生存岛加速器	%E6%B0%A7%E5%8C%96%E7%89%A9%E7%94%9F%E5%AD%98%E5%B2%9B%E5%8A%A0%E9%80%9F%E5%99%A8	https://www.kuaishou.com/search/%E6%B0%A7%E5%8C%96%E7%89%A9%E7%94%9F%E5%AD%98%E5%B2%9B%E5%8A%A0%E9%80%9F%E5%99%A8	网络加速	泛需求	B	false	true	1
700	apex英雄加速器优惠	apex%E8%8B%B1%E9%9B%84%E5%8A%A0%E9%80%9F%E5%99%A8%E4%BC%98%E6%83%A0	https://www.kuaishou.com/search/apex%E8%8B%B1%E9%9B%84%E5%8A%A0%E9%80%9F%E5%99%A8%E4%BC%98%E6%83%A0	网络加速	泛需求	B	false	true	1
701	ios 16.5.1加速器	ios%2016.5.1%E5%8A%A0%E9%80%9F%E5%99%A8	https://www.kuaishou.com/search/ios%2016.5.1%E5%8A%A0%E9%80%9F%E5%99%A8	网络加速	泛需求	B	false	true	1
702	tiktok no internet connection怎么解决	tiktok%20no%20internet%20connection%E6%80%8E%E4%B9%88%E8%A7%A3%E5%86%B3	https://www.kuaishou.com/search/tiktok%20no%20internet%20connection%E6%80%8E%E4%B9%88%E8%A7%A3%E5%86%B3	跨境与海外网络	跨境外贸	B	false	true	1
703	tiktok搭建网络环境	tiktok%E6%90%AD%E5%BB%BA%E7%BD%91%E7%BB%9C%E7%8E%AF%E5%A2%83	https://www.kuaishou.com/search/tiktok%E6%90%AD%E5%BB%BA%E7%BD%91%E7%BB%9C%E7%8E%AF%E5%A2%83	跨境与海外网络	跨境外贸	B	false	true	1
704	tiktok无网络连接的解决方法	tiktok%E6%97%A0%E7%BD%91%E7%BB%9C%E8%BF%9E%E6%8E%A5%E7%9A%84%E8%A7%A3%E5%86%B3%E6%96%B9%E6%B3%95	https://www.kuaishou.com/search/tiktok%E6%97%A0%E7%BD%91%E7%BB%9C%E8%BF%9E%E6%8E%A5%E7%9A%84%E8%A7%A3%E5%86%B3%E6%96%B9%E6%B3%95	跨境与海外网络	跨境外贸	B	false	true	1
705	tiktok网络异常处理方法	tiktok%E7%BD%91%E7%BB%9C%E5%BC%82%E5%B8%B8%E5%A4%84%E7%90%86%E6%96%B9%E6%B3%95	https://www.kuaishou.com/search/tiktok%E7%BD%91%E7%BB%9C%E5%BC%82%E5%B8%B8%E5%A4%84%E7%90%86%E6%96%B9%E6%B3%95	跨境与海外网络	跨境外贸	B	false	true	1
706	tiktok网络搭建需要下载什么软件	tiktok%E7%BD%91%E7%BB%9C%E6%90%AD%E5%BB%BA%E9%9C%80%E8%A6%81%E4%B8%8B%E8%BD%BD%E4%BB%80%E4%B9%88%E8%BD%AF%E4%BB%B6	https://www.kuaishou.com/search/tiktok%E7%BD%91%E7%BB%9C%E6%90%AD%E5%BB%BA%E9%9C%80%E8%A6%81%E4%B8%8B%E8%BD%BD%E4%BB%80%E4%B9%88%E8%BD%AF%E4%BB%B6	跨境与海外网络	跨境外贸	B	false	true	1
707	vpn不能用	vpn%E4%B8%8D%E8%83%BD%E7%94%A8	https://www.kuaishou.com/search/vpn%E4%B8%8D%E8%83%BD%E7%94%A8	VPN核心	泛需求	B	false	true	1
708	vpn不限速	vpn%E4%B8%8D%E9%99%90%E9%80%9F	https://www.kuaishou.com/search/vpn%E4%B8%8D%E9%99%90%E9%80%9F	VPN核心	泛需求	B	false	true	1
709	vpn修改定位	vpn%E4%BF%AE%E6%94%B9%E5%AE%9A%E4%BD%8D	https://www.kuaishou.com/search/vpn%E4%BF%AE%E6%94%B9%E5%AE%9A%E4%BD%8D	VPN核心	泛需求	B	false	true	1
710	vpn和代理	vpn%E5%92%8C%E4%BB%A3%E7%90%86	https://www.kuaishou.com/search/vpn%E5%92%8C%E4%BB%A3%E7%90%86	代理与IP	代理与IP	B	false	true	1
711	vpn被抓	vpn%E8%A2%AB%E6%8A%93	https://www.kuaishou.com/search/vpn%E8%A2%AB%E6%8A%93	VPN核心	泛需求	B	false	true	1
712	vpn风险	vpn%E9%A3%8E%E9%99%A9	https://www.kuaishou.com/search/vpn%E9%A3%8E%E9%99%A9	VPN核心	泛需求	B	false	true	1
713	亚马逊教程	%E4%BA%9A%E9%A9%AC%E9%80%8A%E6%95%99%E7%A8%8B	https://www.kuaishou.com/search/%E4%BA%9A%E9%A9%AC%E9%80%8A%E6%95%99%E7%A8%8B	跨境与海外网络	跨境外贸	B	false	true	1
714	亚马逊网络书店	%E4%BA%9A%E9%A9%AC%E9%80%8A%E7%BD%91%E7%BB%9C%E4%B9%A6%E5%BA%97	https://www.kuaishou.com/search/%E4%BA%9A%E9%A9%AC%E9%80%8A%E7%BD%91%E7%BB%9C%E4%B9%A6%E5%BA%97	跨境与海外网络	跨境外贸	B	false	true	1
715	加速器延迟高怎么办	%E5%8A%A0%E9%80%9F%E5%99%A8%E5%BB%B6%E8%BF%9F%E9%AB%98%E6%80%8E%E4%B9%88%E5%8A%9E	https://www.kuaishou.com/search/%E5%8A%A0%E9%80%9F%E5%99%A8%E5%BB%B6%E8%BF%9F%E9%AB%98%E6%80%8E%E4%B9%88%E5%8A%9E	网络加速	配置排障	B	false	true	1
716	国际网络加速器	%E5%9B%BD%E9%99%85%E7%BD%91%E7%BB%9C%E5%8A%A0%E9%80%9F%E5%99%A8	https://www.kuaishou.com/search/%E5%9B%BD%E9%99%85%E7%BD%91%E7%BB%9C%E5%8A%A0%E9%80%9F%E5%99%A8	网络加速	泛需求	B	false	true	1
717	外贸网络搭建步骤图解	%E5%A4%96%E8%B4%B8%E7%BD%91%E7%BB%9C%E6%90%AD%E5%BB%BA%E6%AD%A5%E9%AA%A4%E5%9B%BE%E8%A7%A3	https://www.kuaishou.com/search/%E5%A4%96%E8%B4%B8%E7%BD%91%E7%BB%9C%E6%90%AD%E5%BB%BA%E6%AD%A5%E9%AA%A4%E5%9B%BE%E8%A7%A3	跨境与海外网络	跨境外贸	B	false	true	1
718	天天加速器	%E5%A4%A9%E5%A4%A9%E5%8A%A0%E9%80%9F%E5%99%A8	https://www.kuaishou.com/search/%E5%A4%A9%E5%A4%A9%E5%8A%A0%E9%80%9F%E5%99%A8	网络加速	泛需求	B	false	true	1
719	海外iphoneid购买	%E6%B5%B7%E5%A4%96iphoneid%E8%B4%AD%E4%B9%B0	https://www.kuaishou.com/search/%E6%B5%B7%E5%A4%96iphoneid%E8%B4%AD%E4%B9%B0	跨境与海外网络	跨境外贸	B	false	true	1
720	海外专线宽带	%E6%B5%B7%E5%A4%96%E4%B8%93%E7%BA%BF%E5%AE%BD%E5%B8%A6	https://www.kuaishou.com/search/%E6%B5%B7%E5%A4%96%E4%B8%93%E7%BA%BF%E5%AE%BD%E5%B8%A6	跨境与海外网络	跨境外贸	B	false	true	1
721	海外节点搭建	%E6%B5%B7%E5%A4%96%E8%8A%82%E7%82%B9%E6%90%AD%E5%BB%BA	https://www.kuaishou.com/search/%E6%B5%B7%E5%A4%96%E8%8A%82%E7%82%B9%E6%90%AD%E5%BB%BA	跨境与海外网络	跨境外贸	B	true	true	1
722	海外软件下载平台	%E6%B5%B7%E5%A4%96%E8%BD%AF%E4%BB%B6%E4%B8%8B%E8%BD%BD%E5%B9%B3%E5%8F%B0	https://www.kuaishou.com/search/%E6%B5%B7%E5%A4%96%E8%BD%AF%E4%BB%B6%E4%B8%8B%E8%BD%BD%E5%B9%B3%E5%8F%B0	跨境与海外网络	跨境外贸	B	false	true	1
723	游戏加速器推荐dcard	%E6%B8%B8%E6%88%8F%E5%8A%A0%E9%80%9F%E5%99%A8%E6%8E%A8%E8%8D%90dcard	https://www.kuaishou.com/search/%E6%B8%B8%E6%88%8F%E5%8A%A0%E9%80%9F%E5%99%A8%E6%8E%A8%E8%8D%90dcard	游戏加速	选型购买	B	false	true	1
724	球球大作战加速器直装免费	%E7%90%83%E7%90%83%E5%A4%A7%E4%BD%9C%E6%88%98%E5%8A%A0%E9%80%9F%E5%99%A8%E7%9B%B4%E8%A3%85%E5%85%8D%E8%B4%B9	https://www.kuaishou.com/search/%E7%90%83%E7%90%83%E5%A4%A7%E4%BD%9C%E6%88%98%E5%8A%A0%E9%80%9F%E5%99%A8%E7%9B%B4%E8%A3%85%E5%85%8D%E8%B4%B9	网络加速	泛需求	B	false	true	1
725	翻墙梯子	%E7%BF%BB%E5%A2%99%E6%A2%AF%E5%AD%90	https://www.kuaishou.com/search/%E7%BF%BB%E5%A2%99%E6%A2%AF%E5%AD%90	VPN核心	泛需求	B	true	true	1
726	跨境电商平台搭建	%E8%B7%A8%E5%A2%83%E7%94%B5%E5%95%86%E5%B9%B3%E5%8F%B0%E6%90%AD%E5%BB%BA	https://www.kuaishou.com/search/%E8%B7%A8%E5%A2%83%E7%94%B5%E5%95%86%E5%B9%B3%E5%8F%B0%E6%90%AD%E5%BB%BA	跨境与海外网络	跨境外贸	B	false	true	1
727	跨境电商网络专线多少钱	%E8%B7%A8%E5%A2%83%E7%94%B5%E5%95%86%E7%BD%91%E7%BB%9C%E4%B8%93%E7%BA%BF%E5%A4%9A%E5%B0%91%E9%92%B1	https://www.kuaishou.com/search/%E8%B7%A8%E5%A2%83%E7%94%B5%E5%95%86%E7%BD%91%E7%BB%9C%E4%B8%93%E7%BA%BF%E5%A4%9A%E5%B0%91%E9%92%B1	跨境与海外网络	跨境外贸	B	false	true	1
728	跨境电商网络环境怎么解决	%E8%B7%A8%E5%A2%83%E7%94%B5%E5%95%86%E7%BD%91%E7%BB%9C%E7%8E%AF%E5%A2%83%E6%80%8E%E4%B9%88%E8%A7%A3%E5%86%B3	https://www.kuaishou.com/search/%E8%B7%A8%E5%A2%83%E7%94%B5%E5%95%86%E7%BD%91%E7%BB%9C%E7%8E%AF%E5%A2%83%E6%80%8E%E4%B9%88%E8%A7%A3%E5%86%B3	跨境与海外网络	跨境外贸	B	false	true	1
729	跨境直播网络专线	%E8%B7%A8%E5%A2%83%E7%9B%B4%E6%92%AD%E7%BD%91%E7%BB%9C%E4%B8%93%E7%BA%BF	https://www.kuaishou.com/search/%E8%B7%A8%E5%A2%83%E7%9B%B4%E6%92%AD%E7%BD%91%E7%BB%9C%E4%B8%93%E7%BA%BF	跨境与海外网络	跨境外贸	B	false	true	1
730	跨境直播网络搭建	%E8%B7%A8%E5%A2%83%E7%9B%B4%E6%92%AD%E7%BD%91%E7%BB%9C%E6%90%AD%E5%BB%BA	https://www.kuaishou.com/search/%E8%B7%A8%E5%A2%83%E7%9B%B4%E6%92%AD%E7%BD%91%E7%BB%9C%E6%90%AD%E5%BB%BA	跨境与海外网络	跨境外贸	B	false	true	1
731	跨境网络服务商去哪找	%E8%B7%A8%E5%A2%83%E7%BD%91%E7%BB%9C%E6%9C%8D%E5%8A%A1%E5%95%86%E5%8E%BB%E5%93%AA%E6%89%BE	https://www.kuaishou.com/search/%E8%B7%A8%E5%A2%83%E7%BD%91%E7%BB%9C%E6%9C%8D%E5%8A%A1%E5%95%86%E5%8E%BB%E5%93%AA%E6%89%BE	跨境与海外网络	跨境外贸	B	false	true	1
732	apex英雄加速器安装	apex%E8%8B%B1%E9%9B%84%E5%8A%A0%E9%80%9F%E5%99%A8%E5%AE%89%E8%A3%85	https://www.kuaishou.com/search/apex%E8%8B%B1%E9%9B%84%E5%8A%A0%E9%80%9F%E5%99%A8%E5%AE%89%E8%A3%85	网络加速	下载安装	B	false	true	1
733	app store加速器哪个好	app%20store%E5%8A%A0%E9%80%9F%E5%99%A8%E5%93%AA%E4%B8%AA%E5%A5%BD	https://www.kuaishou.com/search/app%20store%E5%8A%A0%E9%80%9F%E5%99%A8%E5%93%AA%E4%B8%AA%E5%A5%BD	网络加速	选型购买	B	false	true	1
734	openvpn搭建	openvpn%E6%90%AD%E5%BB%BA	https://www.kuaishou.com/search/openvpn%E6%90%AD%E5%BB%BA	VPN协议与技术	配置排障	B	false	true	1
735	sslvpn	sslvpn	https://www.kuaishou.com/search/sslvpn	VPN核心	泛需求	B	false	true	1
736	steam游戏加速器免费	steam%E6%B8%B8%E6%88%8F%E5%8A%A0%E9%80%9F%E5%99%A8%E5%85%8D%E8%B4%B9	https://www.kuaishou.com/search/steam%E6%B8%B8%E6%88%8F%E5%8A%A0%E9%80%9F%E5%99%A8%E5%85%8D%E8%B4%B9	游戏加速	游戏娱乐	B	false	true	1
737	tiktok无网络连接怎么办苹果	tiktok%E6%97%A0%E7%BD%91%E7%BB%9C%E8%BF%9E%E6%8E%A5%E6%80%8E%E4%B9%88%E5%8A%9E%E8%8B%B9%E6%9E%9C	https://www.kuaishou.com/search/tiktok%E6%97%A0%E7%BD%91%E7%BB%9C%E8%BF%9E%E6%8E%A5%E6%80%8E%E4%B9%88%E5%8A%9E%E8%8B%B9%E6%9E%9C	跨境与海外网络	跨境外贸	B	false	true	1
738	tiktok网络不稳定登录不上	tiktok%E7%BD%91%E7%BB%9C%E4%B8%8D%E7%A8%B3%E5%AE%9A%E7%99%BB%E5%BD%95%E4%B8%8D%E4%B8%8A	https://www.kuaishou.com/search/tiktok%E7%BD%91%E7%BB%9C%E4%B8%8D%E7%A8%B3%E5%AE%9A%E7%99%BB%E5%BD%95%E4%B8%8D%E4%B8%8A	跨境与海外网络	跨境外贸	B	false	true	1
739	tiktok网络怎么解决	tiktok%E7%BD%91%E7%BB%9C%E6%80%8E%E4%B9%88%E8%A7%A3%E5%86%B3	https://www.kuaishou.com/search/tiktok%E7%BD%91%E7%BB%9C%E6%80%8E%E4%B9%88%E8%A7%A3%E5%86%B3	跨境与海外网络	跨境外贸	B	false	true	1
740	tiktok网络搭建多少钱	tiktok%E7%BD%91%E7%BB%9C%E6%90%AD%E5%BB%BA%E5%A4%9A%E5%B0%91%E9%92%B1	https://www.kuaishou.com/search/tiktok%E7%BD%91%E7%BB%9C%E6%90%AD%E5%BB%BA%E5%A4%9A%E5%B0%91%E9%92%B1	跨境与海外网络	跨境外贸	B	false	true	1
741	tiktok网络搭建详细流程	tiktok%E7%BD%91%E7%BB%9C%E6%90%AD%E5%BB%BA%E8%AF%A6%E7%BB%86%E6%B5%81%E7%A8%8B	https://www.kuaishou.com/search/tiktok%E7%BD%91%E7%BB%9C%E6%90%AD%E5%BB%BA%E8%AF%A6%E7%BB%86%E6%B5%81%E7%A8%8B	跨境与海外网络	跨境外贸	B	false	true	1
742	tiktok网络无法连接解决方法	tiktok%E7%BD%91%E7%BB%9C%E6%97%A0%E6%B3%95%E8%BF%9E%E6%8E%A5%E8%A7%A3%E5%86%B3%E6%96%B9%E6%B3%95	https://www.kuaishou.com/search/tiktok%E7%BD%91%E7%BB%9C%E6%97%A0%E6%B3%95%E8%BF%9E%E6%8E%A5%E8%A7%A3%E5%86%B3%E6%96%B9%E6%B3%95	跨境与海外网络	跨境外贸	B	false	true	1
743	tiktok网络状态不佳	tiktok%E7%BD%91%E7%BB%9C%E7%8A%B6%E6%80%81%E4%B8%8D%E4%BD%B3	https://www.kuaishou.com/search/tiktok%E7%BD%91%E7%BB%9C%E7%8A%B6%E6%80%81%E4%B8%8D%E4%BD%B3	跨境与海外网络	跨境外贸	B	false	true	1
744	tt加速器官网首页	tt%E5%8A%A0%E9%80%9F%E5%99%A8%E5%AE%98%E7%BD%91%E9%A6%96%E9%A1%B5	https://www.kuaishou.com/search/tt%E5%8A%A0%E9%80%9F%E5%99%A8%E5%AE%98%E7%BD%91%E9%A6%96%E9%A1%B5	网络加速	泛需求	B	false	true	1
745	vpn协议对比	vpn%E5%8D%8F%E8%AE%AE%E5%AF%B9%E6%AF%94	https://www.kuaishou.com/search/vpn%E5%8D%8F%E8%AE%AE%E5%AF%B9%E6%AF%94	VPN协议与技术	科普原理	B	false	true	1
746	vpn协议类型	vpn%E5%8D%8F%E8%AE%AE%E7%B1%BB%E5%9E%8B	https://www.kuaishou.com/search/vpn%E5%8D%8F%E8%AE%AE%E7%B1%BB%E5%9E%8B	VPN协议与技术	科普原理	B	false	true	1
747	vpn搭建	vpn%E6%90%AD%E5%BB%BA	https://www.kuaishou.com/search/vpn%E6%90%AD%E5%BB%BA	VPN核心	配置排障	B	false	true	1
748	vpn是什麼	vpn%E6%98%AF%E4%BB%80%E9%BA%BC	https://www.kuaishou.com/search/vpn%E6%98%AF%E4%BB%80%E9%BA%BC	VPN核心	泛需求	B	false	true	1
749	vpn科普	vpn%E7%A7%91%E6%99%AE	https://www.kuaishou.com/search/vpn%E7%A7%91%E6%99%AE	VPN核心	泛需求	B	false	true	1
750	vpn网站	vpn%E7%BD%91%E7%AB%99	https://www.kuaishou.com/search/vpn%E7%BD%91%E7%AB%99	VPN核心	泛需求	B	false	true	1
751	vpn路由	vpn%E8%B7%AF%E7%94%B1	https://www.kuaishou.com/search/vpn%E8%B7%AF%E7%94%B1	VPN核心	泛需求	B	false	true	1
752	wireguard搭建	wireguard%E6%90%AD%E5%BB%BA	https://www.kuaishou.com/search/wireguard%E6%90%AD%E5%BB%BA	VPN协议与技术	配置排障	B	false	true	1
753	三角洲日服免费加速器	%E4%B8%89%E8%A7%92%E6%B4%B2%E6%97%A5%E6%9C%8D%E5%85%8D%E8%B4%B9%E5%8A%A0%E9%80%9F%E5%99%A8	https://www.kuaishou.com/search/%E4%B8%89%E8%A7%92%E6%B4%B2%E6%97%A5%E6%9C%8D%E5%85%8D%E8%B4%B9%E5%8A%A0%E9%80%9F%E5%99%A8	网络加速	泛需求	B	false	true	1
754	中华电信海外专线	%E4%B8%AD%E5%8D%8E%E7%94%B5%E4%BF%A1%E6%B5%B7%E5%A4%96%E4%B8%93%E7%BA%BF	https://www.kuaishou.com/search/%E4%B8%AD%E5%8D%8E%E7%94%B5%E4%BF%A1%E6%B5%B7%E5%A4%96%E4%B8%93%E7%BA%BF	跨境与海外网络	跨境外贸	B	false	true	1
755	主机游戏加速器免费	%E4%B8%BB%E6%9C%BA%E6%B8%B8%E6%88%8F%E5%8A%A0%E9%80%9F%E5%99%A8%E5%85%8D%E8%B4%B9	https://www.kuaishou.com/search/%E4%B8%BB%E6%9C%BA%E6%B8%B8%E6%88%8F%E5%8A%A0%E9%80%9F%E5%99%A8%E5%85%8D%E8%B4%B9	游戏加速	游戏娱乐	B	false	true	1
756	免费加速器永久免费	%E5%85%8D%E8%B4%B9%E5%8A%A0%E9%80%9F%E5%99%A8%E6%B0%B8%E4%B9%85%E5%85%8D%E8%B4%B9	https://www.kuaishou.com/search/%E5%85%8D%E8%B4%B9%E5%8A%A0%E9%80%9F%E5%99%A8%E6%B0%B8%E4%B9%85%E5%85%8D%E8%B4%B9	网络加速	泛需求	B	false	true	1
757	全球节点加速器	%E5%85%A8%E7%90%83%E8%8A%82%E7%82%B9%E5%8A%A0%E9%80%9F%E5%99%A8	https://www.kuaishou.com/search/%E5%85%A8%E7%90%83%E8%8A%82%E7%82%B9%E5%8A%A0%E9%80%9F%E5%99%A8	网络加速	代理与IP	B	true	true	1
758	加速器免费时长口令	%E5%8A%A0%E9%80%9F%E5%99%A8%E5%85%8D%E8%B4%B9%E6%97%B6%E9%95%BF%E5%8F%A3%E4%BB%A4	https://www.kuaishou.com/search/%E5%8A%A0%E9%80%9F%E5%99%A8%E5%85%8D%E8%B4%B9%E6%97%B6%E9%95%BF%E5%8F%A3%E4%BB%A4	网络加速	泛需求	B	false	true	1
759	加速器排行榜免费	%E5%8A%A0%E9%80%9F%E5%99%A8%E6%8E%92%E8%A1%8C%E6%A6%9C%E5%85%8D%E8%B4%B9	https://www.kuaishou.com/search/%E5%8A%A0%E9%80%9F%E5%99%A8%E6%8E%92%E8%A1%8C%E6%A6%9C%E5%85%8D%E8%B4%B9	网络加速	泛需求	B	false	true	1
760	加速器测评推荐	%E5%8A%A0%E9%80%9F%E5%99%A8%E6%B5%8B%E8%AF%84%E6%8E%A8%E8%8D%90	https://www.kuaishou.com/search/%E5%8A%A0%E9%80%9F%E5%99%A8%E6%B5%8B%E8%AF%84%E6%8E%A8%E8%8D%90	网络加速	选型购买	B	false	true	1
761	和平精英加速器免费版	%E5%92%8C%E5%B9%B3%E7%B2%BE%E8%8B%B1%E5%8A%A0%E9%80%9F%E5%99%A8%E5%85%8D%E8%B4%B9%E7%89%88	https://www.kuaishou.com/search/%E5%92%8C%E5%B9%B3%E7%B2%BE%E8%8B%B1%E5%8A%A0%E9%80%9F%E5%99%A8%E5%85%8D%E8%B4%B9%E7%89%88	网络加速	泛需求	B	false	true	1
762	国外玩国内游戏用什么加速器	%E5%9B%BD%E5%A4%96%E7%8E%A9%E5%9B%BD%E5%86%85%E6%B8%B8%E6%88%8F%E7%94%A8%E4%BB%80%E4%B9%88%E5%8A%A0%E9%80%9F%E5%99%A8	https://www.kuaishou.com/search/%E5%9B%BD%E5%A4%96%E7%8E%A9%E5%9B%BD%E5%86%85%E6%B8%B8%E6%88%8F%E7%94%A8%E4%BB%80%E4%B9%88%E5%8A%A0%E9%80%9F%E5%99%A8	游戏加速	游戏娱乐	B	false	true	1
763	国际服加速器永久免费	%E5%9B%BD%E9%99%85%E6%9C%8D%E5%8A%A0%E9%80%9F%E5%99%A8%E6%B0%B8%E4%B9%85%E5%85%8D%E8%B4%B9	https://www.kuaishou.com/search/%E5%9B%BD%E9%99%85%E6%9C%8D%E5%8A%A0%E9%80%9F%E5%99%A8%E6%B0%B8%E4%B9%85%E5%85%8D%E8%B4%B9	网络加速	泛需求	B	false	true	1
764	地铁逃生pubg加速器	%E5%9C%B0%E9%93%81%E9%80%83%E7%94%9Fpubg%E5%8A%A0%E9%80%9F%E5%99%A8	https://www.kuaishou.com/search/%E5%9C%B0%E9%93%81%E9%80%83%E7%94%9Fpubg%E5%8A%A0%E9%80%9F%E5%99%A8	网络加速	泛需求	B	false	true	1
765	外网加速器	%E5%A4%96%E7%BD%91%E5%8A%A0%E9%80%9F%E5%99%A8	https://www.kuaishou.com/search/%E5%A4%96%E7%BD%91%E5%8A%A0%E9%80%9F%E5%99%A8	网络加速	泛需求	B	false	true	1
766	外贸网络专线	%E5%A4%96%E8%B4%B8%E7%BD%91%E7%BB%9C%E4%B8%93%E7%BA%BF	https://www.kuaishou.com/search/%E5%A4%96%E8%B4%B8%E7%BD%91%E7%BB%9C%E4%B8%93%E7%BA%BF	跨境与海外网络	跨境外贸	B	false	true	1
767	外贸网络搭建流程	%E5%A4%96%E8%B4%B8%E7%BD%91%E7%BB%9C%E6%90%AD%E5%BB%BA%E6%B5%81%E7%A8%8B	https://www.kuaishou.com/search/%E5%A4%96%E8%B4%B8%E7%BD%91%E7%BB%9C%E6%90%AD%E5%BB%BA%E6%B5%81%E7%A8%8B	跨境与海外网络	跨境外贸	B	false	true	1
768	奇游手游加速器官网	%E5%A5%87%E6%B8%B8%E6%89%8B%E6%B8%B8%E5%8A%A0%E9%80%9F%E5%99%A8%E5%AE%98%E7%BD%91	https://www.kuaishou.com/search/%E5%A5%87%E6%B8%B8%E6%89%8B%E6%B8%B8%E5%8A%A0%E9%80%9F%E5%99%A8%E5%AE%98%E7%BD%91	游戏加速	游戏娱乐	B	false	true	1
769	对峙2加速器推荐	%E5%AF%B9%E5%B3%992%E5%8A%A0%E9%80%9F%E5%99%A8%E6%8E%A8%E8%8D%90	https://www.kuaishou.com/search/%E5%AF%B9%E5%B3%992%E5%8A%A0%E9%80%9F%E5%99%A8%E6%8E%A8%E8%8D%90	网络加速	选型购买	B	false	true	1
770	手机游戏加速器台湾	%E6%89%8B%E6%9C%BA%E6%B8%B8%E6%88%8F%E5%8A%A0%E9%80%9F%E5%99%A8%E5%8F%B0%E6%B9%BE	https://www.kuaishou.com/search/%E6%89%8B%E6%9C%BA%E6%B8%B8%E6%88%8F%E5%8A%A0%E9%80%9F%E5%99%A8%E5%8F%B0%E6%B9%BE	游戏加速	下载安装	B	false	true	1
771	手游加速器台湾	%E6%89%8B%E6%B8%B8%E5%8A%A0%E9%80%9F%E5%99%A8%E5%8F%B0%E6%B9%BE	https://www.kuaishou.com/search/%E6%89%8B%E6%B8%B8%E5%8A%A0%E9%80%9F%E5%99%A8%E5%8F%B0%E6%B9%BE	游戏加速	游戏娱乐	B	false	true	1
772	手游加速器推荐免费	%E6%89%8B%E6%B8%B8%E5%8A%A0%E9%80%9F%E5%99%A8%E6%8E%A8%E8%8D%90%E5%85%8D%E8%B4%B9	https://www.kuaishou.com/search/%E6%89%8B%E6%B8%B8%E5%8A%A0%E9%80%9F%E5%99%A8%E6%8E%A8%E8%8D%90%E5%85%8D%E8%B4%B9	游戏加速	选型购买	B	false	true	1
773	海外app下载平台	%E6%B5%B7%E5%A4%96app%E4%B8%8B%E8%BD%BD%E5%B9%B3%E5%8F%B0	https://www.kuaishou.com/search/%E6%B5%B7%E5%A4%96app%E4%B8%8B%E8%BD%BD%E5%B9%B3%E5%8F%B0	跨境与海外网络	跨境外贸	B	false	true	1
774	海外app下载排行榜最新	%E6%B5%B7%E5%A4%96app%E4%B8%8B%E8%BD%BD%E6%8E%92%E8%A1%8C%E6%A6%9C%E6%9C%80%E6%96%B0	https://www.kuaishou.com/search/%E6%B5%B7%E5%A4%96app%E4%B8%8B%E8%BD%BD%E6%8E%92%E8%A1%8C%E6%A6%9C%E6%9C%80%E6%96%B0	跨境与海外网络	跨境外贸	B	false	true	1
775	海外iphone id	%E6%B5%B7%E5%A4%96iphone%20id	https://www.kuaishou.com/search/%E6%B5%B7%E5%A4%96iphone%20id	跨境与海外网络	跨境外贸	B	false	true	1
776	海外iphone中国esim	%E6%B5%B7%E5%A4%96iphone%E4%B8%AD%E5%9B%BDesim	https://www.kuaishou.com/search/%E6%B5%B7%E5%A4%96iphone%E4%B8%AD%E5%9B%BDesim	跨境与海外网络	跨境外贸	B	false	true	1
777	海外iphone購入	%E6%B5%B7%E5%A4%96iphone%E8%B3%BC%E5%85%A5	https://www.kuaishou.com/search/%E6%B5%B7%E5%A4%96iphone%E8%B3%BC%E5%85%A5	跨境与海外网络	跨境外贸	B	false	true	1
778	海外直播平台	%E6%B5%B7%E5%A4%96%E7%9B%B4%E6%92%AD%E5%B9%B3%E5%8F%B0	https://www.kuaishou.com/search/%E6%B5%B7%E5%A4%96%E7%9B%B4%E6%92%AD%E5%B9%B3%E5%8F%B0	跨境与海外网络	跨境外贸	B	false	true	1
779	海外直播网络搭建方法	%E6%B5%B7%E5%A4%96%E7%9B%B4%E6%92%AD%E7%BD%91%E7%BB%9C%E6%90%AD%E5%BB%BA%E6%96%B9%E6%B3%95	https://www.kuaishou.com/search/%E6%B5%B7%E5%A4%96%E7%9B%B4%E6%92%AD%E7%BD%91%E7%BB%9C%E6%90%AD%E5%BB%BA%E6%96%B9%E6%B3%95	跨境与海外网络	跨境外贸	B	false	true	1
780	海外软件下载app	%E6%B5%B7%E5%A4%96%E8%BD%AF%E4%BB%B6%E4%B8%8B%E8%BD%BDapp	https://www.kuaishou.com/search/%E6%B5%B7%E5%A4%96%E8%BD%AF%E4%BB%B6%E4%B8%8B%E8%BD%BDapp	跨境与海外网络	跨境外贸	B	false	true	1
781	游戏加速器下载地址	%E6%B8%B8%E6%88%8F%E5%8A%A0%E9%80%9F%E5%99%A8%E4%B8%8B%E8%BD%BD%E5%9C%B0%E5%9D%80	https://www.kuaishou.com/search/%E6%B8%B8%E6%88%8F%E5%8A%A0%E9%80%9F%E5%99%A8%E4%B8%8B%E8%BD%BD%E5%9C%B0%E5%9D%80	游戏加速	下载安装	B	false	true	1
782	游戏加速器推荐免费	%E6%B8%B8%E6%88%8F%E5%8A%A0%E9%80%9F%E5%99%A8%E6%8E%A8%E8%8D%90%E5%85%8D%E8%B4%B9	https://www.kuaishou.com/search/%E6%B8%B8%E6%88%8F%E5%8A%A0%E9%80%9F%E5%99%A8%E6%8E%A8%E8%8D%90%E5%85%8D%E8%B4%B9	游戏加速	选型购买	B	false	true	1
783	游戏加速器搭建	%E6%B8%B8%E6%88%8F%E5%8A%A0%E9%80%9F%E5%99%A8%E6%90%AD%E5%BB%BA	https://www.kuaishou.com/search/%E6%B8%B8%E6%88%8F%E5%8A%A0%E9%80%9F%E5%99%A8%E6%90%AD%E5%BB%BA	游戏加速	配置排障	B	false	true	1
784	游戏加速器永久免费版	%E6%B8%B8%E6%88%8F%E5%8A%A0%E9%80%9F%E5%99%A8%E6%B0%B8%E4%B9%85%E5%85%8D%E8%B4%B9%E7%89%88	https://www.kuaishou.com/search/%E6%B8%B8%E6%88%8F%E5%8A%A0%E9%80%9F%E5%99%A8%E6%B0%B8%E4%B9%85%E5%85%8D%E8%B4%B9%E7%89%88	游戏加速	游戏娱乐	B	false	true	1
785	球球大作战加速器ios	%E7%90%83%E7%90%83%E5%A4%A7%E4%BD%9C%E6%88%98%E5%8A%A0%E9%80%9F%E5%99%A8ios	https://www.kuaishou.com/search/%E7%90%83%E7%90%83%E5%A4%A7%E4%BD%9C%E6%88%98%E5%8A%A0%E9%80%9F%E5%99%A8ios	网络加速	泛需求	B	false	true	1
786	电脑游戏加速器免费	%E7%94%B5%E8%84%91%E6%B8%B8%E6%88%8F%E5%8A%A0%E9%80%9F%E5%99%A8%E5%85%8D%E8%B4%B9	https://www.kuaishou.com/search/%E7%94%B5%E8%84%91%E6%B8%B8%E6%88%8F%E5%8A%A0%E9%80%9F%E5%99%A8%E5%85%8D%E8%B4%B9	游戏加速	下载安装	B	false	true	1
787	翻墙机场	%E7%BF%BB%E5%A2%99%E6%9C%BA%E5%9C%BA	https://www.kuaishou.com/search/%E7%BF%BB%E5%A2%99%E6%9C%BA%E5%9C%BA	VPN核心	泛需求	B	true	true	1
788	翻墙被抓	%E7%BF%BB%E5%A2%99%E8%A2%AB%E6%8A%93	https://www.kuaishou.com/search/%E7%BF%BB%E5%A2%99%E8%A2%AB%E6%8A%93	VPN核心	泛需求	B	true	true	1
789	联机游戏需要加速器吗	%E8%81%94%E6%9C%BA%E6%B8%B8%E6%88%8F%E9%9C%80%E8%A6%81%E5%8A%A0%E9%80%9F%E5%99%A8%E5%90%97	https://www.kuaishou.com/search/%E8%81%94%E6%9C%BA%E6%B8%B8%E6%88%8F%E9%9C%80%E8%A6%81%E5%8A%A0%E9%80%9F%E5%99%A8%E5%90%97	游戏加速	游戏娱乐	B	false	true	1
790	荒野乱斗国际服要加速器吗	%E8%8D%92%E9%87%8E%E4%B9%B1%E6%96%97%E5%9B%BD%E9%99%85%E6%9C%8D%E8%A6%81%E5%8A%A0%E9%80%9F%E5%99%A8%E5%90%97	https://www.kuaishou.com/search/%E8%8D%92%E9%87%8E%E4%B9%B1%E6%96%97%E5%9B%BD%E9%99%85%E6%9C%8D%E8%A6%81%E5%8A%A0%E9%80%9F%E5%99%A8%E5%90%97	网络加速	泛需求	B	false	true	1
791	访问外网的加速器	%E8%AE%BF%E9%97%AE%E5%A4%96%E7%BD%91%E7%9A%84%E5%8A%A0%E9%80%9F%E5%99%A8	https://www.kuaishou.com/search/%E8%AE%BF%E9%97%AE%E5%A4%96%E7%BD%91%E7%9A%84%E5%8A%A0%E9%80%9F%E5%99%A8	网络加速	泛需求	B	false	true	1
792	跨境专线搭建	%E8%B7%A8%E5%A2%83%E4%B8%93%E7%BA%BF%E6%90%AD%E5%BB%BA	https://www.kuaishou.com/search/%E8%B7%A8%E5%A2%83%E4%B8%93%E7%BA%BF%E6%90%AD%E5%BB%BA	跨境与海外网络	跨境外贸	B	false	true	1
793	跨境电商如何搭建网络环境	%E8%B7%A8%E5%A2%83%E7%94%B5%E5%95%86%E5%A6%82%E4%BD%95%E6%90%AD%E5%BB%BA%E7%BD%91%E7%BB%9C%E7%8E%AF%E5%A2%83	https://www.kuaishou.com/search/%E8%B7%A8%E5%A2%83%E7%94%B5%E5%95%86%E5%A6%82%E4%BD%95%E6%90%AD%E5%BB%BA%E7%BD%91%E7%BB%9C%E7%8E%AF%E5%A2%83	跨境与海外网络	跨境外贸	B	false	true	1
794	跨境电商网络搭建	%E8%B7%A8%E5%A2%83%E7%94%B5%E5%95%86%E7%BD%91%E7%BB%9C%E6%90%AD%E5%BB%BA	https://www.kuaishou.com/search/%E8%B7%A8%E5%A2%83%E7%94%B5%E5%95%86%E7%BD%91%E7%BB%9C%E6%90%AD%E5%BB%BA	跨境与海外网络	跨境外贸	B	false	true	1
795	跨境电商网络环境保姆级教程	%E8%B7%A8%E5%A2%83%E7%94%B5%E5%95%86%E7%BD%91%E7%BB%9C%E7%8E%AF%E5%A2%83%E4%BF%9D%E5%A7%86%E7%BA%A7%E6%95%99%E7%A8%8B	https://www.kuaishou.com/search/%E8%B7%A8%E5%A2%83%E7%94%B5%E5%95%86%E7%BD%91%E7%BB%9C%E7%8E%AF%E5%A2%83%E4%BF%9D%E5%A7%86%E7%BA%A7%E6%95%99%E7%A8%8B	跨境与海外网络	跨境外贸	B	false	true	1
796	跨境电商节点搭建	%E8%B7%A8%E5%A2%83%E7%94%B5%E5%95%86%E8%8A%82%E7%82%B9%E6%90%AD%E5%BB%BA	https://www.kuaishou.com/search/%E8%B7%A8%E5%A2%83%E7%94%B5%E5%95%86%E8%8A%82%E7%82%B9%E6%90%AD%E5%BB%BA	跨境与海外网络	跨境外贸	B	true	true	1
797	跨境直播网络怎么解决	%E8%B7%A8%E5%A2%83%E7%9B%B4%E6%92%AD%E7%BD%91%E7%BB%9C%E6%80%8E%E4%B9%88%E8%A7%A3%E5%86%B3	https://www.kuaishou.com/search/%E8%B7%A8%E5%A2%83%E7%9B%B4%E6%92%AD%E7%BD%91%E7%BB%9C%E6%80%8E%E4%B9%88%E8%A7%A3%E5%86%B3	跨境与海外网络	跨境外贸	B	false	true	1
798	跨境直播网络问题	%E8%B7%A8%E5%A2%83%E7%9B%B4%E6%92%AD%E7%BD%91%E7%BB%9C%E9%97%AE%E9%A2%98	https://www.kuaishou.com/search/%E8%B7%A8%E5%A2%83%E7%9B%B4%E6%92%AD%E7%BD%91%E7%BB%9C%E9%97%AE%E9%A2%98	跨境与海外网络	跨境外贸	B	false	true	1
799	跨境网络工具有哪些	%E8%B7%A8%E5%A2%83%E7%BD%91%E7%BB%9C%E5%B7%A5%E5%85%B7%E6%9C%89%E5%93%AA%E4%BA%9B	https://www.kuaishou.com/search/%E8%B7%A8%E5%A2%83%E7%BD%91%E7%BB%9C%E5%B7%A5%E5%85%B7%E6%9C%89%E5%93%AA%E4%BA%9B	跨境与海外网络	跨境外贸	B	false	true	1
800	跨境网络搭建怎么解决	%E8%B7%A8%E5%A2%83%E7%BD%91%E7%BB%9C%E6%90%AD%E5%BB%BA%E6%80%8E%E4%B9%88%E8%A7%A3%E5%86%B3	https://www.kuaishou.com/search/%E8%B7%A8%E5%A2%83%E7%BD%91%E7%BB%9C%E6%90%AD%E5%BB%BA%E6%80%8E%E4%B9%88%E8%A7%A3%E5%86%B3	跨境与海外网络	跨境外贸	B	false	true	1
801	跨境网络服务商怎么选	%E8%B7%A8%E5%A2%83%E7%BD%91%E7%BB%9C%E6%9C%8D%E5%8A%A1%E5%95%86%E6%80%8E%E4%B9%88%E9%80%89	https://www.kuaishou.com/search/%E8%B7%A8%E5%A2%83%E7%BD%91%E7%BB%9C%E6%9C%8D%E5%8A%A1%E5%95%86%E6%80%8E%E4%B9%88%E9%80%89	跨境与海外网络	跨境外贸	B	false	true	1
802	跨境网络服务商推荐	%E8%B7%A8%E5%A2%83%E7%BD%91%E7%BB%9C%E6%9C%8D%E5%8A%A1%E5%95%86%E6%8E%A8%E8%8D%90	https://www.kuaishou.com/search/%E8%B7%A8%E5%A2%83%E7%BD%91%E7%BB%9C%E6%9C%8D%E5%8A%A1%E5%95%86%E6%8E%A8%E8%8D%90	跨境与海外网络	跨境外贸	B	false	true	1
803	迅游加速器mac	%E8%BF%85%E6%B8%B8%E5%8A%A0%E9%80%9F%E5%99%A8mac	https://www.kuaishou.com/search/%E8%BF%85%E6%B8%B8%E5%8A%A0%E9%80%9F%E5%99%A8mac	网络加速	泛需求	B	false	true	1
804	迅游加速器官网首页	%E8%BF%85%E6%B8%B8%E5%8A%A0%E9%80%9F%E5%99%A8%E5%AE%98%E7%BD%91%E9%A6%96%E9%A1%B5	https://www.kuaishou.com/search/%E8%BF%85%E6%B8%B8%E5%8A%A0%E9%80%9F%E5%99%A8%E5%AE%98%E7%BD%91%E9%A6%96%E9%A1%B5	网络加速	泛需求	B	false	true	1
805	雷神加速器cdkey	%E9%9B%B7%E7%A5%9E%E5%8A%A0%E9%80%9F%E5%99%A8cdkey	https://www.kuaishou.com/search/%E9%9B%B7%E7%A5%9E%E5%8A%A0%E9%80%9F%E5%99%A8cdkey	网络加速	泛需求	B	false	true	1
806	雷神加速器卡顿	%E9%9B%B7%E7%A5%9E%E5%8A%A0%E9%80%9F%E5%99%A8%E5%8D%A1%E9%A1%BF	https://www.kuaishou.com/search/%E9%9B%B7%E7%A5%9E%E5%8A%A0%E9%80%9F%E5%99%A8%E5%8D%A1%E9%A1%BF	网络加速	泛需求	B	false	true	1
807	apex英雄加速器对比	apex%E8%8B%B1%E9%9B%84%E5%8A%A0%E9%80%9F%E5%99%A8%E5%AF%B9%E6%AF%94	https://www.kuaishou.com/search/apex%E8%8B%B1%E9%9B%84%E5%8A%A0%E9%80%9F%E5%99%A8%E5%AF%B9%E6%AF%94	网络加速	泛需求	B	false	true	1
808	mod.io加速器	mod.io%E5%8A%A0%E9%80%9F%E5%99%A8	https://www.kuaishou.com/search/mod.io%E5%8A%A0%E9%80%9F%E5%99%A8	网络加速	泛需求	B	false	true	1
809	pubg加速器免费版	pubg%E5%8A%A0%E9%80%9F%E5%99%A8%E5%85%8D%E8%B4%B9%E7%89%88	https://www.kuaishou.com/search/pubg%E5%8A%A0%E9%80%9F%E5%99%A8%E5%85%8D%E8%B4%B9%E7%89%88	网络加速	泛需求	B	false	true	1
810	pubg加速器台湾	pubg%E5%8A%A0%E9%80%9F%E5%99%A8%E5%8F%B0%E6%B9%BE	https://www.kuaishou.com/search/pubg%E5%8A%A0%E9%80%9F%E5%99%A8%E5%8F%B0%E6%B9%BE	网络加速	泛需求	B	false	true	1
811	pubg地铁逃生加速器	pubg%E5%9C%B0%E9%93%81%E9%80%83%E7%94%9F%E5%8A%A0%E9%80%9F%E5%99%A8	https://www.kuaishou.com/search/pubg%E5%9C%B0%E9%93%81%E9%80%83%E7%94%9F%E5%8A%A0%E9%80%9F%E5%99%A8	网络加速	泛需求	B	false	true	1
812	steam游戏加速器推荐	steam%E6%B8%B8%E6%88%8F%E5%8A%A0%E9%80%9F%E5%99%A8%E6%8E%A8%E8%8D%90	https://www.kuaishou.com/search/steam%E6%B8%B8%E6%88%8F%E5%8A%A0%E9%80%9F%E5%99%A8%E6%8E%A8%E8%8D%90	游戏加速	选型购买	B	false	true	1
813	tiktok无网络连接怎么办安卓机	tiktok%E6%97%A0%E7%BD%91%E7%BB%9C%E8%BF%9E%E6%8E%A5%E6%80%8E%E4%B9%88%E5%8A%9E%E5%AE%89%E5%8D%93%E6%9C%BA	https://www.kuaishou.com/search/tiktok%E6%97%A0%E7%BD%91%E7%BB%9C%E8%BF%9E%E6%8E%A5%E6%80%8E%E4%B9%88%E5%8A%9E%E5%AE%89%E5%8D%93%E6%9C%BA	跨境与海外网络	跨境外贸	B	false	true	1
814	tiktok网络不稳定注册不了	tiktok%E7%BD%91%E7%BB%9C%E4%B8%8D%E7%A8%B3%E5%AE%9A%E6%B3%A8%E5%86%8C%E4%B8%8D%E4%BA%86	https://www.kuaishou.com/search/tiktok%E7%BD%91%E7%BB%9C%E4%B8%8D%E7%A8%B3%E5%AE%9A%E6%B3%A8%E5%86%8C%E4%B8%8D%E4%BA%86	跨境与海外网络	跨境外贸	B	false	true	1
815	tiktok网络异常最简单三个步骤	tiktok%E7%BD%91%E7%BB%9C%E5%BC%82%E5%B8%B8%E6%9C%80%E7%AE%80%E5%8D%95%E4%B8%89%E4%B8%AA%E6%AD%A5%E9%AA%A4	https://www.kuaishou.com/search/tiktok%E7%BD%91%E7%BB%9C%E5%BC%82%E5%B8%B8%E6%9C%80%E7%AE%80%E5%8D%95%E4%B8%89%E4%B8%AA%E6%AD%A5%E9%AA%A4	跨境与海外网络	跨境外贸	B	false	true	1
816	tiktok网络无法连接到服务器	tiktok%E7%BD%91%E7%BB%9C%E6%97%A0%E6%B3%95%E8%BF%9E%E6%8E%A5%E5%88%B0%E6%9C%8D%E5%8A%A1%E5%99%A8	https://www.kuaishou.com/search/tiktok%E7%BD%91%E7%BB%9C%E6%97%A0%E6%B3%95%E8%BF%9E%E6%8E%A5%E5%88%B0%E6%9C%8D%E5%8A%A1%E5%99%A8	跨境与海外网络	跨境外贸	B	false	true	1
817	tiktok网络环境搭建	tiktok%E7%BD%91%E7%BB%9C%E7%8E%AF%E5%A2%83%E6%90%AD%E5%BB%BA	https://www.kuaishou.com/search/tiktok%E7%BD%91%E7%BB%9C%E7%8E%AF%E5%A2%83%E6%90%AD%E5%BB%BA	跨境与海外网络	跨境外贸	B	false	true	1
818	uu加速器卡顿	uu%E5%8A%A0%E9%80%9F%E5%99%A8%E5%8D%A1%E9%A1%BF	https://www.kuaishou.com/search/uu%E5%8A%A0%E9%80%9F%E5%99%A8%E5%8D%A1%E9%A1%BF	网络加速	泛需求	B	false	true	1
819	vpn修改器	vpn%E4%BF%AE%E6%94%B9%E5%99%A8	https://www.kuaishou.com/search/vpn%E4%BF%AE%E6%94%B9%E5%99%A8	VPN核心	泛需求	B	false	true	1
820	vpn原理图	vpn%E5%8E%9F%E7%90%86%E5%9B%BE	https://www.kuaishou.com/search/vpn%E5%8E%9F%E7%90%86%E5%9B%BE	VPN核心	科普原理	B	false	true	1
821	vpn原理图解	vpn%E5%8E%9F%E7%90%86%E5%9B%BE%E8%A7%A3	https://www.kuaishou.com/search/vpn%E5%8E%9F%E7%90%86%E5%9B%BE%E8%A7%A3	VPN核心	科普原理	B	false	true	1
822	vpn对比	vpn%E5%AF%B9%E6%AF%94	https://www.kuaishou.com/search/vpn%E5%AF%B9%E6%AF%94	VPN核心	泛需求	B	false	true	1
823	vpn软件安卓	vpn%E8%BD%AF%E4%BB%B6%E5%AE%89%E5%8D%93	https://www.kuaishou.com/search/vpn%E8%BD%AF%E4%BB%B6%E5%AE%89%E5%8D%93	VPN核心	下载安装	B	false	true	1
824	vpn软路由	vpn%E8%BD%AF%E8%B7%AF%E7%94%B1	https://www.kuaishou.com/search/vpn%E8%BD%AF%E8%B7%AF%E7%94%B1	VPN核心	泛需求	B	false	true	1
825	www.tiktok.com打不开	www.tiktok.com%E6%89%93%E4%B8%8D%E5%BC%80	https://www.kuaishou.com/search/www.tiktok.com%E6%89%93%E4%B8%8D%E5%BC%80	跨境与海外网络	跨境外贸	B	false	true	1
826	中国人寿海外app下载	%E4%B8%AD%E5%9B%BD%E4%BA%BA%E5%AF%BF%E6%B5%B7%E5%A4%96app%E4%B8%8B%E8%BD%BD	https://www.kuaishou.com/search/%E4%B8%AD%E5%9B%BD%E4%BA%BA%E5%AF%BF%E6%B5%B7%E5%A4%96app%E4%B8%8B%E8%BD%BD	跨境与海外网络	跨境外贸	B	false	true	1
827	中国程序员在国内为海外软件公司工作105.8万元工资被罚没	%E4%B8%AD%E5%9B%BD%E7%A8%8B%E5%BA%8F%E5%91%98%E5%9C%A8%E5%9B%BD%E5%86%85%E4%B8%BA%E6%B5%B7%E5%A4%96%E8%BD%AF%E4%BB%B6%E5%85%AC%E5%8F%B8%E5%B7%A5%E4%BD%9C105.8%E4%B8%87%E5%85%83%E5%B7%A5%E8%B5%84%E8%A2%AB%E7%BD%9A%E6%B2%A1	https://www.kuaishou.com/search/%E4%B8%AD%E5%9B%BD%E7%A8%8B%E5%BA%8F%E5%91%98%E5%9C%A8%E5%9B%BD%E5%86%85%E4%B8%BA%E6%B5%B7%E5%A4%96%E8%BD%AF%E4%BB%B6%E5%85%AC%E5%8F%B8%E5%B7%A5%E4%BD%9C105.8%E4%B8%87%E5%85%83%E5%B7%A5%E8%B5%84%E8%A2%AB%E7%BD%9A%E6%B2%A1	跨境与海外网络	企业办公	B	false	true	1
828	主机游戏加速器推荐	%E4%B8%BB%E6%9C%BA%E6%B8%B8%E6%88%8F%E5%8A%A0%E9%80%9F%E5%99%A8%E6%8E%A8%E8%8D%90	https://www.kuaishou.com/search/%E4%B8%BB%E6%9C%BA%E6%B8%B8%E6%88%8F%E5%8A%A0%E9%80%9F%E5%99%A8%E6%8E%A8%E8%8D%90	游戏加速	选型购买	B	false	true	1
829	亚马逊网络红人营销	%E4%BA%9A%E9%A9%AC%E9%80%8A%E7%BD%91%E7%BB%9C%E7%BA%A2%E4%BA%BA%E8%90%A5%E9%94%80	https://www.kuaishou.com/search/%E4%BA%9A%E9%A9%AC%E9%80%8A%E7%BD%91%E7%BB%9C%E7%BA%A2%E4%BA%BA%E8%90%A5%E9%94%80	跨境与海外网络	跨境外贸	B	false	true	1
830	什么是vpn	%E4%BB%80%E4%B9%88%E6%98%AFvpn	https://www.kuaishou.com/search/%E4%BB%80%E4%B9%88%E6%98%AFvpn	VPN核心	泛需求	B	false	true	1
831	加速器延迟高好低好	%E5%8A%A0%E9%80%9F%E5%99%A8%E5%BB%B6%E8%BF%9F%E9%AB%98%E5%A5%BD%E4%BD%8E%E5%A5%BD	https://www.kuaishou.com/search/%E5%8A%A0%E9%80%9F%E5%99%A8%E5%BB%B6%E8%BF%9F%E9%AB%98%E5%A5%BD%E4%BD%8E%E5%A5%BD	网络加速	泛需求	B	false	true	1
832	加速器排行榜免费游戏网游手游网络游戏加速器推荐	%E5%8A%A0%E9%80%9F%E5%99%A8%E6%8E%92%E8%A1%8C%E6%A6%9C%E5%85%8D%E8%B4%B9%E6%B8%B8%E6%88%8F%E7%BD%91%E6%B8%B8%E6%89%8B%E6%B8%B8%E7%BD%91%E7%BB%9C%E6%B8%B8%E6%88%8F%E5%8A%A0%E9%80%9F%E5%99%A8%E6%8E%A8%E8%8D%90	https://www.kuaishou.com/search/%E5%8A%A0%E9%80%9F%E5%99%A8%E6%8E%92%E8%A1%8C%E6%A6%9C%E5%85%8D%E8%B4%B9%E6%B8%B8%E6%88%8F%E7%BD%91%E6%B8%B8%E6%89%8B%E6%B8%B8%E7%BD%91%E7%BB%9C%E6%B8%B8%E6%88%8F%E5%8A%A0%E9%80%9F%E5%99%A8%E6%8E%A8%E8%8D%90	游戏加速	选型购买	B	false	true	1
833	加速器排行榜官网	%E5%8A%A0%E9%80%9F%E5%99%A8%E6%8E%92%E8%A1%8C%E6%A6%9C%E5%AE%98%E7%BD%91	https://www.kuaishou.com/search/%E5%8A%A0%E9%80%9F%E5%99%A8%E6%8E%92%E8%A1%8C%E6%A6%9C%E5%AE%98%E7%BD%91	网络加速	泛需求	B	false	true	1
834	加速器测评博客	%E5%8A%A0%E9%80%9F%E5%99%A8%E6%B5%8B%E8%AF%84%E5%8D%9A%E5%AE%A2	https://www.kuaishou.com/search/%E5%8A%A0%E9%80%9F%E5%99%A8%E6%B5%8B%E8%AF%84%E5%8D%9A%E5%AE%A2	网络加速	泛需求	B	false	true	1
835	和平精英加速器电脑版	%E5%92%8C%E5%B9%B3%E7%B2%BE%E8%8B%B1%E5%8A%A0%E9%80%9F%E5%99%A8%E7%94%B5%E8%84%91%E7%89%88	https://www.kuaishou.com/search/%E5%92%8C%E5%B9%B3%E7%B2%BE%E8%8B%B1%E5%8A%A0%E9%80%9F%E5%99%A8%E7%94%B5%E8%84%91%E7%89%88	网络加速	下载安装	B	false	true	1
836	国际专线快递	%E5%9B%BD%E9%99%85%E4%B8%93%E7%BA%BF%E5%BF%AB%E9%80%92	https://www.kuaishou.com/search/%E5%9B%BD%E9%99%85%E4%B8%93%E7%BA%BF%E5%BF%AB%E9%80%92	跨境与海外网络	跨境外贸	B	false	true	1
837	国际服加速器免费	%E5%9B%BD%E9%99%85%E6%9C%8D%E5%8A%A0%E9%80%9F%E5%99%A8%E5%85%8D%E8%B4%B9	https://www.kuaishou.com/search/%E5%9B%BD%E9%99%85%E6%9C%8D%E5%8A%A0%E9%80%9F%E5%99%A8%E5%85%8D%E8%B4%B9	网络加速	泛需求	B	false	true	1
838	国际网络加速器下载	%E5%9B%BD%E9%99%85%E7%BD%91%E7%BB%9C%E5%8A%A0%E9%80%9F%E5%99%A8%E4%B8%8B%E8%BD%BD	https://www.kuaishou.com/search/%E5%9B%BD%E9%99%85%E7%BD%91%E7%BB%9C%E5%8A%A0%E9%80%9F%E5%99%A8%E4%B8%8B%E8%BD%BD	网络加速	下载安装	B	false	true	1
839	外贸网络推广	%E5%A4%96%E8%B4%B8%E7%BD%91%E7%BB%9C%E6%8E%A8%E5%B9%BF	https://www.kuaishou.com/search/%E5%A4%96%E8%B4%B8%E7%BD%91%E7%BB%9C%E6%8E%A8%E5%B9%BF	跨境与海外网络	跨境外贸	B	false	true	1
840	外贸网络搭建ip	%E5%A4%96%E8%B4%B8%E7%BD%91%E7%BB%9C%E6%90%AD%E5%BB%BAip	https://www.kuaishou.com/search/%E5%A4%96%E8%B4%B8%E7%BD%91%E7%BB%9C%E6%90%AD%E5%BB%BAip	跨境与海外网络	跨境外贸	B	false	true	1
841	外贸网络搭建ip怎么购买的	%E5%A4%96%E8%B4%B8%E7%BD%91%E7%BB%9C%E6%90%AD%E5%BB%BAip%E6%80%8E%E4%B9%88%E8%B4%AD%E4%B9%B0%E7%9A%84	https://www.kuaishou.com/search/%E5%A4%96%E8%B4%B8%E7%BD%91%E7%BB%9C%E6%90%AD%E5%BB%BAip%E6%80%8E%E4%B9%88%E8%B4%AD%E4%B9%B0%E7%9A%84	跨境与海外网络	跨境外贸	B	false	true	1
842	奇游手游加速器下载	%E5%A5%87%E6%B8%B8%E6%89%8B%E6%B8%B8%E5%8A%A0%E9%80%9F%E5%99%A8%E4%B8%8B%E8%BD%BD	https://www.kuaishou.com/search/%E5%A5%87%E6%B8%B8%E6%89%8B%E6%B8%B8%E5%8A%A0%E9%80%9F%E5%99%A8%E4%B8%8B%E8%BD%BD	游戏加速	下载安装	B	false	true	1
843	对峙2免费加速器	%E5%AF%B9%E5%B3%992%E5%85%8D%E8%B4%B9%E5%8A%A0%E9%80%9F%E5%99%A8	https://www.kuaishou.com/search/%E5%AF%B9%E5%B3%992%E5%85%8D%E8%B4%B9%E5%8A%A0%E9%80%9F%E5%99%A8	网络加速	泛需求	B	false	true	1
844	战网国际服加速器下载	%E6%88%98%E7%BD%91%E5%9B%BD%E9%99%85%E6%9C%8D%E5%8A%A0%E9%80%9F%E5%99%A8%E4%B8%8B%E8%BD%BD	https://www.kuaishou.com/search/%E6%88%98%E7%BD%91%E5%9B%BD%E9%99%85%E6%9C%8D%E5%8A%A0%E9%80%9F%E5%99%A8%E4%B8%8B%E8%BD%BD	网络加速	下载安装	B	false	true	1
845	手机游戏加速器10倍速度	%E6%89%8B%E6%9C%BA%E6%B8%B8%E6%88%8F%E5%8A%A0%E9%80%9F%E5%99%A810%E5%80%8D%E9%80%9F%E5%BA%A6	https://www.kuaishou.com/search/%E6%89%8B%E6%9C%BA%E6%B8%B8%E6%88%8F%E5%8A%A0%E9%80%9F%E5%99%A810%E5%80%8D%E9%80%9F%E5%BA%A6	游戏加速	下载安装	B	false	true	1
846	手机游戏加速器有用吗	%E6%89%8B%E6%9C%BA%E6%B8%B8%E6%88%8F%E5%8A%A0%E9%80%9F%E5%99%A8%E6%9C%89%E7%94%A8%E5%90%97	https://www.kuaishou.com/search/%E6%89%8B%E6%9C%BA%E6%B8%B8%E6%88%8F%E5%8A%A0%E9%80%9F%E5%99%A8%E6%9C%89%E7%94%A8%E5%90%97	游戏加速	下载安装	B	false	true	1
847	推特加速器免费	%E6%8E%A8%E7%89%B9%E5%8A%A0%E9%80%9F%E5%99%A8%E5%85%8D%E8%B4%B9	https://www.kuaishou.com/search/%E6%8E%A8%E7%89%B9%E5%8A%A0%E9%80%9F%E5%99%A8%E5%85%8D%E8%B4%B9	网络加速	泛需求	B	false	true	1
848	永久免费加速器下载	%E6%B0%B8%E4%B9%85%E5%85%8D%E8%B4%B9%E5%8A%A0%E9%80%9F%E5%99%A8%E4%B8%8B%E8%BD%BD	https://www.kuaishou.com/search/%E6%B0%B8%E4%B9%85%E5%85%8D%E8%B4%B9%E5%8A%A0%E9%80%9F%E5%99%A8%E4%B8%8B%E8%BD%BD	网络加速	下载安装	B	false	true	1
849	海外app下载网站	%E6%B5%B7%E5%A4%96app%E4%B8%8B%E8%BD%BD%E7%BD%91%E7%AB%99	https://www.kuaishou.com/search/%E6%B5%B7%E5%A4%96app%E4%B8%8B%E8%BD%BD%E7%BD%91%E7%AB%99	跨境与海外网络	跨境外贸	B	false	true	1
850	海外iphone国内保修吗	%E6%B5%B7%E5%A4%96iphone%E5%9B%BD%E5%86%85%E4%BF%9D%E4%BF%AE%E5%90%97	https://www.kuaishou.com/search/%E6%B5%B7%E5%A4%96iphone%E5%9B%BD%E5%86%85%E4%BF%9D%E4%BF%AE%E5%90%97	跨境与海外网络	跨境外贸	B	false	true	1
851	海外iphone技适	%E6%B5%B7%E5%A4%96iphone%E6%8A%80%E9%80%82	https://www.kuaishou.com/search/%E6%B5%B7%E5%A4%96iphone%E6%8A%80%E9%80%82	跨境与海外网络	跨境外贸	B	false	true	1
852	海外专线ip多少钱一条	%E6%B5%B7%E5%A4%96%E4%B8%93%E7%BA%BFip%E5%A4%9A%E5%B0%91%E9%92%B1%E4%B8%80%E6%9D%A1	https://www.kuaishou.com/search/%E6%B5%B7%E5%A4%96%E4%B8%93%E7%BA%BFip%E5%A4%9A%E5%B0%91%E9%92%B1%E4%B8%80%E6%9D%A1	跨境与海外网络	跨境外贸	B	false	true	1
853	海外专线电视剧蜜语纪	%E6%B5%B7%E5%A4%96%E4%B8%93%E7%BA%BF%E7%94%B5%E8%A7%86%E5%89%A7%E8%9C%9C%E8%AF%AD%E7%BA%AA	https://www.kuaishou.com/search/%E6%B5%B7%E5%A4%96%E4%B8%93%E7%BA%BF%E7%94%B5%E8%A7%86%E5%89%A7%E8%9C%9C%E8%AF%AD%E7%BA%AA	跨境与海外网络	跨境外贸	B	false	true	1
854	海外留学生网站	%E6%B5%B7%E5%A4%96%E7%95%99%E5%AD%A6%E7%94%9F%E7%BD%91%E7%AB%99	https://www.kuaishou.com/search/%E6%B5%B7%E5%A4%96%E7%95%99%E5%AD%A6%E7%94%9F%E7%BD%91%E7%AB%99	跨境与海外网络	跨境外贸	B	false	true	1
855	海外直播网络专线价格	%E6%B5%B7%E5%A4%96%E7%9B%B4%E6%92%AD%E7%BD%91%E7%BB%9C%E4%B8%93%E7%BA%BF%E4%BB%B7%E6%A0%BC	https://www.kuaishou.com/search/%E6%B5%B7%E5%A4%96%E7%9B%B4%E6%92%AD%E7%BD%91%E7%BB%9C%E4%B8%93%E7%BA%BF%E4%BB%B7%E6%A0%BC	跨境与海外网络	跨境外贸	B	false	true	1
856	海外软件下载安装	%E6%B5%B7%E5%A4%96%E8%BD%AF%E4%BB%B6%E4%B8%8B%E8%BD%BD%E5%AE%89%E8%A3%85	https://www.kuaishou.com/search/%E6%B5%B7%E5%A4%96%E8%BD%AF%E4%BB%B6%E4%B8%8B%E8%BD%BD%E5%AE%89%E8%A3%85	跨境与海外网络	跨境外贸	B	false	true	1
857	海外软件下载慢	%E6%B5%B7%E5%A4%96%E8%BD%AF%E4%BB%B6%E4%B8%8B%E8%BD%BD%E6%85%A2	https://www.kuaishou.com/search/%E6%B5%B7%E5%A4%96%E8%BD%AF%E4%BB%B6%E4%B8%8B%E8%BD%BD%E6%85%A2	跨境与海外网络	跨境外贸	B	false	true	1
858	游戏加速器下载教程	%E6%B8%B8%E6%88%8F%E5%8A%A0%E9%80%9F%E5%99%A8%E4%B8%8B%E8%BD%BD%E6%95%99%E7%A8%8B	https://www.kuaishou.com/search/%E6%B8%B8%E6%88%8F%E5%8A%A0%E9%80%9F%E5%99%A8%E4%B8%8B%E8%BD%BD%E6%95%99%E7%A8%8B	游戏加速	配置排障	B	false	true	1
859	游戏加速器推荐巴哈	%E6%B8%B8%E6%88%8F%E5%8A%A0%E9%80%9F%E5%99%A8%E6%8E%A8%E8%8D%90%E5%B7%B4%E5%93%88	https://www.kuaishou.com/search/%E6%B8%B8%E6%88%8F%E5%8A%A0%E9%80%9F%E5%99%A8%E6%8E%A8%E8%8D%90%E5%B7%B4%E5%93%88	游戏加速	选型购买	B	false	true	1
860	游戏加速器推荐网站	%E6%B8%B8%E6%88%8F%E5%8A%A0%E9%80%9F%E5%99%A8%E6%8E%A8%E8%8D%90%E7%BD%91%E7%AB%99	https://www.kuaishou.com/search/%E6%B8%B8%E6%88%8F%E5%8A%A0%E9%80%9F%E5%99%A8%E6%8E%A8%E8%8D%90%E7%BD%91%E7%AB%99	游戏加速	选型购买	B	false	true	1
861	游戏加速器游戏联机平台远程游戏贝锐蒲公英官网	%E6%B8%B8%E6%88%8F%E5%8A%A0%E9%80%9F%E5%99%A8%E6%B8%B8%E6%88%8F%E8%81%94%E6%9C%BA%E5%B9%B3%E5%8F%B0%E8%BF%9C%E7%A8%8B%E6%B8%B8%E6%88%8F%E8%B4%9D%E9%94%90%E8%92%B2%E5%85%AC%E8%8B%B1%E5%AE%98%E7%BD%91	https://www.kuaishou.com/search/%E6%B8%B8%E6%88%8F%E5%8A%A0%E9%80%9F%E5%99%A8%E6%B8%B8%E6%88%8F%E8%81%94%E6%9C%BA%E5%B9%B3%E5%8F%B0%E8%BF%9C%E7%A8%8B%E6%B8%B8%E6%88%8F%E8%B4%9D%E9%94%90%E8%92%B2%E5%85%AC%E8%8B%B1%E5%AE%98%E7%BD%91	企业网络	企业办公	B	false	true	1
862	火箭加速器下载	%E7%81%AB%E7%AE%AD%E5%8A%A0%E9%80%9F%E5%99%A8%E4%B8%8B%E8%BD%BD	https://www.kuaishou.com/search/%E7%81%AB%E7%AE%AD%E5%8A%A0%E9%80%9F%E5%99%A8%E4%B8%8B%E8%BD%BD	网络加速	下载安装	B	false	true	1
863	球球大作战加速器辅助电脑版	%E7%90%83%E7%90%83%E5%A4%A7%E4%BD%9C%E6%88%98%E5%8A%A0%E9%80%9F%E5%99%A8%E8%BE%85%E5%8A%A9%E7%94%B5%E8%84%91%E7%89%88	https://www.kuaishou.com/search/%E7%90%83%E7%90%83%E5%A4%A7%E4%BD%9C%E6%88%98%E5%8A%A0%E9%80%9F%E5%99%A8%E8%BE%85%E5%8A%A9%E7%94%B5%E8%84%91%E7%89%88	网络加速	下载安装	B	false	true	1
864	电子商务 -跨境电商	%E7%94%B5%E5%AD%90%E5%95%86%E5%8A%A1%20-%E8%B7%A8%E5%A2%83%E7%94%B5%E5%95%86	https://www.kuaishou.com/search/%E7%94%B5%E5%AD%90%E5%95%86%E5%8A%A1%20-%E8%B7%A8%E5%A2%83%E7%94%B5%E5%95%86	跨境与海外网络	跨境外贸	B	false	true	1
865	电脑游戏加速器永久免费版	%E7%94%B5%E8%84%91%E6%B8%B8%E6%88%8F%E5%8A%A0%E9%80%9F%E5%99%A8%E6%B0%B8%E4%B9%85%E5%85%8D%E8%B4%B9%E7%89%88	https://www.kuaishou.com/search/%E7%94%B5%E8%84%91%E6%B8%B8%E6%88%8F%E5%8A%A0%E9%80%9F%E5%99%A8%E6%B0%B8%E4%B9%85%E5%85%8D%E8%B4%B9%E7%89%88	游戏加速	下载安装	B	false	true	1
866	网络加速器免费	%E7%BD%91%E7%BB%9C%E5%8A%A0%E9%80%9F%E5%99%A8%E5%85%8D%E8%B4%B9	https://www.kuaishou.com/search/%E7%BD%91%E7%BB%9C%E5%8A%A0%E9%80%9F%E5%99%A8%E5%85%8D%E8%B4%B9	网络加速	泛需求	B	false	true	1
867	翻墙猫	%E7%BF%BB%E5%A2%99%E7%8C%AB	https://www.kuaishou.com/search/%E7%BF%BB%E5%A2%99%E7%8C%AB	VPN核心	泛需求	B	true	true	1
868	荒野乱斗国际服需要加速器吗	%E8%8D%92%E9%87%8E%E4%B9%B1%E6%96%97%E5%9B%BD%E9%99%85%E6%9C%8D%E9%9C%80%E8%A6%81%E5%8A%A0%E9%80%9F%E5%99%A8%E5%90%97	https://www.kuaishou.com/search/%E8%8D%92%E9%87%8E%E4%B9%B1%E6%96%97%E5%9B%BD%E9%99%85%E6%9C%8D%E9%9C%80%E8%A6%81%E5%8A%A0%E9%80%9F%E5%99%A8%E5%90%97	网络加速	泛需求	B	false	true	1
869	行政处罚vpn	%E8%A1%8C%E6%94%BF%E5%A4%84%E7%BD%9Avpn	https://www.kuaishou.com/search/%E8%A1%8C%E6%94%BF%E5%A4%84%E7%BD%9Avpn	VPN核心	泛需求	B	false	true	1
870	跨境专线物流	%E8%B7%A8%E5%A2%83%E4%B8%93%E7%BA%BF%E7%89%A9%E6%B5%81	https://www.kuaishou.com/search/%E8%B7%A8%E5%A2%83%E4%B8%93%E7%BA%BF%E7%89%A9%E6%B5%81	跨境与海外网络	跨境外贸	B	false	true	1
871	跨境专线网络独享	%E8%B7%A8%E5%A2%83%E4%B8%93%E7%BA%BF%E7%BD%91%E7%BB%9C%E7%8B%AC%E4%BA%AB	https://www.kuaishou.com/search/%E8%B7%A8%E5%A2%83%E4%B8%93%E7%BA%BF%E7%BD%91%E7%BB%9C%E7%8B%AC%E4%BA%AB	跨境与海外网络	跨境外贸	B	false	true	1
872	跨境电商网络怎么解决	%E8%B7%A8%E5%A2%83%E7%94%B5%E5%95%86%E7%BD%91%E7%BB%9C%E6%80%8E%E4%B9%88%E8%A7%A3%E5%86%B3	https://www.kuaishou.com/search/%E8%B7%A8%E5%A2%83%E7%94%B5%E5%95%86%E7%BD%91%E7%BB%9C%E6%80%8E%E4%B9%88%E8%A7%A3%E5%86%B3	跨境与海外网络	跨境外贸	B	false	true	1
873	跨境电商网络搭建大概要花费多少钱	%E8%B7%A8%E5%A2%83%E7%94%B5%E5%95%86%E7%BD%91%E7%BB%9C%E6%90%AD%E5%BB%BA%E5%A4%A7%E6%A6%82%E8%A6%81%E8%8A%B1%E8%B4%B9%E5%A4%9A%E5%B0%91%E9%92%B1	https://www.kuaishou.com/search/%E8%B7%A8%E5%A2%83%E7%94%B5%E5%95%86%E7%BD%91%E7%BB%9C%E6%90%AD%E5%BB%BA%E5%A4%A7%E6%A6%82%E8%A6%81%E8%8A%B1%E8%B4%B9%E5%A4%9A%E5%B0%91%E9%92%B1	跨境与海外网络	跨境外贸	B	false	true	1
874	跨境电商网络环境软件	%E8%B7%A8%E5%A2%83%E7%94%B5%E5%95%86%E7%BD%91%E7%BB%9C%E7%8E%AF%E5%A2%83%E8%BD%AF%E4%BB%B6	https://www.kuaishou.com/search/%E8%B7%A8%E5%A2%83%E7%94%B5%E5%95%86%E7%BD%91%E7%BB%9C%E7%8E%AF%E5%A2%83%E8%BD%AF%E4%BB%B6	跨境与海外网络	跨境外贸	B	false	true	1
875	跨境电商英文网络直播中的中国文化传播研究	%E8%B7%A8%E5%A2%83%E7%94%B5%E5%95%86%E8%8B%B1%E6%96%87%E7%BD%91%E7%BB%9C%E7%9B%B4%E6%92%AD%E4%B8%AD%E7%9A%84%E4%B8%AD%E5%9B%BD%E6%96%87%E5%8C%96%E4%BC%A0%E6%92%AD%E7%A0%94%E7%A9%B6	https://www.kuaishou.com/search/%E8%B7%A8%E5%A2%83%E7%94%B5%E5%95%86%E8%8B%B1%E6%96%87%E7%BD%91%E7%BB%9C%E7%9B%B4%E6%92%AD%E4%B8%AD%E7%9A%84%E4%B8%AD%E5%9B%BD%E6%96%87%E5%8C%96%E4%BC%A0%E6%92%AD%E7%A0%94%E7%A9%B6	跨境与海外网络	跨境外贸	B	false	true	1
876	跨境直播网络测试	%E8%B7%A8%E5%A2%83%E7%9B%B4%E6%92%AD%E7%BD%91%E7%BB%9C%E6%B5%8B%E8%AF%95	https://www.kuaishou.com/search/%E8%B7%A8%E5%A2%83%E7%9B%B4%E6%92%AD%E7%BD%91%E7%BB%9C%E6%B5%8B%E8%AF%95	跨境与海外网络	跨境外贸	B	false	true	1
877	跨境网络<独享>	%E8%B7%A8%E5%A2%83%E7%BD%91%E7%BB%9C%3C%E7%8B%AC%E4%BA%AB%3E	https://www.kuaishou.com/search/%E8%B7%A8%E5%A2%83%E7%BD%91%E7%BB%9C%3C%E7%8B%AC%E4%BA%AB%3E	跨境与海外网络	跨境外贸	B	false	true	1
878	跨境网络专线服务商	%E8%B7%A8%E5%A2%83%E7%BD%91%E7%BB%9C%E4%B8%93%E7%BA%BF%E6%9C%8D%E5%8A%A1%E5%95%86	https://www.kuaishou.com/search/%E8%B7%A8%E5%A2%83%E7%BD%91%E7%BB%9C%E4%B8%93%E7%BA%BF%E6%9C%8D%E5%8A%A1%E5%95%86	跨境与海外网络	跨境外贸	B	false	true	1
879	跨境网络搭建成都公司	%E8%B7%A8%E5%A2%83%E7%BD%91%E7%BB%9C%E6%90%AD%E5%BB%BA%E6%88%90%E9%83%BD%E5%85%AC%E5%8F%B8	https://www.kuaishou.com/search/%E8%B7%A8%E5%A2%83%E7%BD%91%E7%BB%9C%E6%90%AD%E5%BB%BA%E6%88%90%E9%83%BD%E5%85%AC%E5%8F%B8	跨境与海外网络	企业办公	B	false	true	1
880	雷神加速器linux	%E9%9B%B7%E7%A5%9E%E5%8A%A0%E9%80%9F%E5%99%A8linux	https://www.kuaishou.com/search/%E9%9B%B7%E7%A5%9E%E5%8A%A0%E9%80%9F%E5%99%A8linux	网络加速	泛需求	B	false	true	1
881	雷神加速器免费时长	%E9%9B%B7%E7%A5%9E%E5%8A%A0%E9%80%9F%E5%99%A8%E5%85%8D%E8%B4%B9%E6%97%B6%E9%95%BF	https://www.kuaishou.com/search/%E9%9B%B7%E7%A5%9E%E5%8A%A0%E9%80%9F%E5%99%A8%E5%85%8D%E8%B4%B9%E6%97%B6%E9%95%BF	网络加速	泛需求	B	false	true	1
882	雷神加速器官网首页电脑版	%E9%9B%B7%E7%A5%9E%E5%8A%A0%E9%80%9F%E5%99%A8%E5%AE%98%E7%BD%91%E9%A6%96%E9%A1%B5%E7%94%B5%E8%84%91%E7%89%88	https://www.kuaishou.com/search/%E9%9B%B7%E7%A5%9E%E5%8A%A0%E9%80%9F%E5%99%A8%E5%AE%98%E7%BD%91%E9%A6%96%E9%A1%B5%E7%94%B5%E8%84%91%E7%89%88	网络加速	下载安装	B	false	true	1
883	apex英雄加速器教程	apex%E8%8B%B1%E9%9B%84%E5%8A%A0%E9%80%9F%E5%99%A8%E6%95%99%E7%A8%8B	https://www.kuaishou.com/search/apex%E8%8B%B1%E9%9B%84%E5%8A%A0%E9%80%9F%E5%99%A8%E6%95%99%E7%A8%8B	网络加速	配置排障	B	false	true	1
884	express vpn怎么用	express%20vpn%E6%80%8E%E4%B9%88%E7%94%A8	https://www.kuaishou.com/search/express%20vpn%E6%80%8E%E4%B9%88%E7%94%A8	VPN核心	配置排障	B	false	true	1
885	ipsec vpn fortigate	ipsec%20vpn%20fortigate	https://www.kuaishou.com/search/ipsec%20vpn%20fortigate	VPN协议与技术	代理与IP	B	false	true	1
886	ipsec vpn服务器搭建	ipsec%20vpn%E6%9C%8D%E5%8A%A1%E5%99%A8%E6%90%AD%E5%BB%BA	https://www.kuaishou.com/search/ipsec%20vpn%E6%9C%8D%E5%8A%A1%E5%99%A8%E6%90%AD%E5%BB%BA	VPN协议与技术	配置排障	B	false	true	1
887	kk加速器打开后卡顿	kk%E5%8A%A0%E9%80%9F%E5%99%A8%E6%89%93%E5%BC%80%E5%90%8E%E5%8D%A1%E9%A1%BF	https://www.kuaishou.com/search/kk%E5%8A%A0%E9%80%9F%E5%99%A8%E6%89%93%E5%BC%80%E5%90%8E%E5%8D%A1%E9%A1%BF	网络加速	泛需求	B	false	true	1
888	lol国际服加速器下载	lol%E5%9B%BD%E9%99%85%E6%9C%8D%E5%8A%A0%E9%80%9F%E5%99%A8%E4%B8%8B%E8%BD%BD	https://www.kuaishou.com/search/lol%E5%9B%BD%E9%99%85%E6%9C%8D%E5%8A%A0%E9%80%9F%E5%99%A8%E4%B8%8B%E8%BD%BD	网络加速	下载安装	B	false	true	1
889	openvpn手机使用教程	openvpn%E6%89%8B%E6%9C%BA%E4%BD%BF%E7%94%A8%E6%95%99%E7%A8%8B	https://www.kuaishou.com/search/openvpn%E6%89%8B%E6%9C%BA%E4%BD%BF%E7%94%A8%E6%95%99%E7%A8%8B	VPN协议与技术	配置排障	B	false	true	1
890	openwrt vpn设置	openwrt%20vpn%E8%AE%BE%E7%BD%AE	https://www.kuaishou.com/search/openwrt%20vpn%E8%AE%BE%E7%BD%AE	VPN核心	配置排障	B	false	true	1
891	oppo应用商店海外版	oppo%E5%BA%94%E7%94%A8%E5%95%86%E5%BA%97%E6%B5%B7%E5%A4%96%E7%89%88	https://www.kuaishou.com/search/oppo%E5%BA%94%E7%94%A8%E5%95%86%E5%BA%97%E6%B5%B7%E5%A4%96%E7%89%88	跨境与海外网络	跨境外贸	B	false	true	1
892	proton vpn免费版安全吗	proton%20vpn%E5%85%8D%E8%B4%B9%E7%89%88%E5%AE%89%E5%85%A8%E5%90%97	https://www.kuaishou.com/search/proton%20vpn%E5%85%8D%E8%B4%B9%E7%89%88%E5%AE%89%E5%85%A8%E5%90%97	VPN核心	科普原理	B	false	true	1
893	protonvpn电脑版	protonvpn%E7%94%B5%E8%84%91%E7%89%88	https://www.kuaishou.com/search/protonvpn%E7%94%B5%E8%84%91%E7%89%88	VPN核心	下载安装	B	false	true	1
894	pubg加速器哪个好用	pubg%E5%8A%A0%E9%80%9F%E5%99%A8%E5%93%AA%E4%B8%AA%E5%A5%BD%E7%94%A8	https://www.kuaishou.com/search/pubg%E5%8A%A0%E9%80%9F%E5%99%A8%E5%93%AA%E4%B8%AA%E5%A5%BD%E7%94%A8	网络加速	选型购买	B	false	true	1
895	radmin vpn安全吗	radmin%20vpn%E5%AE%89%E5%85%A8%E5%90%97	https://www.kuaishou.com/search/radmin%20vpn%E5%AE%89%E5%85%A8%E5%90%97	VPN核心	科普原理	B	false	true	1
896	ssl vpn hillstone	ssl%20vpn%20hillstone	https://www.kuaishou.com/search/ssl%20vpn%20hillstone	VPN协议与技术	泛需求	B	false	true	1
897	steam游戏加速器永久免费版	steam%E6%B8%B8%E6%88%8F%E5%8A%A0%E9%80%9F%E5%99%A8%E6%B0%B8%E4%B9%85%E5%85%8D%E8%B4%B9%E7%89%88	https://www.kuaishou.com/search/steam%E6%B8%B8%E6%88%8F%E5%8A%A0%E9%80%9F%E5%99%A8%E6%B0%B8%E4%B9%85%E5%85%8D%E8%B4%B9%E7%89%88	游戏加速	游戏娱乐	B	false	true	1
898	tiktok直播网络搭建	tiktok%E7%9B%B4%E6%92%AD%E7%BD%91%E7%BB%9C%E6%90%AD%E5%BB%BA	https://www.kuaishou.com/search/tiktok%E7%9B%B4%E6%92%AD%E7%BD%91%E7%BB%9C%E6%90%AD%E5%BB%BA	跨境与海外网络	跨境外贸	B	false	true	1
899	tiktok网络不稳定ios	tiktok%E7%BD%91%E7%BB%9C%E4%B8%8D%E7%A8%B3%E5%AE%9Aios	https://www.kuaishou.com/search/tiktok%E7%BD%91%E7%BB%9C%E4%B8%8D%E7%A8%B3%E5%AE%9Aios	跨境与海外网络	跨境外贸	B	false	true	1
900	tiktok网络不稳定怎么办苹果	tiktok%E7%BD%91%E7%BB%9C%E4%B8%8D%E7%A8%B3%E5%AE%9A%E6%80%8E%E4%B9%88%E5%8A%9E%E8%8B%B9%E6%9E%9C	https://www.kuaishou.com/search/tiktok%E7%BD%91%E7%BB%9C%E4%B8%8D%E7%A8%B3%E5%AE%9A%E6%80%8E%E4%B9%88%E5%8A%9E%E8%8B%B9%E6%9E%9C	跨境与海外网络	跨境外贸	B	false	true	1
901	tiktok网络异常解决方法	tiktok%E7%BD%91%E7%BB%9C%E5%BC%82%E5%B8%B8%E8%A7%A3%E5%86%B3%E6%96%B9%E6%B3%95	https://www.kuaishou.com/search/tiktok%E7%BD%91%E7%BB%9C%E5%BC%82%E5%B8%B8%E8%A7%A3%E5%86%B3%E6%96%B9%E6%B3%95	跨境与海外网络	跨境外贸	B	false	true	1
902	tiktok网络无法连接ios	tiktok%E7%BD%91%E7%BB%9C%E6%97%A0%E6%B3%95%E8%BF%9E%E6%8E%A5ios	https://www.kuaishou.com/search/tiktok%E7%BD%91%E7%BB%9C%E6%97%A0%E6%B3%95%E8%BF%9E%E6%8E%A5ios	跨境与海外网络	跨境外贸	B	false	true	1
903	tiktok网络服务商	tiktok%E7%BD%91%E7%BB%9C%E6%9C%8D%E5%8A%A1%E5%95%86	https://www.kuaishou.com/search/tiktok%E7%BD%91%E7%BB%9C%E6%9C%8D%E5%8A%A1%E5%95%86	跨境与海外网络	跨境外贸	B	false	true	1
904	tiktok网络连接不上怎么办	tiktok%E7%BD%91%E7%BB%9C%E8%BF%9E%E6%8E%A5%E4%B8%8D%E4%B8%8A%E6%80%8E%E4%B9%88%E5%8A%9E	https://www.kuaishou.com/search/tiktok%E7%BD%91%E7%BB%9C%E8%BF%9E%E6%8E%A5%E4%B8%8D%E4%B8%8A%E6%80%8E%E4%B9%88%E5%8A%9E	跨境与海外网络	跨境外贸	B	false	true	1
905	uu加速器主机加速器支持的游戏	uu%E5%8A%A0%E9%80%9F%E5%99%A8%E4%B8%BB%E6%9C%BA%E5%8A%A0%E9%80%9F%E5%99%A8%E6%94%AF%E6%8C%81%E7%9A%84%E6%B8%B8%E6%88%8F	https://www.kuaishou.com/search/uu%E5%8A%A0%E9%80%9F%E5%99%A8%E4%B8%BB%E6%9C%BA%E5%8A%A0%E9%80%9F%E5%99%A8%E6%94%AF%E6%8C%81%E7%9A%84%E6%B8%B8%E6%88%8F	游戏加速	游戏娱乐	B	false	true	1
906	uu加速器免费时长	uu%E5%8A%A0%E9%80%9F%E5%99%A8%E5%85%8D%E8%B4%B9%E6%97%B6%E9%95%BF	https://www.kuaishou.com/search/uu%E5%8A%A0%E9%80%9F%E5%99%A8%E5%85%8D%E8%B4%B9%E6%97%B6%E9%95%BF	网络加速	泛需求	B	false	true	1
907	uu加速器延迟高	uu%E5%8A%A0%E9%80%9F%E5%99%A8%E5%BB%B6%E8%BF%9F%E9%AB%98	https://www.kuaishou.com/search/uu%E5%8A%A0%E9%80%9F%E5%99%A8%E5%BB%B6%E8%BF%9F%E9%AB%98	网络加速	泛需求	B	false	true	1
908	vpn、怎么用	vpn%E3%80%81%E6%80%8E%E4%B9%88%E7%94%A8	https://www.kuaishou.com/search/vpn%E3%80%81%E6%80%8E%E4%B9%88%E7%94%A8	VPN核心	配置排障	B	false	true	1
909	vpn下载电脑版	vpn%E4%B8%8B%E8%BD%BD%E7%94%B5%E8%84%91%E7%89%88	https://www.kuaishou.com/search/vpn%E4%B8%8B%E8%BD%BD%E7%94%B5%E8%84%91%E7%89%88	VPN核心	下载安装	B	false	true	1
910	vpn介绍	vpn%E4%BB%8B%E7%BB%8D	https://www.kuaishou.com/search/vpn%E4%BB%8B%E7%BB%8D	VPN核心	泛需求	B	false	true	1
911	vpn修改id	vpn%E4%BF%AE%E6%94%B9id	https://www.kuaishou.com/search/vpn%E4%BF%AE%E6%94%B9id	VPN核心	泛需求	B	false	true	1
912	vpn免费机场	vpn%E5%85%8D%E8%B4%B9%E6%9C%BA%E5%9C%BA	https://www.kuaishou.com/search/vpn%E5%85%8D%E8%B4%B9%E6%9C%BA%E5%9C%BA	VPN核心	泛需求	B	true	true	1
913	vpn免费节点排行	vpn%E5%85%8D%E8%B4%B9%E8%8A%82%E7%82%B9%E6%8E%92%E8%A1%8C	https://www.kuaishou.com/search/vpn%E5%85%8D%E8%B4%B9%E8%8A%82%E7%82%B9%E6%8E%92%E8%A1%8C	VPN核心	代理与IP	B	true	true	1
914	vpn原理简介	vpn%E5%8E%9F%E7%90%86%E7%AE%80%E4%BB%8B	https://www.kuaishou.com/search/vpn%E5%8E%9F%E7%90%86%E7%AE%80%E4%BB%8B	VPN核心	科普原理	B	false	true	1
915	vpn哪个好用评测	vpn%E5%93%AA%E4%B8%AA%E5%A5%BD%E7%94%A8%E8%AF%84%E6%B5%8B	https://www.kuaishou.com/search/vpn%E5%93%AA%E4%B8%AA%E5%A5%BD%E7%94%A8%E8%AF%84%E6%B5%8B	VPN核心	选型购买	B	false	true	1
916	vpn哪个好评	vpn%E5%93%AA%E4%B8%AA%E5%A5%BD%E8%AF%84	https://www.kuaishou.com/search/vpn%E5%93%AA%E4%B8%AA%E5%A5%BD%E8%AF%84	VPN核心	选型购买	B	false	true	1
917	vpn安卓下载安装	vpn%E5%AE%89%E5%8D%93%E4%B8%8B%E8%BD%BD%E5%AE%89%E8%A3%85	https://www.kuaishou.com/search/vpn%E5%AE%89%E5%8D%93%E4%B8%8B%E8%BD%BD%E5%AE%89%E8%A3%85	VPN核心	下载安装	B	false	true	1
918	vpn安卓免费推荐	vpn%E5%AE%89%E5%8D%93%E5%85%8D%E8%B4%B9%E6%8E%A8%E8%8D%90	https://www.kuaishou.com/search/vpn%E5%AE%89%E5%8D%93%E5%85%8D%E8%B4%B9%E6%8E%A8%E8%8D%90	VPN核心	选型购买	B	false	true	1
919	vpn安卓版下载	vpn%E5%AE%89%E5%8D%93%E7%89%88%E4%B8%8B%E8%BD%BD	https://www.kuaishou.com/search/vpn%E5%AE%89%E5%8D%93%E7%89%88%E4%B8%8B%E8%BD%BD	VPN核心	下载安装	B	false	true	1
920	vpn客户端windows	vpn%E5%AE%A2%E6%88%B7%E7%AB%AFwindows	https://www.kuaishou.com/search/vpn%E5%AE%A2%E6%88%B7%E7%AB%AFwindows	VPN核心	下载安装	B	false	true	1
921	vpn怎么用啊	vpn%E6%80%8E%E4%B9%88%E7%94%A8%E5%95%8A	https://www.kuaishou.com/search/vpn%E6%80%8E%E4%B9%88%E7%94%A8%E5%95%8A	VPN核心	配置排障	B	false	true	1
922	vpn手机免费试用	vpn%E6%89%8B%E6%9C%BA%E5%85%8D%E8%B4%B9%E8%AF%95%E7%94%A8	https://www.kuaishou.com/search/vpn%E6%89%8B%E6%9C%BA%E5%85%8D%E8%B4%B9%E8%AF%95%E7%94%A8	VPN核心	下载安装	B	false	true	1
923	vpn手机安卓	vpn%E6%89%8B%E6%9C%BA%E5%AE%89%E5%8D%93	https://www.kuaishou.com/search/vpn%E6%89%8B%E6%9C%BA%E5%AE%89%E5%8D%93	VPN核心	下载安装	B	false	true	1
924	vpn手机能用电脑不能用	vpn%E6%89%8B%E6%9C%BA%E8%83%BD%E7%94%A8%E7%94%B5%E8%84%91%E4%B8%8D%E8%83%BD%E7%94%A8	https://www.kuaishou.com/search/vpn%E6%89%8B%E6%9C%BA%E8%83%BD%E7%94%A8%E7%94%B5%E8%84%91%E4%B8%8D%E8%83%BD%E7%94%A8	VPN核心	下载安装	B	false	true	1
925	vpn推荐手机	vpn%E6%8E%A8%E8%8D%90%E6%89%8B%E6%9C%BA	https://www.kuaishou.com/search/vpn%E6%8E%A8%E8%8D%90%E6%89%8B%E6%9C%BA	VPN核心	选型购买	B	false	true	1
926	vpn推荐支付宝	vpn%E6%8E%A8%E8%8D%90%E6%94%AF%E4%BB%98%E5%AE%9D	https://www.kuaishou.com/search/vpn%E6%8E%A8%E8%8D%90%E6%94%AF%E4%BB%98%E5%AE%9D	VPN核心	选型购买	B	false	true	1
927	vpn是什么iphone	vpn%E6%98%AF%E4%BB%80%E4%B9%88iphone	https://www.kuaishou.com/search/vpn%E6%98%AF%E4%BB%80%E4%B9%88iphone	VPN核心	科普原理	B	false	true	1
928	vpn是什么意思和设置方法	vpn%E6%98%AF%E4%BB%80%E4%B9%88%E6%84%8F%E6%80%9D%E5%92%8C%E8%AE%BE%E7%BD%AE%E6%96%B9%E6%B3%95	https://www.kuaishou.com/search/vpn%E6%98%AF%E4%BB%80%E4%B9%88%E6%84%8F%E6%80%9D%E5%92%8C%E8%AE%BE%E7%BD%AE%E6%96%B9%E6%B3%95	VPN核心	配置排障	B	false	true	1
929	vpn服务器地址教程	vpn%E6%9C%8D%E5%8A%A1%E5%99%A8%E5%9C%B0%E5%9D%80%E6%95%99%E7%A8%8B	https://www.kuaishou.com/search/vpn%E6%9C%8D%E5%8A%A1%E5%99%A8%E5%9C%B0%E5%9D%80%E6%95%99%E7%A8%8B	VPN核心	配置排障	B	false	true	1
930	vpn火箭	vpn%E7%81%AB%E7%AE%AD	https://www.kuaishou.com/search/vpn%E7%81%AB%E7%AE%AD	VPN核心	泛需求	B	false	true	1
931	vpn热点	vpn%E7%83%AD%E7%82%B9	https://www.kuaishou.com/search/vpn%E7%83%AD%E7%82%B9	VPN核心	泛需求	B	false	true	1
932	vpn电脑版本	vpn%E7%94%B5%E8%84%91%E7%89%88%E6%9C%AC	https://www.kuaishou.com/search/vpn%E7%94%B5%E8%84%91%E7%89%88%E6%9C%AC	VPN核心	下载安装	B	false	true	1
933	vpn节点免费	vpn%E8%8A%82%E7%82%B9%E5%85%8D%E8%B4%B9	https://www.kuaishou.com/search/vpn%E8%8A%82%E7%82%B9%E5%85%8D%E8%B4%B9	VPN核心	代理与IP	B	true	true	1
934	vpn节点订阅地址	vpn%E8%8A%82%E7%82%B9%E8%AE%A2%E9%98%85%E5%9C%B0%E5%9D%80	https://www.kuaishou.com/search/vpn%E8%8A%82%E7%82%B9%E8%AE%A2%E9%98%85%E5%9C%B0%E5%9D%80	VPN核心	代理与IP	B	true	true	1
935	vpn节点购买技巧	vpn%E8%8A%82%E7%82%B9%E8%B4%AD%E4%B9%B0%E6%8A%80%E5%B7%A7	https://www.kuaishou.com/search/vpn%E8%8A%82%E7%82%B9%E8%B4%AD%E4%B9%B0%E6%8A%80%E5%B7%A7	VPN核心	选型购买	B	true	true	1
936	vpn节点超时是什么意思	vpn%E8%8A%82%E7%82%B9%E8%B6%85%E6%97%B6%E6%98%AF%E4%BB%80%E4%B9%88%E6%84%8F%E6%80%9D	https://www.kuaishou.com/search/vpn%E8%8A%82%E7%82%B9%E8%B6%85%E6%97%B6%E6%98%AF%E4%BB%80%E4%B9%88%E6%84%8F%E6%80%9D	VPN核心	科普原理	B	true	true	1
937	vpn苹果手机下载	vpn%E8%8B%B9%E6%9E%9C%E6%89%8B%E6%9C%BA%E4%B8%8B%E8%BD%BD	https://www.kuaishou.com/search/vpn%E8%8B%B9%E6%9E%9C%E6%89%8B%E6%9C%BA%E4%B8%8B%E8%BD%BD	VPN核心	下载安装	B	false	true	1
938	vpn设置代理	vpn%E8%AE%BE%E7%BD%AE%E4%BB%A3%E7%90%86	https://www.kuaishou.com/search/vpn%E8%AE%BE%E7%BD%AE%E4%BB%A3%E7%90%86	代理与IP	配置排障	B	false	true	1
939	vpn路由器大陸	vpn%E8%B7%AF%E7%94%B1%E5%99%A8%E5%A4%A7%E9%99%B8	https://www.kuaishou.com/search/vpn%E8%B7%AF%E7%94%B1%E5%99%A8%E5%A4%A7%E9%99%B8	VPN核心	泛需求	B	false	true	1
940	vpn路由器比较	vpn%E8%B7%AF%E7%94%B1%E5%99%A8%E6%AF%94%E8%BE%83	https://www.kuaishou.com/search/vpn%E8%B7%AF%E7%94%B1%E5%99%A8%E6%AF%94%E8%BE%83	VPN核心	泛需求	B	false	true	1
941	vpn软件ios	vpn%E8%BD%AF%E4%BB%B6ios	https://www.kuaishou.com/search/vpn%E8%BD%AF%E4%BB%B6ios	VPN核心	下载安装	B	false	true	1
942	vpn软件库	vpn%E8%BD%AF%E4%BB%B6%E5%BA%93	https://www.kuaishou.com/search/vpn%E8%BD%AF%E4%BB%B6%E5%BA%93	VPN核心	下载安装	B	false	true	1
943	vpn软件推荐苹果	vpn%E8%BD%AF%E4%BB%B6%E6%8E%A8%E8%8D%90%E8%8B%B9%E6%9E%9C	https://www.kuaishou.com/search/vpn%E8%BD%AF%E4%BB%B6%E6%8E%A8%E8%8D%90%E8%8B%B9%E6%9E%9C	VPN核心	选型购买	B	false	true	1
944	vpn违法吗vpn的评测和推荐	vpn%E8%BF%9D%E6%B3%95%E5%90%97vpn%E7%9A%84%E8%AF%84%E6%B5%8B%E5%92%8C%E6%8E%A8%E8%8D%90	https://www.kuaishou.com/search/vpn%E8%BF%9D%E6%B3%95%E5%90%97vpn%E7%9A%84%E8%AF%84%E6%B5%8B%E5%92%8C%E6%8E%A8%E8%8D%90	VPN核心	选型购买	B	false	true	1
945	vpn速度慢的原因	vpn%E9%80%9F%E5%BA%A6%E6%85%A2%E7%9A%84%E5%8E%9F%E5%9B%A0	https://www.kuaishou.com/search/vpn%E9%80%9F%E5%BA%A6%E6%85%A2%E7%9A%84%E5%8E%9F%E5%9B%A0	VPN核心	泛需求	B	false	true	1
946	vpn配置教程	vpn%E9%85%8D%E7%BD%AE%E6%95%99%E7%A8%8B	https://www.kuaishou.com/search/vpn%E9%85%8D%E7%BD%AE%E6%95%99%E7%A8%8B	VPN核心	配置排障	B	false	true	1
947	vpn配置文件是什么	vpn%E9%85%8D%E7%BD%AE%E6%96%87%E4%BB%B6%E6%98%AF%E4%BB%80%E4%B9%88	https://www.kuaishou.com/search/vpn%E9%85%8D%E7%BD%AE%E6%96%87%E4%BB%B6%E6%98%AF%E4%BB%80%E4%B9%88	VPN核心	配置排障	B	false	true	1
948	wi-fi加速器评测	wi-fi%E5%8A%A0%E9%80%9F%E5%99%A8%E8%AF%84%E6%B5%8B	https://www.kuaishou.com/search/wi-fi%E5%8A%A0%E9%80%9F%E5%99%A8%E8%AF%84%E6%B5%8B	网络加速	泛需求	B	false	true	1
949	windows vpn客户端	windows%20vpn%E5%AE%A2%E6%88%B7%E7%AB%AF	https://www.kuaishou.com/search/windows%20vpn%E5%AE%A2%E6%88%B7%E7%AB%AF	VPN核心	下载安装	B	false	true	1
950	中华电信企业vpn	%E4%B8%AD%E5%8D%8E%E7%94%B5%E4%BF%A1%E4%BC%81%E4%B8%9Avpn	https://www.kuaishou.com/search/%E4%B8%AD%E5%8D%8E%E7%94%B5%E4%BF%A1%E4%BC%81%E4%B8%9Avpn	企业网络	企业办公	B	false	true	1
951	云服务器搭建vpn推荐	%E4%BA%91%E6%9C%8D%E5%8A%A1%E5%99%A8%E6%90%AD%E5%BB%BAvpn%E6%8E%A8%E8%8D%90	https://www.kuaishou.com/search/%E4%BA%91%E6%9C%8D%E5%8A%A1%E5%99%A8%E6%90%AD%E5%BB%BAvpn%E6%8E%A8%E8%8D%90	VPN核心	配置排障	B	false	true	1
952	互联网+跨境电子商务	%E4%BA%92%E8%81%94%E7%BD%91%2B%E8%B7%A8%E5%A2%83%E7%94%B5%E5%AD%90%E5%95%86%E5%8A%A1	https://www.kuaishou.com/search/%E4%BA%92%E8%81%94%E7%BD%91%2B%E8%B7%A8%E5%A2%83%E7%94%B5%E5%AD%90%E5%95%86%E5%8A%A1	跨境与海外网络	跨境外贸	B	false	true	1
953	企业vpn申请	%E4%BC%81%E4%B8%9Avpn%E7%94%B3%E8%AF%B7	https://www.kuaishou.com/search/%E4%BC%81%E4%B8%9Avpn%E7%94%B3%E8%AF%B7	企业网络	企业办公	B	false	true	1
954	使用vpn后的法律风险	%E4%BD%BF%E7%94%A8vpn%E5%90%8E%E7%9A%84%E6%B3%95%E5%BE%8B%E9%A3%8E%E9%99%A9	https://www.kuaishou.com/search/%E4%BD%BF%E7%94%A8vpn%E5%90%8E%E7%9A%84%E6%B3%95%E5%BE%8B%E9%A3%8E%E9%99%A9	VPN核心	泛需求	B	false	true	1
955	使用vpn行政处罚	%E4%BD%BF%E7%94%A8vpn%E8%A1%8C%E6%94%BF%E5%A4%84%E7%BD%9A	https://www.kuaishou.com/search/%E4%BD%BF%E7%94%A8vpn%E8%A1%8C%E6%94%BF%E5%A4%84%E7%BD%9A	VPN核心	泛需求	B	false	true	1
956	便宜的vpn推荐	%E4%BE%BF%E5%AE%9C%E7%9A%84vpn%E6%8E%A8%E8%8D%90	https://www.kuaishou.com/search/%E4%BE%BF%E5%AE%9C%E7%9A%84vpn%E6%8E%A8%E8%8D%90	VPN核心	选型购买	B	false	true	1
957	免费的手游加速器推荐	%E5%85%8D%E8%B4%B9%E7%9A%84%E6%89%8B%E6%B8%B8%E5%8A%A0%E9%80%9F%E5%99%A8%E6%8E%A8%E8%8D%90	https://www.kuaishou.com/search/%E5%85%8D%E8%B4%B9%E7%9A%84%E6%89%8B%E6%B8%B8%E5%8A%A0%E9%80%9F%E5%99%A8%E6%8E%A8%E8%8D%90	游戏加速	选型购买	B	false	true	1
958	和平精英加速器下载	%E5%92%8C%E5%B9%B3%E7%B2%BE%E8%8B%B1%E5%8A%A0%E9%80%9F%E5%99%A8%E4%B8%8B%E8%BD%BD	https://www.kuaishou.com/search/%E5%92%8C%E5%B9%B3%E7%B2%BE%E8%8B%B1%E5%8A%A0%E9%80%9F%E5%99%A8%E4%B8%8B%E8%BD%BD	网络加速	下载安装	B	false	true	1
959	国寿海外app下载	%E5%9B%BD%E5%AF%BF%E6%B5%B7%E5%A4%96app%E4%B8%8B%E8%BD%BD	https://www.kuaishou.com/search/%E5%9B%BD%E5%AF%BF%E6%B5%B7%E5%A4%96app%E4%B8%8B%E8%BD%BD	跨境与海外网络	跨境外贸	B	false	true	1
960	国际专线运单查询	%E5%9B%BD%E9%99%85%E4%B8%93%E7%BA%BF%E8%BF%90%E5%8D%95%E6%9F%A5%E8%AF%A2	https://www.kuaishou.com/search/%E5%9B%BD%E9%99%85%E4%B8%93%E7%BA%BF%E8%BF%90%E5%8D%95%E6%9F%A5%E8%AF%A2	跨境与海外网络	跨境外贸	B	false	true	1
961	国际专线采购公告	%E5%9B%BD%E9%99%85%E4%B8%93%E7%BA%BF%E9%87%87%E8%B4%AD%E5%85%AC%E5%91%8A	https://www.kuaishou.com/search/%E5%9B%BD%E9%99%85%E4%B8%93%E7%BA%BF%E9%87%87%E8%B4%AD%E5%85%AC%E5%91%8A	跨境与海外网络	跨境外贸	B	false	true	1
962	国际服加速器推荐	%E5%9B%BD%E9%99%85%E6%9C%8D%E5%8A%A0%E9%80%9F%E5%99%A8%E6%8E%A8%E8%8D%90	https://www.kuaishou.com/search/%E5%9B%BD%E9%99%85%E6%9C%8D%E5%8A%A0%E9%80%9F%E5%99%A8%E6%8E%A8%E8%8D%90	网络加速	选型购买	B	false	true	1
963	境外网站加速器	%E5%A2%83%E5%A4%96%E7%BD%91%E7%AB%99%E5%8A%A0%E9%80%9F%E5%99%A8	https://www.kuaishou.com/search/%E5%A2%83%E5%A4%96%E7%BD%91%E7%AB%99%E5%8A%A0%E9%80%9F%E5%99%A8	网络加速	泛需求	B	false	true	1
964	外贸网络搭建那家最便宜	%E5%A4%96%E8%B4%B8%E7%BD%91%E7%BB%9C%E6%90%AD%E5%BB%BA%E9%82%A3%E5%AE%B6%E6%9C%80%E4%BE%BF%E5%AE%9C	https://www.kuaishou.com/search/%E5%A4%96%E8%B4%B8%E7%BD%91%E7%BB%9C%E6%90%AD%E5%BB%BA%E9%82%A3%E5%AE%B6%E6%9C%80%E4%BE%BF%E5%AE%9C	跨境与海外网络	跨境外贸	B	false	true	1
965	外贸路由器	%E5%A4%96%E8%B4%B8%E8%B7%AF%E7%94%B1%E5%99%A8	https://www.kuaishou.com/search/%E5%A4%96%E8%B4%B8%E8%B7%AF%E7%94%B1%E5%99%A8	跨境与海外网络	跨境外贸	B	false	true	1
966	奇游手游加速器官网下载	%E5%A5%87%E6%B8%B8%E6%89%8B%E6%B8%B8%E5%8A%A0%E9%80%9F%E5%99%A8%E5%AE%98%E7%BD%91%E4%B8%8B%E8%BD%BD	https://www.kuaishou.com/search/%E5%A5%87%E6%B8%B8%E6%89%8B%E6%B8%B8%E5%8A%A0%E9%80%9F%E5%99%A8%E5%AE%98%E7%BD%91%E4%B8%8B%E8%BD%BD	游戏加速	下载安装	B	false	true	1
967	安卓手机tiktok无网络连接怎么办	%E5%AE%89%E5%8D%93%E6%89%8B%E6%9C%BAtiktok%E6%97%A0%E7%BD%91%E7%BB%9C%E8%BF%9E%E6%8E%A5%E6%80%8E%E4%B9%88%E5%8A%9E	https://www.kuaishou.com/search/%E5%AE%89%E5%8D%93%E6%89%8B%E6%9C%BAtiktok%E6%97%A0%E7%BD%91%E7%BB%9C%E8%BF%9E%E6%8E%A5%E6%80%8E%E4%B9%88%E5%8A%9E	跨境与海外网络	跨境外贸	B	false	true	1
968	对峙2要加速器吗	%E5%AF%B9%E5%B3%992%E8%A6%81%E5%8A%A0%E9%80%9F%E5%99%A8%E5%90%97	https://www.kuaishou.com/search/%E5%AF%B9%E5%B3%992%E8%A6%81%E5%8A%A0%E9%80%9F%E5%99%A8%E5%90%97	网络加速	泛需求	B	false	true	1
969	小米路由器vpn设置	%E5%B0%8F%E7%B1%B3%E8%B7%AF%E7%94%B1%E5%99%A8vpn%E8%AE%BE%E7%BD%AE	https://www.kuaishou.com/search/%E5%B0%8F%E7%B1%B3%E8%B7%AF%E7%94%B1%E5%99%A8vpn%E8%AE%BE%E7%BD%AE	VPN核心	配置排障	B	false	true	1
970	快连vpn是安全的吗	%E5%BF%AB%E8%BF%9Evpn%E6%98%AF%E5%AE%89%E5%85%A8%E7%9A%84%E5%90%97	https://www.kuaishou.com/search/%E5%BF%AB%E8%BF%9Evpn%E6%98%AF%E5%AE%89%E5%85%A8%E7%9A%84%E5%90%97	VPN核心	泛需求	B	false	true	1
971	手机vpn设置推荐	%E6%89%8B%E6%9C%BAvpn%E8%AE%BE%E7%BD%AE%E6%8E%A8%E8%8D%90	https://www.kuaishou.com/search/%E6%89%8B%E6%9C%BAvpn%E8%AE%BE%E7%BD%AE%E6%8E%A8%E8%8D%90	VPN核心	配置排障	B	false	true	1
972	手机游戏加速器推荐	%E6%89%8B%E6%9C%BA%E6%B8%B8%E6%88%8F%E5%8A%A0%E9%80%9F%E5%99%A8%E6%8E%A8%E8%8D%90	https://www.kuaishou.com/search/%E6%89%8B%E6%9C%BA%E6%B8%B8%E6%88%8F%E5%8A%A0%E9%80%9F%E5%99%A8%E6%8E%A8%E8%8D%90	游戏加速	选型购买	B	false	true	1
973	手机连接vpn后无法上网	%E6%89%8B%E6%9C%BA%E8%BF%9E%E6%8E%A5vpn%E5%90%8E%E6%97%A0%E6%B3%95%E4%B8%8A%E7%BD%91	https://www.kuaishou.com/search/%E6%89%8B%E6%9C%BA%E8%BF%9E%E6%8E%A5vpn%E5%90%8E%E6%97%A0%E6%B3%95%E4%B8%8A%E7%BD%91	VPN核心	配置排障	B	false	true	1
974	手游加速器哪个好用	%E6%89%8B%E6%B8%B8%E5%8A%A0%E9%80%9F%E5%99%A8%E5%93%AA%E4%B8%AA%E5%A5%BD%E7%94%A8	https://www.kuaishou.com/search/%E6%89%8B%E6%B8%B8%E5%8A%A0%E9%80%9F%E5%99%A8%E5%93%AA%E4%B8%AA%E5%A5%BD%E7%94%A8	游戏加速	选型购买	B	false	true	1
975	梯子vpn免费	%E6%A2%AF%E5%AD%90vpn%E5%85%8D%E8%B4%B9	https://www.kuaishou.com/search/%E6%A2%AF%E5%AD%90vpn%E5%85%8D%E8%B4%B9	VPN核心	泛需求	B	true	true	1
976	永久免费加速器电脑版	%E6%B0%B8%E4%B9%85%E5%85%8D%E8%B4%B9%E5%8A%A0%E9%80%9F%E5%99%A8%E7%94%B5%E8%84%91%E7%89%88	https://www.kuaishou.com/search/%E6%B0%B8%E4%B9%85%E5%85%8D%E8%B4%B9%E5%8A%A0%E9%80%9F%E5%99%A8%E7%94%B5%E8%84%91%E7%89%88	网络加速	下载安装	B	false	true	1
977	海外app下载软件	%E6%B5%B7%E5%A4%96app%E4%B8%8B%E8%BD%BD%E8%BD%AF%E4%BB%B6	https://www.kuaishou.com/search/%E6%B5%B7%E5%A4%96app%E4%B8%8B%E8%BD%BD%E8%BD%AF%E4%BB%B6	跨境与海外网络	跨境外贸	B	false	true	1
978	海外iphone听国内音乐	%E6%B5%B7%E5%A4%96iphone%E5%90%AC%E5%9B%BD%E5%86%85%E9%9F%B3%E4%B9%90	https://www.kuaishou.com/search/%E6%B5%B7%E5%A4%96iphone%E5%90%AC%E5%9B%BD%E5%86%85%E9%9F%B3%E4%B9%90	跨境与海外网络	跨境外贸	B	false	true	1
979	海外iphone账号	%E6%B5%B7%E5%A4%96iphone%E8%B4%A6%E5%8F%B7	https://www.kuaishou.com/search/%E6%B5%B7%E5%A4%96iphone%E8%B4%A6%E5%8F%B7	跨境与海外网络	跨境外贸	B	false	true	1
980	海外专线电视剧逐玉	%E6%B5%B7%E5%A4%96%E4%B8%93%E7%BA%BF%E7%94%B5%E8%A7%86%E5%89%A7%E9%80%90%E7%8E%89	https://www.kuaishou.com/search/%E6%B5%B7%E5%A4%96%E4%B8%93%E7%BA%BF%E7%94%B5%E8%A7%86%E5%89%A7%E9%80%90%E7%8E%89	跨境与海外网络	跨境外贸	B	false	true	1
981	海外直播网络搭建	%E6%B5%B7%E5%A4%96%E7%9B%B4%E6%92%AD%E7%BD%91%E7%BB%9C%E6%90%AD%E5%BB%BA	https://www.kuaishou.com/search/%E6%B5%B7%E5%A4%96%E7%9B%B4%E6%92%AD%E7%BD%91%E7%BB%9C%E6%90%AD%E5%BB%BA	跨境与海外网络	跨境外贸	B	false	true	1
982	海外软件下载工具	%E6%B5%B7%E5%A4%96%E8%BD%AF%E4%BB%B6%E4%B8%8B%E8%BD%BD%E5%B7%A5%E5%85%B7	https://www.kuaishou.com/search/%E6%B5%B7%E5%A4%96%E8%BD%AF%E4%BB%B6%E4%B8%8B%E8%BD%BD%E5%B7%A5%E5%85%B7	跨境与海外网络	跨境外贸	B	false	true	1
983	游戏加速器下载软件	%E6%B8%B8%E6%88%8F%E5%8A%A0%E9%80%9F%E5%99%A8%E4%B8%8B%E8%BD%BD%E8%BD%AF%E4%BB%B6	https://www.kuaishou.com/search/%E6%B8%B8%E6%88%8F%E5%8A%A0%E9%80%9F%E5%99%A8%E4%B8%8B%E8%BD%BD%E8%BD%AF%E4%BB%B6	游戏加速	下载安装	B	false	true	1
984	游戏加速器推荐ptt	%E6%B8%B8%E6%88%8F%E5%8A%A0%E9%80%9F%E5%99%A8%E6%8E%A8%E8%8D%90ptt	https://www.kuaishou.com/search/%E6%B8%B8%E6%88%8F%E5%8A%A0%E9%80%9F%E5%99%A8%E6%8E%A8%E8%8D%90ptt	游戏加速	选型购买	B	false	true	1
985	游戏加速器推荐软件	%E6%B8%B8%E6%88%8F%E5%8A%A0%E9%80%9F%E5%99%A8%E6%8E%A8%E8%8D%90%E8%BD%AF%E4%BB%B6	https://www.kuaishou.com/search/%E6%B8%B8%E6%88%8F%E5%8A%A0%E9%80%9F%E5%99%A8%E6%8E%A8%E8%8D%90%E8%BD%AF%E4%BB%B6	游戏加速	选型购买	B	false	true	1
986	游戏加速器测评	%E6%B8%B8%E6%88%8F%E5%8A%A0%E9%80%9F%E5%99%A8%E6%B5%8B%E8%AF%84	https://www.kuaishou.com/search/%E6%B8%B8%E6%88%8F%E5%8A%A0%E9%80%9F%E5%99%A8%E6%B5%8B%E8%AF%84	游戏加速	游戏娱乐	B	false	true	1
987	独立ip加速器	%E7%8B%AC%E7%AB%8Bip%E5%8A%A0%E9%80%9F%E5%99%A8	https://www.kuaishou.com/search/%E7%8B%AC%E7%AB%8Bip%E5%8A%A0%E9%80%9F%E5%99%A8	代理与IP	代理与IP	B	false	true	1
988	球球大作战加速器脚本	%E7%90%83%E7%90%83%E5%A4%A7%E4%BD%9C%E6%88%98%E5%8A%A0%E9%80%9F%E5%99%A8%E8%84%9A%E6%9C%AC	https://www.kuaishou.com/search/%E7%90%83%E7%90%83%E5%A4%A7%E4%BD%9C%E6%88%98%E5%8A%A0%E9%80%9F%E5%99%A8%E8%84%9A%E6%9C%AC	网络加速	泛需求	B	false	true	1
989	电脑游戏加速器推荐	%E7%94%B5%E8%84%91%E6%B8%B8%E6%88%8F%E5%8A%A0%E9%80%9F%E5%99%A8%E6%8E%A8%E8%8D%90	https://www.kuaishou.com/search/%E7%94%B5%E8%84%91%E6%B8%B8%E6%88%8F%E5%8A%A0%E9%80%9F%E5%99%A8%E6%8E%A8%E8%8D%90	游戏加速	选型购买	B	false	true	1
990	科学上网安装包	%E7%A7%91%E5%AD%A6%E4%B8%8A%E7%BD%91%E5%AE%89%E8%A3%85%E5%8C%85	https://www.kuaishou.com/search/%E7%A7%91%E5%AD%A6%E4%B8%8A%E7%BD%91%E5%AE%89%E8%A3%85%E5%8C%85	VPN核心	下载安装	B	true	true	1
991	突突加速器	%E7%AA%81%E7%AA%81%E5%8A%A0%E9%80%9F%E5%99%A8	https://www.kuaishou.com/search/%E7%AA%81%E7%AA%81%E5%8A%A0%E9%80%9F%E5%99%A8	网络加速	泛需求	B	false	true	1
992	网络加速器香港	%E7%BD%91%E7%BB%9C%E5%8A%A0%E9%80%9F%E5%99%A8%E9%A6%99%E6%B8%AF	https://www.kuaishou.com/search/%E7%BD%91%E7%BB%9C%E5%8A%A0%E9%80%9F%E5%99%A8%E9%A6%99%E6%B8%AF	网络加速	泛需求	B	false	true	1
993	翻墙和vpn的区别	%E7%BF%BB%E5%A2%99%E5%92%8Cvpn%E7%9A%84%E5%8C%BA%E5%88%AB	https://www.kuaishou.com/search/%E7%BF%BB%E5%A2%99%E5%92%8Cvpn%E7%9A%84%E5%8C%BA%E5%88%AB	VPN核心	科普原理	B	true	true	1
994	翻墙被抓会留案底吗	%E7%BF%BB%E5%A2%99%E8%A2%AB%E6%8A%93%E4%BC%9A%E7%95%99%E6%A1%88%E5%BA%95%E5%90%97	https://www.kuaishou.com/search/%E7%BF%BB%E5%A2%99%E8%A2%AB%E6%8A%93%E4%BC%9A%E7%95%99%E6%A1%88%E5%BA%95%E5%90%97	VPN核心	泛需求	B	true	true	1
995	翻墙违法吗翻墙的利弊和影响	%E7%BF%BB%E5%A2%99%E8%BF%9D%E6%B3%95%E5%90%97%E7%BF%BB%E5%A2%99%E7%9A%84%E5%88%A9%E5%BC%8A%E5%92%8C%E5%BD%B1%E5%93%8D	https://www.kuaishou.com/search/%E7%BF%BB%E5%A2%99%E8%BF%9D%E6%B3%95%E5%90%97%E7%BF%BB%E5%A2%99%E7%9A%84%E5%88%A9%E5%BC%8A%E5%92%8C%E5%BD%B1%E5%93%8D	VPN核心	泛需求	B	true	true	1
996	苹果手机vpn设置常见问题	%E8%8B%B9%E6%9E%9C%E6%89%8B%E6%9C%BAvpn%E8%AE%BE%E7%BD%AE%E5%B8%B8%E8%A7%81%E9%97%AE%E9%A2%98	https://www.kuaishou.com/search/%E8%8B%B9%E6%9E%9C%E6%89%8B%E6%9C%BAvpn%E8%AE%BE%E7%BD%AE%E5%B8%B8%E8%A7%81%E9%97%AE%E9%A2%98	VPN核心	配置排障	B	false	true	1
997	蒲公英游戏联机加速器	%E8%92%B2%E5%85%AC%E8%8B%B1%E6%B8%B8%E6%88%8F%E8%81%94%E6%9C%BA%E5%8A%A0%E9%80%9F%E5%99%A8	https://www.kuaishou.com/search/%E8%92%B2%E5%85%AC%E8%8B%B1%E6%B8%B8%E6%88%8F%E8%81%94%E6%9C%BA%E5%8A%A0%E9%80%9F%E5%99%A8	游戏加速	游戏娱乐	B	false	true	1
998	虚拟专用网络vpn下载	%E8%99%9A%E6%8B%9F%E4%B8%93%E7%94%A8%E7%BD%91%E7%BB%9Cvpn%E4%B8%8B%E8%BD%BD	https://www.kuaishou.com/search/%E8%99%9A%E6%8B%9F%E4%B8%93%E7%94%A8%E7%BD%91%E7%BB%9Cvpn%E4%B8%8B%E8%BD%BD	VPN核心	下载安装	B	false	true	1
999	虚拟专用网络免费	%E8%99%9A%E6%8B%9F%E4%B8%93%E7%94%A8%E7%BD%91%E7%BB%9C%E5%85%8D%E8%B4%B9	https://www.kuaishou.com/search/%E8%99%9A%E6%8B%9F%E4%B8%93%E7%94%A8%E7%BD%91%E7%BB%9C%E5%85%8D%E8%B4%B9	VPN核心	泛需求	B	false	true	1
1000	虚拟私人网络ip	%E8%99%9A%E6%8B%9F%E7%A7%81%E4%BA%BA%E7%BD%91%E7%BB%9Cip	https://www.kuaishou.com/search/%E8%99%9A%E6%8B%9F%E7%A7%81%E4%BA%BA%E7%BD%91%E7%BB%9Cip	VPN核心	代理与IP	B	false	true	1
1001	虚拟私人网络下载	%E8%99%9A%E6%8B%9F%E7%A7%81%E4%BA%BA%E7%BD%91%E7%BB%9C%E4%B8%8B%E8%BD%BD	https://www.kuaishou.com/search/%E8%99%9A%E6%8B%9F%E7%A7%81%E4%BA%BA%E7%BD%91%E7%BB%9C%E4%B8%8B%E8%BD%BD	VPN核心	下载安装	B	false	true	1
1002	跨境专线 · sla保障套餐	%E8%B7%A8%E5%A2%83%E4%B8%93%E7%BA%BF%20%C2%B7%20sla%E4%BF%9D%E9%9A%9C%E5%A5%97%E9%A4%90	https://www.kuaishou.com/search/%E8%B7%A8%E5%A2%83%E4%B8%93%E7%BA%BF%20%C2%B7%20sla%E4%BF%9D%E9%9A%9C%E5%A5%97%E9%A4%90	跨境与海外网络	跨境外贸	B	false	true	1
1003	跨境专线怎么开通	%E8%B7%A8%E5%A2%83%E4%B8%93%E7%BA%BF%E6%80%8E%E4%B9%88%E5%BC%80%E9%80%9A	https://www.kuaishou.com/search/%E8%B7%A8%E5%A2%83%E4%B8%93%E7%BA%BF%E6%80%8E%E4%B9%88%E5%BC%80%E9%80%9A	跨境与海外网络	跨境外贸	B	false	true	1
1004	跨境电商直播网络	%E8%B7%A8%E5%A2%83%E7%94%B5%E5%95%86%E7%9B%B4%E6%92%AD%E7%BD%91%E7%BB%9C	https://www.kuaishou.com/search/%E8%B7%A8%E5%A2%83%E7%94%B5%E5%95%86%E7%9B%B4%E6%92%AD%E7%BD%91%E7%BB%9C	跨境与海外网络	跨境外贸	B	false	true	1
1005	跨境电商网站建设	%E8%B7%A8%E5%A2%83%E7%94%B5%E5%95%86%E7%BD%91%E7%AB%99%E5%BB%BA%E8%AE%BE	https://www.kuaishou.com/search/%E8%B7%A8%E5%A2%83%E7%94%B5%E5%95%86%E7%BD%91%E7%AB%99%E5%BB%BA%E8%AE%BE	跨境与海外网络	跨境外贸	B	false	true	1
1006	跨境电商网络服务	%E8%B7%A8%E5%A2%83%E7%94%B5%E5%95%86%E7%BD%91%E7%BB%9C%E6%9C%8D%E5%8A%A1	https://www.kuaishou.com/search/%E8%B7%A8%E5%A2%83%E7%94%B5%E5%95%86%E7%BD%91%E7%BB%9C%E6%9C%8D%E5%8A%A1	跨境与海外网络	跨境外贸	B	false	true	1
1007	跨境电商网络环境tiktok	%E8%B7%A8%E5%A2%83%E7%94%B5%E5%95%86%E7%BD%91%E7%BB%9C%E7%8E%AF%E5%A2%83tiktok	https://www.kuaishou.com/search/%E8%B7%A8%E5%A2%83%E7%94%B5%E5%95%86%E7%BD%91%E7%BB%9C%E7%8E%AF%E5%A2%83tiktok	跨境与海外网络	跨境外贸	B	false	true	1
1008	跨境直播网络专线头像图	%E8%B7%A8%E5%A2%83%E7%9B%B4%E6%92%AD%E7%BD%91%E7%BB%9C%E4%B8%93%E7%BA%BF%E5%A4%B4%E5%83%8F%E5%9B%BE	https://www.kuaishou.com/search/%E8%B7%A8%E5%A2%83%E7%9B%B4%E6%92%AD%E7%BD%91%E7%BB%9C%E4%B8%93%E7%BA%BF%E5%A4%B4%E5%83%8F%E5%9B%BE	跨境与海外网络	跨境外贸	B	false	true	1
1009	跨境网络专线运营商	%E8%B7%A8%E5%A2%83%E7%BD%91%E7%BB%9C%E4%B8%93%E7%BA%BF%E8%BF%90%E8%90%A5%E5%95%86	https://www.kuaishou.com/search/%E8%B7%A8%E5%A2%83%E7%BD%91%E7%BB%9C%E4%B8%93%E7%BA%BF%E8%BF%90%E8%90%A5%E5%95%86	跨境与海外网络	跨境外贸	B	false	true	1
1010	跨境网络工具	%E8%B7%A8%E5%A2%83%E7%BD%91%E7%BB%9C%E5%B7%A5%E5%85%B7	https://www.kuaishou.com/search/%E8%B7%A8%E5%A2%83%E7%BD%91%E7%BB%9C%E5%B7%A5%E5%85%B7	跨境与海外网络	跨境外贸	B	false	true	1
1011	跨境网络搭建浏流程	%E8%B7%A8%E5%A2%83%E7%BD%91%E7%BB%9C%E6%90%AD%E5%BB%BA%E6%B5%8F%E6%B5%81%E7%A8%8B	https://www.kuaishou.com/search/%E8%B7%A8%E5%A2%83%E7%BD%91%E7%BB%9C%E6%90%AD%E5%BB%BA%E6%B5%8F%E6%B5%81%E7%A8%8B	跨境与海外网络	跨境外贸	B	false	true	1
1012	跨境网络服务商有哪些	%E8%B7%A8%E5%A2%83%E7%BD%91%E7%BB%9C%E6%9C%8D%E5%8A%A1%E5%95%86%E6%9C%89%E5%93%AA%E4%BA%9B	https://www.kuaishou.com/search/%E8%B7%A8%E5%A2%83%E7%BD%91%E7%BB%9C%E6%9C%8D%E5%8A%A1%E5%95%86%E6%9C%89%E5%93%AA%E4%BA%9B	跨境与海外网络	跨境外贸	B	false	true	1
1013	路由器设置vpn推荐	%E8%B7%AF%E7%94%B1%E5%99%A8%E8%AE%BE%E7%BD%AEvpn%E6%8E%A8%E8%8D%90	https://www.kuaishou.com/search/%E8%B7%AF%E7%94%B1%E5%99%A8%E8%AE%BE%E7%BD%AEvpn%E6%8E%A8%E8%8D%90	VPN核心	配置排障	B	false	true	1
1014	雷神加速器客服	%E9%9B%B7%E7%A5%9E%E5%8A%A0%E9%80%9F%E5%99%A8%E5%AE%A2%E6%9C%8D	https://www.kuaishou.com/search/%E9%9B%B7%E7%A5%9E%E5%8A%A0%E9%80%9F%E5%99%A8%E5%AE%A2%E6%9C%8D	网络加速	泛需求	B	false	true	1
1015	雷神加速器折扣码	%E9%9B%B7%E7%A5%9E%E5%8A%A0%E9%80%9F%E5%99%A8%E6%8A%98%E6%89%A3%E7%A0%81	https://www.kuaishou.com/search/%E9%9B%B7%E7%A5%9E%E5%8A%A0%E9%80%9F%E5%99%A8%E6%8A%98%E6%89%A3%E7%A0%81	网络加速	泛需求	B	false	true	1
1016	apex英雄加速器评测	apex%E8%8B%B1%E9%9B%84%E5%8A%A0%E9%80%9F%E5%99%A8%E8%AF%84%E6%B5%8B	https://www.kuaishou.com/search/apex%E8%8B%B1%E9%9B%84%E5%8A%A0%E9%80%9F%E5%99%A8%E8%AF%84%E6%B5%8B	网络加速	泛需求	B	false	true	1
1017	google vpn下载	google%20vpn%E4%B8%8B%E8%BD%BD	https://www.kuaishou.com/search/google%20vpn%E4%B8%8B%E8%BD%BD	VPN核心	下载安装	B	false	true	1
1018	ios vpn客户端	ios%20vpn%E5%AE%A2%E6%88%B7%E7%AB%AF	https://www.kuaishou.com/search/ios%20vpn%E5%AE%A2%E6%88%B7%E7%AB%AF	VPN核心	下载安装	B	false	true	1
1019	ios vpn配置	ios%20vpn%E9%85%8D%E7%BD%AE	https://www.kuaishou.com/search/ios%20vpn%E9%85%8D%E7%BD%AE	VPN核心	配置排障	B	false	true	1
1020	ip-vpn方式	ip-vpn%E6%96%B9%E5%BC%8F	https://www.kuaishou.com/search/ip-vpn%E6%96%B9%E5%BC%8F	VPN核心	代理与IP	B	false	true	1
1021	ipsec vpn nat traversal	ipsec%20vpn%20nat%20traversal	https://www.kuaishou.com/search/ipsec%20vpn%20nat%20traversal	VPN协议与技术	代理与IP	B	false	true	1
1022	ipsec vpn和ssl vpn区别	ipsec%20vpn%E5%92%8Cssl%20vpn%E5%8C%BA%E5%88%AB	https://www.kuaishou.com/search/ipsec%20vpn%E5%92%8Cssl%20vpn%E5%8C%BA%E5%88%AB	VPN协议与技术	科普原理	B	false	true	1
1023	nord vpn安全吗	nord%20vpn%E5%AE%89%E5%85%A8%E5%90%97	https://www.kuaishou.com/search/nord%20vpn%E5%AE%89%E5%85%A8%E5%90%97	VPN核心	科普原理	B	false	true	1
1024	oblivion vpn连接不上	oblivion%20vpn%E8%BF%9E%E6%8E%A5%E4%B8%8D%E4%B8%8A	https://www.kuaishou.com/search/oblivion%20vpn%E8%BF%9E%E6%8E%A5%E4%B8%8D%E4%B8%8A	VPN核心	配置排障	B	false	true	1
1025	openvpn mac	openvpn%20mac	https://www.kuaishou.com/search/openvpn%20mac	VPN协议与技术	泛需求	B	false	true	1
1026	openvpn官网	openvpn%E5%AE%98%E7%BD%91	https://www.kuaishou.com/search/openvpn%E5%AE%98%E7%BD%91	VPN协议与技术	泛需求	B	false	true	1
1027	pioneer vpn安全吗	pioneer%20vpn%E5%AE%89%E5%85%A8%E5%90%97	https://www.kuaishou.com/search/pioneer%20vpn%E5%AE%89%E5%85%A8%E5%90%97	VPN核心	科普原理	B	false	true	1
1028	proton vpn for pc功能介绍	proton%20vpn%20for%20pc%E5%8A%9F%E8%83%BD%E4%BB%8B%E7%BB%8D	https://www.kuaishou.com/search/proton%20vpn%20for%20pc%E5%8A%9F%E8%83%BD%E4%BB%8B%E7%BB%8D	VPN核心	泛需求	B	false	true	1
1029	ps5 vpn设置	ps5%20vpn%E8%AE%BE%E7%BD%AE	https://www.kuaishou.com/search/ps5%20vpn%E8%AE%BE%E7%BD%AE	VPN核心	配置排障	B	false	true	1
1030	radmin vpn原理	radmin%20vpn%E5%8E%9F%E7%90%86	https://www.kuaishou.com/search/radmin%20vpn%E5%8E%9F%E7%90%86	VPN核心	科普原理	B	false	true	1
1031	ssl vpn configuration in fortigate firewall	ssl%20vpn%20configuration%20in%20fortigate%20firewall	https://www.kuaishou.com/search/ssl%20vpn%20configuration%20in%20fortigate%20firewall	VPN协议与技术	泛需求	B	false	true	1
1032	sslvpn下载官网	sslvpn%E4%B8%8B%E8%BD%BD%E5%AE%98%E7%BD%91	https://www.kuaishou.com/search/sslvpn%E4%B8%8B%E8%BD%BD%E5%AE%98%E7%BD%91	VPN核心	下载安装	B	false	true	1
1033	steam游戏加速器免费对比	steam%E6%B8%B8%E6%88%8F%E5%8A%A0%E9%80%9F%E5%99%A8%E5%85%8D%E8%B4%B9%E5%AF%B9%E6%AF%94	https://www.kuaishou.com/search/steam%E6%B8%B8%E6%88%8F%E5%8A%A0%E9%80%9F%E5%99%A8%E5%85%8D%E8%B4%B9%E5%AF%B9%E6%AF%94	游戏加速	游戏娱乐	B	false	true	1
1034	thunder vpn电脑版	thunder%20vpn%E7%94%B5%E8%84%91%E7%89%88	https://www.kuaishou.com/search/thunder%20vpn%E7%94%B5%E8%84%91%E7%89%88	VPN核心	下载安装	B	false	true	1
1035	tiktok无网络连接,请连接到互联网	tiktok%E6%97%A0%E7%BD%91%E7%BB%9C%E8%BF%9E%E6%8E%A5%2C%E8%AF%B7%E8%BF%9E%E6%8E%A5%E5%88%B0%E4%BA%92%E8%81%94%E7%BD%91	https://www.kuaishou.com/search/tiktok%E6%97%A0%E7%BD%91%E7%BB%9C%E8%BF%9E%E6%8E%A5%2C%E8%AF%B7%E8%BF%9E%E6%8E%A5%E5%88%B0%E4%BA%92%E8%81%94%E7%BD%91	跨境与海外网络	跨境外贸	B	false	true	1
1036	tiktok注册网络不稳定怎么解决	tiktok%E6%B3%A8%E5%86%8C%E7%BD%91%E7%BB%9C%E4%B8%8D%E7%A8%B3%E5%AE%9A%E6%80%8E%E4%B9%88%E8%A7%A3%E5%86%B3	https://www.kuaishou.com/search/tiktok%E6%B3%A8%E5%86%8C%E7%BD%91%E7%BB%9C%E4%B8%8D%E7%A8%B3%E5%AE%9A%E6%80%8E%E4%B9%88%E8%A7%A3%E5%86%B3	跨境与海外网络	跨境外贸	B	false	true	1
1037	tiktok海外直播网络专线	tiktok%E6%B5%B7%E5%A4%96%E7%9B%B4%E6%92%AD%E7%BD%91%E7%BB%9C%E4%B8%93%E7%BA%BF	https://www.kuaishou.com/search/tiktok%E6%B5%B7%E5%A4%96%E7%9B%B4%E6%92%AD%E7%BD%91%E7%BB%9C%E4%B8%93%E7%BA%BF	跨境与海外网络	跨境外贸	B	false	true	1
1038	tiktok网络不稳定如何解决	tiktok%E7%BD%91%E7%BB%9C%E4%B8%8D%E7%A8%B3%E5%AE%9A%E5%A6%82%E4%BD%95%E8%A7%A3%E5%86%B3	https://www.kuaishou.com/search/tiktok%E7%BD%91%E7%BB%9C%E4%B8%8D%E7%A8%B3%E5%AE%9A%E5%A6%82%E4%BD%95%E8%A7%A3%E5%86%B3	跨境与海外网络	跨境外贸	B	false	true	1
1039	tiktok网络连接不稳定无法登陆	tiktok%E7%BD%91%E7%BB%9C%E8%BF%9E%E6%8E%A5%E4%B8%8D%E7%A8%B3%E5%AE%9A%E6%97%A0%E6%B3%95%E7%99%BB%E9%99%86	https://www.kuaishou.com/search/tiktok%E7%BD%91%E7%BB%9C%E8%BF%9E%E6%8E%A5%E4%B8%8D%E7%A8%B3%E5%AE%9A%E6%97%A0%E6%B3%95%E7%99%BB%E9%99%86	跨境与海外网络	跨境外贸	B	false	true	1
1040	tt加速器口令	tt%E5%8A%A0%E9%80%9F%E5%99%A8%E5%8F%A3%E4%BB%A4	https://www.kuaishou.com/search/tt%E5%8A%A0%E9%80%9F%E5%99%A8%E5%8F%A3%E4%BB%A4	网络加速	泛需求	B	false	true	1
1041	vpn 2026年电信速度很慢	vpn%202026%E5%B9%B4%E7%94%B5%E4%BF%A1%E9%80%9F%E5%BA%A6%E5%BE%88%E6%85%A2	https://www.kuaishou.com/search/vpn%202026%E5%B9%B4%E7%94%B5%E4%BF%A1%E9%80%9F%E5%BA%A6%E5%BE%88%E6%85%A2	VPN核心	泛需求	B	false	true	1
1042	vpn.na的隐私政策	vpn.na%E7%9A%84%E9%9A%90%E7%A7%81%E6%94%BF%E7%AD%96	https://www.kuaishou.com/search/vpn.na%E7%9A%84%E9%9A%90%E7%A7%81%E6%94%BF%E7%AD%96	VPN核心	泛需求	B	false	true	1
1043	vpn.必须用	vpn.%E5%BF%85%E9%A1%BB%E7%94%A8	https://www.kuaishou.com/search/vpn.%E5%BF%85%E9%A1%BB%E7%94%A8	VPN核心	泛需求	B	false	true	1
1044	vpn。有什么风险	vpn%E3%80%82%E6%9C%89%E4%BB%80%E4%B9%88%E9%A3%8E%E9%99%A9	https://www.kuaishou.com/search/vpn%E3%80%82%E6%9C%89%E4%BB%80%E4%B9%88%E9%A3%8E%E9%99%A9	VPN核心	泛需求	B	false	true	1
1045	vpn下载apk	vpn%E4%B8%8B%E8%BD%BDapk	https://www.kuaishou.com/search/vpn%E4%B8%8B%E8%BD%BDapk	VPN核心	下载安装	B	false	true	1
1046	vpn下载手机	vpn%E4%B8%8B%E8%BD%BD%E6%89%8B%E6%9C%BA	https://www.kuaishou.com/search/vpn%E4%B8%8B%E8%BD%BD%E6%89%8B%E6%9C%BA	VPN核心	下载安装	B	false	true	1
1047	vpn修改协议	vpn%E4%BF%AE%E6%94%B9%E5%8D%8F%E8%AE%AE	https://www.kuaishou.com/search/vpn%E4%BF%AE%E6%94%B9%E5%8D%8F%E8%AE%AE	VPN协议与技术	科普原理	B	false	true	1
1048	vpn免费版	vpn%E5%85%8D%E8%B4%B9%E7%89%88	https://www.kuaishou.com/search/vpn%E5%85%8D%E8%B4%B9%E7%89%88	VPN核心	泛需求	B	false	true	1
1049	vpn免费线上	vpn%E5%85%8D%E8%B4%B9%E7%BA%BF%E4%B8%8A	https://www.kuaishou.com/search/vpn%E5%85%8D%E8%B4%B9%E7%BA%BF%E4%B8%8A	VPN核心	泛需求	B	false	true	1
1050	vpn免费节点教程	vpn%E5%85%8D%E8%B4%B9%E8%8A%82%E7%82%B9%E6%95%99%E7%A8%8B	https://www.kuaishou.com/search/vpn%E5%85%8D%E8%B4%B9%E8%8A%82%E7%82%B9%E6%95%99%E7%A8%8B	VPN核心	配置排障	B	true	true	1
1051	vpn协议有哪些	vpn%E5%8D%8F%E8%AE%AE%E6%9C%89%E5%93%AA%E4%BA%9B	https://www.kuaishou.com/search/vpn%E5%8D%8F%E8%AE%AE%E6%9C%89%E5%93%AA%E4%BA%9B	VPN协议与技术	科普原理	B	false	true	1
1052	vpn协议的定义	vpn%E5%8D%8F%E8%AE%AE%E7%9A%84%E5%AE%9A%E4%B9%89	https://www.kuaishou.com/search/vpn%E5%8D%8F%E8%AE%AE%E7%9A%84%E5%AE%9A%E4%B9%89	VPN协议与技术	科普原理	B	false	true	1
1053	vpn原理和分类	vpn%E5%8E%9F%E7%90%86%E5%92%8C%E5%88%86%E7%B1%BB	https://www.kuaishou.com/search/vpn%E5%8E%9F%E7%90%86%E5%92%8C%E5%88%86%E7%B1%BB	VPN核心	科普原理	B	false	true	1
1054	vpn哪个好用又安全	vpn%E5%93%AA%E4%B8%AA%E5%A5%BD%E7%94%A8%E5%8F%88%E5%AE%89%E5%85%A8	https://www.kuaishou.com/search/vpn%E5%93%AA%E4%B8%AA%E5%A5%BD%E7%94%A8%E5%8F%88%E5%AE%89%E5%85%A8	VPN核心	选型购买	B	false	true	1
1055	vpn哪个好稳定	vpn%E5%93%AA%E4%B8%AA%E5%A5%BD%E7%A8%B3%E5%AE%9A	https://www.kuaishou.com/search/vpn%E5%93%AA%E4%B8%AA%E5%A5%BD%E7%A8%B3%E5%AE%9A	VPN核心	选型购买	B	false	true	1
1056	vpn如何搭建	vpn%E5%A6%82%E4%BD%95%E6%90%AD%E5%BB%BA	https://www.kuaishou.com/search/vpn%E5%A6%82%E4%BD%95%E6%90%AD%E5%BB%BA	VPN核心	配置排障	B	false	true	1
1057	vpn安卓下载最新	vpn%E5%AE%89%E5%8D%93%E4%B8%8B%E8%BD%BD%E6%9C%80%E6%96%B0	https://www.kuaishou.com/search/vpn%E5%AE%89%E5%8D%93%E4%B8%8B%E8%BD%BD%E6%9C%80%E6%96%B0	VPN核心	下载安装	B	false	true	1
1058	vpn安卓免费试用	vpn%E5%AE%89%E5%8D%93%E5%85%8D%E8%B4%B9%E8%AF%95%E7%94%A8	https://www.kuaishou.com/search/vpn%E5%AE%89%E5%8D%93%E5%85%8D%E8%B4%B9%E8%AF%95%E7%94%A8	VPN核心	下载安装	B	false	true	1
1059	vpn客户端下载电脑	vpn%E5%AE%A2%E6%88%B7%E7%AB%AF%E4%B8%8B%E8%BD%BD%E7%94%B5%E8%84%91	https://www.kuaishou.com/search/vpn%E5%AE%A2%E6%88%B7%E7%AB%AF%E4%B8%8B%E8%BD%BD%E7%94%B5%E8%84%91	VPN核心	下载安装	B	false	true	1
1060	vpn怎么用不了	vpn%E6%80%8E%E4%B9%88%E7%94%A8%E4%B8%8D%E4%BA%86	https://www.kuaishou.com/search/vpn%E6%80%8E%E4%B9%88%E7%94%A8%E4%B8%8D%E4%BA%86	VPN核心	配置排障	B	false	true	1
1061	vpn怎么选	vpn%E6%80%8E%E4%B9%88%E9%80%89	https://www.kuaishou.com/search/vpn%E6%80%8E%E4%B9%88%E9%80%89	VPN核心	配置排障	B	false	true	1
1062	vpn手机免费软件	vpn%E6%89%8B%E6%9C%BA%E5%85%8D%E8%B4%B9%E8%BD%AF%E4%BB%B6	https://www.kuaishou.com/search/vpn%E6%89%8B%E6%9C%BA%E5%85%8D%E8%B4%B9%E8%BD%AF%E4%BB%B6	VPN核心	下载安装	B	false	true	1
1063	vpn手机版下载	vpn%E6%89%8B%E6%9C%BA%E7%89%88%E4%B8%8B%E8%BD%BD	https://www.kuaishou.com/search/vpn%E6%89%8B%E6%9C%BA%E7%89%88%E4%B8%8B%E8%BD%BD	VPN核心	下载安装	B	false	true	1
1064	vpn手机设定	vpn%E6%89%8B%E6%9C%BA%E8%AE%BE%E5%AE%9A	https://www.kuaishou.com/search/vpn%E6%89%8B%E6%9C%BA%E8%AE%BE%E5%AE%9A	VPN核心	下载安装	B	false	true	1
1065	vpn推荐下载	vpn%E6%8E%A8%E8%8D%90%E4%B8%8B%E8%BD%BD	https://www.kuaishou.com/search/vpn%E6%8E%A8%E8%8D%90%E4%B8%8B%E8%BD%BD	VPN核心	选型购买	B	false	true	1
1066	vpn推荐大陆	vpn%E6%8E%A8%E8%8D%90%E5%A4%A7%E9%99%86	https://www.kuaishou.com/search/vpn%E6%8E%A8%E8%8D%90%E5%A4%A7%E9%99%86	VPN核心	选型购买	B	false	true	1
1067	vpn是什么怎么关	vpn%E6%98%AF%E4%BB%80%E4%B9%88%E6%80%8E%E4%B9%88%E5%85%B3	https://www.kuaishou.com/search/vpn%E6%98%AF%E4%BB%80%E4%B9%88%E6%80%8E%E4%B9%88%E5%85%B3	VPN核心	配置排障	B	false	true	1
1068	vpn是什么牌子	vpn%E6%98%AF%E4%BB%80%E4%B9%88%E7%89%8C%E5%AD%90	https://www.kuaishou.com/search/vpn%E6%98%AF%E4%BB%80%E4%B9%88%E7%89%8C%E5%AD%90	VPN核心	科普原理	B	false	true	1
1069	vpn服务器地址更换	vpn%E6%9C%8D%E5%8A%A1%E5%99%A8%E5%9C%B0%E5%9D%80%E6%9B%B4%E6%8D%A2	https://www.kuaishou.com/search/vpn%E6%9C%8D%E5%8A%A1%E5%99%A8%E5%9C%B0%E5%9D%80%E6%9B%B4%E6%8D%A2	VPN核心	泛需求	B	false	true	1
1070	vpn电脑版对比	vpn%E7%94%B5%E8%84%91%E7%89%88%E5%AF%B9%E6%AF%94	https://www.kuaishou.com/search/vpn%E7%94%B5%E8%84%91%E7%89%88%E5%AF%B9%E6%AF%94	VPN核心	下载安装	B	false	true	1
1071	vpn节点全部超时	vpn%E8%8A%82%E7%82%B9%E5%85%A8%E9%83%A8%E8%B6%85%E6%97%B6	https://www.kuaishou.com/search/vpn%E8%8A%82%E7%82%B9%E5%85%A8%E9%83%A8%E8%B6%85%E6%97%B6	VPN核心	代理与IP	B	true	true	1
1072	vpn节点纯净度	vpn%E8%8A%82%E7%82%B9%E7%BA%AF%E5%87%80%E5%BA%A6	https://www.kuaishou.com/search/vpn%E8%8A%82%E7%82%B9%E7%BA%AF%E5%87%80%E5%BA%A6	VPN核心	代理与IP	B	true	true	1
1073	vpn节点订阅网站	vpn%E8%8A%82%E7%82%B9%E8%AE%A2%E9%98%85%E7%BD%91%E7%AB%99	https://www.kuaishou.com/search/vpn%E8%8A%82%E7%82%B9%E8%AE%A2%E9%98%85%E7%BD%91%E7%AB%99	VPN核心	代理与IP	B	true	true	1
1074	vpn节点购买攻略	vpn%E8%8A%82%E7%82%B9%E8%B4%AD%E4%B9%B0%E6%94%BB%E7%95%A5	https://www.kuaishou.com/search/vpn%E8%8A%82%E7%82%B9%E8%B4%AD%E4%B9%B0%E6%94%BB%E7%95%A5	VPN核心	选型购买	B	true	true	1
1075	vpn苹果手机推荐	vpn%E8%8B%B9%E6%9E%9C%E6%89%8B%E6%9C%BA%E6%8E%A8%E8%8D%90	https://www.kuaishou.com/search/vpn%E8%8B%B9%E6%9E%9C%E6%89%8B%E6%9C%BA%E6%8E%A8%E8%8D%90	VPN核心	选型购买	B	false	true	1
1076	vpn设置流程	vpn%E8%AE%BE%E7%BD%AE%E6%B5%81%E7%A8%8B	https://www.kuaishou.com/search/vpn%E8%AE%BE%E7%BD%AE%E6%B5%81%E7%A8%8B	VPN核心	配置排障	B	false	true	1
1077	vpn路由器对比	vpn%E8%B7%AF%E7%94%B1%E5%99%A8%E5%AF%B9%E6%AF%94	https://www.kuaishou.com/search/vpn%E8%B7%AF%E7%94%B1%E5%99%A8%E5%AF%B9%E6%AF%94	VPN核心	泛需求	B	false	true	1
1078	vpn软件开发	vpn%E8%BD%AF%E4%BB%B6%E5%BC%80%E5%8F%91	https://www.kuaishou.com/search/vpn%E8%BD%AF%E4%BB%B6%E5%BC%80%E5%8F%91	VPN核心	下载安装	B	false	true	1
1079	vpn软件推荐ios	vpn%E8%BD%AF%E4%BB%B6%E6%8E%A8%E8%8D%90ios	https://www.kuaishou.com/search/vpn%E8%BD%AF%E4%BB%B6%E6%8E%A8%E8%8D%90ios	VPN核心	选型购买	B	false	true	1
1080	vpn违法吗如何安全使用vpn	vpn%E8%BF%9D%E6%B3%95%E5%90%97%E5%A6%82%E4%BD%95%E5%AE%89%E5%85%A8%E4%BD%BF%E7%94%A8vpn	https://www.kuaishou.com/search/vpn%E8%BF%9D%E6%B3%95%E5%90%97%E5%A6%82%E4%BD%95%E5%AE%89%E5%85%A8%E4%BD%BF%E7%94%A8vpn	VPN核心	配置排障	B	false	true	1
1081	vpn连接失败	vpn%E8%BF%9E%E6%8E%A5%E5%A4%B1%E8%B4%A5	https://www.kuaishou.com/search/vpn%E8%BF%9E%E6%8E%A5%E5%A4%B1%E8%B4%A5	VPN核心	配置排障	B	false	true	1
1082	vpn配置所使用的vpn app尚未安装	vpn%E9%85%8D%E7%BD%AE%E6%89%80%E4%BD%BF%E7%94%A8%E7%9A%84vpn%20app%E5%B0%9A%E6%9C%AA%E5%AE%89%E8%A3%85	https://www.kuaishou.com/search/vpn%E9%85%8D%E7%BD%AE%E6%89%80%E4%BD%BF%E7%94%A8%E7%9A%84vpn%20app%E5%B0%9A%E6%9C%AA%E5%AE%89%E8%A3%85	VPN核心	配置排障	B	false	true	1
1083	vpn配置文件的位置	vpn%E9%85%8D%E7%BD%AE%E6%96%87%E4%BB%B6%E7%9A%84%E4%BD%8D%E7%BD%AE	https://www.kuaishou.com/search/vpn%E9%85%8D%E7%BD%AE%E6%96%87%E4%BB%B6%E7%9A%84%E4%BD%8D%E7%BD%AE	VPN核心	配置排障	B	false	true	1
1084	wireguard openwrt	wireguard%20openwrt	https://www.kuaishou.com/search/wireguard%20openwrt	VPN协议与技术	泛需求	B	false	true	1
1085	wireguard官网	wireguard%E5%AE%98%E7%BD%91	https://www.kuaishou.com/search/wireguard%E5%AE%98%E7%BD%91	VPN协议与技术	泛需求	B	false	true	1
1086	下载tiktok后网络无法连接	%E4%B8%8B%E8%BD%BDtiktok%E5%90%8E%E7%BD%91%E7%BB%9C%E6%97%A0%E6%B3%95%E8%BF%9E%E6%8E%A5	https://www.kuaishou.com/search/%E4%B8%8B%E8%BD%BDtiktok%E5%90%8E%E7%BD%91%E7%BB%9C%E6%97%A0%E6%B3%95%E8%BF%9E%E6%8E%A5	跨境与海外网络	跨境外贸	B	false	true	1
1087	为什么tiktok网络无法连接	%E4%B8%BA%E4%BB%80%E4%B9%88tiktok%E7%BD%91%E7%BB%9C%E6%97%A0%E6%B3%95%E8%BF%9E%E6%8E%A5	https://www.kuaishou.com/search/%E4%B8%BA%E4%BB%80%E4%B9%88tiktok%E7%BD%91%E7%BB%9C%E6%97%A0%E6%B3%95%E8%BF%9E%E6%8E%A5	跨境与海外网络	跨境外贸	B	false	true	1
1088	互联网/跨境电商资讯	%E4%BA%92%E8%81%94%E7%BD%91%2F%E8%B7%A8%E5%A2%83%E7%94%B5%E5%95%86%E8%B5%84%E8%AE%AF	https://www.kuaishou.com/search/%E4%BA%92%E8%81%94%E7%BD%91%2F%E8%B7%A8%E5%A2%83%E7%94%B5%E5%95%86%E8%B5%84%E8%AE%AF	跨境与海外网络	跨境外贸	B	false	true	1
1089	亚马逊网络服务aws	%E4%BA%9A%E9%A9%AC%E9%80%8A%E7%BD%91%E7%BB%9C%E6%9C%8D%E5%8A%A1aws	https://www.kuaishou.com/search/%E4%BA%9A%E9%A9%AC%E9%80%8A%E7%BD%91%E7%BB%9C%E6%9C%8D%E5%8A%A1aws	跨境与海外网络	跨境外贸	B	false	true	1
1090	企业vpn解决方案	%E4%BC%81%E4%B8%9Avpn%E8%A7%A3%E5%86%B3%E6%96%B9%E6%A1%88	https://www.kuaishou.com/search/%E4%BC%81%E4%B8%9Avpn%E8%A7%A3%E5%86%B3%E6%96%B9%E6%A1%88	企业网络	企业办公	B	false	true	1
1091	便宜好用的vpn推荐	%E4%BE%BF%E5%AE%9C%E5%A5%BD%E7%94%A8%E7%9A%84vpn%E6%8E%A8%E8%8D%90	https://www.kuaishou.com/search/%E4%BE%BF%E5%AE%9C%E5%A5%BD%E7%94%A8%E7%9A%84vpn%E6%8E%A8%E8%8D%90	VPN核心	选型购买	B	false	true	1
1092	做外贸怎么搭建网络	%E5%81%9A%E5%A4%96%E8%B4%B8%E6%80%8E%E4%B9%88%E6%90%AD%E5%BB%BA%E7%BD%91%E7%BB%9C	https://www.kuaishou.com/search/%E5%81%9A%E5%A4%96%E8%B4%B8%E6%80%8E%E4%B9%88%E6%90%AD%E5%BB%BA%E7%BD%91%E7%BB%9C	跨境与海外网络	跨境外贸	B	false	true	1
1093	免费主机游戏加速器	%E5%85%8D%E8%B4%B9%E4%B8%BB%E6%9C%BA%E6%B8%B8%E6%88%8F%E5%8A%A0%E9%80%9F%E5%99%A8	https://www.kuaishou.com/search/%E5%85%8D%E8%B4%B9%E4%B8%BB%E6%9C%BA%E6%B8%B8%E6%88%8F%E5%8A%A0%E9%80%9F%E5%99%A8	游戏加速	游戏娱乐	B	false	true	1
1094	免费加速器下载	%E5%85%8D%E8%B4%B9%E5%8A%A0%E9%80%9F%E5%99%A8%E4%B8%8B%E8%BD%BD	https://www.kuaishou.com/search/%E5%85%8D%E8%B4%B9%E5%8A%A0%E9%80%9F%E5%99%A8%E4%B8%8B%E8%BD%BD	网络加速	下载安装	B	false	true	1
1095	免费加速器手机	%E5%85%8D%E8%B4%B9%E5%8A%A0%E9%80%9F%E5%99%A8%E6%89%8B%E6%9C%BA	https://www.kuaishou.com/search/%E5%85%8D%E8%B4%B9%E5%8A%A0%E9%80%9F%E5%99%A8%E6%89%8B%E6%9C%BA	网络加速	下载安装	B	false	true	1
1096	免费时长加速器	%E5%85%8D%E8%B4%B9%E6%97%B6%E9%95%BF%E5%8A%A0%E9%80%9F%E5%99%A8	https://www.kuaishou.com/search/%E5%85%8D%E8%B4%B9%E6%97%B6%E9%95%BF%E5%8A%A0%E9%80%9F%E5%99%A8	网络加速	泛需求	B	false	true	1
1097	加速器排行榜前十名	%E5%8A%A0%E9%80%9F%E5%99%A8%E6%8E%92%E8%A1%8C%E6%A6%9C%E5%89%8D%E5%8D%81%E5%90%8D	https://www.kuaishou.com/search/%E5%8A%A0%E9%80%9F%E5%99%A8%E6%8E%92%E8%A1%8C%E6%A6%9C%E5%89%8D%E5%8D%81%E5%90%8D	网络加速	泛需求	B	false	true	1
1098	原神国际服加速器	%E5%8E%9F%E7%A5%9E%E5%9B%BD%E9%99%85%E6%9C%8D%E5%8A%A0%E9%80%9F%E5%99%A8	https://www.kuaishou.com/search/%E5%8E%9F%E7%A5%9E%E5%9B%BD%E9%99%85%E6%9C%8D%E5%8A%A0%E9%80%9F%E5%99%A8	网络加速	泛需求	B	false	true	1
1099	和平精英加速器推荐	%E5%92%8C%E5%B9%B3%E7%B2%BE%E8%8B%B1%E5%8A%A0%E9%80%9F%E5%99%A8%E6%8E%A8%E8%8D%90	https://www.kuaishou.com/search/%E5%92%8C%E5%B9%B3%E7%B2%BE%E8%8B%B1%E5%8A%A0%E9%80%9F%E5%99%A8%E6%8E%A8%E8%8D%90	网络加速	选型购买	B	false	true	1
1100	回国vpn推荐	%E5%9B%9E%E5%9B%BDvpn%E6%8E%A8%E8%8D%90	https://www.kuaishou.com/search/%E5%9B%9E%E5%9B%BDvpn%E6%8E%A8%E8%8D%90	VPN核心	选型购买	B	false	true	1
1101	国内手机怎么连接跨境网络	%E5%9B%BD%E5%86%85%E6%89%8B%E6%9C%BA%E6%80%8E%E4%B9%88%E8%BF%9E%E6%8E%A5%E8%B7%A8%E5%A2%83%E7%BD%91%E7%BB%9C	https://www.kuaishou.com/search/%E5%9B%BD%E5%86%85%E6%89%8B%E6%9C%BA%E6%80%8E%E4%B9%88%E8%BF%9E%E6%8E%A5%E8%B7%A8%E5%A2%83%E7%BD%91%E7%BB%9C	跨境与海外网络	跨境外贸	B	false	true	1
1102	国际专线多少钱	%E5%9B%BD%E9%99%85%E4%B8%93%E7%BA%BF%E5%A4%9A%E5%B0%91%E9%92%B1	https://www.kuaishou.com/search/%E5%9B%BD%E9%99%85%E4%B8%93%E7%BA%BF%E5%A4%9A%E5%B0%91%E9%92%B1	跨境与海外网络	跨境外贸	B	false	true	1
1103	国际专线网络价格	%E5%9B%BD%E9%99%85%E4%B8%93%E7%BA%BF%E7%BD%91%E7%BB%9C%E4%BB%B7%E6%A0%BC	https://www.kuaishou.com/search/%E5%9B%BD%E9%99%85%E4%B8%93%E7%BA%BF%E7%BD%91%E7%BB%9C%E4%BB%B7%E6%A0%BC	跨境与海外网络	跨境外贸	B	false	true	1
1104	国际专线英文	%E5%9B%BD%E9%99%85%E4%B8%93%E7%BA%BF%E8%8B%B1%E6%96%87	https://www.kuaishou.com/search/%E5%9B%BD%E9%99%85%E4%B8%93%E7%BA%BF%E8%8B%B1%E6%96%87	跨境与海外网络	跨境外贸	B	false	true	1
1105	外贸网络代理	%E5%A4%96%E8%B4%B8%E7%BD%91%E7%BB%9C%E4%BB%A3%E7%90%86	https://www.kuaishou.com/search/%E5%A4%96%E8%B4%B8%E7%BD%91%E7%BB%9C%E4%BB%A3%E7%90%86	跨境与海外网络	跨境外贸	B	false	true	1
1106	外贸网络搭建方案	%E5%A4%96%E8%B4%B8%E7%BD%91%E7%BB%9C%E6%90%AD%E5%BB%BA%E6%96%B9%E6%A1%88	https://www.kuaishou.com/search/%E5%A4%96%E8%B4%B8%E7%BD%91%E7%BB%9C%E6%90%AD%E5%BB%BA%E6%96%B9%E6%A1%88	跨境与海外网络	跨境外贸	B	false	true	1
1107	外贸网络节点	%E5%A4%96%E8%B4%B8%E7%BD%91%E7%BB%9C%E8%8A%82%E7%82%B9	https://www.kuaishou.com/search/%E5%A4%96%E8%B4%B8%E7%BD%91%E7%BB%9C%E8%8A%82%E7%82%B9	跨境与海外网络	跨境外贸	B	true	true	1
1108	奇游加速器、苹果版	%E5%A5%87%E6%B8%B8%E5%8A%A0%E9%80%9F%E5%99%A8%E3%80%81%E8%8B%B9%E6%9E%9C%E7%89%88	https://www.kuaishou.com/search/%E5%A5%87%E6%B8%B8%E5%8A%A0%E9%80%9F%E5%99%A8%E3%80%81%E8%8B%B9%E6%9E%9C%E7%89%88	网络加速	下载安装	B	false	true	1
1109	奇游手游加速器官网正版下载	%E5%A5%87%E6%B8%B8%E6%89%8B%E6%B8%B8%E5%8A%A0%E9%80%9F%E5%99%A8%E5%AE%98%E7%BD%91%E6%AD%A3%E7%89%88%E4%B8%8B%E8%BD%BD	https://www.kuaishou.com/search/%E5%A5%87%E6%B8%B8%E6%89%8B%E6%B8%B8%E5%8A%A0%E9%80%9F%E5%99%A8%E5%AE%98%E7%BD%91%E6%AD%A3%E7%89%88%E4%B8%8B%E8%BD%BD	游戏加速	下载安装	B	false	true	1
1110	如何在路由器上设置vpn	%E5%A6%82%E4%BD%95%E5%9C%A8%E8%B7%AF%E7%94%B1%E5%99%A8%E4%B8%8A%E8%AE%BE%E7%BD%AEvpn	https://www.kuaishou.com/search/%E5%A6%82%E4%BD%95%E5%9C%A8%E8%B7%AF%E7%94%B1%E5%99%A8%E4%B8%8A%E8%AE%BE%E7%BD%AEvpn	VPN核心	配置排障	B	false	true	1
1111	如何搭建tiktok专线网络	%E5%A6%82%E4%BD%95%E6%90%AD%E5%BB%BAtiktok%E4%B8%93%E7%BA%BF%E7%BD%91%E7%BB%9C	https://www.kuaishou.com/search/%E5%A6%82%E4%BD%95%E6%90%AD%E5%BB%BAtiktok%E4%B8%93%E7%BA%BF%E7%BD%91%E7%BB%9C	跨境与海外网络	跨境外贸	B	false	true	1
1112	安卓手机连接vpn后无法上网	%E5%AE%89%E5%8D%93%E6%89%8B%E6%9C%BA%E8%BF%9E%E6%8E%A5vpn%E5%90%8E%E6%97%A0%E6%B3%95%E4%B8%8A%E7%BD%91	https://www.kuaishou.com/search/%E5%AE%89%E5%8D%93%E6%89%8B%E6%9C%BA%E8%BF%9E%E6%8E%A5vpn%E5%90%8E%E6%97%A0%E6%B3%95%E4%B8%8A%E7%BD%91	VPN核心	配置排障	B	false	true	1
1113	对峙2需要加速器吗	%E5%AF%B9%E5%B3%992%E9%9C%80%E8%A6%81%E5%8A%A0%E9%80%9F%E5%99%A8%E5%90%97	https://www.kuaishou.com/search/%E5%AF%B9%E5%B3%992%E9%9C%80%E8%A6%81%E5%8A%A0%E9%80%9F%E5%99%A8%E5%90%97	网络加速	泛需求	B	false	true	1
1114	小米应用商店海外版	%E5%B0%8F%E7%B1%B3%E5%BA%94%E7%94%A8%E5%95%86%E5%BA%97%E6%B5%B7%E5%A4%96%E7%89%88	https://www.kuaishou.com/search/%E5%B0%8F%E7%B1%B3%E5%BA%94%E7%94%A8%E5%95%86%E5%BA%97%E6%B5%B7%E5%A4%96%E7%89%88	跨境与海外网络	跨境外贸	B	false	true	1
1115	快喵vpn安全吗	%E5%BF%AB%E5%96%B5vpn%E5%AE%89%E5%85%A8%E5%90%97	https://www.kuaishou.com/search/%E5%BF%AB%E5%96%B5vpn%E5%AE%89%E5%85%A8%E5%90%97	VPN核心	科普原理	B	false	true	1
1116	手机vpn设置步骤	%E6%89%8B%E6%9C%BAvpn%E8%AE%BE%E7%BD%AE%E6%AD%A5%E9%AA%A4	https://www.kuaishou.com/search/%E6%89%8B%E6%9C%BAvpn%E8%AE%BE%E7%BD%AE%E6%AD%A5%E9%AA%A4	VPN核心	配置排障	B	false	true	1
1117	手机游戏加速器永久免费版	%E6%89%8B%E6%9C%BA%E6%B8%B8%E6%88%8F%E5%8A%A0%E9%80%9F%E5%99%A8%E6%B0%B8%E4%B9%85%E5%85%8D%E8%B4%B9%E7%89%88	https://www.kuaishou.com/search/%E6%89%8B%E6%9C%BA%E6%B8%B8%E6%88%8F%E5%8A%A0%E9%80%9F%E5%99%A8%E6%B0%B8%E4%B9%85%E5%85%8D%E8%B4%B9%E7%89%88	游戏加速	下载安装	B	false	true	1
1118	手游加速器全局	%E6%89%8B%E6%B8%B8%E5%8A%A0%E9%80%9F%E5%99%A8%E5%85%A8%E5%B1%80	https://www.kuaishou.com/search/%E6%89%8B%E6%B8%B8%E5%8A%A0%E9%80%9F%E5%99%A8%E5%85%A8%E5%B1%80	游戏加速	游戏娱乐	B	false	true	1
1119	挂了梯子tiktok无网络连接怎么办	%E6%8C%82%E4%BA%86%E6%A2%AF%E5%AD%90tiktok%E6%97%A0%E7%BD%91%E7%BB%9C%E8%BF%9E%E6%8E%A5%E6%80%8E%E4%B9%88%E5%8A%9E	https://www.kuaishou.com/search/%E6%8C%82%E4%BA%86%E6%A2%AF%E5%AD%90tiktok%E6%97%A0%E7%BD%91%E7%BB%9C%E8%BF%9E%E6%8E%A5%E6%80%8E%E4%B9%88%E5%8A%9E	跨境与海外网络	跨境外贸	B	true	true	1
1120	搭建ipsec vpn	%E6%90%AD%E5%BB%BAipsec%20vpn	https://www.kuaishou.com/search/%E6%90%AD%E5%BB%BAipsec%20vpn	VPN协议与技术	配置排障	B	false	true	1
1121	无需加速器的联机游戏	%E6%97%A0%E9%9C%80%E5%8A%A0%E9%80%9F%E5%99%A8%E7%9A%84%E8%81%94%E6%9C%BA%E6%B8%B8%E6%88%8F	https://www.kuaishou.com/search/%E6%97%A0%E9%9C%80%E5%8A%A0%E9%80%9F%E5%99%A8%E7%9A%84%E8%81%94%E6%9C%BA%E6%B8%B8%E6%88%8F	游戏加速	游戏娱乐	B	false	true	1
1122	海外app store下载	%E6%B5%B7%E5%A4%96app%20store%E4%B8%8B%E8%BD%BD	https://www.kuaishou.com/search/%E6%B5%B7%E5%A4%96app%20store%E4%B8%8B%E8%BD%BD	跨境与海外网络	跨境外贸	B	false	true	1
1123	海外app下载商店	%E6%B5%B7%E5%A4%96app%E4%B8%8B%E8%BD%BD%E5%95%86%E5%BA%97	https://www.kuaishou.com/search/%E6%B5%B7%E5%A4%96app%E4%B8%8B%E8%BD%BD%E5%95%86%E5%BA%97	跨境与海外网络	跨境外贸	B	false	true	1
1124	海外iphoneid注册	%E6%B5%B7%E5%A4%96iphoneid%E6%B3%A8%E5%86%8C	https://www.kuaishou.com/search/%E6%B5%B7%E5%A4%96iphoneid%E6%B3%A8%E5%86%8C	跨境与海外网络	跨境外贸	B	false	true	1
1125	海外iphone買取	%E6%B5%B7%E5%A4%96iphone%E8%B2%B7%E5%8F%96	https://www.kuaishou.com/search/%E6%B5%B7%E5%A4%96iphone%E8%B2%B7%E5%8F%96	跨境与海外网络	跨境外贸	B	false	true	1
1126	海外专线电视剧免费播放	%E6%B5%B7%E5%A4%96%E4%B8%93%E7%BA%BF%E7%94%B5%E8%A7%86%E5%89%A7%E5%85%8D%E8%B4%B9%E6%92%AD%E6%94%BE	https://www.kuaishou.com/search/%E6%B5%B7%E5%A4%96%E4%B8%93%E7%BA%BF%E7%94%B5%E8%A7%86%E5%89%A7%E5%85%8D%E8%B4%B9%E6%92%AD%E6%94%BE	跨境与海外网络	跨境外贸	B	false	true	1
1127	海外专线网络	%E6%B5%B7%E5%A4%96%E4%B8%93%E7%BA%BF%E7%BD%91%E7%BB%9C	https://www.kuaishou.com/search/%E6%B5%B7%E5%A4%96%E4%B8%93%E7%BA%BF%E7%BD%91%E7%BB%9C	跨境与海外网络	跨境外贸	B	false	true	1
1128	海外留学生网的服务内容	%E6%B5%B7%E5%A4%96%E7%95%99%E5%AD%A6%E7%94%9F%E7%BD%91%E7%9A%84%E6%9C%8D%E5%8A%A1%E5%86%85%E5%AE%B9	https://www.kuaishou.com/search/%E6%B5%B7%E5%A4%96%E7%95%99%E5%AD%A6%E7%94%9F%E7%BD%91%E7%9A%84%E6%9C%8D%E5%8A%A1%E5%86%85%E5%AE%B9	跨境与海外网络	跨境外贸	B	false	true	1
1129	海外直播网络怎么弄	%E6%B5%B7%E5%A4%96%E7%9B%B4%E6%92%AD%E7%BD%91%E7%BB%9C%E6%80%8E%E4%B9%88%E5%BC%84	https://www.kuaishou.com/search/%E6%B5%B7%E5%A4%96%E7%9B%B4%E6%92%AD%E7%BD%91%E7%BB%9C%E6%80%8E%E4%B9%88%E5%BC%84	跨境与海外网络	跨境外贸	B	false	true	1
1130	海外软件下载排行榜	%E6%B5%B7%E5%A4%96%E8%BD%AF%E4%BB%B6%E4%B8%8B%E8%BD%BD%E6%8E%92%E8%A1%8C%E6%A6%9C	https://www.kuaishou.com/search/%E6%B5%B7%E5%A4%96%E8%BD%AF%E4%BB%B6%E4%B8%8B%E8%BD%BD%E6%8E%92%E8%A1%8C%E6%A6%9C	跨境与海外网络	跨境外贸	B	false	true	1
1131	海外软件下载网站	%E6%B5%B7%E5%A4%96%E8%BD%AF%E4%BB%B6%E4%B8%8B%E8%BD%BD%E7%BD%91%E7%AB%99	https://www.kuaishou.com/search/%E6%B5%B7%E5%A4%96%E8%BD%AF%E4%BB%B6%E4%B8%8B%E8%BD%BD%E7%BD%91%E7%AB%99	跨境与海外网络	跨境外贸	B	false	true	1
1132	游戏加速器下载手机版	%E6%B8%B8%E6%88%8F%E5%8A%A0%E9%80%9F%E5%99%A8%E4%B8%8B%E8%BD%BD%E6%89%8B%E6%9C%BA%E7%89%88	https://www.kuaishou.com/search/%E6%B8%B8%E6%88%8F%E5%8A%A0%E9%80%9F%E5%99%A8%E4%B8%8B%E8%BD%BD%E6%89%8B%E6%9C%BA%E7%89%88	游戏加速	下载安装	B	false	true	1
1133	游戏加速器哪个好不卡顿	%E6%B8%B8%E6%88%8F%E5%8A%A0%E9%80%9F%E5%99%A8%E5%93%AA%E4%B8%AA%E5%A5%BD%E4%B8%8D%E5%8D%A1%E9%A1%BF	https://www.kuaishou.com/search/%E6%B8%B8%E6%88%8F%E5%8A%A0%E9%80%9F%E5%99%A8%E5%93%AA%E4%B8%AA%E5%A5%BD%E4%B8%8D%E5%8D%A1%E9%A1%BF	游戏加速	选型购买	B	false	true	1
1134	游戏加速器排行榜	%E6%B8%B8%E6%88%8F%E5%8A%A0%E9%80%9F%E5%99%A8%E6%8E%92%E8%A1%8C%E6%A6%9C	https://www.kuaishou.com/search/%E6%B8%B8%E6%88%8F%E5%8A%A0%E9%80%9F%E5%99%A8%E6%8E%92%E8%A1%8C%E6%A6%9C	游戏加速	游戏娱乐	B	false	true	1
1135	游戏加速器推荐高速	%E6%B8%B8%E6%88%8F%E5%8A%A0%E9%80%9F%E5%99%A8%E6%8E%A8%E8%8D%90%E9%AB%98%E9%80%9F	https://www.kuaishou.com/search/%E6%B8%B8%E6%88%8F%E5%8A%A0%E9%80%9F%E5%99%A8%E6%8E%A8%E8%8D%90%E9%AB%98%E9%80%9F	游戏加速	选型购买	B	false	true	1
1136	火箭加速器免费	%E7%81%AB%E7%AE%AD%E5%8A%A0%E9%80%9F%E5%99%A8%E5%85%8D%E8%B4%B9	https://www.kuaishou.com/search/%E7%81%AB%E7%AE%AD%E5%8A%A0%E9%80%9F%E5%99%A8%E5%85%8D%E8%B4%B9	网络加速	泛需求	B	false	true	1
1137	球球大作战加速器安卓	%E7%90%83%E7%90%83%E5%A4%A7%E4%BD%9C%E6%88%98%E5%8A%A0%E9%80%9F%E5%99%A8%E5%AE%89%E5%8D%93	https://www.kuaishou.com/search/%E7%90%83%E7%90%83%E5%A4%A7%E4%BD%9C%E6%88%98%E5%8A%A0%E9%80%9F%E5%99%A8%E5%AE%89%E5%8D%93	网络加速	下载安装	B	false	true	1
1138	电脑游戏加速器哪个最好用	%E7%94%B5%E8%84%91%E6%B8%B8%E6%88%8F%E5%8A%A0%E9%80%9F%E5%99%A8%E5%93%AA%E4%B8%AA%E6%9C%80%E5%A5%BD%E7%94%A8	https://www.kuaishou.com/search/%E7%94%B5%E8%84%91%E6%B8%B8%E6%88%8F%E5%8A%A0%E9%80%9F%E5%99%A8%E5%93%AA%E4%B8%AA%E6%9C%80%E5%A5%BD%E7%94%A8	游戏加速	选型购买	B	false	true	1
1139	网络加速器推荐	%E7%BD%91%E7%BB%9C%E5%8A%A0%E9%80%9F%E5%99%A8%E6%8E%A8%E8%8D%90	https://www.kuaishou.com/search/%E7%BD%91%E7%BB%9C%E5%8A%A0%E9%80%9F%E5%99%A8%E6%8E%A8%E8%8D%90	网络加速	选型购买	B	false	true	1
1140	翻墙不干坏事会被抓吗	%E7%BF%BB%E5%A2%99%E4%B8%8D%E5%B9%B2%E5%9D%8F%E4%BA%8B%E4%BC%9A%E8%A2%AB%E6%8A%93%E5%90%97	https://www.kuaishou.com/search/%E7%BF%BB%E5%A2%99%E4%B8%8D%E5%B9%B2%E5%9D%8F%E4%BA%8B%E4%BC%9A%E8%A2%AB%E6%8A%93%E5%90%97	VPN核心	泛需求	B	true	true	1
1141	翻墙后看什么	%E7%BF%BB%E5%A2%99%E5%90%8E%E7%9C%8B%E4%BB%80%E4%B9%88	https://www.kuaishou.com/search/%E7%BF%BB%E5%A2%99%E5%90%8E%E7%9C%8B%E4%BB%80%E4%B9%88	VPN核心	泛需求	B	true	true	1
1142	翻墙的梯子和vpn的区别	%E7%BF%BB%E5%A2%99%E7%9A%84%E6%A2%AF%E5%AD%90%E5%92%8Cvpn%E7%9A%84%E5%8C%BA%E5%88%AB	https://www.kuaishou.com/search/%E7%BF%BB%E5%A2%99%E7%9A%84%E6%A2%AF%E5%AD%90%E5%92%8Cvpn%E7%9A%84%E5%8C%BA%E5%88%AB	VPN核心	科普原理	B	true	true	1
1143	翻墙软件小猫	%E7%BF%BB%E5%A2%99%E8%BD%AF%E4%BB%B6%E5%B0%8F%E7%8C%AB	https://www.kuaishou.com/search/%E7%BF%BB%E5%A2%99%E8%BD%AF%E4%BB%B6%E5%B0%8F%E7%8C%AB	VPN核心	下载安装	B	true	true	1
1144	翻墙违法吗翻墙的历史和现状	%E7%BF%BB%E5%A2%99%E8%BF%9D%E6%B3%95%E5%90%97%E7%BF%BB%E5%A2%99%E7%9A%84%E5%8E%86%E5%8F%B2%E5%92%8C%E7%8E%B0%E7%8A%B6	https://www.kuaishou.com/search/%E7%BF%BB%E5%A2%99%E8%BF%9D%E6%B3%95%E5%90%97%E7%BF%BB%E5%A2%99%E7%9A%84%E5%8E%86%E5%8F%B2%E5%92%8C%E7%8E%B0%E7%8A%B6	VPN核心	泛需求	B	true	true	1
1145	腾讯云服务器vpn推荐	%E8%85%BE%E8%AE%AF%E4%BA%91%E6%9C%8D%E5%8A%A1%E5%99%A8vpn%E6%8E%A8%E8%8D%90	https://www.kuaishou.com/search/%E8%85%BE%E8%AE%AF%E4%BA%91%E6%9C%8D%E5%8A%A1%E5%99%A8vpn%E6%8E%A8%E8%8D%90	VPN核心	选型购买	B	false	true	1
1146	苹果手机vpn设置最佳方案	%E8%8B%B9%E6%9E%9C%E6%89%8B%E6%9C%BAvpn%E8%AE%BE%E7%BD%AE%E6%9C%80%E4%BD%B3%E6%96%B9%E6%A1%88	https://www.kuaishou.com/search/%E8%8B%B9%E6%9E%9C%E6%89%8B%E6%9C%BAvpn%E8%AE%BE%E7%BD%AE%E6%9C%80%E4%BD%B3%E6%96%B9%E6%A1%88	VPN核心	配置排障	B	false	true	1
1147	虚拟专用网络ip地址	%E8%99%9A%E6%8B%9F%E4%B8%93%E7%94%A8%E7%BD%91%E7%BB%9Cip%E5%9C%B0%E5%9D%80	https://www.kuaishou.com/search/%E8%99%9A%E6%8B%9F%E4%B8%93%E7%94%A8%E7%BD%91%E7%BB%9Cip%E5%9C%B0%E5%9D%80	VPN核心	代理与IP	B	false	true	1
1148	虚拟专用网络优势	%E8%99%9A%E6%8B%9F%E4%B8%93%E7%94%A8%E7%BD%91%E7%BB%9C%E4%BC%98%E5%8A%BF	https://www.kuaishou.com/search/%E8%99%9A%E6%8B%9F%E4%B8%93%E7%94%A8%E7%BD%91%E7%BB%9C%E4%BC%98%E5%8A%BF	VPN核心	泛需求	B	false	true	1
1149	虚拟私人网络下载安装	%E8%99%9A%E6%8B%9F%E7%A7%81%E4%BA%BA%E7%BD%91%E7%BB%9C%E4%B8%8B%E8%BD%BD%E5%AE%89%E8%A3%85	https://www.kuaishou.com/search/%E8%99%9A%E6%8B%9F%E7%A7%81%E4%BA%BA%E7%BD%91%E7%BB%9C%E4%B8%8B%E8%BD%BD%E5%AE%89%E8%A3%85	VPN核心	下载安装	B	false	true	1
1150	虚拟私人网络付费使用法规	%E8%99%9A%E6%8B%9F%E7%A7%81%E4%BA%BA%E7%BD%91%E7%BB%9C%E4%BB%98%E8%B4%B9%E4%BD%BF%E7%94%A8%E6%B3%95%E8%A7%84	https://www.kuaishou.com/search/%E8%99%9A%E6%8B%9F%E7%A7%81%E4%BA%BA%E7%BD%91%E7%BB%9C%E4%BB%98%E8%B4%B9%E4%BD%BF%E7%94%A8%E6%B3%95%E8%A7%84	VPN核心	泛需求	B	false	true	1
1151	访问外网加速器推荐	%E8%AE%BF%E9%97%AE%E5%A4%96%E7%BD%91%E5%8A%A0%E9%80%9F%E5%99%A8%E6%8E%A8%E8%8D%90	https://www.kuaishou.com/search/%E8%AE%BF%E9%97%AE%E5%A4%96%E7%BD%91%E5%8A%A0%E9%80%9F%E5%99%A8%E6%8E%A8%E8%8D%90	网络加速	选型购买	B	false	true	1
1152	跨境专线中继服务	%E8%B7%A8%E5%A2%83%E4%B8%93%E7%BA%BF%E4%B8%AD%E7%BB%A7%E6%9C%8D%E5%8A%A1	https://www.kuaishou.com/search/%E8%B7%A8%E5%A2%83%E4%B8%93%E7%BA%BF%E4%B8%AD%E7%BB%A7%E6%9C%8D%E5%8A%A1	跨境与海外网络	跨境外贸	B	false	true	1
1153	跨境专线多少钱	%E8%B7%A8%E5%A2%83%E4%B8%93%E7%BA%BF%E5%A4%9A%E5%B0%91%E9%92%B1	https://www.kuaishou.com/search/%E8%B7%A8%E5%A2%83%E4%B8%93%E7%BA%BF%E5%A4%9A%E5%B0%91%E9%92%B1	跨境与海外网络	跨境外贸	B	false	true	1
1154	跨境电商2.0	%E8%B7%A8%E5%A2%83%E7%94%B5%E5%95%862.0	https://www.kuaishou.com/search/%E8%B7%A8%E5%A2%83%E7%94%B5%E5%95%862.0	跨境与海外网络	跨境外贸	B	false	true	1
1155	跨境电商平台建设步骤	%E8%B7%A8%E5%A2%83%E7%94%B5%E5%95%86%E5%B9%B3%E5%8F%B0%E5%BB%BA%E8%AE%BE%E6%AD%A5%E9%AA%A4	https://www.kuaishou.com/search/%E8%B7%A8%E5%A2%83%E7%94%B5%E5%95%86%E5%B9%B3%E5%8F%B0%E5%BB%BA%E8%AE%BE%E6%AD%A5%E9%AA%A4	跨境与海外网络	跨境外贸	B	false	true	1
1156	跨境电商网络服务商	%E8%B7%A8%E5%A2%83%E7%94%B5%E5%95%86%E7%BD%91%E7%BB%9C%E6%9C%8D%E5%8A%A1%E5%95%86	https://www.kuaishou.com/search/%E8%B7%A8%E5%A2%83%E7%94%B5%E5%95%86%E7%BD%91%E7%BB%9C%E6%9C%8D%E5%8A%A1%E5%95%86	跨境与海外网络	跨境外贸	B	false	true	1
1157	跨境电商网络环境服务商有哪些	%E8%B7%A8%E5%A2%83%E7%94%B5%E5%95%86%E7%BD%91%E7%BB%9C%E7%8E%AF%E5%A2%83%E6%9C%8D%E5%8A%A1%E5%95%86%E6%9C%89%E5%93%AA%E4%BA%9B	https://www.kuaishou.com/search/%E8%B7%A8%E5%A2%83%E7%94%B5%E5%95%86%E7%BD%91%E7%BB%9C%E7%8E%AF%E5%A2%83%E6%9C%8D%E5%8A%A1%E5%95%86%E6%9C%89%E5%93%AA%E4%BA%9B	跨境与海外网络	跨境外贸	B	false	true	1
1158	跨境电商网络直播带货的机遇与挑战	%E8%B7%A8%E5%A2%83%E7%94%B5%E5%95%86%E7%BD%91%E7%BB%9C%E7%9B%B4%E6%92%AD%E5%B8%A6%E8%B4%A7%E7%9A%84%E6%9C%BA%E9%81%87%E4%B8%8E%E6%8C%91%E6%88%98	https://www.kuaishou.com/search/%E8%B7%A8%E5%A2%83%E7%94%B5%E5%95%86%E7%BD%91%E7%BB%9C%E7%9B%B4%E6%92%AD%E5%B8%A6%E8%B4%A7%E7%9A%84%E6%9C%BA%E9%81%87%E4%B8%8E%E6%8C%91%E6%88%98	跨境与海外网络	跨境外贸	B	false	true	1
1159	跨境直播网络用什么设备	%E8%B7%A8%E5%A2%83%E7%9B%B4%E6%92%AD%E7%BD%91%E7%BB%9C%E7%94%A8%E4%BB%80%E4%B9%88%E8%AE%BE%E5%A4%87	https://www.kuaishou.com/search/%E8%B7%A8%E5%A2%83%E7%9B%B4%E6%92%AD%E7%BD%91%E7%BB%9C%E7%94%A8%E4%BB%80%E4%B9%88%E8%AE%BE%E5%A4%87	跨境与海外网络	跨境外贸	B	false	true	1
1160	跨境网络搭建费用	%E8%B7%A8%E5%A2%83%E7%BD%91%E7%BB%9C%E6%90%AD%E5%BB%BA%E8%B4%B9%E7%94%A8	https://www.kuaishou.com/search/%E8%B7%A8%E5%A2%83%E7%BD%91%E7%BB%9C%E6%90%AD%E5%BB%BA%E8%B4%B9%E7%94%A8	跨境与海外网络	跨境外贸	B	false	true	1
1161	跨境网络服务商是指	%E8%B7%A8%E5%A2%83%E7%BD%91%E7%BB%9C%E6%9C%8D%E5%8A%A1%E5%95%86%E6%98%AF%E6%8C%87	https://www.kuaishou.com/search/%E8%B7%A8%E5%A2%83%E7%BD%91%E7%BB%9C%E6%9C%8D%E5%8A%A1%E5%95%86%E6%98%AF%E6%8C%87	跨境与海外网络	跨境外贸	B	false	true	1
1162	路由器vpn设置推荐软件	%E8%B7%AF%E7%94%B1%E5%99%A8vpn%E8%AE%BE%E7%BD%AE%E6%8E%A8%E8%8D%90%E8%BD%AF%E4%BB%B6	https://www.kuaishou.com/search/%E8%B7%AF%E7%94%B1%E5%99%A8vpn%E8%AE%BE%E7%BD%AE%E6%8E%A8%E8%8D%90%E8%BD%AF%E4%BB%B6	VPN核心	配置排障	B	false	true	1
1163	迅游加速器价格测评	%E8%BF%85%E6%B8%B8%E5%8A%A0%E9%80%9F%E5%99%A8%E4%BB%B7%E6%A0%BC%E6%B5%8B%E8%AF%84	https://www.kuaishou.com/search/%E8%BF%85%E6%B8%B8%E5%8A%A0%E9%80%9F%E5%99%A8%E4%BB%B7%E6%A0%BC%E6%B5%8B%E8%AF%84	网络加速	选型购买	B	false	true	1
1164	迅游加速器官网首页电脑版	%E8%BF%85%E6%B8%B8%E5%8A%A0%E9%80%9F%E5%99%A8%E5%AE%98%E7%BD%91%E9%A6%96%E9%A1%B5%E7%94%B5%E8%84%91%E7%89%88	https://www.kuaishou.com/search/%E8%BF%85%E6%B8%B8%E5%8A%A0%E9%80%9F%E5%99%A8%E5%AE%98%E7%BD%91%E9%A6%96%E9%A1%B5%E7%94%B5%E8%84%91%E7%89%88	网络加速	下载安装	B	false	true	1
1165	逆水寒手游加速器推荐	%E9%80%86%E6%B0%B4%E5%AF%92%E6%89%8B%E6%B8%B8%E5%8A%A0%E9%80%9F%E5%99%A8%E6%8E%A8%E8%8D%90	https://www.kuaishou.com/search/%E9%80%86%E6%B0%B4%E5%AF%92%E6%89%8B%E6%B8%B8%E5%8A%A0%E9%80%9F%E5%99%A8%E6%8E%A8%E8%8D%90	游戏加速	选型购买	B	false	true	1
1166	雷神加速器cdk	%E9%9B%B7%E7%A5%9E%E5%8A%A0%E9%80%9F%E5%99%A8cdk	https://www.kuaishou.com/search/%E9%9B%B7%E7%A5%9E%E5%8A%A0%E9%80%9F%E5%99%A8cdk	网络加速	泛需求	B	false	true	1
1167	雷神加速器延迟高	%E9%9B%B7%E7%A5%9E%E5%8A%A0%E9%80%9F%E5%99%A8%E5%BB%B6%E8%BF%9F%E9%AB%98	https://www.kuaishou.com/search/%E9%9B%B7%E7%A5%9E%E5%8A%A0%E9%80%9F%E5%99%A8%E5%BB%B6%E8%BF%9F%E9%AB%98	网络加速	泛需求	B	false	true	1
1168	雷神加速器自动暂停	%E9%9B%B7%E7%A5%9E%E5%8A%A0%E9%80%9F%E5%99%A8%E8%87%AA%E5%8A%A8%E6%9A%82%E5%81%9C	https://www.kuaishou.com/search/%E9%9B%B7%E7%A5%9E%E5%8A%A0%E9%80%9F%E5%99%A8%E8%87%AA%E5%8A%A8%E6%9A%82%E5%81%9C	网络加速	泛需求	B	false	true	1
1169	1111 vpn连接不上	1111%20vpn%E8%BF%9E%E6%8E%A5%E4%B8%8D%E4%B8%8A	https://www.kuaishou.com/search/1111%20vpn%E8%BF%9E%E6%8E%A5%E4%B8%8D%E4%B8%8A	VPN核心	配置排障	B	false	true	1
1170	apex开了加速器延迟还是高	apex%E5%BC%80%E4%BA%86%E5%8A%A0%E9%80%9F%E5%99%A8%E5%BB%B6%E8%BF%9F%E8%BF%98%E6%98%AF%E9%AB%98	https://www.kuaishou.com/search/apex%E5%BC%80%E4%BA%86%E5%8A%A0%E9%80%9F%E5%99%A8%E5%BB%B6%E8%BF%9F%E8%BF%98%E6%98%AF%E9%AB%98	网络加速	泛需求	B	false	true	1
1171	apex英雄加速器怎么用	apex%E8%8B%B1%E9%9B%84%E5%8A%A0%E9%80%9F%E5%99%A8%E6%80%8E%E4%B9%88%E7%94%A8	https://www.kuaishou.com/search/apex%E8%8B%B1%E9%9B%84%E5%8A%A0%E9%80%9F%E5%99%A8%E6%80%8E%E4%B9%88%E7%94%A8	网络加速	配置排障	B	false	true	1
1172	astrill vpn下载	astrill%20vpn%E4%B8%8B%E8%BD%BD	https://www.kuaishou.com/search/astrill%20vpn%E4%B8%8B%E8%BD%BD	VPN核心	下载安装	B	false	true	1
1173	clash vpn怎么用	clash%20vpn%E6%80%8E%E4%B9%88%E7%94%A8	https://www.kuaishou.com/search/clash%20vpn%E6%80%8E%E4%B9%88%E7%94%A8	VPN核心	配置排障	B	false	true	1
1174	ip-vpn是什么	ip-vpn%E6%98%AF%E4%BB%80%E4%B9%88	https://www.kuaishou.com/search/ip-vpn%E6%98%AF%E4%BB%80%E4%B9%88	VPN核心	科普原理	B	false	true	1
1175	ipsec vpn explained	ipsec%20vpn%20explained	https://www.kuaishou.com/search/ipsec%20vpn%20explained	VPN协议与技术	代理与IP	B	false	true	1
1176	l2tp ipsec vpn搭建	l2tp%20ipsec%20vpn%E6%90%AD%E5%BB%BA	https://www.kuaishou.com/search/l2tp%20ipsec%20vpn%E6%90%AD%E5%BB%BA	VPN协议与技术	配置排障	B	false	true	1
1177	leaf vpn配置	leaf%20vpn%E9%85%8D%E7%BD%AE	https://www.kuaishou.com/search/leaf%20vpn%E9%85%8D%E7%BD%AE	VPN核心	配置排障	B	false	true	1
1178	mpls vpn原理	mpls%20vpn%E5%8E%9F%E7%90%86	https://www.kuaishou.com/search/mpls%20vpn%E5%8E%9F%E7%90%86	VPN核心	科普原理	B	false	true	1
1179	nord vpn推荐服务器	nord%20vpn%E6%8E%A8%E8%8D%90%E6%9C%8D%E5%8A%A1%E5%99%A8	https://www.kuaishou.com/search/nord%20vpn%E6%8E%A8%E8%8D%90%E6%9C%8D%E5%8A%A1%E5%99%A8	VPN核心	选型购买	B	false	true	1
1180	openvpn openwrt	openvpn%20openwrt	https://www.kuaishou.com/search/openvpn%20openwrt	VPN协议与技术	泛需求	B	false	true	1
1181	openvpn官网地址	openvpn%E5%AE%98%E7%BD%91%E5%9C%B0%E5%9D%80	https://www.kuaishou.com/search/openvpn%E5%AE%98%E7%BD%91%E5%9C%B0%E5%9D%80	VPN协议与技术	泛需求	B	false	true	1
1182	openwrt vpn服务器	openwrt%20vpn%E6%9C%8D%E5%8A%A1%E5%99%A8	https://www.kuaishou.com/search/openwrt%20vpn%E6%9C%8D%E5%8A%A1%E5%99%A8	VPN核心	泛需求	B	false	true	1
1183	proton vpn‌下载	proton%20vpn%E2%80%8C%E4%B8%8B%E8%BD%BD	https://www.kuaishou.com/search/proton%20vpn%E2%80%8C%E4%B8%8B%E8%BD%BD	VPN核心	下载安装	B	false	true	1
1184	pubg加速器选哪个区服	pubg%E5%8A%A0%E9%80%9F%E5%99%A8%E9%80%89%E5%93%AA%E4%B8%AA%E5%8C%BA%E6%9C%8D	https://www.kuaishou.com/search/pubg%E5%8A%A0%E9%80%9F%E5%99%A8%E9%80%89%E5%93%AA%E4%B8%AA%E5%8C%BA%E6%9C%8D	网络加速	泛需求	B	false	true	1
1185	radmin vpn怎么用	radmin%20vpn%E6%80%8E%E4%B9%88%E7%94%A8	https://www.kuaishou.com/search/radmin%20vpn%E6%80%8E%E4%B9%88%E7%94%A8	VPN核心	配置排障	B	false	true	1
1186	ssl vpn connection is down forticlient	ssl%20vpn%20connection%20is%20down%20forticlient	https://www.kuaishou.com/search/ssl%20vpn%20connection%20is%20down%20forticlient	VPN协议与技术	泛需求	B	false	true	1
1187	ssl vpn客户端下载	ssl%20vpn%E5%AE%A2%E6%88%B7%E7%AB%AF%E4%B8%8B%E8%BD%BD	https://www.kuaishou.com/search/ssl%20vpn%E5%AE%A2%E6%88%B7%E7%AB%AF%E4%B8%8B%E8%BD%BD	VPN协议与技术	下载安装	B	false	true	1
1188	steam游戏加速器免费试用	steam%E6%B8%B8%E6%88%8F%E5%8A%A0%E9%80%9F%E5%99%A8%E5%85%8D%E8%B4%B9%E8%AF%95%E7%94%A8	https://www.kuaishou.com/search/steam%E6%B8%B8%E6%88%8F%E5%8A%A0%E9%80%9F%E5%99%A8%E5%85%8D%E8%B4%B9%E8%AF%95%E7%94%A8	游戏加速	游戏娱乐	B	false	true	1
1189	surfshark vpn电脑版	surfshark%20vpn%E7%94%B5%E8%84%91%E7%89%88	https://www.kuaishou.com/search/surfshark%20vpn%E7%94%B5%E8%84%91%E7%89%88	VPN核心	下载安装	B	false	true	1
1190	thunder vpn安全吗	thunder%20vpn%E5%AE%89%E5%85%A8%E5%90%97	https://www.kuaishou.com/search/thunder%20vpn%E5%AE%89%E5%85%A8%E5%90%97	VPN核心	科普原理	B	false	true	1
1191	tt加速器下载	tt%E5%8A%A0%E9%80%9F%E5%99%A8%E4%B8%8B%E8%BD%BD	https://www.kuaishou.com/search/tt%E5%8A%A0%E9%80%9F%E5%99%A8%E4%B8%8B%E8%BD%BD	网络加速	下载安装	B	false	true	1
1192	vpn ip-vpn	vpn%20ip-vpn	https://www.kuaishou.com/search/vpn%20ip-vpn	VPN核心	代理与IP	B	false	true	1
1193	vpn下载windows	vpn%E4%B8%8B%E8%BD%BDwindows	https://www.kuaishou.com/search/vpn%E4%B8%8B%E8%BD%BDwindows	VPN核心	下载安装	B	false	true	1
1194	vpn下载推荐	vpn%E4%B8%8B%E8%BD%BD%E6%8E%A8%E8%8D%90	https://www.kuaishou.com/search/vpn%E4%B8%8B%E8%BD%BD%E6%8E%A8%E8%8D%90	VPN核心	选型购买	B	false	true	1
1195	vpn下载速度慢	vpn%E4%B8%8B%E8%BD%BD%E9%80%9F%E5%BA%A6%E6%85%A2	https://www.kuaishou.com/search/vpn%E4%B8%8B%E8%BD%BD%E9%80%9F%E5%BA%A6%E6%85%A2	VPN核心	下载安装	B	false	true	1
1196	vpn便宜推荐	vpn%E4%BE%BF%E5%AE%9C%E6%8E%A8%E8%8D%90	https://www.kuaishou.com/search/vpn%E4%BE%BF%E5%AE%9C%E6%8E%A8%E8%8D%90	VPN核心	选型购买	B	false	true	1
1197	vpn修改流量	vpn%E4%BF%AE%E6%94%B9%E6%B5%81%E9%87%8F	https://www.kuaishou.com/search/vpn%E4%BF%AE%E6%94%B9%E6%B5%81%E9%87%8F	VPN核心	泛需求	B	false	true	1
1198	vpn免费台湾	vpn%E5%85%8D%E8%B4%B9%E5%8F%B0%E6%B9%BE	https://www.kuaishou.com/search/vpn%E5%85%8D%E8%B4%B9%E5%8F%B0%E6%B9%BE	VPN核心	泛需求	B	false	true	1
1199	vpn免费节点测试	vpn%E5%85%8D%E8%B4%B9%E8%8A%82%E7%82%B9%E6%B5%8B%E8%AF%95	https://www.kuaishou.com/search/vpn%E5%85%8D%E8%B4%B9%E8%8A%82%E7%82%B9%E6%B5%8B%E8%AF%95	VPN核心	代理与IP	B	true	true	1
1200	vpn协议的性能	vpn%E5%8D%8F%E8%AE%AE%E7%9A%84%E6%80%A7%E8%83%BD	https://www.kuaishou.com/search/vpn%E5%8D%8F%E8%AE%AE%E7%9A%84%E6%80%A7%E8%83%BD	VPN协议与技术	科普原理	B	false	true	1
1201	vpn原理和协议	vpn%E5%8E%9F%E7%90%86%E5%92%8C%E5%8D%8F%E8%AE%AE	https://www.kuaishou.com/search/vpn%E5%8E%9F%E7%90%86%E5%92%8C%E5%8D%8F%E8%AE%AE	VPN协议与技术	科普原理	B	false	true	1
1202	vpn哪个好下载	vpn%E5%93%AA%E4%B8%AA%E5%A5%BD%E4%B8%8B%E8%BD%BD	https://www.kuaishou.com/search/vpn%E5%93%AA%E4%B8%AA%E5%A5%BD%E4%B8%8B%E8%BD%BD	VPN核心	选型购买	B	false	true	1
1203	vpn哪个好用又稳定	vpn%E5%93%AA%E4%B8%AA%E5%A5%BD%E7%94%A8%E5%8F%88%E7%A8%B3%E5%AE%9A	https://www.kuaishou.com/search/vpn%E5%93%AA%E4%B8%AA%E5%A5%BD%E7%94%A8%E5%8F%88%E7%A8%B3%E5%AE%9A	VPN核心	选型购买	B	false	true	1
1204	vpn安卓免费软件	vpn%E5%AE%89%E5%8D%93%E5%85%8D%E8%B4%B9%E8%BD%AF%E4%BB%B6	https://www.kuaishou.com/search/vpn%E5%AE%89%E5%8D%93%E5%85%8D%E8%B4%B9%E8%BD%AF%E4%BB%B6	VPN核心	下载安装	B	false	true	1
1205	vpn客户端安装	vpn%E5%AE%A2%E6%88%B7%E7%AB%AF%E5%AE%89%E8%A3%85	https://www.kuaishou.com/search/vpn%E5%AE%A2%E6%88%B7%E7%AB%AF%E5%AE%89%E8%A3%85	VPN核心	下载安装	B	false	true	1
1206	vpn怎么用游戏	vpn%E6%80%8E%E4%B9%88%E7%94%A8%E6%B8%B8%E6%88%8F	https://www.kuaishou.com/search/vpn%E6%80%8E%E4%B9%88%E7%94%A8%E6%B8%B8%E6%88%8F	游戏加速	配置排障	B	false	true	1
1207	vpn所有节点超时	vpn%E6%89%80%E6%9C%89%E8%8A%82%E7%82%B9%E8%B6%85%E6%97%B6	https://www.kuaishou.com/search/vpn%E6%89%80%E6%9C%89%E8%8A%82%E7%82%B9%E8%B6%85%E6%97%B6	VPN核心	代理与IP	B	true	true	1
1208	vpn手机端	vpn%E6%89%8B%E6%9C%BA%E7%AB%AF	https://www.kuaishou.com/search/vpn%E6%89%8B%E6%9C%BA%E7%AB%AF	VPN核心	下载安装	B	false	true	1
1209	vpn推荐2025	vpn%E6%8E%A8%E8%8D%902025	https://www.kuaishou.com/search/vpn%E6%8E%A8%E8%8D%902025	VPN核心	选型购买	B	false	true	1
1210	vpn是什么、有什么风险	vpn%E6%98%AF%E4%BB%80%E4%B9%88%E3%80%81%E6%9C%89%E4%BB%80%E4%B9%88%E9%A3%8E%E9%99%A9	https://www.kuaishou.com/search/vpn%E6%98%AF%E4%BB%80%E4%B9%88%E3%80%81%E6%9C%89%E4%BB%80%E4%B9%88%E9%A3%8E%E9%99%A9	VPN核心	科普原理	B	false	true	1
1211	vpn是什么品牌	vpn%E6%98%AF%E4%BB%80%E4%B9%88%E5%93%81%E7%89%8C	https://www.kuaishou.com/search/vpn%E6%98%AF%E4%BB%80%E4%B9%88%E5%93%81%E7%89%8C	VPN核心	科普原理	B	false	true	1
1212	vpn服务器免费	vpn%E6%9C%8D%E5%8A%A1%E5%99%A8%E5%85%8D%E8%B4%B9	https://www.kuaishou.com/search/vpn%E6%9C%8D%E5%8A%A1%E5%99%A8%E5%85%8D%E8%B4%B9	VPN核心	泛需求	B	false	true	1
1213	vpn服务器地址更新	vpn%E6%9C%8D%E5%8A%A1%E5%99%A8%E5%9C%B0%E5%9D%80%E6%9B%B4%E6%96%B0	https://www.kuaishou.com/search/vpn%E6%9C%8D%E5%8A%A1%E5%99%A8%E5%9C%B0%E5%9D%80%E6%9B%B4%E6%96%B0	VPN核心	泛需求	B	false	true	1
1214	vpn节点二维码	vpn%E8%8A%82%E7%82%B9%E4%BA%8C%E7%BB%B4%E7%A0%81	https://www.kuaishou.com/search/vpn%E8%8A%82%E7%82%B9%E4%BA%8C%E7%BB%B4%E7%A0%81	VPN核心	代理与IP	B	true	true	1
1215	vpn节点订阅推荐	vpn%E8%8A%82%E7%82%B9%E8%AE%A2%E9%98%85%E6%8E%A8%E8%8D%90	https://www.kuaishou.com/search/vpn%E8%8A%82%E7%82%B9%E8%AE%A2%E9%98%85%E6%8E%A8%E8%8D%90	VPN核心	选型购买	B	true	true	1
1216	vpn节点购买教程	vpn%E8%8A%82%E7%82%B9%E8%B4%AD%E4%B9%B0%E6%95%99%E7%A8%8B	https://www.kuaishou.com/search/vpn%E8%8A%82%E7%82%B9%E8%B4%AD%E4%B9%B0%E6%95%99%E7%A8%8B	VPN核心	配置排障	B	true	true	1
1217	vpn苹果手机版	vpn%E8%8B%B9%E6%9E%9C%E6%89%8B%E6%9C%BA%E7%89%88	https://www.kuaishou.com/search/vpn%E8%8B%B9%E6%9E%9C%E6%89%8B%E6%9C%BA%E7%89%88	VPN核心	下载安装	B	false	true	1
1218	vpn苹果教程	vpn%E8%8B%B9%E6%9E%9C%E6%95%99%E7%A8%8B	https://www.kuaishou.com/search/vpn%E8%8B%B9%E6%9E%9C%E6%95%99%E7%A8%8B	VPN核心	配置排障	B	false	true	1
1219	vpn虚拟私人网络	vpn%E8%99%9A%E6%8B%9F%E7%A7%81%E4%BA%BA%E7%BD%91%E7%BB%9C	https://www.kuaishou.com/search/vpn%E8%99%9A%E6%8B%9F%E7%A7%81%E4%BA%BA%E7%BD%91%E7%BB%9C	VPN核心	泛需求	B	false	true	1
1220	vpn设置安卓	vpn%E8%AE%BE%E7%BD%AE%E5%AE%89%E5%8D%93	https://www.kuaishou.com/search/vpn%E8%AE%BE%E7%BD%AE%E5%AE%89%E5%8D%93	VPN核心	配置排障	B	false	true	1
1221	vpn软件排名	vpn%E8%BD%AF%E4%BB%B6%E6%8E%92%E5%90%8D	https://www.kuaishou.com/search/vpn%E8%BD%AF%E4%BB%B6%E6%8E%92%E5%90%8D	VPN核心	下载安装	B	false	true	1
1222	vpn软件排行	vpn%E8%BD%AF%E4%BB%B6%E6%8E%92%E8%A1%8C	https://www.kuaishou.com/search/vpn%E8%BD%AF%E4%BB%B6%E6%8E%92%E8%A1%8C	VPN核心	下载安装	B	false	true	1
1223	vpn软件推荐mac	vpn%E8%BD%AF%E4%BB%B6%E6%8E%A8%E8%8D%90mac	https://www.kuaishou.com/search/vpn%E8%BD%AF%E4%BB%B6%E6%8E%A8%E8%8D%90mac	VPN核心	选型购买	B	false	true	1
1224	vpn违法吗vpn的合法用途和风险	vpn%E8%BF%9D%E6%B3%95%E5%90%97vpn%E7%9A%84%E5%90%88%E6%B3%95%E7%94%A8%E9%80%94%E5%92%8C%E9%A3%8E%E9%99%A9	https://www.kuaishou.com/search/vpn%E8%BF%9D%E6%B3%95%E5%90%97vpn%E7%9A%84%E5%90%88%E6%B3%95%E7%94%A8%E9%80%94%E5%92%8C%E9%A3%8E%E9%99%A9	VPN核心	泛需求	B	false	true	1
1225	vpn配置文件的作用	vpn%E9%85%8D%E7%BD%AE%E6%96%87%E4%BB%B6%E7%9A%84%E4%BD%9C%E7%94%A8	https://www.kuaishou.com/search/vpn%E9%85%8D%E7%BD%AE%E6%96%87%E4%BB%B6%E7%9A%84%E4%BD%9C%E7%94%A8	VPN核心	配置排障	B	false	true	1
1226	windows vpn设置	windows%20vpn%E8%AE%BE%E7%BD%AE	https://www.kuaishou.com/search/windows%20vpn%E8%AE%BE%E7%BD%AE	VPN核心	配置排障	B	false	true	1
1227	wireguard翻墙	wireguard%E7%BF%BB%E5%A2%99	https://www.kuaishou.com/search/wireguard%E7%BF%BB%E5%A2%99	VPN协议与技术	泛需求	B	true	true	1
1228	不用加速器的联机游戏	%E4%B8%8D%E7%94%A8%E5%8A%A0%E9%80%9F%E5%99%A8%E7%9A%84%E8%81%94%E6%9C%BA%E6%B8%B8%E6%88%8F	https://www.kuaishou.com/search/%E4%B8%8D%E7%94%A8%E5%8A%A0%E9%80%9F%E5%99%A8%E7%9A%84%E8%81%94%E6%9C%BA%E6%B8%B8%E6%88%8F	游戏加速	游戏娱乐	B	false	true	1
1229	为了安全通常把vpn放在后面	%E4%B8%BA%E4%BA%86%E5%AE%89%E5%85%A8%E9%80%9A%E5%B8%B8%E6%8A%8Avpn%E6%94%BE%E5%9C%A8%E5%90%8E%E9%9D%A2	https://www.kuaishou.com/search/%E4%B8%BA%E4%BA%86%E5%AE%89%E5%85%A8%E9%80%9A%E5%B8%B8%E6%8A%8Avpn%E6%94%BE%E5%9C%A8%E5%90%8E%E9%9D%A2	VPN核心	泛需求	B	false	true	1
1230	企业vpn的优势	%E4%BC%81%E4%B8%9Avpn%E7%9A%84%E4%BC%98%E5%8A%BF	https://www.kuaishou.com/search/%E4%BC%81%E4%B8%9Avpn%E7%9A%84%E4%BC%98%E5%8A%BF	企业网络	企业办公	B	false	true	1
1231	免费vpn回国	%E5%85%8D%E8%B4%B9vpn%E5%9B%9E%E5%9B%BD	https://www.kuaishou.com/search/%E5%85%8D%E8%B4%B9vpn%E5%9B%9E%E5%9B%BD	VPN核心	泛需求	B	false	true	1
1232	免费加速器推荐	%E5%85%8D%E8%B4%B9%E5%8A%A0%E9%80%9F%E5%99%A8%E6%8E%A8%E8%8D%90	https://www.kuaishou.com/search/%E5%85%8D%E8%B4%B9%E5%8A%A0%E9%80%9F%E5%99%A8%E6%8E%A8%E8%8D%90	网络加速	选型购买	B	false	true	1
1233	免费加速器测评	%E5%85%8D%E8%B4%B9%E5%8A%A0%E9%80%9F%E5%99%A8%E6%B5%8B%E8%AF%84	https://www.kuaishou.com/search/%E5%85%8D%E8%B4%B9%E5%8A%A0%E9%80%9F%E5%99%A8%E6%B5%8B%E8%AF%84	网络加速	泛需求	B	false	true	1
1234	免费加速器试用	%E5%85%8D%E8%B4%B9%E5%8A%A0%E9%80%9F%E5%99%A8%E8%AF%95%E7%94%A8	https://www.kuaishou.com/search/%E5%85%8D%E8%B4%B9%E5%8A%A0%E9%80%9F%E5%99%A8%E8%AF%95%E7%94%A8	网络加速	泛需求	B	false	true	1
1235	免费手游加速器推荐	%E5%85%8D%E8%B4%B9%E6%89%8B%E6%B8%B8%E5%8A%A0%E9%80%9F%E5%99%A8%E6%8E%A8%E8%8D%90	https://www.kuaishou.com/search/%E5%85%8D%E8%B4%B9%E6%89%8B%E6%B8%B8%E5%8A%A0%E9%80%9F%E5%99%A8%E6%8E%A8%E8%8D%90	游戏加速	选型购买	B	false	true	1
1236	加速器排行榜网站	%E5%8A%A0%E9%80%9F%E5%99%A8%E6%8E%92%E8%A1%8C%E6%A6%9C%E7%BD%91%E7%AB%99	https://www.kuaishou.com/search/%E5%8A%A0%E9%80%9F%E5%99%A8%E6%8E%92%E8%A1%8C%E6%A6%9C%E7%BD%91%E7%AB%99	网络加速	泛需求	B	false	true	1
1237	和平精英加速器哪个好	%E5%92%8C%E5%B9%B3%E7%B2%BE%E8%8B%B1%E5%8A%A0%E9%80%9F%E5%99%A8%E5%93%AA%E4%B8%AA%E5%A5%BD	https://www.kuaishou.com/search/%E5%92%8C%E5%B9%B3%E7%B2%BE%E8%8B%B1%E5%8A%A0%E9%80%9F%E5%99%A8%E5%93%AA%E4%B8%AA%E5%A5%BD	网络加速	选型购买	B	false	true	1
1238	国际网络加速器免费	%E5%9B%BD%E9%99%85%E7%BD%91%E7%BB%9C%E5%8A%A0%E9%80%9F%E5%99%A8%E5%85%8D%E8%B4%B9	https://www.kuaishou.com/search/%E5%9B%BD%E9%99%85%E7%BD%91%E7%BB%9C%E5%8A%A0%E9%80%9F%E5%99%A8%E5%85%8D%E8%B4%B9	网络加速	泛需求	B	false	true	1
1239	奇游手游加速器下载官网	%E5%A5%87%E6%B8%B8%E6%89%8B%E6%B8%B8%E5%8A%A0%E9%80%9F%E5%99%A8%E4%B8%8B%E8%BD%BD%E5%AE%98%E7%BD%91	https://www.kuaishou.com/search/%E5%A5%87%E6%B8%B8%E6%89%8B%E6%B8%B8%E5%8A%A0%E9%80%9F%E5%99%A8%E4%B8%8B%E8%BD%BD%E5%AE%98%E7%BD%91	游戏加速	下载安装	B	false	true	1
1240	好用的、vpn	%E5%A5%BD%E7%94%A8%E7%9A%84%E3%80%81vpn	https://www.kuaishou.com/search/%E5%A5%BD%E7%94%A8%E7%9A%84%E3%80%81vpn	VPN核心	选型购买	B	false	true	1
1241	安卓vpn下载	%E5%AE%89%E5%8D%93vpn%E4%B8%8B%E8%BD%BD	https://www.kuaishou.com/search/%E5%AE%89%E5%8D%93vpn%E4%B8%8B%E8%BD%BD	VPN核心	下载安装	B	false	true	1
1242	对峙2用什么加速器	%E5%AF%B9%E5%B3%992%E7%94%A8%E4%BB%80%E4%B9%88%E5%8A%A0%E9%80%9F%E5%99%A8	https://www.kuaishou.com/search/%E5%AF%B9%E5%B3%992%E7%94%A8%E4%BB%80%E4%B9%88%E5%8A%A0%E9%80%9F%E5%99%A8	网络加速	泛需求	B	false	true	1
1243	小牛加速器可以解决卡顿	%E5%B0%8F%E7%89%9B%E5%8A%A0%E9%80%9F%E5%99%A8%E5%8F%AF%E4%BB%A5%E8%A7%A3%E5%86%B3%E5%8D%A1%E9%A1%BF	https://www.kuaishou.com/search/%E5%B0%8F%E7%89%9B%E5%8A%A0%E9%80%9F%E5%99%A8%E5%8F%AF%E4%BB%A5%E8%A7%A3%E5%86%B3%E5%8D%A1%E9%A1%BF	网络加速	泛需求	B	false	true	1
1244	小米路由器设置vpn	%E5%B0%8F%E7%B1%B3%E8%B7%AF%E7%94%B1%E5%99%A8%E8%AE%BE%E7%BD%AEvpn	https://www.kuaishou.com/search/%E5%B0%8F%E7%B1%B3%E8%B7%AF%E7%94%B1%E5%99%A8%E8%AE%BE%E7%BD%AEvpn	VPN核心	配置排障	B	false	true	1
1245	手机vpn设置视频	%E6%89%8B%E6%9C%BAvpn%E8%AE%BE%E7%BD%AE%E8%A7%86%E9%A2%91	https://www.kuaishou.com/search/%E6%89%8B%E6%9C%BAvpn%E8%AE%BE%E7%BD%AE%E8%A7%86%E9%A2%91	VPN核心	配置排障	B	false	true	1
1246	手机游戏加速器下载	%E6%89%8B%E6%9C%BA%E6%B8%B8%E6%88%8F%E5%8A%A0%E9%80%9F%E5%99%A8%E4%B8%8B%E8%BD%BD	https://www.kuaishou.com/search/%E6%89%8B%E6%9C%BA%E6%B8%B8%E6%88%8F%E5%8A%A0%E9%80%9F%E5%99%A8%E4%B8%8B%E8%BD%BD	游戏加速	下载安装	B	false	true	1
1247	手游加速器免费对比	%E6%89%8B%E6%B8%B8%E5%8A%A0%E9%80%9F%E5%99%A8%E5%85%8D%E8%B4%B9%E5%AF%B9%E6%AF%94	https://www.kuaishou.com/search/%E6%89%8B%E6%B8%B8%E5%8A%A0%E9%80%9F%E5%99%A8%E5%85%8D%E8%B4%B9%E5%AF%B9%E6%AF%94	游戏加速	游戏娱乐	B	false	true	1
1248	手游加速器巴哈	%E6%89%8B%E6%B8%B8%E5%8A%A0%E9%80%9F%E5%99%A8%E5%B7%B4%E5%93%88	https://www.kuaishou.com/search/%E6%89%8B%E6%B8%B8%E5%8A%A0%E9%80%9F%E5%99%A8%E5%B7%B4%E5%93%88	游戏加速	游戏娱乐	B	false	true	1
1249	游戏加速器下载排行榜	%E6%B8%B8%E6%88%8F%E5%8A%A0%E9%80%9F%E5%99%A8%E4%B8%8B%E8%BD%BD%E6%8E%92%E8%A1%8C%E6%A6%9C	https://www.kuaishou.com/search/%E6%B8%B8%E6%88%8F%E5%8A%A0%E9%80%9F%E5%99%A8%E4%B8%8B%E8%BD%BD%E6%8E%92%E8%A1%8C%E6%A6%9C	游戏加速	下载安装	B	false	true	1
1250	游戏加速器原理	%E6%B8%B8%E6%88%8F%E5%8A%A0%E9%80%9F%E5%99%A8%E5%8E%9F%E7%90%86	https://www.kuaishou.com/search/%E6%B8%B8%E6%88%8F%E5%8A%A0%E9%80%9F%E5%99%A8%E5%8E%9F%E7%90%86	游戏加速	科普原理	B	false	true	1
1251	游戏加速器推荐优惠券	%E6%B8%B8%E6%88%8F%E5%8A%A0%E9%80%9F%E5%99%A8%E6%8E%A8%E8%8D%90%E4%BC%98%E6%83%A0%E5%88%B8	https://www.kuaishou.com/search/%E6%B8%B8%E6%88%8F%E5%8A%A0%E9%80%9F%E5%99%A8%E6%8E%A8%E8%8D%90%E4%BC%98%E6%83%A0%E5%88%B8	游戏加速	选型购买	B	false	true	1
1252	游戏加速器有用吗	%E6%B8%B8%E6%88%8F%E5%8A%A0%E9%80%9F%E5%99%A8%E6%9C%89%E7%94%A8%E5%90%97	https://www.kuaishou.com/search/%E6%B8%B8%E6%88%8F%E5%8A%A0%E9%80%9F%E5%99%A8%E6%9C%89%E7%94%A8%E5%90%97	游戏加速	游戏娱乐	B	false	true	1
1253	火箭加速器电脑版	%E7%81%AB%E7%AE%AD%E5%8A%A0%E9%80%9F%E5%99%A8%E7%94%B5%E8%84%91%E7%89%88	https://www.kuaishou.com/search/%E7%81%AB%E7%AE%AD%E5%8A%A0%E9%80%9F%E5%99%A8%E7%94%B5%E8%84%91%E7%89%88	网络加速	下载安装	B	false	true	1
1254	球球大作战加速器吐球下载	%E7%90%83%E7%90%83%E5%A4%A7%E4%BD%9C%E6%88%98%E5%8A%A0%E9%80%9F%E5%99%A8%E5%90%90%E7%90%83%E4%B8%8B%E8%BD%BD	https://www.kuaishou.com/search/%E7%90%83%E7%90%83%E5%A4%A7%E4%BD%9C%E6%88%98%E5%8A%A0%E9%80%9F%E5%99%A8%E5%90%90%E7%90%83%E4%B8%8B%E8%BD%BD	网络加速	下载安装	B	false	true	1
1255	电脑游戏加速器排行榜	%E7%94%B5%E8%84%91%E6%B8%B8%E6%88%8F%E5%8A%A0%E9%80%9F%E5%99%A8%E6%8E%92%E8%A1%8C%E6%A6%9C	https://www.kuaishou.com/search/%E7%94%B5%E8%84%91%E6%B8%B8%E6%88%8F%E5%8A%A0%E9%80%9F%E5%99%A8%E6%8E%92%E8%A1%8C%E6%A6%9C	游戏加速	下载安装	B	false	true	1
1256	翻墙路由器	%E7%BF%BB%E5%A2%99%E8%B7%AF%E7%94%B1%E5%99%A8	https://www.kuaishou.com/search/%E7%BF%BB%E5%A2%99%E8%B7%AF%E7%94%B1%E5%99%A8	VPN核心	泛需求	B	true	true	1
1257	翻墙软件和vpn的关系	%E7%BF%BB%E5%A2%99%E8%BD%AF%E4%BB%B6%E5%92%8Cvpn%E7%9A%84%E5%85%B3%E7%B3%BB	https://www.kuaishou.com/search/%E7%BF%BB%E5%A2%99%E8%BD%AF%E4%BB%B6%E5%92%8Cvpn%E7%9A%84%E5%85%B3%E7%B3%BB	VPN核心	下载安装	B	true	true	1
1258	翻墙违法吗翻墙的未来和展望	%E7%BF%BB%E5%A2%99%E8%BF%9D%E6%B3%95%E5%90%97%E7%BF%BB%E5%A2%99%E7%9A%84%E6%9C%AA%E6%9D%A5%E5%92%8C%E5%B1%95%E6%9C%9B	https://www.kuaishou.com/search/%E7%BF%BB%E5%A2%99%E8%BF%9D%E6%B3%95%E5%90%97%E7%BF%BB%E5%A2%99%E7%9A%84%E6%9C%AA%E6%9D%A5%E5%92%8C%E5%B1%95%E6%9C%9B	VPN核心	泛需求	B	true	true	1
1259	苹果手机vpn设置注意事项	%E8%8B%B9%E6%9E%9C%E6%89%8B%E6%9C%BAvpn%E8%AE%BE%E7%BD%AE%E6%B3%A8%E6%84%8F%E4%BA%8B%E9%A1%B9	https://www.kuaishou.com/search/%E8%8B%B9%E6%9E%9C%E6%89%8B%E6%9C%BAvpn%E8%AE%BE%E7%BD%AE%E6%B3%A8%E6%84%8F%E4%BA%8B%E9%A1%B9	VPN核心	配置排障	B	false	true	1
1260	虚拟专用网络比较	%E8%99%9A%E6%8B%9F%E4%B8%93%E7%94%A8%E7%BD%91%E7%BB%9C%E6%AF%94%E8%BE%83	https://www.kuaishou.com/search/%E8%99%9A%E6%8B%9F%E4%B8%93%E7%94%A8%E7%BD%91%E7%BB%9C%E6%AF%94%E8%BE%83	VPN核心	泛需求	B	false	true	1
1261	虚拟专用网络的主要作用是什么	%E8%99%9A%E6%8B%9F%E4%B8%93%E7%94%A8%E7%BD%91%E7%BB%9C%E7%9A%84%E4%B8%BB%E8%A6%81%E4%BD%9C%E7%94%A8%E6%98%AF%E4%BB%80%E4%B9%88	https://www.kuaishou.com/search/%E8%99%9A%E6%8B%9F%E4%B8%93%E7%94%A8%E7%BD%91%E7%BB%9C%E7%9A%84%E4%B8%BB%E8%A6%81%E4%BD%9C%E7%94%A8%E6%98%AF%E4%BB%80%E4%B9%88	VPN核心	科普原理	B	false	true	1
1262	虚拟私人网络服务	%E8%99%9A%E6%8B%9F%E7%A7%81%E4%BA%BA%E7%BD%91%E7%BB%9C%E6%9C%8D%E5%8A%A1	https://www.kuaishou.com/search/%E8%99%9A%E6%8B%9F%E7%A7%81%E4%BA%BA%E7%BD%91%E7%BB%9C%E6%9C%8D%E5%8A%A1	VPN核心	泛需求	B	false	true	1
1263	路由器挂vpn的推荐软件	%E8%B7%AF%E7%94%B1%E5%99%A8%E6%8C%82vpn%E7%9A%84%E6%8E%A8%E8%8D%90%E8%BD%AF%E4%BB%B6	https://www.kuaishou.com/search/%E8%B7%AF%E7%94%B1%E5%99%A8%E6%8C%82vpn%E7%9A%84%E6%8E%A8%E8%8D%90%E8%BD%AF%E4%BB%B6	VPN核心	选型购买	B	false	true	1
1264	迅游加速器官网下载	%E8%BF%85%E6%B8%B8%E5%8A%A0%E9%80%9F%E5%99%A8%E5%AE%98%E7%BD%91%E4%B8%8B%E8%BD%BD	https://www.kuaishou.com/search/%E8%BF%85%E6%B8%B8%E5%8A%A0%E9%80%9F%E5%99%A8%E5%AE%98%E7%BD%91%E4%B8%8B%E8%BD%BD	网络加速	下载安装	B	false	true	1
1265	连接vpn后无法上网如何修复	%E8%BF%9E%E6%8E%A5vpn%E5%90%8E%E6%97%A0%E6%B3%95%E4%B8%8A%E7%BD%91%E5%A6%82%E4%BD%95%E4%BF%AE%E5%A4%8D	https://www.kuaishou.com/search/%E8%BF%9E%E6%8E%A5vpn%E5%90%8E%E6%97%A0%E6%B3%95%E4%B8%8A%E7%BD%91%E5%A6%82%E4%BD%95%E4%BF%AE%E5%A4%8D	VPN核心	配置排障	B	false	true	1
1266	雷神加速器switch	%E9%9B%B7%E7%A5%9E%E5%8A%A0%E9%80%9F%E5%99%A8switch	https://www.kuaishou.com/search/%E9%9B%B7%E7%A5%9E%E5%8A%A0%E9%80%9F%E5%99%A8switch	网络加速	泛需求	B	false	true	1
1267	雷神加速器免费时长cdk	%E9%9B%B7%E7%A5%9E%E5%8A%A0%E9%80%9F%E5%99%A8%E5%85%8D%E8%B4%B9%E6%97%B6%E9%95%BFcdk	https://www.kuaishou.com/search/%E9%9B%B7%E7%A5%9E%E5%8A%A0%E9%80%9F%E5%99%A8%E5%85%8D%E8%B4%B9%E6%97%B6%E9%95%BFcdk	网络加速	泛需求	B	false	true	1
1268	雷神加速器官网	%E9%9B%B7%E7%A5%9E%E5%8A%A0%E9%80%9F%E5%99%A8%E5%AE%98%E7%BD%91	https://www.kuaishou.com/search/%E9%9B%B7%E7%A5%9E%E5%8A%A0%E9%80%9F%E5%99%A8%E5%AE%98%E7%BD%91	网络加速	泛需求	B	false	true	1
1269	雷神加速器怎么加速主机游戏	%E9%9B%B7%E7%A5%9E%E5%8A%A0%E9%80%9F%E5%99%A8%E6%80%8E%E4%B9%88%E5%8A%A0%E9%80%9F%E4%B8%BB%E6%9C%BA%E6%B8%B8%E6%88%8F	https://www.kuaishou.com/search/%E9%9B%B7%E7%A5%9E%E5%8A%A0%E9%80%9F%E5%99%A8%E6%80%8E%E4%B9%88%E5%8A%A0%E9%80%9F%E4%B8%BB%E6%9C%BA%E6%B8%B8%E6%88%8F	游戏加速	配置排障	B	false	true	1
1270	鸣潮国际服加速器	%E9%B8%A3%E6%BD%AE%E5%9B%BD%E9%99%85%E6%9C%8D%E5%8A%A0%E9%80%9F%E5%99%A8	https://www.kuaishou.com/search/%E9%B8%A3%E6%BD%AE%E5%9B%BD%E9%99%85%E6%9C%8D%E5%8A%A0%E9%80%9F%E5%99%A8	网络加速	泛需求	B	false	true	1
1271	ak加速器免费时长	ak%E5%8A%A0%E9%80%9F%E5%99%A8%E5%85%8D%E8%B4%B9%E6%97%B6%E9%95%BF	https://www.kuaishou.com/search/ak%E5%8A%A0%E9%80%9F%E5%99%A8%E5%85%8D%E8%B4%B9%E6%97%B6%E9%95%BF	网络加速	泛需求	B	false	true	1
1272	dnf韩服手游加速器推荐	dnf%E9%9F%A9%E6%9C%8D%E6%89%8B%E6%B8%B8%E5%8A%A0%E9%80%9F%E5%99%A8%E6%8E%A8%E8%8D%90	https://www.kuaishou.com/search/dnf%E9%9F%A9%E6%9C%8D%E6%89%8B%E6%B8%B8%E5%8A%A0%E9%80%9F%E5%99%A8%E6%8E%A8%E8%8D%90	游戏加速	选型购买	B	false	true	1
1273	github.io加速器	github.io%E5%8A%A0%E9%80%9F%E5%99%A8	https://www.kuaishou.com/search/github.io%E5%8A%A0%E9%80%9F%E5%99%A8	网络加速	泛需求	B	false	true	1
1274	ikev2 ipsec vpn搭建	ikev2%20ipsec%20vpn%E6%90%AD%E5%BB%BA	https://www.kuaishou.com/search/ikev2%20ipsec%20vpn%E6%90%AD%E5%BB%BA	VPN协议与技术	配置排障	B	false	true	1
1275	ios vpn怎么用	ios%20vpn%E6%80%8E%E4%B9%88%E7%94%A8	https://www.kuaishou.com/search/ios%20vpn%E6%80%8E%E4%B9%88%E7%94%A8	VPN核心	配置排障	B	false	true	1
1276	ipsec vpn configuration	ipsec%20vpn%20configuration	https://www.kuaishou.com/search/ipsec%20vpn%20configuration	VPN协议与技术	代理与IP	B	false	true	1
1277	openvpn安卓下载	openvpn%E5%AE%89%E5%8D%93%E4%B8%8B%E8%BD%BD	https://www.kuaishou.com/search/openvpn%E5%AE%89%E5%8D%93%E4%B8%8B%E8%BD%BD	VPN协议与技术	下载安装	B	false	true	1
1278	openvpn教程	openvpn%E6%95%99%E7%A8%8B	https://www.kuaishou.com/search/openvpn%E6%95%99%E7%A8%8B	VPN协议与技术	配置排障	B	false	true	1
1279	proton vpn电脑版	proton%20vpn%E7%94%B5%E8%84%91%E7%89%88	https://www.kuaishou.com/search/proton%20vpn%E7%94%B5%E8%84%91%E7%89%88	VPN核心	下载安装	B	false	true	1
1280	protonvpn下载	protonvpn%E4%B8%8B%E8%BD%BD	https://www.kuaishou.com/search/protonvpn%E4%B8%8B%E8%BD%BD	VPN核心	下载安装	B	false	true	1
1281	protonvpn连接不上	protonvpn%E8%BF%9E%E6%8E%A5%E4%B8%8D%E4%B8%8A	https://www.kuaishou.com/search/protonvpn%E8%BF%9E%E6%8E%A5%E4%B8%8D%E4%B8%8A	VPN核心	配置排障	B	false	true	1
1282	pubg加速器免费版哪个好	pubg%E5%8A%A0%E9%80%9F%E5%99%A8%E5%85%8D%E8%B4%B9%E7%89%88%E5%93%AA%E4%B8%AA%E5%A5%BD	https://www.kuaishou.com/search/pubg%E5%8A%A0%E9%80%9F%E5%99%A8%E5%85%8D%E8%B4%B9%E7%89%88%E5%93%AA%E4%B8%AA%E5%A5%BD	网络加速	选型购买	B	false	true	1
1283	ssl vpn fortigate شرح	ssl%20vpn%20fortigate%20%D8%B4%D8%B1%D8%AD	https://www.kuaishou.com/search/ssl%20vpn%20fortigate%20%D8%B4%D8%B1%D8%AD	VPN协议与技术	泛需求	B	false	true	1
1284	ssl vpn ipsec vpn比较	ssl%20vpn%20ipsec%20vpn%E6%AF%94%E8%BE%83	https://www.kuaishou.com/search/ssl%20vpn%20ipsec%20vpn%E6%AF%94%E8%BE%83	VPN协议与技术	代理与IP	B	false	true	1
1285	ssl vpn诊断修复工具	ssl%20vpn%E8%AF%8A%E6%96%AD%E4%BF%AE%E5%A4%8D%E5%B7%A5%E5%85%B7	https://www.kuaishou.com/search/ssl%20vpn%E8%AF%8A%E6%96%AD%E4%BF%AE%E5%A4%8D%E5%B7%A5%E5%85%B7	VPN协议与技术	泛需求	B	false	true	1
1286	steam游戏加速器推荐免费	steam%E6%B8%B8%E6%88%8F%E5%8A%A0%E9%80%9F%E5%99%A8%E6%8E%A8%E8%8D%90%E5%85%8D%E8%B4%B9	https://www.kuaishou.com/search/steam%E6%B8%B8%E6%88%8F%E5%8A%A0%E9%80%9F%E5%99%A8%E6%8E%A8%E8%8D%90%E5%85%8D%E8%B4%B9	游戏加速	选型购买	B	false	true	1
1287	urban vpn安全吗	urban%20vpn%E5%AE%89%E5%85%A8%E5%90%97	https://www.kuaishou.com/search/urban%20vpn%E5%AE%89%E5%85%A8%E5%90%97	VPN核心	科普原理	B	false	true	1
1288	uu加速器云游戏主机版	uu%E5%8A%A0%E9%80%9F%E5%99%A8%E4%BA%91%E6%B8%B8%E6%88%8F%E4%B8%BB%E6%9C%BA%E7%89%88	https://www.kuaishou.com/search/uu%E5%8A%A0%E9%80%9F%E5%99%A8%E4%BA%91%E6%B8%B8%E6%88%8F%E4%B8%BB%E6%9C%BA%E7%89%88	游戏加速	游戏娱乐	B	false	true	1
1289	vpn.必须的原因	vpn.%E5%BF%85%E9%A1%BB%E7%9A%84%E5%8E%9F%E5%9B%A0	https://www.kuaishou.com/search/vpn.%E5%BF%85%E9%A1%BB%E7%9A%84%E5%8E%9F%E5%9B%A0	VPN核心	泛需求	B	false	true	1
1290	vpngate	vpngate	https://www.kuaishou.com/search/vpngate	VPN核心	泛需求	B	false	true	1
1291	vpn下载安装	vpn%E4%B8%8B%E8%BD%BD%E5%AE%89%E8%A3%85	https://www.kuaishou.com/search/vpn%E4%B8%8B%E8%BD%BD%E5%AE%89%E8%A3%85	VPN核心	下载安装	B	false	true	1
1292	vpn修改规则	vpn%E4%BF%AE%E6%94%B9%E8%A7%84%E5%88%99	https://www.kuaishou.com/search/vpn%E4%BF%AE%E6%94%B9%E8%A7%84%E5%88%99	VPN核心	泛需求	B	false	true	1
1293	vpn免费搭建	vpn%E5%85%8D%E8%B4%B9%E6%90%AD%E5%BB%BA	https://www.kuaishou.com/search/vpn%E5%85%8D%E8%B4%B9%E6%90%AD%E5%BB%BA	VPN核心	配置排障	B	false	true	1
1294	vpn免费梯子	vpn%E5%85%8D%E8%B4%B9%E6%A2%AF%E5%AD%90	https://www.kuaishou.com/search/vpn%E5%85%8D%E8%B4%B9%E6%A2%AF%E5%AD%90	VPN核心	泛需求	B	true	true	1
1295	vpn免费节点获取	vpn%E5%85%8D%E8%B4%B9%E8%8A%82%E7%82%B9%E8%8E%B7%E5%8F%96	https://www.kuaishou.com/search/vpn%E5%85%8D%E8%B4%B9%E8%8A%82%E7%82%B9%E8%8E%B7%E5%8F%96	VPN核心	代理与IP	B	true	true	1
1296	vpn协议的比较	vpn%E5%8D%8F%E8%AE%AE%E7%9A%84%E6%AF%94%E8%BE%83	https://www.kuaishou.com/search/vpn%E5%8D%8F%E8%AE%AE%E7%9A%84%E6%AF%94%E8%BE%83	VPN协议与技术	科普原理	B	false	true	1
1297	vpn原理和应用	vpn%E5%8E%9F%E7%90%86%E5%92%8C%E5%BA%94%E7%94%A8	https://www.kuaishou.com/search/vpn%E5%8E%9F%E7%90%86%E5%92%8C%E5%BA%94%E7%94%A8	VPN核心	科普原理	B	false	true	1
1298	vpn哪个好安全	vpn%E5%93%AA%E4%B8%AA%E5%A5%BD%E5%AE%89%E5%85%A8	https://www.kuaishou.com/search/vpn%E5%93%AA%E4%B8%AA%E5%A5%BD%E5%AE%89%E5%85%A8	VPN核心	选型购买	B	false	true	1
1299	vpn哪个好用排行榜	vpn%E5%93%AA%E4%B8%AA%E5%A5%BD%E7%94%A8%E6%8E%92%E8%A1%8C%E6%A6%9C	https://www.kuaishou.com/search/vpn%E5%93%AA%E4%B8%AA%E5%A5%BD%E7%94%A8%E6%8E%92%E8%A1%8C%E6%A6%9C	VPN核心	选型购买	B	false	true	1
1300	vpn安卓免费版下载	vpn%E5%AE%89%E5%8D%93%E5%85%8D%E8%B4%B9%E7%89%88%E4%B8%8B%E8%BD%BD	https://www.kuaishou.com/search/vpn%E5%AE%89%E5%8D%93%E5%85%8D%E8%B4%B9%E7%89%88%E4%B8%8B%E8%BD%BD	VPN核心	下载安装	B	false	true	1
1301	vpn怎么用火狐	vpn%E6%80%8E%E4%B9%88%E7%94%A8%E7%81%AB%E7%8B%90	https://www.kuaishou.com/search/vpn%E6%80%8E%E4%B9%88%E7%94%A8%E7%81%AB%E7%8B%90	VPN核心	配置排障	B	false	true	1
1302	vpn手机免费ios	vpn%E6%89%8B%E6%9C%BA%E5%85%8D%E8%B4%B9ios	https://www.kuaishou.com/search/vpn%E6%89%8B%E6%9C%BA%E5%85%8D%E8%B4%B9ios	VPN核心	下载安装	B	false	true	1
1303	vpn手机推荐	vpn%E6%89%8B%E6%9C%BA%E6%8E%A8%E8%8D%90	https://www.kuaishou.com/search/vpn%E6%89%8B%E6%9C%BA%E6%8E%A8%E8%8D%90	VPN核心	选型购买	B	false	true	1
1304	vpn推荐中国免费	vpn%E6%8E%A8%E8%8D%90%E4%B8%AD%E5%9B%BD%E5%85%8D%E8%B4%B9	https://www.kuaishou.com/search/vpn%E6%8E%A8%E8%8D%90%E4%B8%AD%E5%9B%BD%E5%85%8D%E8%B4%B9	VPN核心	选型购买	B	false	true	1
1305	vpn推荐贴吧	vpn%E6%8E%A8%E8%8D%90%E8%B4%B4%E5%90%A7	https://www.kuaishou.com/search/vpn%E6%8E%A8%E8%8D%90%E8%B4%B4%E5%90%A7	VPN核心	选型购买	B	false	true	1
1306	vpn是什么功能	vpn%E6%98%AF%E4%BB%80%E4%B9%88%E5%8A%9F%E8%83%BD	https://www.kuaishou.com/search/vpn%E6%98%AF%E4%BB%80%E4%B9%88%E5%8A%9F%E8%83%BD	VPN核心	科普原理	B	false	true	1
1307	vpn服务器列表	vpn%E6%9C%8D%E5%8A%A1%E5%99%A8%E5%88%97%E8%A1%A8	https://www.kuaishou.com/search/vpn%E6%9C%8D%E5%8A%A1%E5%99%A8%E5%88%97%E8%A1%A8	VPN核心	泛需求	B	false	true	1
1308	vpn服务器名称或地址怎么填	vpn%E6%9C%8D%E5%8A%A1%E5%99%A8%E5%90%8D%E7%A7%B0%E6%88%96%E5%9C%B0%E5%9D%80%E6%80%8E%E4%B9%88%E5%A1%AB	https://www.kuaishou.com/search/vpn%E6%9C%8D%E5%8A%A1%E5%99%A8%E5%90%8D%E7%A7%B0%E6%88%96%E5%9C%B0%E5%9D%80%E6%80%8E%E4%B9%88%E5%A1%AB	VPN核心	配置排障	B	false	true	1
1309	vpn服务器地址测试	vpn%E6%9C%8D%E5%8A%A1%E5%99%A8%E5%9C%B0%E5%9D%80%E6%B5%8B%E8%AF%95	https://www.kuaishou.com/search/vpn%E6%9C%8D%E5%8A%A1%E5%99%A8%E5%9C%B0%E5%9D%80%E6%B5%8B%E8%AF%95	VPN核心	泛需求	B	false	true	1
1310	vpn机场推荐	vpn%E6%9C%BA%E5%9C%BA%E6%8E%A8%E8%8D%90	https://www.kuaishou.com/search/vpn%E6%9C%BA%E5%9C%BA%E6%8E%A8%E8%8D%90	VPN核心	选型购买	B	true	true	1
1311	vpn电脑版教程	vpn%E7%94%B5%E8%84%91%E7%89%88%E6%95%99%E7%A8%8B	https://www.kuaishou.com/search/vpn%E7%94%B5%E8%84%91%E7%89%88%E6%95%99%E7%A8%8B	VPN核心	配置排障	B	false	true	1
1312	vpn电脑设置	vpn%E7%94%B5%E8%84%91%E8%AE%BE%E7%BD%AE	https://www.kuaishou.com/search/vpn%E7%94%B5%E8%84%91%E8%AE%BE%E7%BD%AE	VPN核心	配置排障	B	false	true	1
1313	vpn节点全超时	vpn%E8%8A%82%E7%82%B9%E5%85%A8%E8%B6%85%E6%97%B6	https://www.kuaishou.com/search/vpn%E8%8A%82%E7%82%B9%E5%85%A8%E8%B6%85%E6%97%B6	VPN核心	代理与IP	B	true	true	1
1314	vpn节点订阅链接	vpn%E8%8A%82%E7%82%B9%E8%AE%A2%E9%98%85%E9%93%BE%E6%8E%A5	https://www.kuaishou.com/search/vpn%E8%8A%82%E7%82%B9%E8%AE%A2%E9%98%85%E9%93%BE%E6%8E%A5	VPN核心	代理与IP	B	true	true	1
1315	vpn节点购买方法	vpn%E8%8A%82%E7%82%B9%E8%B4%AD%E4%B9%B0%E6%96%B9%E6%B3%95	https://www.kuaishou.com/search/vpn%E8%8A%82%E7%82%B9%E8%B4%AD%E4%B9%B0%E6%96%B9%E6%B3%95	VPN核心	选型购买	B	true	true	1
1316	vpn苹果app	vpn%E8%8B%B9%E6%9E%9Capp	https://www.kuaishou.com/search/vpn%E8%8B%B9%E6%9E%9Capp	VPN核心	下载安装	B	false	true	1
1317	vpn苹果手机设置	vpn%E8%8B%B9%E6%9E%9C%E6%89%8B%E6%9C%BA%E8%AE%BE%E7%BD%AE	https://www.kuaishou.com/search/vpn%E8%8B%B9%E6%9E%9C%E6%89%8B%E6%9C%BA%E8%AE%BE%E7%BD%AE	VPN核心	配置排障	B	false	true	1
1318	vpn设置电脑	vpn%E8%AE%BE%E7%BD%AE%E7%94%B5%E8%84%91	https://www.kuaishou.com/search/vpn%E8%AE%BE%E7%BD%AE%E7%94%B5%E8%84%91	VPN核心	配置排障	B	false	true	1
1319	vpn路由器設定	vpn%E8%B7%AF%E7%94%B1%E5%99%A8%E8%A8%AD%E5%AE%9A	https://www.kuaishou.com/search/vpn%E8%B7%AF%E7%94%B1%E5%99%A8%E8%A8%AD%E5%AE%9A	VPN核心	泛需求	B	false	true	1
1320	vpn路由器评测	vpn%E8%B7%AF%E7%94%B1%E5%99%A8%E8%AF%84%E6%B5%8B	https://www.kuaishou.com/search/vpn%E8%B7%AF%E7%94%B1%E5%99%A8%E8%AF%84%E6%B5%8B	VPN核心	泛需求	B	false	true	1
1321	vpn软件免费电脑	vpn%E8%BD%AF%E4%BB%B6%E5%85%8D%E8%B4%B9%E7%94%B5%E8%84%91	https://www.kuaishou.com/search/vpn%E8%BD%AF%E4%BB%B6%E5%85%8D%E8%B4%B9%E7%94%B5%E8%84%91	VPN核心	下载安装	B	false	true	1
1322	vpn软件推荐排行榜	vpn%E8%BD%AF%E4%BB%B6%E6%8E%A8%E8%8D%90%E6%8E%92%E8%A1%8C%E6%A6%9C	https://www.kuaishou.com/search/vpn%E8%BD%AF%E4%BB%B6%E6%8E%A8%E8%8D%90%E6%8E%92%E8%A1%8C%E6%A6%9C	VPN核心	选型购买	B	false	true	1
1323	vpn违法吗vpn的安装和设置教程	vpn%E8%BF%9D%E6%B3%95%E5%90%97vpn%E7%9A%84%E5%AE%89%E8%A3%85%E5%92%8C%E8%AE%BE%E7%BD%AE%E6%95%99%E7%A8%8B	https://www.kuaishou.com/search/vpn%E8%BF%9D%E6%B3%95%E5%90%97vpn%E7%9A%84%E5%AE%89%E8%A3%85%E5%92%8C%E8%AE%BE%E7%BD%AE%E6%95%99%E7%A8%8B	VPN核心	配置排障	B	false	true	1
1324	vpn连接超时	vpn%E8%BF%9E%E6%8E%A5%E8%B6%85%E6%97%B6	https://www.kuaishou.com/search/vpn%E8%BF%9E%E6%8E%A5%E8%B6%85%E6%97%B6	VPN核心	配置排障	B	false	true	1
1325	vpn配置工具	vpn%E9%85%8D%E7%BD%AE%E5%B7%A5%E5%85%B7	https://www.kuaishou.com/search/vpn%E9%85%8D%E7%BD%AE%E5%B7%A5%E5%85%B7	VPN核心	配置排障	B	false	true	1
1326	vpn配置文件的修改	vpn%E9%85%8D%E7%BD%AE%E6%96%87%E4%BB%B6%E7%9A%84%E4%BF%AE%E6%94%B9	https://www.kuaishou.com/search/vpn%E9%85%8D%E7%BD%AE%E6%96%87%E4%BB%B6%E7%9A%84%E4%BF%AE%E6%94%B9	VPN核心	配置排障	B	false	true	1
1327	win11 vpn设置	win11%20vpn%E8%AE%BE%E7%BD%AE	https://www.kuaishou.com/search/win11%20vpn%E8%AE%BE%E7%BD%AE	VPN核心	配置排障	B	false	true	1
1328	不需要加速器的联机游戏	%E4%B8%8D%E9%9C%80%E8%A6%81%E5%8A%A0%E9%80%9F%E5%99%A8%E7%9A%84%E8%81%94%E6%9C%BA%E6%B8%B8%E6%88%8F	https://www.kuaishou.com/search/%E4%B8%8D%E9%9C%80%E8%A6%81%E5%8A%A0%E9%80%9F%E5%99%A8%E7%9A%84%E8%81%94%E6%9C%BA%E6%B8%B8%E6%88%8F	游戏加速	游戏娱乐	B	false	true	1
1329	企业vpn搭建优势	%E4%BC%81%E4%B8%9Avpn%E6%90%AD%E5%BB%BA%E4%BC%98%E5%8A%BF	https://www.kuaishou.com/search/%E4%BC%81%E4%B8%9Avpn%E6%90%AD%E5%BB%BA%E4%BC%98%E5%8A%BF	企业网络	企业办公	B	false	true	1
1330	免费加速器ptt	%E5%85%8D%E8%B4%B9%E5%8A%A0%E9%80%9F%E5%99%A8ptt	https://www.kuaishou.com/search/%E5%85%8D%E8%B4%B9%E5%8A%A0%E9%80%9F%E5%99%A8ptt	网络加速	泛需求	B	false	true	1
1331	免费加速器梯子	%E5%85%8D%E8%B4%B9%E5%8A%A0%E9%80%9F%E5%99%A8%E6%A2%AF%E5%AD%90	https://www.kuaishou.com/search/%E5%85%8D%E8%B4%B9%E5%8A%A0%E9%80%9F%E5%99%A8%E6%A2%AF%E5%AD%90	网络加速	泛需求	B	true	true	1
1332	加速器排行榜兑换码	%E5%8A%A0%E9%80%9F%E5%99%A8%E6%8E%92%E8%A1%8C%E6%A6%9C%E5%85%91%E6%8D%A2%E7%A0%81	https://www.kuaishou.com/search/%E5%8A%A0%E9%80%9F%E5%99%A8%E6%8E%92%E8%A1%8C%E6%A6%9C%E5%85%91%E6%8D%A2%E7%A0%81	网络加速	泛需求	B	false	true	1
1333	华硕路由器vpn设置	%E5%8D%8E%E7%A1%95%E8%B7%AF%E7%94%B1%E5%99%A8vpn%E8%AE%BE%E7%BD%AE	https://www.kuaishou.com/search/%E5%8D%8E%E7%A1%95%E8%B7%AF%E7%94%B1%E5%99%A8vpn%E8%AE%BE%E7%BD%AE	VPN核心	配置排障	B	false	true	1
1334	和平精英加速器有用吗	%E5%92%8C%E5%B9%B3%E7%B2%BE%E8%8B%B1%E5%8A%A0%E9%80%9F%E5%99%A8%E6%9C%89%E7%94%A8%E5%90%97	https://www.kuaishou.com/search/%E5%92%8C%E5%B9%B3%E7%B2%BE%E8%8B%B1%E5%8A%A0%E9%80%9F%E5%99%A8%E6%9C%89%E7%94%A8%E5%90%97	网络加速	泛需求	B	false	true	1
1335	国际网络加速器推荐	%E5%9B%BD%E9%99%85%E7%BD%91%E7%BB%9C%E5%8A%A0%E9%80%9F%E5%99%A8%E6%8E%A8%E8%8D%90	https://www.kuaishou.com/search/%E5%9B%BD%E9%99%85%E7%BD%91%E7%BB%9C%E5%8A%A0%E9%80%9F%E5%99%A8%E6%8E%A8%E8%8D%90	网络加速	选型购买	B	false	true	1
1336	奇游手游加速器官网优惠	%E5%A5%87%E6%B8%B8%E6%89%8B%E6%B8%B8%E5%8A%A0%E9%80%9F%E5%99%A8%E5%AE%98%E7%BD%91%E4%BC%98%E6%83%A0	https://www.kuaishou.com/search/%E5%A5%87%E6%B8%B8%E6%89%8B%E6%B8%B8%E5%8A%A0%E9%80%9F%E5%99%A8%E5%AE%98%E7%BD%91%E4%BC%98%E6%83%A0	游戏加速	游戏娱乐	B	false	true	1
1337	好用便宜的vpn推荐	%E5%A5%BD%E7%94%A8%E4%BE%BF%E5%AE%9C%E7%9A%84vpn%E6%8E%A8%E8%8D%90	https://www.kuaishou.com/search/%E5%A5%BD%E7%94%A8%E4%BE%BF%E5%AE%9C%E7%9A%84vpn%E6%8E%A8%E8%8D%90	VPN核心	选型购买	B	false	true	1
1338	手机vpn设置软件	%E6%89%8B%E6%9C%BAvpn%E8%AE%BE%E7%BD%AE%E8%BD%AF%E4%BB%B6	https://www.kuaishou.com/search/%E6%89%8B%E6%9C%BAvpn%E8%AE%BE%E7%BD%AE%E8%BD%AF%E4%BB%B6	VPN核心	配置排障	B	false	true	1
1339	手机游戏加速器免费推荐	%E6%89%8B%E6%9C%BA%E6%B8%B8%E6%88%8F%E5%8A%A0%E9%80%9F%E5%99%A8%E5%85%8D%E8%B4%B9%E6%8E%A8%E8%8D%90	https://www.kuaishou.com/search/%E6%89%8B%E6%9C%BA%E6%B8%B8%E6%88%8F%E5%8A%A0%E9%80%9F%E5%99%A8%E5%85%8D%E8%B4%B9%E6%8E%A8%E8%8D%90	游戏加速	选型购买	B	false	true	1
1340	手游加速器免费评测	%E6%89%8B%E6%B8%B8%E5%8A%A0%E9%80%9F%E5%99%A8%E5%85%8D%E8%B4%B9%E8%AF%84%E6%B5%8B	https://www.kuaishou.com/search/%E6%89%8B%E6%B8%B8%E5%8A%A0%E9%80%9F%E5%99%A8%E5%85%8D%E8%B4%B9%E8%AF%84%E6%B5%8B	游戏加速	游戏娱乐	B	false	true	1
1341	搭建vpn服务器的软件推荐	%E6%90%AD%E5%BB%BAvpn%E6%9C%8D%E5%8A%A1%E5%99%A8%E7%9A%84%E8%BD%AF%E4%BB%B6%E6%8E%A8%E8%8D%90	https://www.kuaishou.com/search/%E6%90%AD%E5%BB%BAvpn%E6%9C%8D%E5%8A%A1%E5%99%A8%E7%9A%84%E8%BD%AF%E4%BB%B6%E6%8E%A8%E8%8D%90	VPN核心	配置排障	B	false	true	1
1342	无畏契约国际服加速器	%E6%97%A0%E7%95%8F%E5%A5%91%E7%BA%A6%E5%9B%BD%E9%99%85%E6%9C%8D%E5%8A%A0%E9%80%9F%E5%99%A8	https://www.kuaishou.com/search/%E6%97%A0%E7%95%8F%E5%A5%91%E7%BA%A6%E5%9B%BD%E9%99%85%E6%9C%8D%E5%8A%A0%E9%80%9F%E5%99%A8	网络加速	泛需求	B	false	true	1
1343	游戏加速器下载电脑版	%E6%B8%B8%E6%88%8F%E5%8A%A0%E9%80%9F%E5%99%A8%E4%B8%8B%E8%BD%BD%E7%94%B5%E8%84%91%E7%89%88	https://www.kuaishou.com/search/%E6%B8%B8%E6%88%8F%E5%8A%A0%E9%80%9F%E5%99%A8%E4%B8%8B%E8%BD%BD%E7%94%B5%E8%84%91%E7%89%88	游戏加速	下载安装	B	false	true	1
1344	游戏加速器可以当梯子用吗	%E6%B8%B8%E6%88%8F%E5%8A%A0%E9%80%9F%E5%99%A8%E5%8F%AF%E4%BB%A5%E5%BD%93%E6%A2%AF%E5%AD%90%E7%94%A8%E5%90%97	https://www.kuaishou.com/search/%E6%B8%B8%E6%88%8F%E5%8A%A0%E9%80%9F%E5%99%A8%E5%8F%AF%E4%BB%A5%E5%BD%93%E6%A2%AF%E5%AD%90%E7%94%A8%E5%90%97	游戏加速	游戏娱乐	B	true	true	1
1345	游戏加速器手机	%E6%B8%B8%E6%88%8F%E5%8A%A0%E9%80%9F%E5%99%A8%E6%89%8B%E6%9C%BA	https://www.kuaishou.com/search/%E6%B8%B8%E6%88%8F%E5%8A%A0%E9%80%9F%E5%99%A8%E6%89%8B%E6%9C%BA	游戏加速	下载安装	B	false	true	1
1346	游戏加速器推荐低延迟	%E6%B8%B8%E6%88%8F%E5%8A%A0%E9%80%9F%E5%99%A8%E6%8E%A8%E8%8D%90%E4%BD%8E%E5%BB%B6%E8%BF%9F	https://www.kuaishou.com/search/%E6%B8%B8%E6%88%8F%E5%8A%A0%E9%80%9F%E5%99%A8%E6%8E%A8%E8%8D%90%E4%BD%8E%E5%BB%B6%E8%BF%9F	游戏加速	选型购买	B	false	true	1
1347	火箭加速器官网下载	%E7%81%AB%E7%AE%AD%E5%8A%A0%E9%80%9F%E5%99%A8%E5%AE%98%E7%BD%91%E4%B8%8B%E8%BD%BD	https://www.kuaishou.com/search/%E7%81%AB%E7%AE%AD%E5%8A%A0%E9%80%9F%E5%99%A8%E5%AE%98%E7%BD%91%E4%B8%8B%E8%BD%BD	网络加速	下载安装	B	false	true	1
1348	球球大作战加速器ios免费	%E7%90%83%E7%90%83%E5%A4%A7%E4%BD%9C%E6%88%98%E5%8A%A0%E9%80%9F%E5%99%A8ios%E5%85%8D%E8%B4%B9	https://www.kuaishou.com/search/%E7%90%83%E7%90%83%E5%A4%A7%E4%BD%9C%E6%88%98%E5%8A%A0%E9%80%9F%E5%99%A8ios%E5%85%8D%E8%B4%B9	网络加速	泛需求	B	false	true	1
1349	电脑游戏加速器免费永久	%E7%94%B5%E8%84%91%E6%B8%B8%E6%88%8F%E5%8A%A0%E9%80%9F%E5%99%A8%E5%85%8D%E8%B4%B9%E6%B0%B8%E4%B9%85	https://www.kuaishou.com/search/%E7%94%B5%E8%84%91%E6%B8%B8%E6%88%8F%E5%8A%A0%E9%80%9F%E5%99%A8%E5%85%8D%E8%B4%B9%E6%B0%B8%E4%B9%85	游戏加速	下载安装	B	false	true	1
1350	科学上网github	%E7%A7%91%E5%AD%A6%E4%B8%8A%E7%BD%91github	https://www.kuaishou.com/search/%E7%A7%91%E5%AD%A6%E4%B8%8A%E7%BD%91github	VPN核心	泛需求	B	true	true	1
1351	科学上网节点	%E7%A7%91%E5%AD%A6%E4%B8%8A%E7%BD%91%E8%8A%82%E7%82%B9	https://www.kuaishou.com/search/%E7%A7%91%E5%AD%A6%E4%B8%8A%E7%BD%91%E8%8A%82%E7%82%B9	VPN核心	代理与IP	B	true	true	1
1352	绿茶vpn安全吗	%E7%BB%BF%E8%8C%B6vpn%E5%AE%89%E5%85%A8%E5%90%97	https://www.kuaishou.com/search/%E7%BB%BF%E8%8C%B6vpn%E5%AE%89%E5%85%A8%E5%90%97	VPN核心	科普原理	B	false	true	1
1353	网络加速器试用	%E7%BD%91%E7%BB%9C%E5%8A%A0%E9%80%9F%E5%99%A8%E8%AF%95%E7%94%A8	https://www.kuaishou.com/search/%E7%BD%91%E7%BB%9C%E5%8A%A0%E9%80%9F%E5%99%A8%E8%AF%95%E7%94%A8	网络加速	泛需求	B	false	true	1
1354	翻墙必看	%E7%BF%BB%E5%A2%99%E5%BF%85%E7%9C%8B	https://www.kuaishou.com/search/%E7%BF%BB%E5%A2%99%E5%BF%85%E7%9C%8B	VPN核心	泛需求	B	true	true	1
1355	翻墙是什么意思	%E7%BF%BB%E5%A2%99%E6%98%AF%E4%BB%80%E4%B9%88%E6%84%8F%E6%80%9D	https://www.kuaishou.com/search/%E7%BF%BB%E5%A2%99%E6%98%AF%E4%BB%80%E4%B9%88%E6%84%8F%E6%80%9D	VPN核心	科普原理	B	true	true	1
1356	翻墙违法吗翻墙的权利和自由	%E7%BF%BB%E5%A2%99%E8%BF%9D%E6%B3%95%E5%90%97%E7%BF%BB%E5%A2%99%E7%9A%84%E6%9D%83%E5%88%A9%E5%92%8C%E8%87%AA%E7%94%B1	https://www.kuaishou.com/search/%E7%BF%BB%E5%A2%99%E8%BF%9D%E6%B3%95%E5%90%97%E7%BF%BB%E5%A2%99%E7%9A%84%E6%9D%83%E5%88%A9%E5%92%8C%E8%87%AA%E7%94%B1	VPN核心	泛需求	B	true	true	1
1357	腾讯加速器为什么会卡顿	%E8%85%BE%E8%AE%AF%E5%8A%A0%E9%80%9F%E5%99%A8%E4%B8%BA%E4%BB%80%E4%B9%88%E4%BC%9A%E5%8D%A1%E9%A1%BF	https://www.kuaishou.com/search/%E8%85%BE%E8%AE%AF%E5%8A%A0%E9%80%9F%E5%99%A8%E4%B8%BA%E4%BB%80%E4%B9%88%E4%BC%9A%E5%8D%A1%E9%A1%BF	网络加速	泛需求	B	false	true	1
1358	苹果手机vpn设置图解	%E8%8B%B9%E6%9E%9C%E6%89%8B%E6%9C%BAvpn%E8%AE%BE%E7%BD%AE%E5%9B%BE%E8%A7%A3	https://www.kuaishou.com/search/%E8%8B%B9%E6%9E%9C%E6%89%8B%E6%9C%BAvpn%E8%AE%BE%E7%BD%AE%E5%9B%BE%E8%A7%A3	VPN核心	配置排障	B	false	true	1
1359	虚拟私人网络有哪些	%E8%99%9A%E6%8B%9F%E7%A7%81%E4%BA%BA%E7%BD%91%E7%BB%9C%E6%9C%89%E5%93%AA%E4%BA%9B	https://www.kuaishou.com/search/%E8%99%9A%E6%8B%9F%E7%A7%81%E4%BA%BA%E7%BD%91%E7%BB%9C%E6%9C%89%E5%93%AA%E4%BA%9B	VPN核心	泛需求	B	false	true	1
1360	路由器设置vpn的推荐品牌	%E8%B7%AF%E7%94%B1%E5%99%A8%E8%AE%BE%E7%BD%AEvpn%E7%9A%84%E6%8E%A8%E8%8D%90%E5%93%81%E7%89%8C	https://www.kuaishou.com/search/%E8%B7%AF%E7%94%B1%E5%99%A8%E8%AE%BE%E7%BD%AEvpn%E7%9A%84%E6%8E%A8%E8%8D%90%E5%93%81%E7%89%8C	VPN核心	配置排障	B	false	true	1
1361	软路由vpn服务器	%E8%BD%AF%E8%B7%AF%E7%94%B1vpn%E6%9C%8D%E5%8A%A1%E5%99%A8	https://www.kuaishou.com/search/%E8%BD%AF%E8%B7%AF%E7%94%B1vpn%E6%9C%8D%E5%8A%A1%E5%99%A8	VPN核心	泛需求	B	false	true	1
1362	迅游加速器官网	%E8%BF%85%E6%B8%B8%E5%8A%A0%E9%80%9F%E5%99%A8%E5%AE%98%E7%BD%91	https://www.kuaishou.com/search/%E8%BF%85%E6%B8%B8%E5%8A%A0%E9%80%9F%E5%99%A8%E5%AE%98%E7%BD%91	网络加速	泛需求	B	false	true	1
1363	迅游加速器延迟高	%E8%BF%85%E6%B8%B8%E5%8A%A0%E9%80%9F%E5%99%A8%E5%BB%B6%E8%BF%9F%E9%AB%98	https://www.kuaishou.com/search/%E8%BF%85%E6%B8%B8%E5%8A%A0%E9%80%9F%E5%99%A8%E5%BB%B6%E8%BF%9F%E9%AB%98	网络加速	泛需求	B	false	true	1
1364	连接vpn后无法上网如何检查	%E8%BF%9E%E6%8E%A5vpn%E5%90%8E%E6%97%A0%E6%B3%95%E4%B8%8A%E7%BD%91%E5%A6%82%E4%BD%95%E6%A3%80%E6%9F%A5	https://www.kuaishou.com/search/%E8%BF%9E%E6%8E%A5vpn%E5%90%8E%E6%97%A0%E6%B3%95%E4%B8%8A%E7%BD%91%E5%A6%82%E4%BD%95%E6%A3%80%E6%9F%A5	VPN核心	配置排障	B	false	true	1
1365	连接vpn后速度慢	%E8%BF%9E%E6%8E%A5vpn%E5%90%8E%E9%80%9F%E5%BA%A6%E6%85%A2	https://www.kuaishou.com/search/%E8%BF%9E%E6%8E%A5vpn%E5%90%8E%E9%80%9F%E5%BA%A6%E6%85%A2	VPN核心	配置排障	B	false	true	1
1366	通过网络使用虚拟私人网络	%E9%80%9A%E8%BF%87%E7%BD%91%E7%BB%9C%E4%BD%BF%E7%94%A8%E8%99%9A%E6%8B%9F%E7%A7%81%E4%BA%BA%E7%BD%91%E7%BB%9C	https://www.kuaishou.com/search/%E9%80%9A%E8%BF%87%E7%BD%91%E7%BB%9C%E4%BD%BF%E7%94%A8%E8%99%9A%E6%8B%9F%E7%A7%81%E4%BA%BA%E7%BD%91%E7%BB%9C	VPN核心	泛需求	B	false	true	1
1367	雷神加速器apk	%E9%9B%B7%E7%A5%9E%E5%8A%A0%E9%80%9F%E5%99%A8apk	https://www.kuaishou.com/search/%E9%9B%B7%E7%A5%9E%E5%8A%A0%E9%80%9F%E5%99%A8apk	网络加速	泛需求	B	false	true	1
1368	雷神加速器测评	%E9%9B%B7%E7%A5%9E%E5%8A%A0%E9%80%9F%E5%99%A8%E6%B5%8B%E8%AF%84	https://www.kuaishou.com/search/%E9%9B%B7%E7%A5%9E%E5%8A%A0%E9%80%9F%E5%99%A8%E6%B5%8B%E8%AF%84	网络加速	泛需求	B	false	true	1
1369	魔法上网vpn	%E9%AD%94%E6%B3%95%E4%B8%8A%E7%BD%91vpn	https://www.kuaishou.com/search/%E9%AD%94%E6%B3%95%E4%B8%8A%E7%BD%91vpn	VPN核心	泛需求	B	false	true	1
1370	🥈 proton vpn下载	%F0%9F%A5%88%20proton%20vpn%E4%B8%8B%E8%BD%BD	https://www.kuaishou.com/search/%F0%9F%A5%88%20proton%20vpn%E4%B8%8B%E8%BD%BD	VPN核心	下载安装	B	false	true	1
1371	2026年便宜好用的翻墙vpn机场推荐评测	2026%E5%B9%B4%E4%BE%BF%E5%AE%9C%E5%A5%BD%E7%94%A8%E7%9A%84%E7%BF%BB%E5%A2%99vpn%E6%9C%BA%E5%9C%BA%E6%8E%A8%E8%8D%90%E8%AF%84%E6%B5%8B	https://www.kuaishou.com/search/2026%E5%B9%B4%E4%BE%BF%E5%AE%9C%E5%A5%BD%E7%94%A8%E7%9A%84%E7%BF%BB%E5%A2%99vpn%E6%9C%BA%E5%9C%BA%E6%8E%A8%E8%8D%90%E8%AF%84%E6%B5%8B	VPN核心	选型购买	B	true	true	1
1372	apex英雄需要加速器吗	apex%E8%8B%B1%E9%9B%84%E9%9C%80%E8%A6%81%E5%8A%A0%E9%80%9F%E5%99%A8%E5%90%97	https://www.kuaishou.com/search/apex%E8%8B%B1%E9%9B%84%E9%9C%80%E8%A6%81%E5%8A%A0%E9%80%9F%E5%99%A8%E5%90%97	网络加速	泛需求	B	false	true	1
1373	express vpn安全吗	express%20vpn%E5%AE%89%E5%85%A8%E5%90%97	https://www.kuaishou.com/search/express%20vpn%E5%AE%89%E5%85%A8%E5%90%97	VPN核心	科普原理	B	false	true	1
1374	ip-vpn通信	ip-vpn%E9%80%9A%E4%BF%A1	https://www.kuaishou.com/search/ip-vpn%E9%80%9A%E4%BF%A1	VPN核心	代理与IP	B	false	true	1
1375	ipsec vpn configuration in fortigate firewall	ipsec%20vpn%20configuration%20in%20fortigate%20firewall	https://www.kuaishou.com/search/ipsec%20vpn%20configuration%20in%20fortigate%20firewall	VPN协议与技术	代理与IP	B	false	true	1
1376	ipsec vpn fortigate设定	ipsec%20vpn%20fortigate%E8%AE%BE%E5%AE%9A	https://www.kuaishou.com/search/ipsec%20vpn%20fortigate%E8%AE%BE%E5%AE%9A	VPN协议与技术	代理与IP	B	false	true	1
1377	ipsec vpn客户端	ipsec%20vpn%E5%AE%A2%E6%88%B7%E7%AB%AF	https://www.kuaishou.com/search/ipsec%20vpn%E5%AE%A2%E6%88%B7%E7%AB%AF	VPN协议与技术	下载安装	B	false	true	1
1378	mac vpn设置	mac%20vpn%E8%AE%BE%E7%BD%AE	https://www.kuaishou.com/search/mac%20vpn%E8%AE%BE%E7%BD%AE	VPN核心	配置排障	B	false	true	1
1379	mac连接vpn后无法上网	mac%E8%BF%9E%E6%8E%A5vpn%E5%90%8E%E6%97%A0%E6%B3%95%E4%B8%8A%E7%BD%91	https://www.kuaishou.com/search/mac%E8%BF%9E%E6%8E%A5vpn%E5%90%8E%E6%97%A0%E6%B3%95%E4%B8%8A%E7%BD%91	VPN核心	配置排障	B	false	true	1
1380	openvpn connect下载	openvpn%20connect%E4%B8%8B%E8%BD%BD	https://www.kuaishou.com/search/openvpn%20connect%E4%B8%8B%E8%BD%BD	VPN协议与技术	下载安装	B	false	true	1
1381	openvpn怎么用	openvpn%E6%80%8E%E4%B9%88%E7%94%A8	https://www.kuaishou.com/search/openvpn%E6%80%8E%E4%B9%88%E7%94%A8	VPN协议与技术	配置排障	B	false	true	1
1382	openvpn节点	openvpn%E8%8A%82%E7%82%B9	https://www.kuaishou.com/search/openvpn%E8%8A%82%E7%82%B9	VPN协议与技术	代理与IP	B	true	true	1
1383	proton vpn for pc评测	proton%20vpn%20for%20pc%E8%AF%84%E6%B5%8B	https://www.kuaishou.com/search/proton%20vpn%20for%20pc%E8%AF%84%E6%B5%8B	VPN核心	泛需求	B	false	true	1
1384	proton vpn速度慢	proton%20vpn%E9%80%9F%E5%BA%A6%E6%85%A2	https://www.kuaishou.com/search/proton%20vpn%E9%80%9F%E5%BA%A6%E6%85%A2	VPN核心	泛需求	B	false	true	1
1385	pubg加速器哪个好评	pubg%E5%8A%A0%E9%80%9F%E5%99%A8%E5%93%AA%E4%B8%AA%E5%A5%BD%E8%AF%84	https://www.kuaishou.com/search/pubg%E5%8A%A0%E9%80%9F%E5%99%A8%E5%93%AA%E4%B8%AA%E5%A5%BD%E8%AF%84	网络加速	选型购买	B	false	true	1
1386	ssl vpn remote access fortigate	ssl%20vpn%20remote%20access%20fortigate	https://www.kuaishou.com/search/ssl%20vpn%20remote%20access%20fortigate	VPN协议与技术	泛需求	B	false	true	1
1387	ssl vpn配置	ssl%20vpn%E9%85%8D%E7%BD%AE	https://www.kuaishou.com/search/ssl%20vpn%E9%85%8D%E7%BD%AE	VPN协议与技术	配置排障	B	false	true	1
1388	steam游戏加速器免费优惠券	steam%E6%B8%B8%E6%88%8F%E5%8A%A0%E9%80%9F%E5%99%A8%E5%85%8D%E8%B4%B9%E4%BC%98%E6%83%A0%E5%88%B8	https://www.kuaishou.com/search/steam%E6%B8%B8%E6%88%8F%E5%8A%A0%E9%80%9F%E5%99%A8%E5%85%8D%E8%B4%B9%E4%BC%98%E6%83%A0%E5%88%B8	游戏加速	游戏娱乐	B	false	true	1
1389	steam联机游戏加速器	steam%E8%81%94%E6%9C%BA%E6%B8%B8%E6%88%8F%E5%8A%A0%E9%80%9F%E5%99%A8	https://www.kuaishou.com/search/steam%E8%81%94%E6%9C%BA%E6%B8%B8%E6%88%8F%E5%8A%A0%E9%80%9F%E5%99%A8	游戏加速	游戏娱乐	B	false	true	1
1390	tt加速器兑换码	tt%E5%8A%A0%E9%80%9F%E5%99%A8%E5%85%91%E6%8D%A2%E7%A0%81	https://www.kuaishou.com/search/tt%E5%8A%A0%E9%80%9F%E5%99%A8%E5%85%91%E6%8D%A2%E7%A0%81	网络加速	泛需求	B	false	true	1
1391	uu主机加速器支持的游戏	uu%E4%B8%BB%E6%9C%BA%E5%8A%A0%E9%80%9F%E5%99%A8%E6%94%AF%E6%8C%81%E7%9A%84%E6%B8%B8%E6%88%8F	https://www.kuaishou.com/search/uu%E4%B8%BB%E6%9C%BA%E5%8A%A0%E9%80%9F%E5%99%A8%E6%94%AF%E6%8C%81%E7%9A%84%E6%B8%B8%E6%88%8F	游戏加速	游戏娱乐	B	false	true	1
1392	vpn cat	vpn%20cat	https://www.kuaishou.com/search/vpn%20cat	VPN核心	泛需求	B	false	true	1
1393	vpn hotspot	vpn%20hotspot	https://www.kuaishou.com/search/vpn%20hotspot	VPN核心	泛需求	B	false	true	1
1394	vpn.必须知道	vpn.%E5%BF%85%E9%A1%BB%E7%9F%A5%E9%81%93	https://www.kuaishou.com/search/vpn.%E5%BF%85%E9%A1%BB%E7%9F%A5%E9%81%93	VPN核心	泛需求	B	false	true	1
1395	vpn.是什么	vpn.%E6%98%AF%E4%BB%80%E4%B9%88	https://www.kuaishou.com/search/vpn.%E6%98%AF%E4%BB%80%E4%B9%88	VPN核心	科普原理	B	false	true	1
1396	vpn下载安卓免费	vpn%E4%B8%8B%E8%BD%BD%E5%AE%89%E5%8D%93%E5%85%8D%E8%B4%B9	https://www.kuaishou.com/search/vpn%E4%B8%8B%E8%BD%BD%E5%AE%89%E5%8D%93%E5%85%8D%E8%B4%B9	VPN核心	下载安装	B	false	true	1
1397	vpn下载电脑版官网	vpn%E4%B8%8B%E8%BD%BD%E7%94%B5%E8%84%91%E7%89%88%E5%AE%98%E7%BD%91	https://www.kuaishou.com/search/vpn%E4%B8%8B%E8%BD%BD%E7%94%B5%E8%84%91%E7%89%88%E5%AE%98%E7%BD%91	VPN核心	下载安装	B	false	true	1
1398	vpn修改设置	vpn%E4%BF%AE%E6%94%B9%E8%AE%BE%E7%BD%AE	https://www.kuaishou.com/search/vpn%E4%BF%AE%E6%94%B9%E8%AE%BE%E7%BD%AE	VPN核心	配置排障	B	false	true	1
1399	vpn免费windows	vpn%E5%85%8D%E8%B4%B9windows	https://www.kuaishou.com/search/vpn%E5%85%8D%E8%B4%B9windows	VPN核心	泛需求	B	false	true	1
1400	vpn免费节点速度	vpn%E5%85%8D%E8%B4%B9%E8%8A%82%E7%82%B9%E9%80%9F%E5%BA%A6	https://www.kuaishou.com/search/vpn%E5%85%8D%E8%B4%B9%E8%8A%82%E7%82%B9%E9%80%9F%E5%BA%A6	VPN核心	代理与IP	B	true	true	1
1401	vpn免费软件	vpn%E5%85%8D%E8%B4%B9%E8%BD%AF%E4%BB%B6	https://www.kuaishou.com/search/vpn%E5%85%8D%E8%B4%B9%E8%BD%AF%E4%BB%B6	VPN核心	下载安装	B	false	true	1
1402	vpn协议的测试	vpn%E5%8D%8F%E8%AE%AE%E7%9A%84%E6%B5%8B%E8%AF%95	https://www.kuaishou.com/search/vpn%E5%8D%8F%E8%AE%AE%E7%9A%84%E6%B5%8B%E8%AF%95	VPN协议与技术	科普原理	B	false	true	1
1403	vpn原理和技术	vpn%E5%8E%9F%E7%90%86%E5%92%8C%E6%8A%80%E6%9C%AF	https://www.kuaishou.com/search/vpn%E5%8E%9F%E7%90%86%E5%92%8C%E6%8A%80%E6%9C%AF	VPN核心	科普原理	B	false	true	1
1404	vpn哪个好服务	vpn%E5%93%AA%E4%B8%AA%E5%A5%BD%E6%9C%8D%E5%8A%A1	https://www.kuaishou.com/search/vpn%E5%93%AA%E4%B8%AA%E5%A5%BD%E6%9C%8D%E5%8A%A1	VPN核心	选型购买	B	false	true	1
1405	vpn哪个好用不被封	vpn%E5%93%AA%E4%B8%AA%E5%A5%BD%E7%94%A8%E4%B8%8D%E8%A2%AB%E5%B0%81	https://www.kuaishou.com/search/vpn%E5%93%AA%E4%B8%AA%E5%A5%BD%E7%94%A8%E4%B8%8D%E8%A2%AB%E5%B0%81	VPN核心	选型购买	B	false	true	1
1406	vpn安卓免费使用下载	vpn%E5%AE%89%E5%8D%93%E5%85%8D%E8%B4%B9%E4%BD%BF%E7%94%A8%E4%B8%8B%E8%BD%BD	https://www.kuaishou.com/search/vpn%E5%AE%89%E5%8D%93%E5%85%8D%E8%B4%B9%E4%BD%BF%E7%94%A8%E4%B8%8B%E8%BD%BD	VPN核心	下载安装	B	false	true	1
1407	vpn客户端教程	vpn%E5%AE%A2%E6%88%B7%E7%AB%AF%E6%95%99%E7%A8%8B	https://www.kuaishou.com/search/vpn%E5%AE%A2%E6%88%B7%E7%AB%AF%E6%95%99%E7%A8%8B	VPN核心	配置排障	B	false	true	1
1408	vpn怎么用mac	vpn%E6%80%8E%E4%B9%88%E7%94%A8mac	https://www.kuaishou.com/search/vpn%E6%80%8E%E4%B9%88%E7%94%A8mac	VPN核心	配置排障	B	false	true	1
1409	vpn所有节点都超时	vpn%E6%89%80%E6%9C%89%E8%8A%82%E7%82%B9%E9%83%BD%E8%B6%85%E6%97%B6	https://www.kuaishou.com/search/vpn%E6%89%80%E6%9C%89%E8%8A%82%E7%82%B9%E9%83%BD%E8%B6%85%E6%97%B6	VPN核心	代理与IP	B	true	true	1
1410	vpn手机ios	vpn%E6%89%8B%E6%9C%BAios	https://www.kuaishou.com/search/vpn%E6%89%8B%E6%9C%BAios	VPN核心	下载安装	B	false	true	1
1411	vpn推荐clash	vpn%E6%8E%A8%E8%8D%90clash	https://www.kuaishou.com/search/vpn%E6%8E%A8%E8%8D%90clash	VPN核心	选型购买	B	false	true	1
1412	vpn推荐windows	vpn%E6%8E%A8%E8%8D%90windows	https://www.kuaishou.com/search/vpn%E6%8E%A8%E8%8D%90windows	VPN核心	选型购买	B	false	true	1
1413	vpn是什么单位	vpn%E6%98%AF%E4%BB%80%E4%B9%88%E5%8D%95%E4%BD%8D	https://www.kuaishou.com/search/vpn%E6%98%AF%E4%BB%80%E4%B9%88%E5%8D%95%E4%BD%8D	VPN核心	科普原理	B	false	true	1
1414	vpn服务器地址澳门	vpn%E6%9C%8D%E5%8A%A1%E5%99%A8%E5%9C%B0%E5%9D%80%E6%BE%B3%E9%97%A8	https://www.kuaishou.com/search/vpn%E6%9C%8D%E5%8A%A1%E5%99%A8%E5%9C%B0%E5%9D%80%E6%BE%B3%E9%97%A8	VPN核心	泛需求	B	false	true	1
1415	vpn电脑版设置	vpn%E7%94%B5%E8%84%91%E7%89%88%E8%AE%BE%E7%BD%AE	https://www.kuaishou.com/search/vpn%E7%94%B5%E8%84%91%E7%89%88%E8%AE%BE%E7%BD%AE	VPN核心	配置排障	B	false	true	1
1416	vpn节点直播	vpn%E8%8A%82%E7%82%B9%E7%9B%B4%E6%92%AD	https://www.kuaishou.com/search/vpn%E8%8A%82%E7%82%B9%E7%9B%B4%E6%92%AD	VPN核心	代理与IP	B	true	true	1
1417	vpn节点购买比较	vpn%E8%8A%82%E7%82%B9%E8%B4%AD%E4%B9%B0%E6%AF%94%E8%BE%83	https://www.kuaishou.com/search/vpn%E8%8A%82%E7%82%B9%E8%B4%AD%E4%B9%B0%E6%AF%94%E8%BE%83	VPN核心	选型购买	B	true	true	1
1418	vpn苹果手机软件	vpn%E8%8B%B9%E6%9E%9C%E6%89%8B%E6%9C%BA%E8%BD%AF%E4%BB%B6	https://www.kuaishou.com/search/vpn%E8%8B%B9%E6%9E%9C%E6%89%8B%E6%9C%BA%E8%BD%AF%E4%BB%B6	VPN核心	下载安装	B	false	true	1
1419	vpn苹果版推荐	vpn%E8%8B%B9%E6%9E%9C%E7%89%88%E6%8E%A8%E8%8D%90	https://www.kuaishou.com/search/vpn%E8%8B%B9%E6%9E%9C%E7%89%88%E6%8E%A8%E8%8D%90	VPN核心	选型购买	B	false	true	1
1420	vpn订阅节点	vpn%E8%AE%A2%E9%98%85%E8%8A%82%E7%82%B9	https://www.kuaishou.com/search/vpn%E8%AE%A2%E9%98%85%E8%8A%82%E7%82%B9	VPN核心	代理与IP	B	true	true	1
1421	vpn设置评测	vpn%E8%AE%BE%E7%BD%AE%E8%AF%84%E6%B5%8B	https://www.kuaishou.com/search/vpn%E8%AE%BE%E7%BD%AE%E8%AF%84%E6%B5%8B	VPN核心	配置排障	B	false	true	1
1422	vpn路由器安装	vpn%E8%B7%AF%E7%94%B1%E5%99%A8%E5%AE%89%E8%A3%85	https://www.kuaishou.com/search/vpn%E8%B7%AF%E7%94%B1%E5%99%A8%E5%AE%89%E8%A3%85	VPN核心	下载安装	B	false	true	1
1423	vpn软件哪个好	vpn%E8%BD%AF%E4%BB%B6%E5%93%AA%E4%B8%AA%E5%A5%BD	https://www.kuaishou.com/search/vpn%E8%BD%AF%E4%BB%B6%E5%93%AA%E4%B8%AA%E5%A5%BD	VPN核心	选型购买	B	false	true	1
1424	vpn软件推荐2021	vpn%E8%BD%AF%E4%BB%B6%E6%8E%A8%E8%8D%902021	https://www.kuaishou.com/search/vpn%E8%BD%AF%E4%BB%B6%E6%8E%A8%E8%8D%902021	VPN核心	选型购买	B	false	true	1
1425	vpn软件有哪些	vpn%E8%BD%AF%E4%BB%B6%E6%9C%89%E5%93%AA%E4%BA%9B	https://www.kuaishou.com/search/vpn%E8%BD%AF%E4%BB%B6%E6%9C%89%E5%93%AA%E4%BA%9B	VPN核心	下载安装	B	false	true	1
1426	vpn违法吗vpn的替代方案和建议	vpn%E8%BF%9D%E6%B3%95%E5%90%97vpn%E7%9A%84%E6%9B%BF%E4%BB%A3%E6%96%B9%E6%A1%88%E5%92%8C%E5%BB%BA%E8%AE%AE	https://www.kuaishou.com/search/vpn%E8%BF%9D%E6%B3%95%E5%90%97vpn%E7%9A%84%E6%9B%BF%E4%BB%A3%E6%96%B9%E6%A1%88%E5%92%8C%E5%BB%BA%E8%AE%AE	VPN核心	泛需求	B	false	true	1
1427	vpn连接不上是什么原因	vpn%E8%BF%9E%E6%8E%A5%E4%B8%8D%E4%B8%8A%E6%98%AF%E4%BB%80%E4%B9%88%E5%8E%9F%E5%9B%A0	https://www.kuaishou.com/search/vpn%E8%BF%9E%E6%8E%A5%E4%B8%8D%E4%B8%8A%E6%98%AF%E4%BB%80%E4%B9%88%E5%8E%9F%E5%9B%A0	VPN核心	配置排障	B	false	true	1
1428	vpn配置文件的备份	vpn%E9%85%8D%E7%BD%AE%E6%96%87%E4%BB%B6%E7%9A%84%E5%A4%87%E4%BB%BD	https://www.kuaishou.com/search/vpn%E9%85%8D%E7%BD%AE%E6%96%87%E4%BB%B6%E7%9A%84%E5%A4%87%E4%BB%BD	VPN核心	配置排障	B	false	true	1
1429	wireguard组网	wireguard%E7%BB%84%E7%BD%91	https://www.kuaishou.com/search/wireguard%E7%BB%84%E7%BD%91	VPN协议与技术	企业办公	B	false	true	1
1430	三角洲国际服加速器	%E4%B8%89%E8%A7%92%E6%B4%B2%E5%9B%BD%E9%99%85%E6%9C%8D%E5%8A%A0%E9%80%9F%E5%99%A8	https://www.kuaishou.com/search/%E4%B8%89%E8%A7%92%E6%B4%B2%E5%9B%BD%E9%99%85%E6%9C%8D%E5%8A%A0%E9%80%9F%E5%99%A8	网络加速	泛需求	B	false	true	1
1431	为什么加速器显示延迟低实际很高	%E4%B8%BA%E4%BB%80%E4%B9%88%E5%8A%A0%E9%80%9F%E5%99%A8%E6%98%BE%E7%A4%BA%E5%BB%B6%E8%BF%9F%E4%BD%8E%E5%AE%9E%E9%99%85%E5%BE%88%E9%AB%98	https://www.kuaishou.com/search/%E4%B8%BA%E4%BB%80%E4%B9%88%E5%8A%A0%E9%80%9F%E5%99%A8%E6%98%BE%E7%A4%BA%E5%BB%B6%E8%BF%9F%E4%BD%8E%E5%AE%9E%E9%99%85%E5%BE%88%E9%AB%98	网络加速	泛需求	B	false	true	1
1432	企业vpn搭建方案	%E4%BC%81%E4%B8%9Avpn%E6%90%AD%E5%BB%BA%E6%96%B9%E6%A1%88	https://www.kuaishou.com/search/%E4%BC%81%E4%B8%9Avpn%E6%90%AD%E5%BB%BA%E6%96%B9%E6%A1%88	企业网络	企业办公	B	false	true	1
1433	假如使用一个虚拟私人网络	%E5%81%87%E5%A6%82%E4%BD%BF%E7%94%A8%E4%B8%80%E4%B8%AA%E8%99%9A%E6%8B%9F%E7%A7%81%E4%BA%BA%E7%BD%91%E7%BB%9C	https://www.kuaishou.com/search/%E5%81%87%E5%A6%82%E4%BD%BF%E7%94%A8%E4%B8%80%E4%B8%AA%E8%99%9A%E6%8B%9F%E7%A7%81%E4%BA%BA%E7%BD%91%E7%BB%9C	VPN核心	泛需求	B	false	true	1
1434	免费加速器、推荐	%E5%85%8D%E8%B4%B9%E5%8A%A0%E9%80%9F%E5%99%A8%E3%80%81%E6%8E%A8%E8%8D%90	https://www.kuaishou.com/search/%E5%85%8D%E8%B4%B9%E5%8A%A0%E9%80%9F%E5%99%A8%E3%80%81%E6%8E%A8%E8%8D%90	网络加速	选型购买	B	false	true	1
1435	免费加速器电脑	%E5%85%8D%E8%B4%B9%E5%8A%A0%E9%80%9F%E5%99%A8%E7%94%B5%E8%84%91	https://www.kuaishou.com/search/%E5%85%8D%E8%B4%B9%E5%8A%A0%E9%80%9F%E5%99%A8%E7%94%B5%E8%84%91	网络加速	下载安装	B	false	true	1
1436	免费手机游戏加速器	%E5%85%8D%E8%B4%B9%E6%89%8B%E6%9C%BA%E6%B8%B8%E6%88%8F%E5%8A%A0%E9%80%9F%E5%99%A8	https://www.kuaishou.com/search/%E5%85%8D%E8%B4%B9%E6%89%8B%E6%9C%BA%E6%B8%B8%E6%88%8F%E5%8A%A0%E9%80%9F%E5%99%A8	游戏加速	下载安装	B	false	true	1
1437	全球节点免费加速器	%E5%85%A8%E7%90%83%E8%8A%82%E7%82%B9%E5%85%8D%E8%B4%B9%E5%8A%A0%E9%80%9F%E5%99%A8	https://www.kuaishou.com/search/%E5%85%A8%E7%90%83%E8%8A%82%E7%82%B9%E5%85%8D%E8%B4%B9%E5%8A%A0%E9%80%9F%E5%99%A8	网络加速	代理与IP	B	true	true	1
1438	加速器排行榜官网教程	%E5%8A%A0%E9%80%9F%E5%99%A8%E6%8E%92%E8%A1%8C%E6%A6%9C%E5%AE%98%E7%BD%91%E6%95%99%E7%A8%8B	https://www.kuaishou.com/search/%E5%8A%A0%E9%80%9F%E5%99%A8%E6%8E%92%E8%A1%8C%E6%A6%9C%E5%AE%98%E7%BD%91%E6%95%99%E7%A8%8B	网络加速	配置排障	B	false	true	1
1439	和平精英pc端加速器	%E5%92%8C%E5%B9%B3%E7%B2%BE%E8%8B%B1pc%E7%AB%AF%E5%8A%A0%E9%80%9F%E5%99%A8	https://www.kuaishou.com/search/%E5%92%8C%E5%B9%B3%E7%B2%BE%E8%8B%B1pc%E7%AB%AF%E5%8A%A0%E9%80%9F%E5%99%A8	网络加速	泛需求	B	false	true	1
1440	奇游手游加速器官网教程	%E5%A5%87%E6%B8%B8%E6%89%8B%E6%B8%B8%E5%8A%A0%E9%80%9F%E5%99%A8%E5%AE%98%E7%BD%91%E6%95%99%E7%A8%8B	https://www.kuaishou.com/search/%E5%A5%87%E6%B8%B8%E6%89%8B%E6%B8%B8%E5%8A%A0%E9%80%9F%E5%99%A8%E5%AE%98%E7%BD%91%E6%95%99%E7%A8%8B	游戏加速	配置排障	B	false	true	1
1441	小黑盒加速器免费时长	%E5%B0%8F%E9%BB%91%E7%9B%92%E5%8A%A0%E9%80%9F%E5%99%A8%E5%85%8D%E8%B4%B9%E6%97%B6%E9%95%BF	https://www.kuaishou.com/search/%E5%B0%8F%E9%BB%91%E7%9B%92%E5%8A%A0%E9%80%9F%E5%99%A8%E5%85%8D%E8%B4%B9%E6%97%B6%E9%95%BF	网络加速	泛需求	B	false	true	1
1442	快连vpn安卓下载	%E5%BF%AB%E8%BF%9Evpn%E5%AE%89%E5%8D%93%E4%B8%8B%E8%BD%BD	https://www.kuaishou.com/search/%E5%BF%AB%E8%BF%9Evpn%E5%AE%89%E5%8D%93%E4%B8%8B%E8%BD%BD	VPN核心	下载安装	B	false	true	1
1443	怎么搭建ipsec vpn	%E6%80%8E%E4%B9%88%E6%90%AD%E5%BB%BAipsec%20vpn	https://www.kuaishou.com/search/%E6%80%8E%E4%B9%88%E6%90%AD%E5%BB%BAipsec%20vpn	VPN协议与技术	配置排障	B	false	true	1
1444	手机vpn设置常见问题	%E6%89%8B%E6%9C%BAvpn%E8%AE%BE%E7%BD%AE%E5%B8%B8%E8%A7%81%E9%97%AE%E9%A2%98	https://www.kuaishou.com/search/%E6%89%8B%E6%9C%BAvpn%E8%AE%BE%E7%BD%AE%E5%B8%B8%E8%A7%81%E9%97%AE%E9%A2%98	VPN核心	配置排障	B	false	true	1
1445	手机免费vpn	%E6%89%8B%E6%9C%BA%E5%85%8D%E8%B4%B9vpn	https://www.kuaishou.com/search/%E6%89%8B%E6%9C%BA%E5%85%8D%E8%B4%B9vpn	VPN核心	下载安装	B	false	true	1
1446	手游加速器免费优惠券	%E6%89%8B%E6%B8%B8%E5%8A%A0%E9%80%9F%E5%99%A8%E5%85%8D%E8%B4%B9%E4%BC%98%E6%83%A0%E5%88%B8	https://www.kuaishou.com/search/%E6%89%8B%E6%B8%B8%E5%8A%A0%E9%80%9F%E5%99%A8%E5%85%8D%E8%B4%B9%E4%BC%98%E6%83%A0%E5%88%B8	游戏加速	游戏娱乐	B	false	true	1
1447	服务器安装vpn的软件推荐	%E6%9C%8D%E5%8A%A1%E5%99%A8%E5%AE%89%E8%A3%85vpn%E7%9A%84%E8%BD%AF%E4%BB%B6%E6%8E%A8%E8%8D%90	https://www.kuaishou.com/search/%E6%9C%8D%E5%8A%A1%E5%99%A8%E5%AE%89%E8%A3%85vpn%E7%9A%84%E8%BD%AF%E4%BB%B6%E6%8E%A8%E8%8D%90	VPN核心	选型购买	B	false	true	1
1448	梯子加速器	%E6%A2%AF%E5%AD%90%E5%8A%A0%E9%80%9F%E5%99%A8	https://www.kuaishou.com/search/%E6%A2%AF%E5%AD%90%E5%8A%A0%E9%80%9F%E5%99%A8	网络加速	泛需求	B	true	true	1
1449	游戏加速器下载哪个好	%E6%B8%B8%E6%88%8F%E5%8A%A0%E9%80%9F%E5%99%A8%E4%B8%8B%E8%BD%BD%E5%93%AA%E4%B8%AA%E5%A5%BD	https://www.kuaishou.com/search/%E6%B8%B8%E6%88%8F%E5%8A%A0%E9%80%9F%E5%99%A8%E4%B8%8B%E8%BD%BD%E5%93%AA%E4%B8%AA%E5%A5%BD	游戏加速	选型购买	B	false	true	1
1450	游戏加速器推荐手机版	%E6%B8%B8%E6%88%8F%E5%8A%A0%E9%80%9F%E5%99%A8%E6%8E%A8%E8%8D%90%E6%89%8B%E6%9C%BA%E7%89%88	https://www.kuaishou.com/search/%E6%B8%B8%E6%88%8F%E5%8A%A0%E9%80%9F%E5%99%A8%E6%8E%A8%E8%8D%90%E6%89%8B%E6%9C%BA%E7%89%88	游戏加速	选型购买	B	false	true	1
1451	火箭加速器官方	%E7%81%AB%E7%AE%AD%E5%8A%A0%E9%80%9F%E5%99%A8%E5%AE%98%E6%96%B9	https://www.kuaishou.com/search/%E7%81%AB%E7%AE%AD%E5%8A%A0%E9%80%9F%E5%99%A8%E5%AE%98%E6%96%B9	网络加速	泛需求	B	false	true	1
1452	球球大作战加速器辅助ios	%E7%90%83%E7%90%83%E5%A4%A7%E4%BD%9C%E6%88%98%E5%8A%A0%E9%80%9F%E5%99%A8%E8%BE%85%E5%8A%A9ios	https://www.kuaishou.com/search/%E7%90%83%E7%90%83%E5%A4%A7%E4%BD%9C%E6%88%98%E5%8A%A0%E9%80%9F%E5%99%A8%E8%BE%85%E5%8A%A9ios	网络加速	泛需求	B	false	true	1
1453	电脑游戏加速器哪个好用	%E7%94%B5%E8%84%91%E6%B8%B8%E6%88%8F%E5%8A%A0%E9%80%9F%E5%99%A8%E5%93%AA%E4%B8%AA%E5%A5%BD%E7%94%A8	https://www.kuaishou.com/search/%E7%94%B5%E8%84%91%E6%B8%B8%E6%88%8F%E5%8A%A0%E9%80%9F%E5%99%A8%E5%93%AA%E4%B8%AA%E5%A5%BD%E7%94%A8	游戏加速	选型购买	B	false	true	1
1454	科学上网工具推荐	%E7%A7%91%E5%AD%A6%E4%B8%8A%E7%BD%91%E5%B7%A5%E5%85%B7%E6%8E%A8%E8%8D%90	https://www.kuaishou.com/search/%E7%A7%91%E5%AD%A6%E4%B8%8A%E7%BD%91%E5%B7%A5%E5%85%B7%E6%8E%A8%E8%8D%90	VPN核心	选型购买	B	true	true	1
1455	科学上网搭建	%E7%A7%91%E5%AD%A6%E4%B8%8A%E7%BD%91%E6%90%AD%E5%BB%BA	https://www.kuaishou.com/search/%E7%A7%91%E5%AD%A6%E4%B8%8A%E7%BD%91%E6%90%AD%E5%BB%BA	VPN核心	配置排障	B	true	true	1
1456	给梨加速器测评	%E7%BB%99%E6%A2%A8%E5%8A%A0%E9%80%9F%E5%99%A8%E6%B5%8B%E8%AF%84	https://www.kuaishou.com/search/%E7%BB%99%E6%A2%A8%E5%8A%A0%E9%80%9F%E5%99%A8%E6%B5%8B%E8%AF%84	网络加速	泛需求	B	false	true	1
1457	网络加速器原理	%E7%BD%91%E7%BB%9C%E5%8A%A0%E9%80%9F%E5%99%A8%E5%8E%9F%E7%90%86	https://www.kuaishou.com/search/%E7%BD%91%E7%BB%9C%E5%8A%A0%E9%80%9F%E5%99%A8%E5%8E%9F%E7%90%86	网络加速	科普原理	B	false	true	1
1458	翻墙安全	%E7%BF%BB%E5%A2%99%E5%AE%89%E5%85%A8	https://www.kuaishou.com/search/%E7%BF%BB%E5%A2%99%E5%AE%89%E5%85%A8	VPN核心	泛需求	B	true	true	1
1459	翻墙男	%E7%BF%BB%E5%A2%99%E7%94%B7	https://www.kuaishou.com/search/%E7%BF%BB%E5%A2%99%E7%94%B7	VPN核心	泛需求	B	true	true	1
1460	翻墙者	%E7%BF%BB%E5%A2%99%E8%80%85	https://www.kuaishou.com/search/%E7%BF%BB%E5%A2%99%E8%80%85	VPN核心	泛需求	B	true	true	1
1461	翻墙违法吗翻墙的目的和意义	%E7%BF%BB%E5%A2%99%E8%BF%9D%E6%B3%95%E5%90%97%E7%BF%BB%E5%A2%99%E7%9A%84%E7%9B%AE%E7%9A%84%E5%92%8C%E6%84%8F%E4%B9%89	https://www.kuaishou.com/search/%E7%BF%BB%E5%A2%99%E8%BF%9D%E6%B3%95%E5%90%97%E7%BF%BB%E5%A2%99%E7%9A%84%E7%9B%AE%E7%9A%84%E5%92%8C%E6%84%8F%E4%B9%89	VPN核心	泛需求	B	true	true	1
1462	苹果手机vpn设置推荐	%E8%8B%B9%E6%9E%9C%E6%89%8B%E6%9C%BAvpn%E8%AE%BE%E7%BD%AE%E6%8E%A8%E8%8D%90	https://www.kuaishou.com/search/%E8%8B%B9%E6%9E%9C%E6%89%8B%E6%9C%BAvpn%E8%AE%BE%E7%BD%AE%E6%8E%A8%E8%8D%90	VPN核心	配置排障	B	false	true	1
1463	虚拟专用网络app免费	%E8%99%9A%E6%8B%9F%E4%B8%93%E7%94%A8%E7%BD%91%E7%BB%9Capp%E5%85%8D%E8%B4%B9	https://www.kuaishou.com/search/%E8%99%9A%E6%8B%9F%E4%B8%93%E7%94%A8%E7%BD%91%E7%BB%9Capp%E5%85%8D%E8%B4%B9	VPN核心	下载安装	B	false	true	1
1464	虚拟私人网络怎么用	%E8%99%9A%E6%8B%9F%E7%A7%81%E4%BA%BA%E7%BD%91%E7%BB%9C%E6%80%8E%E4%B9%88%E7%94%A8	https://www.kuaishou.com/search/%E8%99%9A%E6%8B%9F%E7%A7%81%E4%BA%BA%E7%BD%91%E7%BB%9C%E6%80%8E%E4%B9%88%E7%94%A8	VPN核心	配置排障	B	false	true	1
1465	路由器怎么设置vpn	%E8%B7%AF%E7%94%B1%E5%99%A8%E6%80%8E%E4%B9%88%E8%AE%BE%E7%BD%AEvpn	https://www.kuaishou.com/search/%E8%B7%AF%E7%94%B1%E5%99%A8%E6%80%8E%E4%B9%88%E8%AE%BE%E7%BD%AEvpn	VPN核心	配置排障	B	false	true	1
1466	路由器设置vpn的推荐软件	%E8%B7%AF%E7%94%B1%E5%99%A8%E8%AE%BE%E7%BD%AEvpn%E7%9A%84%E6%8E%A8%E8%8D%90%E8%BD%AF%E4%BB%B6	https://www.kuaishou.com/search/%E8%B7%AF%E7%94%B1%E5%99%A8%E8%AE%BE%E7%BD%AEvpn%E7%9A%84%E6%8E%A8%E8%8D%90%E8%BD%AF%E4%BB%B6	VPN核心	配置排障	B	false	true	1
1467	迅游加速器openwrt	%E8%BF%85%E6%B8%B8%E5%8A%A0%E9%80%9F%E5%99%A8openwrt	https://www.kuaishou.com/search/%E8%BF%85%E6%B8%B8%E5%8A%A0%E9%80%9F%E5%99%A8openwrt	网络加速	泛需求	B	false	true	1
1468	迅游加速器官网首页下载	%E8%BF%85%E6%B8%B8%E5%8A%A0%E9%80%9F%E5%99%A8%E5%AE%98%E7%BD%91%E9%A6%96%E9%A1%B5%E4%B8%8B%E8%BD%BD	https://www.kuaishou.com/search/%E8%BF%85%E6%B8%B8%E5%8A%A0%E9%80%9F%E5%99%A8%E5%AE%98%E7%BD%91%E9%A6%96%E9%A1%B5%E4%B8%8B%E8%BD%BD	网络加速	下载安装	B	false	true	1
1469	迅游加速器打开游戏卡顿	%E8%BF%85%E6%B8%B8%E5%8A%A0%E9%80%9F%E5%99%A8%E6%89%93%E5%BC%80%E6%B8%B8%E6%88%8F%E5%8D%A1%E9%A1%BF	https://www.kuaishou.com/search/%E8%BF%85%E6%B8%B8%E5%8A%A0%E9%80%9F%E5%99%A8%E6%89%93%E5%BC%80%E6%B8%B8%E6%88%8F%E5%8D%A1%E9%A1%BF	游戏加速	游戏娱乐	B	false	true	1
1470	逆水寒手游血河加速器推荐	%E9%80%86%E6%B0%B4%E5%AF%92%E6%89%8B%E6%B8%B8%E8%A1%80%E6%B2%B3%E5%8A%A0%E9%80%9F%E5%99%A8%E6%8E%A8%E8%8D%90	https://www.kuaishou.com/search/%E9%80%86%E6%B0%B4%E5%AF%92%E6%89%8B%E6%B8%B8%E8%A1%80%E6%B2%B3%E5%8A%A0%E9%80%9F%E5%99%A8%E6%8E%A8%E8%8D%90	游戏加速	选型购买	B	false	true	1
1471	闪连vpn安全吗	%E9%97%AA%E8%BF%9Evpn%E5%AE%89%E5%85%A8%E5%90%97	https://www.kuaishou.com/search/%E9%97%AA%E8%BF%9Evpn%E5%AE%89%E5%85%A8%E5%90%97	VPN核心	科普原理	B	false	true	1
1472	雷神加速器下载	%E9%9B%B7%E7%A5%9E%E5%8A%A0%E9%80%9F%E5%99%A8%E4%B8%8B%E8%BD%BD	https://www.kuaishou.com/search/%E9%9B%B7%E7%A5%9E%E5%8A%A0%E9%80%9F%E5%99%A8%E4%B8%8B%E8%BD%BD	网络加速	下载安装	B	false	true	1
1473	雷神加速器路由器	%E9%9B%B7%E7%A5%9E%E5%8A%A0%E9%80%9F%E5%99%A8%E8%B7%AF%E7%94%B1%E5%99%A8	https://www.kuaishou.com/search/%E9%9B%B7%E7%A5%9E%E5%8A%A0%E9%80%9F%E5%99%A8%E8%B7%AF%E7%94%B1%E5%99%A8	网络加速	泛需求	B	false	true	1
1474	魔法上网是什么意思	%E9%AD%94%E6%B3%95%E4%B8%8A%E7%BD%91%E6%98%AF%E4%BB%80%E4%B9%88%E6%84%8F%E6%80%9D	https://www.kuaishou.com/search/%E9%AD%94%E6%B3%95%E4%B8%8A%E7%BD%91%E6%98%AF%E4%BB%80%E4%B9%88%E6%84%8F%E6%80%9D	VPN核心	科普原理	B	false	true	1
1475	apex延迟高可以用加速器吗	apex%E5%BB%B6%E8%BF%9F%E9%AB%98%E5%8F%AF%E4%BB%A5%E7%94%A8%E5%8A%A0%E9%80%9F%E5%99%A8%E5%90%97	https://www.kuaishou.com/search/apex%E5%BB%B6%E8%BF%9F%E9%AB%98%E5%8F%AF%E4%BB%A5%E7%94%A8%E5%8A%A0%E9%80%9F%E5%99%A8%E5%90%97	网络加速	泛需求	B	false	true	1
1476	apex英雄免费加速器	apex%E8%8B%B1%E9%9B%84%E5%85%8D%E8%B4%B9%E5%8A%A0%E9%80%9F%E5%99%A8	https://www.kuaishou.com/search/apex%E8%8B%B1%E9%9B%84%E5%85%8D%E8%B4%B9%E5%8A%A0%E9%80%9F%E5%99%A8	网络加速	泛需求	B	false	true	1
1477	golink手游加速器全球手游主机游戏一键加速	golink%E6%89%8B%E6%B8%B8%E5%8A%A0%E9%80%9F%E5%99%A8%E5%85%A8%E7%90%83%E6%89%8B%E6%B8%B8%E4%B8%BB%E6%9C%BA%E6%B8%B8%E6%88%8F%E4%B8%80%E9%94%AE%E5%8A%A0%E9%80%9F	https://www.kuaishou.com/search/golink%E6%89%8B%E6%B8%B8%E5%8A%A0%E9%80%9F%E5%99%A8%E5%85%A8%E7%90%83%E6%89%8B%E6%B8%B8%E4%B8%BB%E6%9C%BA%E6%B8%B8%E6%88%8F%E4%B8%80%E9%94%AE%E5%8A%A0%E9%80%9F	游戏加速	游戏娱乐	B	false	true	1
1478	ipsec vpn client	ipsec%20vpn%20client	https://www.kuaishou.com/search/ipsec%20vpn%20client	VPN协议与技术	代理与IP	B	false	true	1
1479	ipsec vpn configuration in mikrotik	ipsec%20vpn%20configuration%20in%20mikrotik	https://www.kuaishou.com/search/ipsec%20vpn%20configuration%20in%20mikrotik	VPN协议与技术	代理与IP	B	false	true	1
1480	ipsec vpn server docker	ipsec%20vpn%20server%20docker	https://www.kuaishou.com/search/ipsec%20vpn%20server%20docker	VPN协议与技术	代理与IP	B	false	true	1
1481	openvpn cloud	openvpn%20cloud	https://www.kuaishou.com/search/openvpn%20cloud	VPN协议与技术	泛需求	B	false	true	1
1482	openvpn分流	openvpn%E5%88%86%E6%B5%81	https://www.kuaishou.com/search/openvpn%E5%88%86%E6%B5%81	VPN协议与技术	泛需求	B	false	true	1
1483	proton vpn for pc设置	proton%20vpn%20for%20pc%E8%AE%BE%E7%BD%AE	https://www.kuaishou.com/search/proton%20vpn%20for%20pc%E8%AE%BE%E7%BD%AE	VPN核心	配置排障	B	false	true	1
1484	proton vpn设置	proton%20vpn%E8%AE%BE%E7%BD%AE	https://www.kuaishou.com/search/proton%20vpn%E8%AE%BE%E7%BD%AE	VPN核心	配置排障	B	false	true	1
1485	pubg加速器哪个好稳定	pubg%E5%8A%A0%E9%80%9F%E5%99%A8%E5%93%AA%E4%B8%AA%E5%A5%BD%E7%A8%B3%E5%AE%9A	https://www.kuaishou.com/search/pubg%E5%8A%A0%E9%80%9F%E5%99%A8%E5%93%AA%E4%B8%AA%E5%A5%BD%E7%A8%B3%E5%AE%9A	网络加速	选型购买	B	false	true	1
1486	ssl vpn explained	ssl%20vpn%20explained	https://www.kuaishou.com/search/ssl%20vpn%20explained	VPN协议与技术	泛需求	B	false	true	1
1487	ssl vpn mac	ssl%20vpn%20mac	https://www.kuaishou.com/search/ssl%20vpn%20mac	VPN协议与技术	泛需求	B	false	true	1
1488	sslvpn xjtu edu cn	sslvpn%20xjtu%20edu%20cn	https://www.kuaishou.com/search/sslvpn%20xjtu%20edu%20cn	VPN核心	泛需求	B	false	true	1
1489	steam游戏加速器免费安全吗	steam%E6%B8%B8%E6%88%8F%E5%8A%A0%E9%80%9F%E5%99%A8%E5%85%8D%E8%B4%B9%E5%AE%89%E5%85%A8%E5%90%97	https://www.kuaishou.com/search/steam%E6%B8%B8%E6%88%8F%E5%8A%A0%E9%80%9F%E5%99%A8%E5%85%8D%E8%B4%B9%E5%AE%89%E5%85%A8%E5%90%97	游戏加速	科普原理	B	false	true	1
1490	steam联机游戏需要加速器吗	steam%E8%81%94%E6%9C%BA%E6%B8%B8%E6%88%8F%E9%9C%80%E8%A6%81%E5%8A%A0%E9%80%9F%E5%99%A8%E5%90%97	https://www.kuaishou.com/search/steam%E8%81%94%E6%9C%BA%E6%B8%B8%E6%88%8F%E9%9C%80%E8%A6%81%E5%8A%A0%E9%80%9F%E5%99%A8%E5%90%97	游戏加速	游戏娱乐	B	false	true	1
1491	surfshark vpn怎么用	surfshark%20vpn%E6%80%8E%E4%B9%88%E7%94%A8	https://www.kuaishou.com/search/surfshark%20vpn%E6%80%8E%E4%B9%88%E7%94%A8	VPN核心	配置排障	B	false	true	1
1492	touch vpn安全吗	touch%20vpn%E5%AE%89%E5%85%A8%E5%90%97	https://www.kuaishou.com/search/touch%20vpn%E5%AE%89%E5%85%A8%E5%90%97	VPN核心	科普原理	B	false	true	1
1493	tt加速器官网下载	tt%E5%8A%A0%E9%80%9F%E5%99%A8%E5%AE%98%E7%BD%91%E4%B8%8B%E8%BD%BD	https://www.kuaishou.com/search/tt%E5%8A%A0%E9%80%9F%E5%99%A8%E5%AE%98%E7%BD%91%E4%B8%8B%E8%BD%BD	网络加速	下载安装	B	false	true	1
1494	vpn07	vpn07	https://www.kuaishou.com/search/vpn07	VPN核心	泛需求	B	false	true	1
1495	vpn、什么意思	vpn%E3%80%81%E4%BB%80%E4%B9%88%E6%84%8F%E6%80%9D	https://www.kuaishou.com/search/vpn%E3%80%81%E4%BB%80%E4%B9%88%E6%84%8F%E6%80%9D	VPN核心	科普原理	B	false	true	1
1496	vpn下载官网	vpn%E4%B8%8B%E8%BD%BD%E5%AE%98%E7%BD%91	https://www.kuaishou.com/search/vpn%E4%B8%8B%E8%BD%BD%E5%AE%98%E7%BD%91	VPN核心	下载安装	B	false	true	1
1497	vpn修改ip段	vpn%E4%BF%AE%E6%94%B9ip%E6%AE%B5	https://www.kuaishou.com/search/vpn%E4%BF%AE%E6%94%B9ip%E6%AE%B5	VPN核心	代理与IP	B	false	true	1
1498	vpn免费电脑版	vpn%E5%85%8D%E8%B4%B9%E7%94%B5%E8%84%91%E7%89%88	https://www.kuaishou.com/search/vpn%E5%85%8D%E8%B4%B9%E7%94%B5%E8%84%91%E7%89%88	VPN核心	下载安装	B	false	true	1
1499	vpn免费节点推荐	vpn%E5%85%8D%E8%B4%B9%E8%8A%82%E7%82%B9%E6%8E%A8%E8%8D%90	https://www.kuaishou.com/search/vpn%E5%85%8D%E8%B4%B9%E8%8A%82%E7%82%B9%E6%8E%A8%E8%8D%90	VPN核心	选型购买	B	true	true	1
1500	vpn全部节点超时	vpn%E5%85%A8%E9%83%A8%E8%8A%82%E7%82%B9%E8%B6%85%E6%97%B6	https://www.kuaishou.com/search/vpn%E5%85%A8%E9%83%A8%E8%8A%82%E7%82%B9%E8%B6%85%E6%97%B6	VPN核心	代理与IP	B	true	true	1
1501	vpn协议的种类	vpn%E5%8D%8F%E8%AE%AE%E7%9A%84%E7%A7%8D%E7%B1%BB	https://www.kuaishou.com/search/vpn%E5%8D%8F%E8%AE%AE%E7%9A%84%E7%A7%8D%E7%B1%BB	VPN协议与技术	科普原理	B	false	true	1
1502	vpn原理和架构	vpn%E5%8E%9F%E7%90%86%E5%92%8C%E6%9E%B6%E6%9E%84	https://www.kuaishou.com/search/vpn%E5%8E%9F%E7%90%86%E5%92%8C%E6%9E%B6%E6%9E%84	VPN核心	科普原理	B	false	true	1
1503	vpn哪个好注册	vpn%E5%93%AA%E4%B8%AA%E5%A5%BD%E6%B3%A8%E5%86%8C	https://www.kuaishou.com/search/vpn%E5%93%AA%E4%B8%AA%E5%A5%BD%E6%B3%A8%E5%86%8C	VPN核心	选型购买	B	false	true	1
1504	vpn哪个好用有优惠	vpn%E5%93%AA%E4%B8%AA%E5%A5%BD%E7%94%A8%E6%9C%89%E4%BC%98%E6%83%A0	https://www.kuaishou.com/search/vpn%E5%93%AA%E4%B8%AA%E5%A5%BD%E7%94%A8%E6%9C%89%E4%BC%98%E6%83%A0	VPN核心	选型购买	B	false	true	1
1505	vpn安卓手机下载	vpn%E5%AE%89%E5%8D%93%E6%89%8B%E6%9C%BA%E4%B8%8B%E8%BD%BD	https://www.kuaishou.com/search/vpn%E5%AE%89%E5%8D%93%E6%89%8B%E6%9C%BA%E4%B8%8B%E8%BD%BD	VPN核心	下载安装	B	false	true	1
1506	vpn客户端问题	vpn%E5%AE%A2%E6%88%B7%E7%AB%AF%E9%97%AE%E9%A2%98	https://www.kuaishou.com/search/vpn%E5%AE%A2%E6%88%B7%E7%AB%AF%E9%97%AE%E9%A2%98	VPN核心	下载安装	B	false	true	1
1507	vpn怎么用速度快	vpn%E6%80%8E%E4%B9%88%E7%94%A8%E9%80%9F%E5%BA%A6%E5%BF%AB	https://www.kuaishou.com/search/vpn%E6%80%8E%E4%B9%88%E7%94%A8%E9%80%9F%E5%BA%A6%E5%BF%AB	VPN核心	配置排障	B	false	true	1
1508	vpn意思是虚拟私人网络	vpn%E6%84%8F%E6%80%9D%E6%98%AF%E8%99%9A%E6%8B%9F%E7%A7%81%E4%BA%BA%E7%BD%91%E7%BB%9C	https://www.kuaishou.com/search/vpn%E6%84%8F%E6%80%9D%E6%98%AF%E8%99%9A%E6%8B%9F%E7%A7%81%E4%BA%BA%E7%BD%91%E7%BB%9C	VPN核心	泛需求	B	false	true	1
1509	vpn推荐lihkg	vpn%E6%8E%A8%E8%8D%90lihkg	https://www.kuaishou.com/search/vpn%E6%8E%A8%E8%8D%90lihkg	VPN核心	选型购买	B	false	true	1
1510	vpn推荐、	vpn%E6%8E%A8%E8%8D%90%E3%80%81	https://www.kuaishou.com/search/vpn%E6%8E%A8%E8%8D%90%E3%80%81	VPN核心	选型购买	B	false	true	1
1511	vpn推荐最新	vpn%E6%8E%A8%E8%8D%90%E6%9C%80%E6%96%B0	https://www.kuaishou.com/search/vpn%E6%8E%A8%E8%8D%90%E6%9C%80%E6%96%B0	VPN核心	选型购买	B	false	true	1
1512	vpn是什么的缩写	vpn%E6%98%AF%E4%BB%80%E4%B9%88%E7%9A%84%E7%BC%A9%E5%86%99	https://www.kuaishou.com/search/vpn%E6%98%AF%E4%BB%80%E4%B9%88%E7%9A%84%E7%BC%A9%E5%86%99	VPN核心	科普原理	B	false	true	1
1513	vpn服务器地址中国	vpn%E6%9C%8D%E5%8A%A1%E5%99%A8%E5%9C%B0%E5%9D%80%E4%B8%AD%E5%9B%BD	https://www.kuaishou.com/search/vpn%E6%9C%8D%E5%8A%A1%E5%99%A8%E5%9C%B0%E5%9D%80%E4%B8%AD%E5%9B%BD	VPN核心	泛需求	B	false	true	1
1514	vpn服务器软件	vpn%E6%9C%8D%E5%8A%A1%E5%99%A8%E8%BD%AF%E4%BB%B6	https://www.kuaishou.com/search/vpn%E6%9C%8D%E5%8A%A1%E5%99%A8%E8%BD%AF%E4%BB%B6	VPN核心	下载安装	B	false	true	1
1515	vpn电脑版试用	vpn%E7%94%B5%E8%84%91%E7%89%88%E8%AF%95%E7%94%A8	https://www.kuaishou.com/search/vpn%E7%94%B5%E8%84%91%E7%89%88%E8%AF%95%E7%94%A8	VPN核心	下载安装	B	false	true	1
1516	vpn电脑端下载	vpn%E7%94%B5%E8%84%91%E7%AB%AF%E4%B8%8B%E8%BD%BD	https://www.kuaishou.com/search/vpn%E7%94%B5%E8%84%91%E7%AB%AF%E4%B8%8B%E8%BD%BD	VPN核心	下载安装	B	false	true	1
1517	vpn节点提取	vpn%E8%8A%82%E7%82%B9%E6%8F%90%E5%8F%96	https://www.kuaishou.com/search/vpn%E8%8A%82%E7%82%B9%E6%8F%90%E5%8F%96	VPN核心	代理与IP	B	true	true	1
1518	vpn节点检测	vpn%E8%8A%82%E7%82%B9%E6%A3%80%E6%B5%8B	https://www.kuaishou.com/search/vpn%E8%8A%82%E7%82%B9%E6%A3%80%E6%B5%8B	VPN核心	代理与IP	B	true	true	1
1519	vpn节点测速	vpn%E8%8A%82%E7%82%B9%E6%B5%8B%E9%80%9F	https://www.kuaishou.com/search/vpn%E8%8A%82%E7%82%B9%E6%B5%8B%E9%80%9F	VPN核心	代理与IP	B	true	true	1
1520	vpn节点购买渠道	vpn%E8%8A%82%E7%82%B9%E8%B4%AD%E4%B9%B0%E6%B8%A0%E9%81%93	https://www.kuaishou.com/search/vpn%E8%8A%82%E7%82%B9%E8%B4%AD%E4%B9%B0%E6%B8%A0%E9%81%93	VPN核心	选型购买	B	true	true	1
1521	vpn苹果安装包	vpn%E8%8B%B9%E6%9E%9C%E5%AE%89%E8%A3%85%E5%8C%85	https://www.kuaishou.com/search/vpn%E8%8B%B9%E6%9E%9C%E5%AE%89%E8%A3%85%E5%8C%85	VPN核心	下载安装	B	false	true	1
1522	vpn苹果手机端	vpn%E8%8B%B9%E6%9E%9C%E6%89%8B%E6%9C%BA%E7%AB%AF	https://www.kuaishou.com/search/vpn%E8%8B%B9%E6%9E%9C%E6%89%8B%E6%9C%BA%E7%AB%AF	VPN核心	下载安装	B	false	true	1
1523	vpn设置详解	vpn%E8%AE%BE%E7%BD%AE%E8%AF%A6%E8%A7%A3	https://www.kuaishou.com/search/vpn%E8%AE%BE%E7%BD%AE%E8%AF%A6%E8%A7%A3	VPN核心	配置排障	B	false	true	1
1524	vpn路由器哪个好	vpn%E8%B7%AF%E7%94%B1%E5%99%A8%E5%93%AA%E4%B8%AA%E5%A5%BD	https://www.kuaishou.com/search/vpn%E8%B7%AF%E7%94%B1%E5%99%A8%E5%93%AA%E4%B8%AA%E5%A5%BD	VPN核心	选型购买	B	false	true	1
1525	vpn软件免费下载手机版	vpn%E8%BD%AF%E4%BB%B6%E5%85%8D%E8%B4%B9%E4%B8%8B%E8%BD%BD%E6%89%8B%E6%9C%BA%E7%89%88	https://www.kuaishou.com/search/vpn%E8%BD%AF%E4%BB%B6%E5%85%8D%E8%B4%B9%E4%B8%8B%E8%BD%BD%E6%89%8B%E6%9C%BA%E7%89%88	VPN核心	下载安装	B	false	true	1
1526	vpn软件推荐linux	vpn%E8%BD%AF%E4%BB%B6%E6%8E%A8%E8%8D%90linux	https://www.kuaishou.com/search/vpn%E8%BD%AF%E4%BB%B6%E6%8E%A8%E8%8D%90linux	VPN核心	选型购买	B	false	true	1
1527	vpn违法吗vpn的最新动态和政策	vpn%E8%BF%9D%E6%B3%95%E5%90%97vpn%E7%9A%84%E6%9C%80%E6%96%B0%E5%8A%A8%E6%80%81%E5%92%8C%E6%94%BF%E7%AD%96	https://www.kuaishou.com/search/vpn%E8%BF%9D%E6%B3%95%E5%90%97vpn%E7%9A%84%E6%9C%80%E6%96%B0%E5%8A%A8%E6%80%81%E5%92%8C%E6%94%BF%E7%AD%96	VPN核心	泛需求	B	false	true	1
1528	vpn配置文件的导出	vpn%E9%85%8D%E7%BD%AE%E6%96%87%E4%BB%B6%E7%9A%84%E5%AF%BC%E5%87%BA	https://www.kuaishou.com/search/vpn%E9%85%8D%E7%BD%AE%E6%96%87%E4%BB%B6%E7%9A%84%E5%AF%BC%E5%87%BA	VPN核心	配置排障	B	false	true	1
1529	web.vpn安全吗	web.vpn%E5%AE%89%E5%85%A8%E5%90%97	https://www.kuaishou.com/search/web.vpn%E5%AE%89%E5%85%A8%E5%90%97	VPN核心	科普原理	B	false	true	1
1530	win10 vpn服务器推荐	win10%20vpn%E6%9C%8D%E5%8A%A1%E5%99%A8%E6%8E%A8%E8%8D%90	https://www.kuaishou.com/search/win10%20vpn%E6%9C%8D%E5%8A%A1%E5%99%A8%E6%8E%A8%E8%8D%90	VPN核心	选型购买	B	false	true	1
1531	wireguard macos	wireguard%20macos	https://www.kuaishou.com/search/wireguard%20macos	VPN协议与技术	泛需求	B	false	true	1
1532	wireguard warp	wireguard%20warp	https://www.kuaishou.com/search/wireguard%20warp	VPN协议与技术	泛需求	B	false	true	1
1533	企业vpn搭建案例	%E4%BC%81%E4%B8%9Avpn%E6%90%AD%E5%BB%BA%E6%A1%88%E4%BE%8B	https://www.kuaishou.com/search/%E4%BC%81%E4%B8%9Avpn%E6%90%AD%E5%BB%BA%E6%A1%88%E4%BE%8B	企业网络	企业办公	B	false	true	1
1534	便宜好用vpn推荐	%E4%BE%BF%E5%AE%9C%E5%A5%BD%E7%94%A8vpn%E6%8E%A8%E8%8D%90	https://www.kuaishou.com/search/%E4%BE%BF%E5%AE%9C%E5%A5%BD%E7%94%A8vpn%E6%8E%A8%E8%8D%90	VPN核心	选型购买	B	false	true	1
1535	免费vpn节点订阅	%E5%85%8D%E8%B4%B9vpn%E8%8A%82%E7%82%B9%E8%AE%A2%E9%98%85	https://www.kuaishou.com/search/%E5%85%8D%E8%B4%B9vpn%E8%8A%82%E7%82%B9%E8%AE%A2%E9%98%85	VPN核心	代理与IP	B	true	true	1
1536	免费加速器steam	%E5%85%8D%E8%B4%B9%E5%8A%A0%E9%80%9F%E5%99%A8steam	https://www.kuaishou.com/search/%E5%85%8D%E8%B4%B9%E5%8A%A0%E9%80%9F%E5%99%A8steam	网络加速	泛需求	B	false	true	1
1537	冒险岛国际服加速器	%E5%86%92%E9%99%A9%E5%B2%9B%E5%9B%BD%E9%99%85%E6%9C%8D%E5%8A%A0%E9%80%9F%E5%99%A8	https://www.kuaishou.com/search/%E5%86%92%E9%99%A9%E5%B2%9B%E5%9B%BD%E9%99%85%E6%9C%8D%E5%8A%A0%E9%80%9F%E5%99%A8	网络加速	泛需求	B	false	true	1
1538	加速器回国免费	%E5%8A%A0%E9%80%9F%E5%99%A8%E5%9B%9E%E5%9B%BD%E5%85%8D%E8%B4%B9	https://www.kuaishou.com/search/%E5%8A%A0%E9%80%9F%E5%99%A8%E5%9B%9E%E5%9B%BD%E5%85%8D%E8%B4%B9	网络加速	泛需求	B	false	true	1
1539	加速器排行榜官网更新	%E5%8A%A0%E9%80%9F%E5%99%A8%E6%8E%92%E8%A1%8C%E6%A6%9C%E5%AE%98%E7%BD%91%E6%9B%B4%E6%96%B0	https://www.kuaishou.com/search/%E5%8A%A0%E9%80%9F%E5%99%A8%E6%8E%92%E8%A1%8C%E6%A6%9C%E5%AE%98%E7%BD%91%E6%9B%B4%E6%96%B0	网络加速	泛需求	B	false	true	1
1540	古怪加速器测评	%E5%8F%A4%E6%80%AA%E5%8A%A0%E9%80%9F%E5%99%A8%E6%B5%8B%E8%AF%84	https://www.kuaishou.com/search/%E5%8F%A4%E6%80%AA%E5%8A%A0%E9%80%9F%E5%99%A8%E6%B5%8B%E8%AF%84	网络加速	泛需求	B	false	true	1
1541	可以访问国际网络的加速器	%E5%8F%AF%E4%BB%A5%E8%AE%BF%E9%97%AE%E5%9B%BD%E9%99%85%E7%BD%91%E7%BB%9C%E7%9A%84%E5%8A%A0%E9%80%9F%E5%99%A8	https://www.kuaishou.com/search/%E5%8F%AF%E4%BB%A5%E8%AE%BF%E9%97%AE%E5%9B%BD%E9%99%85%E7%BD%91%E7%BB%9C%E7%9A%84%E5%8A%A0%E9%80%9F%E5%99%A8	网络加速	泛需求	B	false	true	1
1542	和平精英模拟器加速器	%E5%92%8C%E5%B9%B3%E7%B2%BE%E8%8B%B1%E6%A8%A1%E6%8B%9F%E5%99%A8%E5%8A%A0%E9%80%9F%E5%99%A8	https://www.kuaishou.com/search/%E5%92%8C%E5%B9%B3%E7%B2%BE%E8%8B%B1%E6%A8%A1%E6%8B%9F%E5%99%A8%E5%8A%A0%E9%80%9F%E5%99%A8	网络加速	泛需求	B	false	true	1
1543	奇游手游加速器官网活动	%E5%A5%87%E6%B8%B8%E6%89%8B%E6%B8%B8%E5%8A%A0%E9%80%9F%E5%99%A8%E5%AE%98%E7%BD%91%E6%B4%BB%E5%8A%A8	https://www.kuaishou.com/search/%E5%A5%87%E6%B8%B8%E6%89%8B%E6%B8%B8%E5%8A%A0%E9%80%9F%E5%99%A8%E5%AE%98%E7%BD%91%E6%B4%BB%E5%8A%A8	游戏加速	游戏娱乐	B	false	true	1
1544	安卓免费vpn	%E5%AE%89%E5%8D%93%E5%85%8D%E8%B4%B9vpn	https://www.kuaishou.com/search/%E5%AE%89%E5%8D%93%E5%85%8D%E8%B4%B9vpn	VPN核心	下载安装	B	false	true	1
1545	宝可梦冠军手游加速器推荐	%E5%AE%9D%E5%8F%AF%E6%A2%A6%E5%86%A0%E5%86%9B%E6%89%8B%E6%B8%B8%E5%8A%A0%E9%80%9F%E5%99%A8%E6%8E%A8%E8%8D%90	https://www.kuaishou.com/search/%E5%AE%9D%E5%8F%AF%E6%A2%A6%E5%86%A0%E5%86%9B%E6%89%8B%E6%B8%B8%E5%8A%A0%E9%80%9F%E5%99%A8%E6%8E%A8%E8%8D%90	游戏加速	选型购买	B	false	true	1
1546	小米路由器vpn怎么设置	%E5%B0%8F%E7%B1%B3%E8%B7%AF%E7%94%B1%E5%99%A8vpn%E6%80%8E%E4%B9%88%E8%AE%BE%E7%BD%AE	https://www.kuaishou.com/search/%E5%B0%8F%E7%B1%B3%E8%B7%AF%E7%94%B1%E5%99%A8vpn%E6%80%8E%E4%B9%88%E8%AE%BE%E7%BD%AE	VPN核心	配置排障	B	false	true	1
1547	手机vpn免费	%E6%89%8B%E6%9C%BAvpn%E5%85%8D%E8%B4%B9	https://www.kuaishou.com/search/%E6%89%8B%E6%9C%BAvpn%E5%85%8D%E8%B4%B9	VPN核心	下载安装	B	false	true	1
1548	手机vpn设置注意事项	%E6%89%8B%E6%9C%BAvpn%E8%AE%BE%E7%BD%AE%E6%B3%A8%E6%84%8F%E4%BA%8B%E9%A1%B9	https://www.kuaishou.com/search/%E6%89%8B%E6%9C%BAvpn%E8%AE%BE%E7%BD%AE%E6%B3%A8%E6%84%8F%E4%BA%8B%E9%A1%B9	VPN核心	配置排障	B	false	true	1
1549	手游加速器免费使用教程	%E6%89%8B%E6%B8%B8%E5%8A%A0%E9%80%9F%E5%99%A8%E5%85%8D%E8%B4%B9%E4%BD%BF%E7%94%A8%E6%95%99%E7%A8%8B	https://www.kuaishou.com/search/%E6%89%8B%E6%B8%B8%E5%8A%A0%E9%80%9F%E5%99%A8%E5%85%8D%E8%B4%B9%E4%BD%BF%E7%94%A8%E6%95%99%E7%A8%8B	游戏加速	配置排障	B	false	true	1
1550	搭建ipsec vpn服务器	%E6%90%AD%E5%BB%BAipsec%20vpn%E6%9C%8D%E5%8A%A1%E5%99%A8	https://www.kuaishou.com/search/%E6%90%AD%E5%BB%BAipsec%20vpn%E6%9C%8D%E5%8A%A1%E5%99%A8	VPN协议与技术	配置排障	B	false	true	1
1551	游戏加速器下载免费版	%E6%B8%B8%E6%88%8F%E5%8A%A0%E9%80%9F%E5%99%A8%E4%B8%8B%E8%BD%BD%E5%85%8D%E8%B4%B9%E7%89%88	https://www.kuaishou.com/search/%E6%B8%B8%E6%88%8F%E5%8A%A0%E9%80%9F%E5%99%A8%E4%B8%8B%E8%BD%BD%E5%85%8D%E8%B4%B9%E7%89%88	游戏加速	下载安装	B	false	true	1
1552	游戏加速器推荐电脑版	%E6%B8%B8%E6%88%8F%E5%8A%A0%E9%80%9F%E5%99%A8%E6%8E%A8%E8%8D%90%E7%94%B5%E8%84%91%E7%89%88	https://www.kuaishou.com/search/%E6%B8%B8%E6%88%8F%E5%8A%A0%E9%80%9F%E5%99%A8%E6%8E%A8%E8%8D%90%E7%94%B5%E8%84%91%E7%89%88	游戏加速	选型购买	B	false	true	1
1553	游戏加速器永久免费版手机	%E6%B8%B8%E6%88%8F%E5%8A%A0%E9%80%9F%E5%99%A8%E6%B0%B8%E4%B9%85%E5%85%8D%E8%B4%B9%E7%89%88%E6%89%8B%E6%9C%BA	https://www.kuaishou.com/search/%E6%B8%B8%E6%88%8F%E5%8A%A0%E9%80%9F%E5%99%A8%E6%B0%B8%E4%B9%85%E5%85%8D%E8%B4%B9%E7%89%88%E6%89%8B%E6%9C%BA	游戏加速	下载安装	B	false	true	1
1554	游戏加速器英文	%E6%B8%B8%E6%88%8F%E5%8A%A0%E9%80%9F%E5%99%A8%E8%8B%B1%E6%96%87	https://www.kuaishou.com/search/%E6%B8%B8%E6%88%8F%E5%8A%A0%E9%80%9F%E5%99%A8%E8%8B%B1%E6%96%87	游戏加速	游戏娱乐	B	false	true	1
1555	球球大作战加速器苹果	%E7%90%83%E7%90%83%E5%A4%A7%E4%BD%9C%E6%88%98%E5%8A%A0%E9%80%9F%E5%99%A8%E8%8B%B9%E6%9E%9C	https://www.kuaishou.com/search/%E7%90%83%E7%90%83%E5%A4%A7%E4%BD%9C%E6%88%98%E5%8A%A0%E9%80%9F%E5%99%A8%E8%8B%B9%E6%9E%9C	网络加速	下载安装	B	false	true	1
1556	电脑怎么用加速器解决卡顿	%E7%94%B5%E8%84%91%E6%80%8E%E4%B9%88%E7%94%A8%E5%8A%A0%E9%80%9F%E5%99%A8%E8%A7%A3%E5%86%B3%E5%8D%A1%E9%A1%BF	https://www.kuaishou.com/search/%E7%94%B5%E8%84%91%E6%80%8E%E4%B9%88%E7%94%A8%E5%8A%A0%E9%80%9F%E5%99%A8%E8%A7%A3%E5%86%B3%E5%8D%A1%E9%A1%BF	网络加速	配置排障	B	false	true	1
1557	电脑游戏加速器哪个好	%E7%94%B5%E8%84%91%E6%B8%B8%E6%88%8F%E5%8A%A0%E9%80%9F%E5%99%A8%E5%93%AA%E4%B8%AA%E5%A5%BD	https://www.kuaishou.com/search/%E7%94%B5%E8%84%91%E6%B8%B8%E6%88%8F%E5%8A%A0%E9%80%9F%E5%99%A8%E5%93%AA%E4%B8%AA%E5%A5%BD	游戏加速	选型购买	B	false	true	1
1558	科学上网路由器推荐	%E7%A7%91%E5%AD%A6%E4%B8%8A%E7%BD%91%E8%B7%AF%E7%94%B1%E5%99%A8%E6%8E%A8%E8%8D%90	https://www.kuaishou.com/search/%E7%A7%91%E5%AD%A6%E4%B8%8A%E7%BD%91%E8%B7%AF%E7%94%B1%E5%99%A8%E6%8E%A8%E8%8D%90	VPN核心	选型购买	B	true	true	1
1559	绿茶vpn下载安卓	%E7%BB%BF%E8%8C%B6vpn%E4%B8%8B%E8%BD%BD%E5%AE%89%E5%8D%93	https://www.kuaishou.com/search/%E7%BB%BF%E8%8C%B6vpn%E4%B8%8B%E8%BD%BD%E5%AE%89%E5%8D%93	VPN核心	下载安装	B	false	true	1
1560	网络加速器免费版	%E7%BD%91%E7%BB%9C%E5%8A%A0%E9%80%9F%E5%99%A8%E5%85%8D%E8%B4%B9%E7%89%88	https://www.kuaishou.com/search/%E7%BD%91%E7%BB%9C%E5%8A%A0%E9%80%9F%E5%99%A8%E5%85%8D%E8%B4%B9%E7%89%88	网络加速	泛需求	B	false	true	1
1561	翻墙机场推荐	%E7%BF%BB%E5%A2%99%E6%9C%BA%E5%9C%BA%E6%8E%A8%E8%8D%90	https://www.kuaishou.com/search/%E7%BF%BB%E5%A2%99%E6%9C%BA%E5%9C%BA%E6%8E%A8%E8%8D%90	VPN核心	选型购买	B	true	true	1
1562	翻墙梯子推荐	%E7%BF%BB%E5%A2%99%E6%A2%AF%E5%AD%90%E6%8E%A8%E8%8D%90	https://www.kuaishou.com/search/%E7%BF%BB%E5%A2%99%E6%A2%AF%E5%AD%90%E6%8E%A8%E8%8D%90	VPN核心	选型购买	B	true	true	1
1563	翻墙软件vpn	%E7%BF%BB%E5%A2%99%E8%BD%AF%E4%BB%B6vpn	https://www.kuaishou.com/search/%E7%BF%BB%E5%A2%99%E8%BD%AF%E4%BB%B6vpn	VPN核心	下载安装	B	true	true	1
1564	翻墙违法吗知乎	%E7%BF%BB%E5%A2%99%E8%BF%9D%E6%B3%95%E5%90%97%E7%9F%A5%E4%B9%8E	https://www.kuaishou.com/search/%E7%BF%BB%E5%A2%99%E8%BF%9D%E6%B3%95%E5%90%97%E7%9F%A5%E4%B9%8E	VPN核心	泛需求	B	true	true	1
1565	苹果手机vpn设置方法	%E8%8B%B9%E6%9E%9C%E6%89%8B%E6%9C%BAvpn%E8%AE%BE%E7%BD%AE%E6%96%B9%E6%B3%95	https://www.kuaishou.com/search/%E8%8B%B9%E6%9E%9C%E6%89%8B%E6%9C%BAvpn%E8%AE%BE%E7%BD%AE%E6%96%B9%E6%B3%95	VPN核心	配置排障	B	false	true	1
1566	虚拟专用网络下载安装免费	%E8%99%9A%E6%8B%9F%E4%B8%93%E7%94%A8%E7%BD%91%E7%BB%9C%E4%B8%8B%E8%BD%BD%E5%AE%89%E8%A3%85%E5%85%8D%E8%B4%B9	https://www.kuaishou.com/search/%E8%99%9A%E6%8B%9F%E4%B8%93%E7%94%A8%E7%BD%91%E7%BB%9C%E4%B8%8B%E8%BD%BD%E5%AE%89%E8%A3%85%E5%85%8D%E8%B4%B9	VPN核心	下载安装	B	false	true	1
1567	虚拟专用网络服务	%E8%99%9A%E6%8B%9F%E4%B8%93%E7%94%A8%E7%BD%91%E7%BB%9C%E6%9C%8D%E5%8A%A1	https://www.kuaishou.com/search/%E8%99%9A%E6%8B%9F%E4%B8%93%E7%94%A8%E7%BD%91%E7%BB%9C%E6%9C%8D%E5%8A%A1	VPN核心	泛需求	B	false	true	1
1568	虚拟私人网络软件入门教程	%E8%99%9A%E6%8B%9F%E7%A7%81%E4%BA%BA%E7%BD%91%E7%BB%9C%E8%BD%AF%E4%BB%B6%E5%85%A5%E9%97%A8%E6%95%99%E7%A8%8B	https://www.kuaishou.com/search/%E8%99%9A%E6%8B%9F%E7%A7%81%E4%BA%BA%E7%BD%91%E7%BB%9C%E8%BD%AF%E4%BB%B6%E5%85%A5%E9%97%A8%E6%95%99%E7%A8%8B	VPN核心	配置排障	B	false	true	1
1569	路由器搭建vpn的软件推荐	%E8%B7%AF%E7%94%B1%E5%99%A8%E6%90%AD%E5%BB%BAvpn%E7%9A%84%E8%BD%AF%E4%BB%B6%E6%8E%A8%E8%8D%90	https://www.kuaishou.com/search/%E8%B7%AF%E7%94%B1%E5%99%A8%E6%90%AD%E5%BB%BAvpn%E7%9A%84%E8%BD%AF%E4%BB%B6%E6%8E%A8%E8%8D%90	VPN核心	配置排障	B	false	true	1
1570	迅游加速器免费时长	%E8%BF%85%E6%B8%B8%E5%8A%A0%E9%80%9F%E5%99%A8%E5%85%8D%E8%B4%B9%E6%97%B6%E9%95%BF	https://www.kuaishou.com/search/%E8%BF%85%E6%B8%B8%E5%8A%A0%E9%80%9F%E5%99%A8%E5%85%8D%E8%B4%B9%E6%97%B6%E9%95%BF	网络加速	泛需求	B	false	true	1
1571	连接vpn之后速度慢	%E8%BF%9E%E6%8E%A5vpn%E4%B9%8B%E5%90%8E%E9%80%9F%E5%BA%A6%E6%85%A2	https://www.kuaishou.com/search/%E8%BF%9E%E6%8E%A5vpn%E4%B9%8B%E5%90%8E%E9%80%9F%E5%BA%A6%E6%85%A2	VPN核心	配置排障	B	false	true	1
1572	连接vpn后无法上网如何排除故障	%E8%BF%9E%E6%8E%A5vpn%E5%90%8E%E6%97%A0%E6%B3%95%E4%B8%8A%E7%BD%91%E5%A6%82%E4%BD%95%E6%8E%92%E9%99%A4%E6%95%85%E9%9A%9C	https://www.kuaishou.com/search/%E8%BF%9E%E6%8E%A5vpn%E5%90%8E%E6%97%A0%E6%B3%95%E4%B8%8A%E7%BD%91%E5%A6%82%E4%BD%95%E6%8E%92%E9%99%A4%E6%95%85%E9%9A%9C	VPN核心	配置排障	B	false	true	1
1573	雷神加速器app	%E9%9B%B7%E7%A5%9E%E5%8A%A0%E9%80%9F%E5%99%A8app	https://www.kuaishou.com/search/%E9%9B%B7%E7%A5%9E%E5%8A%A0%E9%80%9F%E5%99%A8app	网络加速	下载安装	B	false	true	1
1574	雷神加速器、	%E9%9B%B7%E7%A5%9E%E5%8A%A0%E9%80%9F%E5%99%A8%E3%80%81	https://www.kuaishou.com/search/%E9%9B%B7%E7%A5%9E%E5%8A%A0%E9%80%9F%E5%99%A8%E3%80%81	网络加速	泛需求	B	false	true	1
1575	魔法上网梯子	%E9%AD%94%E6%B3%95%E4%B8%8A%E7%BD%91%E6%A2%AF%E5%AD%90	https://www.kuaishou.com/search/%E9%AD%94%E6%B3%95%E4%B8%8A%E7%BD%91%E6%A2%AF%E5%AD%90	VPN核心	泛需求	B	true	true	1
1576	1111 vpn安全吗	1111%20vpn%E5%AE%89%E5%85%A8%E5%90%97	https://www.kuaishou.com/search/1111%20vpn%E5%AE%89%E5%85%A8%E5%90%97	VPN核心	科普原理	B	false	true	1
1577	apex英雄不用加速器能玩吗	apex%E8%8B%B1%E9%9B%84%E4%B8%8D%E7%94%A8%E5%8A%A0%E9%80%9F%E5%99%A8%E8%83%BD%E7%8E%A9%E5%90%97	https://www.kuaishou.com/search/apex%E8%8B%B1%E9%9B%84%E4%B8%8D%E7%94%A8%E5%8A%A0%E9%80%9F%E5%99%A8%E8%83%BD%E7%8E%A9%E5%90%97	网络加速	泛需求	B	false	true	1
1578	cs2国际服加速器	cs2%E5%9B%BD%E9%99%85%E6%9C%8D%E5%8A%A0%E9%80%9F%E5%99%A8	https://www.kuaishou.com/search/cs2%E5%9B%BD%E9%99%85%E6%9C%8D%E5%8A%A0%E9%80%9F%E5%99%A8	网络加速	泛需求	B	false	true	1
1579	ipsec vpn configuration in palo alto	ipsec%20vpn%20configuration%20in%20palo%20alto	https://www.kuaishou.com/search/ipsec%20vpn%20configuration%20in%20palo%20alto	VPN协议与技术	代理与IP	B	false	true	1
1580	ipsec vpn openwrt	ipsec%20vpn%20openwrt	https://www.kuaishou.com/search/ipsec%20vpn%20openwrt	VPN协议与技术	代理与IP	B	false	true	1
1581	ipsec vpn技术规范	ipsec%20vpn%E6%8A%80%E6%9C%AF%E8%A7%84%E8%8C%83	https://www.kuaishou.com/search/ipsec%20vpn%E6%8A%80%E6%9C%AF%E8%A7%84%E8%8C%83	VPN协议与技术	代理与IP	B	false	true	1
1582	openvpn apk	openvpn%20apk	https://www.kuaishou.com/search/openvpn%20apk	VPN协议与技术	泛需求	B	false	true	1
1583	openvpn gui windows下载	openvpn%20gui%20windows%E4%B8%8B%E8%BD%BD	https://www.kuaishou.com/search/openvpn%20gui%20windows%E4%B8%8B%E8%BD%BD	VPN协议与技术	下载安装	B	false	true	1
1584	openvpn配置文件	openvpn%E9%85%8D%E7%BD%AE%E6%96%87%E4%BB%B6	https://www.kuaishou.com/search/openvpn%E9%85%8D%E7%BD%AE%E6%96%87%E4%BB%B6	VPN协议与技术	配置排障	B	false	true	1
1585	pubg加速器哪个好下载	pubg%E5%8A%A0%E9%80%9F%E5%99%A8%E5%93%AA%E4%B8%AA%E5%A5%BD%E4%B8%8B%E8%BD%BD	https://www.kuaishou.com/search/pubg%E5%8A%A0%E9%80%9F%E5%99%A8%E5%93%AA%E4%B8%AA%E5%A5%BD%E4%B8%8B%E8%BD%BD	网络加速	选型购买	B	false	true	1
1586	sophos ssl vpn	sophos%20ssl%20vpn	https://www.kuaishou.com/search/sophos%20ssl%20vpn	VPN协议与技术	泛需求	B	false	true	1
1587	ssl vpn service	ssl%20vpn%20service	https://www.kuaishou.com/search/ssl%20vpn%20service	VPN协议与技术	泛需求	B	false	true	1
1588	ssl vpn开源	ssl%20vpn%E5%BC%80%E6%BA%90	https://www.kuaishou.com/search/ssl%20vpn%E5%BC%80%E6%BA%90	VPN协议与技术	泛需求	B	false	true	1
1589	steam游戏加速器免费排行榜	steam%E6%B8%B8%E6%88%8F%E5%8A%A0%E9%80%9F%E5%99%A8%E5%85%8D%E8%B4%B9%E6%8E%92%E8%A1%8C%E6%A6%9C	https://www.kuaishou.com/search/steam%E6%B8%B8%E6%88%8F%E5%8A%A0%E9%80%9F%E5%99%A8%E5%85%8D%E8%B4%B9%E6%8E%92%E8%A1%8C%E6%A6%9C	游戏加速	游戏娱乐	B	false	true	1
1590	vpn、什么是vpn	vpn%E3%80%81%E4%BB%80%E4%B9%88%E6%98%AFvpn	https://www.kuaishou.com/search/vpn%E3%80%81%E4%BB%80%E4%B9%88%E6%98%AFvpn	VPN核心	泛需求	B	false	true	1
1591	vpn、哪个好	vpn%E3%80%81%E5%93%AA%E4%B8%AA%E5%A5%BD	https://www.kuaishou.com/search/vpn%E3%80%81%E5%93%AA%E4%B8%AA%E5%A5%BD	VPN核心	选型购买	B	false	true	1
1592	vpn、怎么设置	vpn%E3%80%81%E6%80%8E%E4%B9%88%E8%AE%BE%E7%BD%AE	https://www.kuaishou.com/search/vpn%E3%80%81%E6%80%8E%E4%B9%88%E8%AE%BE%E7%BD%AE	VPN核心	配置排障	B	false	true	1
1593	vpn下载地址	vpn%E4%B8%8B%E8%BD%BD%E5%9C%B0%E5%9D%80	https://www.kuaishou.com/search/vpn%E4%B8%8B%E8%BD%BD%E5%9C%B0%E5%9D%80	VPN核心	下载安装	B	false	true	1
1594	vpn修改ip地区	vpn%E4%BF%AE%E6%94%B9ip%E5%9C%B0%E5%8C%BA	https://www.kuaishou.com/search/vpn%E4%BF%AE%E6%94%B9ip%E5%9C%B0%E5%8C%BA	VPN核心	代理与IP	B	false	true	1
1595	vpn免费节点订阅	vpn%E5%85%8D%E8%B4%B9%E8%8A%82%E7%82%B9%E8%AE%A2%E9%98%85	https://www.kuaishou.com/search/vpn%E5%85%8D%E8%B4%B9%E8%8A%82%E7%82%B9%E8%AE%A2%E9%98%85	VPN核心	代理与IP	B	true	true	1
1596	vpn免费苹果	vpn%E5%85%8D%E8%B4%B9%E8%8B%B9%E6%9E%9C	https://www.kuaishou.com/search/vpn%E5%85%8D%E8%B4%B9%E8%8B%B9%E6%9E%9C	VPN核心	下载安装	B	false	true	1
1597	vpn免费试用一天	vpn%E5%85%8D%E8%B4%B9%E8%AF%95%E7%94%A8%E4%B8%80%E5%A4%A9	https://www.kuaishou.com/search/vpn%E5%85%8D%E8%B4%B9%E8%AF%95%E7%94%A8%E4%B8%80%E5%A4%A9	VPN核心	泛需求	B	false	true	1
1598	vpn协议的选择	vpn%E5%8D%8F%E8%AE%AE%E7%9A%84%E9%80%89%E6%8B%A9	https://www.kuaishou.com/search/vpn%E5%8D%8F%E8%AE%AE%E7%9A%84%E9%80%89%E6%8B%A9	VPN协议与技术	科普原理	B	false	true	1
1599	vpn原理和类型	vpn%E5%8E%9F%E7%90%86%E5%92%8C%E7%B1%BB%E5%9E%8B	https://www.kuaishou.com/search/vpn%E5%8E%9F%E7%90%86%E5%92%8C%E7%B1%BB%E5%9E%8B	VPN核心	科普原理	B	false	true	1
1600	vpn和远程办公	vpn%E5%92%8C%E8%BF%9C%E7%A8%8B%E5%8A%9E%E5%85%AC	https://www.kuaishou.com/search/vpn%E5%92%8C%E8%BF%9C%E7%A8%8B%E5%8A%9E%E5%85%AC	企业网络	企业办公	B	false	true	1
1601	vpn哪个好用不被封锁	vpn%E5%93%AA%E4%B8%AA%E5%A5%BD%E7%94%A8%E4%B8%8D%E8%A2%AB%E5%B0%81%E9%94%81	https://www.kuaishou.com/search/vpn%E5%93%AA%E4%B8%AA%E5%A5%BD%E7%94%A8%E4%B8%8D%E8%A2%AB%E5%B0%81%E9%94%81	VPN核心	选型购买	B	false	true	1
1602	vpn哪个好评价	vpn%E5%93%AA%E4%B8%AA%E5%A5%BD%E8%AF%84%E4%BB%B7	https://www.kuaishou.com/search/vpn%E5%93%AA%E4%B8%AA%E5%A5%BD%E8%AF%84%E4%BB%B7	VPN核心	选型购买	B	false	true	1
1603	vpn安卓apk	vpn%E5%AE%89%E5%8D%93apk	https://www.kuaishou.com/search/vpn%E5%AE%89%E5%8D%93apk	VPN核心	下载安装	B	false	true	1
1604	vpn客户端下载网站	vpn%E5%AE%A2%E6%88%B7%E7%AB%AF%E4%B8%8B%E8%BD%BD%E7%BD%91%E7%AB%99	https://www.kuaishou.com/search/vpn%E5%AE%A2%E6%88%B7%E7%AB%AF%E4%B8%8B%E8%BD%BD%E7%BD%91%E7%AB%99	VPN核心	下载安装	B	false	true	1
1605	vpn怎么用的	vpn%E6%80%8E%E4%B9%88%E7%94%A8%E7%9A%84	https://www.kuaishou.com/search/vpn%E6%80%8E%E4%B9%88%E7%94%A8%E7%9A%84	VPN核心	配置排障	B	false	true	1
1606	vpn手机版免费下载	vpn%E6%89%8B%E6%9C%BA%E7%89%88%E5%85%8D%E8%B4%B9%E4%B8%8B%E8%BD%BD	https://www.kuaishou.com/search/vpn%E6%89%8B%E6%9C%BA%E7%89%88%E5%85%8D%E8%B4%B9%E4%B8%8B%E8%BD%BD	VPN核心	下载安装	B	false	true	1
1607	vpn推荐中国大陆	vpn%E6%8E%A8%E8%8D%90%E4%B8%AD%E5%9B%BD%E5%A4%A7%E9%99%86	https://www.kuaishou.com/search/vpn%E6%8E%A8%E8%8D%90%E4%B8%AD%E5%9B%BD%E5%A4%A7%E9%99%86	VPN核心	选型购买	B	false	true	1
1608	vpn推荐电脑	vpn%E6%8E%A8%E8%8D%90%E7%94%B5%E8%84%91	https://www.kuaishou.com/search/vpn%E6%8E%A8%E8%8D%90%E7%94%B5%E8%84%91	VPN核心	选型购买	B	false	true	1
1609	vpn服务器地址设置	vpn%E6%9C%8D%E5%8A%A1%E5%99%A8%E5%9C%B0%E5%9D%80%E8%AE%BE%E7%BD%AE	https://www.kuaishou.com/search/vpn%E6%9C%8D%E5%8A%A1%E5%99%A8%E5%9C%B0%E5%9D%80%E8%AE%BE%E7%BD%AE	VPN核心	配置排障	B	false	true	1
1610	vpn服务器是什么	vpn%E6%9C%8D%E5%8A%A1%E5%99%A8%E6%98%AF%E4%BB%80%E4%B9%88	https://www.kuaishou.com/search/vpn%E6%9C%8D%E5%8A%A1%E5%99%A8%E6%98%AF%E4%BB%80%E4%B9%88	VPN核心	科普原理	B	false	true	1
1611	vpn测速	vpn%E6%B5%8B%E9%80%9F	https://www.kuaishou.com/search/vpn%E6%B5%8B%E9%80%9F	VPN核心	泛需求	B	false	true	1
1612	vpn电脑版下载推荐	vpn%E7%94%B5%E8%84%91%E7%89%88%E4%B8%8B%E8%BD%BD%E6%8E%A8%E8%8D%90	https://www.kuaishou.com/search/vpn%E7%94%B5%E8%84%91%E7%89%88%E4%B8%8B%E8%BD%BD%E6%8E%A8%E8%8D%90	VPN核心	选型购买	B	false	true	1
1613	vpn电脑端免费	vpn%E7%94%B5%E8%84%91%E7%AB%AF%E5%85%8D%E8%B4%B9	https://www.kuaishou.com/search/vpn%E7%94%B5%E8%84%91%E7%AB%AF%E5%85%8D%E8%B4%B9	VPN核心	下载安装	B	false	true	1
1614	vpn电脑连不上	vpn%E7%94%B5%E8%84%91%E8%BF%9E%E4%B8%8D%E4%B8%8A	https://www.kuaishou.com/search/vpn%E7%94%B5%E8%84%91%E8%BF%9E%E4%B8%8D%E4%B8%8A	VPN核心	配置排障	B	false	true	1
1615	vpn节点显示超时	vpn%E8%8A%82%E7%82%B9%E6%98%BE%E7%A4%BA%E8%B6%85%E6%97%B6	https://www.kuaishou.com/search/vpn%E8%8A%82%E7%82%B9%E6%98%BE%E7%A4%BA%E8%B6%85%E6%97%B6	VPN核心	代理与IP	B	true	true	1
1616	vpn节点网站	vpn%E8%8A%82%E7%82%B9%E7%BD%91%E7%AB%99	https://www.kuaishou.com/search/vpn%E8%8A%82%E7%82%B9%E7%BD%91%E7%AB%99	VPN核心	代理与IP	B	true	true	1
1617	vpn节点购买评测	vpn%E8%8A%82%E7%82%B9%E8%B4%AD%E4%B9%B0%E8%AF%84%E6%B5%8B	https://www.kuaishou.com/search/vpn%E8%8A%82%E7%82%B9%E8%B4%AD%E4%B9%B0%E8%AF%84%E6%B5%8B	VPN核心	选型购买	B	true	true	1
1618	vpn苹果版哪个好	vpn%E8%8B%B9%E6%9E%9C%E7%89%88%E5%93%AA%E4%B8%AA%E5%A5%BD	https://www.kuaishou.com/search/vpn%E8%8B%B9%E6%9E%9C%E7%89%88%E5%93%AA%E4%B8%AA%E5%A5%BD	VPN核心	选型购买	B	false	true	1
1619	vpn设置问题	vpn%E8%AE%BE%E7%BD%AE%E9%97%AE%E9%A2%98	https://www.kuaishou.com/search/vpn%E8%AE%BE%E7%BD%AE%E9%97%AE%E9%A2%98	VPN核心	配置排障	B	false	true	1
1620	vpn路由器的优势	vpn%E8%B7%AF%E7%94%B1%E5%99%A8%E7%9A%84%E4%BC%98%E5%8A%BF	https://www.kuaishou.com/search/vpn%E8%B7%AF%E7%94%B1%E5%99%A8%E7%9A%84%E4%BC%98%E5%8A%BF	VPN核心	泛需求	B	false	true	1
1621	vpn软件免费安卓	vpn%E8%BD%AF%E4%BB%B6%E5%85%8D%E8%B4%B9%E5%AE%89%E5%8D%93	https://www.kuaishou.com/search/vpn%E8%BD%AF%E4%BB%B6%E5%85%8D%E8%B4%B9%E5%AE%89%E5%8D%93	VPN核心	下载安装	B	false	true	1
1622	vpn软件推荐reddit	vpn%E8%BD%AF%E4%BB%B6%E6%8E%A8%E8%8D%90reddit	https://www.kuaishou.com/search/vpn%E8%BD%AF%E4%BB%B6%E6%8E%A8%E8%8D%90reddit	VPN核心	选型购买	B	false	true	1
1623	vpn违法吗vpn的相关案例和评价	vpn%E8%BF%9D%E6%B3%95%E5%90%97vpn%E7%9A%84%E7%9B%B8%E5%85%B3%E6%A1%88%E4%BE%8B%E5%92%8C%E8%AF%84%E4%BB%B7	https://www.kuaishou.com/search/vpn%E8%BF%9D%E6%B3%95%E5%90%97vpn%E7%9A%84%E7%9B%B8%E5%85%B3%E6%A1%88%E4%BE%8B%E5%92%8C%E8%AF%84%E4%BB%B7	VPN核心	泛需求	B	false	true	1
1624	vpn配置推荐	vpn%E9%85%8D%E7%BD%AE%E6%8E%A8%E8%8D%90	https://www.kuaishou.com/search/vpn%E9%85%8D%E7%BD%AE%E6%8E%A8%E8%8D%90	VPN核心	配置排障	B	false	true	1
1625	vpn配置文件的恢复	vpn%E9%85%8D%E7%BD%AE%E6%96%87%E4%BB%B6%E7%9A%84%E6%81%A2%E5%A4%8D	https://www.kuaishou.com/search/vpn%E9%85%8D%E7%BD%AE%E6%96%87%E4%BB%B6%E7%9A%84%E6%81%A2%E5%A4%8D	VPN核心	配置排障	B	false	true	1
1626	wireguard docker	wireguard%20docker	https://www.kuaishou.com/search/wireguard%20docker	VPN协议与技术	泛需求	B	false	true	1
1627	wireguard ipv6	wireguard%20ipv6	https://www.kuaishou.com/search/wireguard%20ipv6	VPN协议与技术	代理与IP	B	false	true	1
1628	‌proton vpn下载	%E2%80%8Cproton%20vpn%E4%B8%8B%E8%BD%BD	https://www.kuaishou.com/search/%E2%80%8Cproton%20vpn%E4%B8%8B%E8%BD%BD	VPN核心	下载安装	B	false	true	1
1629	企业vpn搭建步骤	%E4%BC%81%E4%B8%9Avpn%E6%90%AD%E5%BB%BA%E6%AD%A5%E9%AA%A4	https://www.kuaishou.com/search/%E4%BC%81%E4%B8%9Avpn%E6%90%AD%E5%BB%BA%E6%AD%A5%E9%AA%A4	企业网络	企业办公	B	false	true	1
1630	免费vpn安卓	%E5%85%8D%E8%B4%B9vpn%E5%AE%89%E5%8D%93	https://www.kuaishou.com/search/%E5%85%8D%E8%B4%B9vpn%E5%AE%89%E5%8D%93	VPN核心	下载安装	B	false	true	1
1631	免费vpn订阅节点	%E5%85%8D%E8%B4%B9vpn%E8%AE%A2%E9%98%85%E8%8A%82%E7%82%B9	https://www.kuaishou.com/search/%E5%85%8D%E8%B4%B9vpn%E8%AE%A2%E9%98%85%E8%8A%82%E7%82%B9	VPN核心	代理与IP	B	true	true	1
1632	免费加速器官网首页	%E5%85%8D%E8%B4%B9%E5%8A%A0%E9%80%9F%E5%99%A8%E5%AE%98%E7%BD%91%E9%A6%96%E9%A1%B5	https://www.kuaishou.com/search/%E5%85%8D%E8%B4%B9%E5%8A%A0%E9%80%9F%E5%99%A8%E5%AE%98%E7%BD%91%E9%A6%96%E9%A1%B5	网络加速	泛需求	B	false	true	1
1633	免费手机vpn	%E5%85%8D%E8%B4%B9%E6%89%8B%E6%9C%BAvpn	https://www.kuaishou.com/search/%E5%85%8D%E8%B4%B9%E6%89%8B%E6%9C%BAvpn	VPN核心	下载安装	B	false	true	1
1634	免费游戏、加速器	%E5%85%8D%E8%B4%B9%E6%B8%B8%E6%88%8F%E3%80%81%E5%8A%A0%E9%80%9F%E5%99%A8	https://www.kuaishou.com/search/%E5%85%8D%E8%B4%B9%E6%B8%B8%E6%88%8F%E3%80%81%E5%8A%A0%E9%80%9F%E5%99%A8	游戏加速	游戏娱乐	B	false	true	1
1635	加速器排行榜官网比较	%E5%8A%A0%E9%80%9F%E5%99%A8%E6%8E%92%E8%A1%8C%E6%A6%9C%E5%AE%98%E7%BD%91%E6%AF%94%E8%BE%83	https://www.kuaishou.com/search/%E5%8A%A0%E9%80%9F%E5%99%A8%E6%8E%92%E8%A1%8C%E6%A6%9C%E5%AE%98%E7%BD%91%E6%AF%94%E8%BE%83	网络加速	泛需求	B	false	true	1
1636	回国免费加速器	%E5%9B%9E%E5%9B%BD%E5%85%8D%E8%B4%B9%E5%8A%A0%E9%80%9F%E5%99%A8	https://www.kuaishou.com/search/%E5%9B%9E%E5%9B%BD%E5%85%8D%E8%B4%B9%E5%8A%A0%E9%80%9F%E5%99%A8	网络加速	泛需求	B	false	true	1
1637	奇游手游加速器官网充值	%E5%A5%87%E6%B8%B8%E6%89%8B%E6%B8%B8%E5%8A%A0%E9%80%9F%E5%99%A8%E5%AE%98%E7%BD%91%E5%85%85%E5%80%BC	https://www.kuaishou.com/search/%E5%A5%87%E6%B8%B8%E6%89%8B%E6%B8%B8%E5%8A%A0%E9%80%9F%E5%99%A8%E5%AE%98%E7%BD%91%E5%85%85%E5%80%BC	游戏加速	游戏娱乐	B	false	true	1
1638	安卓vpn免费下载	%E5%AE%89%E5%8D%93vpn%E5%85%8D%E8%B4%B9%E4%B8%8B%E8%BD%BD	https://www.kuaishou.com/search/%E5%AE%89%E5%8D%93vpn%E5%85%8D%E8%B4%B9%E4%B8%8B%E8%BD%BD	VPN核心	下载安装	B	false	true	1
1639	手机vpn设置教程	%E6%89%8B%E6%9C%BAvpn%E8%AE%BE%E7%BD%AE%E6%95%99%E7%A8%8B	https://www.kuaishou.com/search/%E6%89%8B%E6%9C%BAvpn%E8%AE%BE%E7%BD%AE%E6%95%99%E7%A8%8B	VPN核心	配置排障	B	false	true	1
1640	手游免费加速器推荐	%E6%89%8B%E6%B8%B8%E5%85%8D%E8%B4%B9%E5%8A%A0%E9%80%9F%E5%99%A8%E6%8E%A8%E8%8D%90	https://www.kuaishou.com/search/%E6%89%8B%E6%B8%B8%E5%85%8D%E8%B4%B9%E5%8A%A0%E9%80%9F%E5%99%A8%E6%8E%A8%E8%8D%90	游戏加速	选型购买	B	false	true	1
1641	手游加速器apk	%E6%89%8B%E6%B8%B8%E5%8A%A0%E9%80%9F%E5%99%A8apk	https://www.kuaishou.com/search/%E6%89%8B%E6%B8%B8%E5%8A%A0%E9%80%9F%E5%99%A8apk	游戏加速	游戏娱乐	B	false	true	1
1642	推特加速器推荐	%E6%8E%A8%E7%89%B9%E5%8A%A0%E9%80%9F%E5%99%A8%E6%8E%A8%E8%8D%90	https://www.kuaishou.com/search/%E6%8E%A8%E7%89%B9%E5%8A%A0%E9%80%9F%E5%99%A8%E6%8E%A8%E8%8D%90	网络加速	选型购买	B	false	true	1
1643	旋风加速器ios安卓官网	%E6%97%8B%E9%A3%8E%E5%8A%A0%E9%80%9F%E5%99%A8ios%E5%AE%89%E5%8D%93%E5%AE%98%E7%BD%91	https://www.kuaishou.com/search/%E6%97%8B%E9%A3%8E%E5%8A%A0%E9%80%9F%E5%99%A8ios%E5%AE%89%E5%8D%93%E5%AE%98%E7%BD%91	网络加速	下载安装	B	false	true	1
1644	游戏加速器哪个好用	%E6%B8%B8%E6%88%8F%E5%8A%A0%E9%80%9F%E5%99%A8%E5%93%AA%E4%B8%AA%E5%A5%BD%E7%94%A8	https://www.kuaishou.com/search/%E6%B8%B8%E6%88%8F%E5%8A%A0%E9%80%9F%E5%99%A8%E5%93%AA%E4%B8%AA%E5%A5%BD%E7%94%A8	游戏加速	选型购买	B	false	true	1
1645	游戏加速器推荐2021	%E6%B8%B8%E6%88%8F%E5%8A%A0%E9%80%9F%E5%99%A8%E6%8E%A8%E8%8D%902021	https://www.kuaishou.com/search/%E6%B8%B8%E6%88%8F%E5%8A%A0%E9%80%9F%E5%99%A8%E6%8E%A8%E8%8D%902021	游戏加速	选型购买	B	false	true	1
1646	球球大作战加速器制作	%E7%90%83%E7%90%83%E5%A4%A7%E4%BD%9C%E6%88%98%E5%8A%A0%E9%80%9F%E5%99%A8%E5%88%B6%E4%BD%9C	https://www.kuaishou.com/search/%E7%90%83%E7%90%83%E5%A4%A7%E4%BD%9C%E6%88%98%E5%8A%A0%E9%80%9F%E5%99%A8%E5%88%B6%E4%BD%9C	网络加速	泛需求	B	false	true	1
1647	用windows自带的vpn服务器功能	%E7%94%A8windows%E8%87%AA%E5%B8%A6%E7%9A%84vpn%E6%9C%8D%E5%8A%A1%E5%99%A8%E5%8A%9F%E8%83%BD	https://www.kuaishou.com/search/%E7%94%A8windows%E8%87%AA%E5%B8%A6%E7%9A%84vpn%E6%9C%8D%E5%8A%A1%E5%99%A8%E5%8A%9F%E8%83%BD	VPN核心	泛需求	B	false	true	1
1648	科学上网v2ray	%E7%A7%91%E5%AD%A6%E4%B8%8A%E7%BD%91v2ray	https://www.kuaishou.com/search/%E7%A7%91%E5%AD%A6%E4%B8%8A%E7%BD%91v2ray	VPN核心	泛需求	B	true	true	1
1649	科学上网下载	%E7%A7%91%E5%AD%A6%E4%B8%8A%E7%BD%91%E4%B8%8B%E8%BD%BD	https://www.kuaishou.com/search/%E7%A7%91%E5%AD%A6%E4%B8%8A%E7%BD%91%E4%B8%8B%E8%BD%BD	VPN核心	下载安装	B	true	true	1
1650	科学上网软路由	%E7%A7%91%E5%AD%A6%E4%B8%8A%E7%BD%91%E8%BD%AF%E8%B7%AF%E7%94%B1	https://www.kuaishou.com/search/%E7%A7%91%E5%AD%A6%E4%B8%8A%E7%BD%91%E8%BD%AF%E8%B7%AF%E7%94%B1	VPN核心	泛需求	B	true	true	1
1651	网络加速器app	%E7%BD%91%E7%BB%9C%E5%8A%A0%E9%80%9F%E5%99%A8app	https://www.kuaishou.com/search/%E7%BD%91%E7%BB%9C%E5%8A%A0%E9%80%9F%E5%99%A8app	网络加速	下载安装	B	false	true	1
1652	网络延迟高怎么办使用网络加速器	%E7%BD%91%E7%BB%9C%E5%BB%B6%E8%BF%9F%E9%AB%98%E6%80%8E%E4%B9%88%E5%8A%9E%E4%BD%BF%E7%94%A8%E7%BD%91%E7%BB%9C%E5%8A%A0%E9%80%9F%E5%99%A8	https://www.kuaishou.com/search/%E7%BD%91%E7%BB%9C%E5%BB%B6%E8%BF%9F%E9%AB%98%E6%80%8E%E4%B9%88%E5%8A%9E%E4%BD%BF%E7%94%A8%E7%BD%91%E7%BB%9C%E5%8A%A0%E9%80%9F%E5%99%A8	网络加速	配置排障	B	false	true	1
1653	翻墙是违法的吗	%E7%BF%BB%E5%A2%99%E6%98%AF%E8%BF%9D%E6%B3%95%E7%9A%84%E5%90%97	https://www.kuaishou.com/search/%E7%BF%BB%E5%A2%99%E6%98%AF%E8%BF%9D%E6%B3%95%E7%9A%84%E5%90%97	VPN核心	泛需求	B	true	true	1
1654	翻墙机场gfwairport	%E7%BF%BB%E5%A2%99%E6%9C%BA%E5%9C%BAgfwairport	https://www.kuaishou.com/search/%E7%BF%BB%E5%A2%99%E6%9C%BA%E5%9C%BAgfwairport	VPN核心	泛需求	B	true	true	1
1655	翻墙软件排行榜	%E7%BF%BB%E5%A2%99%E8%BD%AF%E4%BB%B6%E6%8E%92%E8%A1%8C%E6%A6%9C	https://www.kuaishou.com/search/%E7%BF%BB%E5%A2%99%E8%BD%AF%E4%BB%B6%E6%8E%92%E8%A1%8C%E6%A6%9C	VPN核心	下载安装	B	true	true	1
1656	苹果手机vpn	%E8%8B%B9%E6%9E%9C%E6%89%8B%E6%9C%BAvpn	https://www.kuaishou.com/search/%E8%8B%B9%E6%9E%9C%E6%89%8B%E6%9C%BAvpn	VPN核心	下载安装	B	false	true	1
1657	苹果手机vpn设置步骤	%E8%8B%B9%E6%9E%9C%E6%89%8B%E6%9C%BAvpn%E8%AE%BE%E7%BD%AE%E6%AD%A5%E9%AA%A4	https://www.kuaishou.com/search/%E8%8B%B9%E6%9E%9C%E6%89%8B%E6%9C%BAvpn%E8%AE%BE%E7%BD%AE%E6%AD%A5%E9%AA%A4	VPN核心	配置排障	B	false	true	1
1658	虚拟专用网络是什么	%E8%99%9A%E6%8B%9F%E4%B8%93%E7%94%A8%E7%BD%91%E7%BB%9C%E6%98%AF%E4%BB%80%E4%B9%88	https://www.kuaishou.com/search/%E8%99%9A%E6%8B%9F%E4%B8%93%E7%94%A8%E7%BD%91%E7%BB%9C%E6%98%AF%E4%BB%80%E4%B9%88	VPN核心	科普原理	B	false	true	1
1659	虚拟专用网络有什么用	%E8%99%9A%E6%8B%9F%E4%B8%93%E7%94%A8%E7%BD%91%E7%BB%9C%E6%9C%89%E4%BB%80%E4%B9%88%E7%94%A8	https://www.kuaishou.com/search/%E8%99%9A%E6%8B%9F%E4%B8%93%E7%94%A8%E7%BD%91%E7%BB%9C%E6%9C%89%E4%BB%80%E4%B9%88%E7%94%A8	VPN核心	泛需求	B	false	true	1
1660	虚拟私人网络pccw	%E8%99%9A%E6%8B%9F%E7%A7%81%E4%BA%BA%E7%BD%91%E7%BB%9Cpccw	https://www.kuaishou.com/search/%E8%99%9A%E6%8B%9F%E7%A7%81%E4%BA%BA%E7%BD%91%E7%BB%9Cpccw	VPN核心	泛需求	B	false	true	1
1661	迅游加速器网吧版	%E8%BF%85%E6%B8%B8%E5%8A%A0%E9%80%9F%E5%99%A8%E7%BD%91%E5%90%A7%E7%89%88	https://www.kuaishou.com/search/%E8%BF%85%E6%B8%B8%E5%8A%A0%E9%80%9F%E5%99%A8%E7%BD%91%E5%90%A7%E7%89%88	网络加速	泛需求	B	false	true	1
1662	防火墙搭建ipsec vpn	%E9%98%B2%E7%81%AB%E5%A2%99%E6%90%AD%E5%BB%BAipsec%20vpn	https://www.kuaishou.com/search/%E9%98%B2%E7%81%AB%E5%A2%99%E6%90%AD%E5%BB%BAipsec%20vpn	VPN协议与技术	配置排障	B	false	true	1
1663	雷神加速器1	%E9%9B%B7%E7%A5%9E%E5%8A%A0%E9%80%9F%E5%99%A81	https://www.kuaishou.com/search/%E9%9B%B7%E7%A5%9E%E5%8A%A0%E9%80%9F%E5%99%A81	网络加速	泛需求	B	false	true	1
1664	静态ip加速器	%E9%9D%99%E6%80%81ip%E5%8A%A0%E9%80%9F%E5%99%A8	https://www.kuaishou.com/search/%E9%9D%99%E6%80%81ip%E5%8A%A0%E9%80%9F%E5%99%A8	代理与IP	代理与IP	B	false	true	1
1665	魔法上网下载	%E9%AD%94%E6%B3%95%E4%B8%8A%E7%BD%91%E4%B8%8B%E8%BD%BD	https://www.kuaishou.com/search/%E9%AD%94%E6%B3%95%E4%B8%8A%E7%BD%91%E4%B8%8B%E8%BD%BD	VPN核心	下载安装	B	false	true	1
1666	192.168.0.1路由器设置vpn	192.168.0.1%E8%B7%AF%E7%94%B1%E5%99%A8%E8%AE%BE%E7%BD%AEvpn	https://www.kuaishou.com/search/192.168.0.1%E8%B7%AF%E7%94%B1%E5%99%A8%E8%AE%BE%E7%BD%AEvpn	VPN核心	配置排障	B	false	true	1
1667	2. 什么叫vpn它有哪些特点	2.%20%E4%BB%80%E4%B9%88%E5%8F%ABvpn%E5%AE%83%E6%9C%89%E5%93%AA%E4%BA%9B%E7%89%B9%E7%82%B9	https://www.kuaishou.com/search/2.%20%E4%BB%80%E4%B9%88%E5%8F%ABvpn%E5%AE%83%E6%9C%89%E5%93%AA%E4%BA%9B%E7%89%B9%E7%82%B9	VPN核心	泛需求	B	false	true	1
1668	ip-vpn設定	ip-vpn%E8%A8%AD%E5%AE%9A	https://www.kuaishou.com/search/ip-vpn%E8%A8%AD%E5%AE%9A	VPN核心	代理与IP	B	false	true	1
1669	openvpn connect windows 64	openvpn%20connect%20windows%2064	https://www.kuaishou.com/search/openvpn%20connect%20windows%2064	VPN协议与技术	泛需求	B	false	true	1
1670	privadovpn.com隐私政策	privadovpn.com%E9%9A%90%E7%A7%81%E6%94%BF%E7%AD%96	https://www.kuaishou.com/search/privadovpn.com%E9%9A%90%E7%A7%81%E6%94%BF%E7%AD%96	VPN核心	泛需求	B	false	true	1
1671	proton vpn pc下载	proton%20vpn%20pc%E4%B8%8B%E8%BD%BD	https://www.kuaishou.com/search/proton%20vpn%20pc%E4%B8%8B%E8%BD%BD	VPN核心	下载安装	B	false	true	1
1672	pubg加速器哪个好介绍	pubg%E5%8A%A0%E9%80%9F%E5%99%A8%E5%93%AA%E4%B8%AA%E5%A5%BD%E4%BB%8B%E7%BB%8D	https://www.kuaishou.com/search/pubg%E5%8A%A0%E9%80%9F%E5%99%A8%E5%93%AA%E4%B8%AA%E5%A5%BD%E4%BB%8B%E7%BB%8D	网络加速	选型购买	B	false	true	1
1673	ssl vpn client下载	ssl%20vpn%20client%E4%B8%8B%E8%BD%BD	https://www.kuaishou.com/search/ssl%20vpn%20client%E4%B8%8B%E8%BD%BD	VPN协议与技术	下载安装	B	false	true	1
1674	steam游戏加速器下载	steam%E6%B8%B8%E6%88%8F%E5%8A%A0%E9%80%9F%E5%99%A8%E4%B8%8B%E8%BD%BD	https://www.kuaishou.com/search/steam%E6%B8%B8%E6%88%8F%E5%8A%A0%E9%80%9F%E5%99%A8%E4%B8%8B%E8%BD%BD	游戏加速	下载安装	B	false	true	1
1675	tt加速器1	tt%E5%8A%A0%E9%80%9F%E5%99%A81	https://www.kuaishou.com/search/tt%E5%8A%A0%E9%80%9F%E5%99%A81	网络加速	泛需求	B	false	true	1
1676	vpn、vpn的安全性	vpn%E3%80%81vpn%E7%9A%84%E5%AE%89%E5%85%A8%E6%80%A7	https://www.kuaishou.com/search/vpn%E3%80%81vpn%E7%9A%84%E5%AE%89%E5%85%A8%E6%80%A7	VPN核心	泛需求	B	false	true	1
1677	vpn下载电脑免费版	vpn%E4%B8%8B%E8%BD%BD%E7%94%B5%E8%84%91%E5%85%8D%E8%B4%B9%E7%89%88	https://www.kuaishou.com/search/vpn%E4%B8%8B%E8%BD%BD%E7%94%B5%E8%84%91%E5%85%8D%E8%B4%B9%E7%89%88	VPN核心	下载安装	B	false	true	1
1678	vpn修改ip国家	vpn%E4%BF%AE%E6%94%B9ip%E5%9B%BD%E5%AE%B6	https://www.kuaishou.com/search/vpn%E4%BF%AE%E6%94%B9ip%E5%9B%BD%E5%AE%B6	VPN核心	代理与IP	B	false	true	1
1679	vpn免费手机	vpn%E5%85%8D%E8%B4%B9%E6%89%8B%E6%9C%BA	https://www.kuaishou.com/search/vpn%E5%85%8D%E8%B4%B9%E6%89%8B%E6%9C%BA	VPN核心	下载安装	B	false	true	1
1680	vpn协议的配置	vpn%E5%8D%8F%E8%AE%AE%E7%9A%84%E9%85%8D%E7%BD%AE	https://www.kuaishou.com/search/vpn%E5%8D%8F%E8%AE%AE%E7%9A%84%E9%85%8D%E7%BD%AE	VPN协议与技术	配置排障	B	false	true	1
1681	vpn原理和配置	vpn%E5%8E%9F%E7%90%86%E5%92%8C%E9%85%8D%E7%BD%AE	https://www.kuaishou.com/search/vpn%E5%8E%9F%E7%90%86%E5%92%8C%E9%85%8D%E7%BD%AE	VPN核心	配置排障	B	false	true	1
1682	vpn哪个好用不限流量	vpn%E5%93%AA%E4%B8%AA%E5%A5%BD%E7%94%A8%E4%B8%8D%E9%99%90%E6%B5%81%E9%87%8F	https://www.kuaishou.com/search/vpn%E5%93%AA%E4%B8%AA%E5%A5%BD%E7%94%A8%E4%B8%8D%E9%99%90%E6%B5%81%E9%87%8F	VPN核心	选型购买	B	false	true	1
1683	vpn哪个好评多	vpn%E5%93%AA%E4%B8%AA%E5%A5%BD%E8%AF%84%E5%A4%9A	https://www.kuaishou.com/search/vpn%E5%93%AA%E4%B8%AA%E5%A5%BD%E8%AF%84%E5%A4%9A	VPN核心	选型购买	B	false	true	1
1684	vpn安卓软件	vpn%E5%AE%89%E5%8D%93%E8%BD%AF%E4%BB%B6	https://www.kuaishou.com/search/vpn%E5%AE%89%E5%8D%93%E8%BD%AF%E4%BB%B6	VPN核心	下载安装	B	false	true	1
1685	vpn客户端linux	vpn%E5%AE%A2%E6%88%B7%E7%AB%AFlinux	https://www.kuaishou.com/search/vpn%E5%AE%A2%E6%88%B7%E7%AB%AFlinux	VPN核心	下载安装	B	false	true	1
1686	vpn怎么用chrome	vpn%E6%80%8E%E4%B9%88%E7%94%A8chrome	https://www.kuaishou.com/search/vpn%E6%80%8E%E4%B9%88%E7%94%A8chrome	VPN核心	配置排障	B	false	true	1
1687	vpn手机电脑通用	vpn%E6%89%8B%E6%9C%BA%E7%94%B5%E8%84%91%E9%80%9A%E7%94%A8	https://www.kuaishou.com/search/vpn%E6%89%8B%E6%9C%BA%E7%94%B5%E8%84%91%E9%80%9A%E7%94%A8	VPN核心	下载安装	B	false	true	1
1688	vpn是什么、有什么区别	vpn%E6%98%AF%E4%BB%80%E4%B9%88%E3%80%81%E6%9C%89%E4%BB%80%E4%B9%88%E5%8C%BA%E5%88%AB	https://www.kuaishou.com/search/vpn%E6%98%AF%E4%BB%80%E4%B9%88%E3%80%81%E6%9C%89%E4%BB%80%E4%B9%88%E5%8C%BA%E5%88%AB	VPN核心	科普原理	B	false	true	1
1689	vpn是什么缩写	vpn%E6%98%AF%E4%BB%80%E4%B9%88%E7%BC%A9%E5%86%99	https://www.kuaishou.com/search/vpn%E6%98%AF%E4%BB%80%E4%B9%88%E7%BC%A9%E5%86%99	VPN核心	科普原理	B	false	true	1
1690	vpn服务器地址选择	vpn%E6%9C%8D%E5%8A%A1%E5%99%A8%E5%9C%B0%E5%9D%80%E9%80%89%E6%8B%A9	https://www.kuaishou.com/search/vpn%E6%9C%8D%E5%8A%A1%E5%99%A8%E5%9C%B0%E5%9D%80%E9%80%89%E6%8B%A9	VPN核心	泛需求	B	false	true	1
1691	vpn服务器配置	vpn%E6%9C%8D%E5%8A%A1%E5%99%A8%E9%85%8D%E7%BD%AE	https://www.kuaishou.com/search/vpn%E6%9C%8D%E5%8A%A1%E5%99%A8%E9%85%8D%E7%BD%AE	VPN核心	配置排障	B	false	true	1
1692	vpn电脑版下载教程	vpn%E7%94%B5%E8%84%91%E7%89%88%E4%B8%8B%E8%BD%BD%E6%95%99%E7%A8%8B	https://www.kuaishou.com/search/vpn%E7%94%B5%E8%84%91%E7%89%88%E4%B8%8B%E8%BD%BD%E6%95%99%E7%A8%8B	VPN核心	配置排障	B	false	true	1
1693	vpn节点购买需求	vpn%E8%8A%82%E7%82%B9%E8%B4%AD%E4%B9%B0%E9%9C%80%E6%B1%82	https://www.kuaishou.com/search/vpn%E8%8A%82%E7%82%B9%E8%B4%AD%E4%B9%B0%E9%9C%80%E6%B1%82	VPN核心	选型购买	B	true	true	1
1694	vpn设置lan	vpn%E8%AE%BE%E7%BD%AElan	https://www.kuaishou.com/search/vpn%E8%AE%BE%E7%BD%AElan	VPN核心	配置排障	B	false	true	1
1695	vpn路由器的推荐	vpn%E8%B7%AF%E7%94%B1%E5%99%A8%E7%9A%84%E6%8E%A8%E8%8D%90	https://www.kuaishou.com/search/vpn%E8%B7%AF%E7%94%B1%E5%99%A8%E7%9A%84%E6%8E%A8%E8%8D%90	VPN核心	选型购买	B	false	true	1
1696	vpn软件下载免费	vpn%E8%BD%AF%E4%BB%B6%E4%B8%8B%E8%BD%BD%E5%85%8D%E8%B4%B9	https://www.kuaishou.com/search/vpn%E8%BD%AF%E4%BB%B6%E4%B8%8B%E8%BD%BD%E5%85%8D%E8%B4%B9	VPN核心	下载安装	B	false	true	1
1697	vpn软件推荐window	vpn%E8%BD%AF%E4%BB%B6%E6%8E%A8%E8%8D%90window	https://www.kuaishou.com/search/vpn%E8%BD%AF%E4%BB%B6%E6%8E%A8%E8%8D%90window	VPN核心	选型购买	B	false	true	1
1698	vpn违法吗vpn的种类和选择方法	vpn%E8%BF%9D%E6%B3%95%E5%90%97vpn%E7%9A%84%E7%A7%8D%E7%B1%BB%E5%92%8C%E9%80%89%E6%8B%A9%E6%96%B9%E6%B3%95	https://www.kuaishou.com/search/vpn%E8%BF%9D%E6%B3%95%E5%90%97vpn%E7%9A%84%E7%A7%8D%E7%B1%BB%E5%92%8C%E9%80%89%E6%8B%A9%E6%96%B9%E6%B3%95	VPN核心	泛需求	B	false	true	1
1699	vpn配置失败	vpn%E9%85%8D%E7%BD%AE%E5%A4%B1%E8%B4%A5	https://www.kuaishou.com/search/vpn%E9%85%8D%E7%BD%AE%E5%A4%B1%E8%B4%A5	VPN核心	配置排障	B	false	true	1
1700	vpn配置文件的格式	vpn%E9%85%8D%E7%BD%AE%E6%96%87%E4%BB%B6%E7%9A%84%E6%A0%BC%E5%BC%8F	https://www.kuaishou.com/search/vpn%E9%85%8D%E7%BD%AE%E6%96%87%E4%BB%B6%E7%9A%84%E6%A0%BC%E5%BC%8F	VPN核心	配置排障	B	false	true	1
1701	windows server vpn服务器	windows%20server%20vpn%E6%9C%8D%E5%8A%A1%E5%99%A8	https://www.kuaishou.com/search/windows%20server%20vpn%E6%9C%8D%E5%8A%A1%E5%99%A8	VPN核心	泛需求	B	false	true	1
1702	wireguard apk	wireguard%20apk	https://www.kuaishou.com/search/wireguard%20apk	VPN协议与技术	泛需求	B	false	true	1
1703	企业vpn搭建难点	%E4%BC%81%E4%B8%9Avpn%E6%90%AD%E5%BB%BA%E9%9A%BE%E7%82%B9	https://www.kuaishou.com/search/%E4%BC%81%E4%B8%9Avpn%E6%90%AD%E5%BB%BA%E9%9A%BE%E7%82%B9	企业网络	企业办公	B	false	true	1
1704	免费加速器排行榜	%E5%85%8D%E8%B4%B9%E5%8A%A0%E9%80%9F%E5%99%A8%E6%8E%92%E8%A1%8C%E6%A6%9C	https://www.kuaishou.com/search/%E5%85%8D%E8%B4%B9%E5%8A%A0%E9%80%9F%E5%99%A8%E6%8E%92%E8%A1%8C%E6%A6%9C	网络加速	泛需求	B	false	true	1
1705	加速器 +官网	%E5%8A%A0%E9%80%9F%E5%99%A8%20%2B%E5%AE%98%E7%BD%91	https://www.kuaishou.com/search/%E5%8A%A0%E9%80%9F%E5%99%A8%20%2B%E5%AE%98%E7%BD%91	网络加速	泛需求	B	false	true	1
1706	加速器排行榜官网注册	%E5%8A%A0%E9%80%9F%E5%99%A8%E6%8E%92%E8%A1%8C%E6%A6%9C%E5%AE%98%E7%BD%91%E6%B3%A8%E5%86%8C	https://www.kuaishou.com/search/%E5%8A%A0%E9%80%9F%E5%99%A8%E6%8E%92%E8%A1%8C%E6%A6%9C%E5%AE%98%E7%BD%91%E6%B3%A8%E5%86%8C	网络加速	泛需求	B	false	true	1
1707	奇游手游加速器官网安装	%E5%A5%87%E6%B8%B8%E6%89%8B%E6%B8%B8%E5%8A%A0%E9%80%9F%E5%99%A8%E5%AE%98%E7%BD%91%E5%AE%89%E8%A3%85	https://www.kuaishou.com/search/%E5%A5%87%E6%B8%B8%E6%89%8B%E6%B8%B8%E5%8A%A0%E9%80%9F%E5%99%A8%E5%AE%98%E7%BD%91%E5%AE%89%E8%A3%85	游戏加速	下载安装	B	false	true	1
1708	手机vpn设置代理	%E6%89%8B%E6%9C%BAvpn%E8%AE%BE%E7%BD%AE%E4%BB%A3%E7%90%86	https://www.kuaishou.com/search/%E6%89%8B%E6%9C%BAvpn%E8%AE%BE%E7%BD%AE%E4%BB%A3%E7%90%86	代理与IP	配置排障	B	false	true	1
1709	手游加速器免费加速	%E6%89%8B%E6%B8%B8%E5%8A%A0%E9%80%9F%E5%99%A8%E5%85%8D%E8%B4%B9%E5%8A%A0%E9%80%9F	https://www.kuaishou.com/search/%E6%89%8B%E6%B8%B8%E5%8A%A0%E9%80%9F%E5%99%A8%E5%85%8D%E8%B4%B9%E5%8A%A0%E9%80%9F	游戏加速	游戏娱乐	B	false	true	1
1710	游戏加速器推荐知乎	%E6%B8%B8%E6%88%8F%E5%8A%A0%E9%80%9F%E5%99%A8%E6%8E%A8%E8%8D%90%E7%9F%A5%E4%B9%8E	https://www.kuaishou.com/search/%E6%B8%B8%E6%88%8F%E5%8A%A0%E9%80%9F%E5%99%A8%E6%8E%A8%E8%8D%90%E7%9F%A5%E4%B9%8E	游戏加速	选型购买	B	false	true	1
1711	游戏加速器的原理	%E6%B8%B8%E6%88%8F%E5%8A%A0%E9%80%9F%E5%99%A8%E7%9A%84%E5%8E%9F%E7%90%86	https://www.kuaishou.com/search/%E6%B8%B8%E6%88%8F%E5%8A%A0%E9%80%9F%E5%99%A8%E7%9A%84%E5%8E%9F%E7%90%86	游戏加速	科普原理	B	false	true	1
1712	火箭加速器官网下载apk	%E7%81%AB%E7%AE%AD%E5%8A%A0%E9%80%9F%E5%99%A8%E5%AE%98%E7%BD%91%E4%B8%8B%E8%BD%BDapk	https://www.kuaishou.com/search/%E7%81%AB%E7%AE%AD%E5%8A%A0%E9%80%9F%E5%99%A8%E5%AE%98%E7%BD%91%E4%B8%8B%E8%BD%BDapk	网络加速	下载安装	B	false	true	1
1713	球球大作战加速器吐球ios	%E7%90%83%E7%90%83%E5%A4%A7%E4%BD%9C%E6%88%98%E5%8A%A0%E9%80%9F%E5%99%A8%E5%90%90%E7%90%83ios	https://www.kuaishou.com/search/%E7%90%83%E7%90%83%E5%A4%A7%E4%BD%9C%E6%88%98%E5%8A%A0%E9%80%9F%E5%99%A8%E5%90%90%E7%90%83ios	网络加速	泛需求	B	false	true	1
1714	科学上网是什么意思	%E7%A7%91%E5%AD%A6%E4%B8%8A%E7%BD%91%E6%98%AF%E4%BB%80%E4%B9%88%E6%84%8F%E6%80%9D	https://www.kuaishou.com/search/%E7%A7%91%E5%AD%A6%E4%B8%8A%E7%BD%91%E6%98%AF%E4%BB%80%E4%B9%88%E6%84%8F%E6%80%9D	VPN核心	科普原理	B	true	true	1
1715	网络加速器免费下载	%E7%BD%91%E7%BB%9C%E5%8A%A0%E9%80%9F%E5%99%A8%E5%85%8D%E8%B4%B9%E4%B8%8B%E8%BD%BD	https://www.kuaishou.com/search/%E7%BD%91%E7%BB%9C%E5%8A%A0%E9%80%9F%E5%99%A8%E5%85%8D%E8%B4%B9%E4%B8%8B%E8%BD%BD	网络加速	下载安装	B	false	true	1
1716	翻墙的梯子有哪些	%E7%BF%BB%E5%A2%99%E7%9A%84%E6%A2%AF%E5%AD%90%E6%9C%89%E5%93%AA%E4%BA%9B	https://www.kuaishou.com/search/%E7%BF%BB%E5%A2%99%E7%9A%84%E6%A2%AF%E5%AD%90%E6%9C%89%E5%93%AA%E4%BA%9B	VPN核心	泛需求	B	true	true	1
1717	苹果手机vpn设置教程	%E8%8B%B9%E6%9E%9C%E6%89%8B%E6%9C%BAvpn%E8%AE%BE%E7%BD%AE%E6%95%99%E7%A8%8B	https://www.kuaishou.com/search/%E8%8B%B9%E6%9E%9C%E6%89%8B%E6%9C%BAvpn%E8%AE%BE%E7%BD%AE%E6%95%99%E7%A8%8B	VPN核心	配置排障	B	false	true	1
1718	虚拟专用网络许可证	%E8%99%9A%E6%8B%9F%E4%B8%93%E7%94%A8%E7%BD%91%E7%BB%9C%E8%AE%B8%E5%8F%AF%E8%AF%81	https://www.kuaishou.com/search/%E8%99%9A%E6%8B%9F%E4%B8%93%E7%94%A8%E7%BD%91%E7%BB%9C%E8%AE%B8%E5%8F%AF%E8%AF%81	VPN核心	泛需求	B	false	true	1
1719	雷神加速器官网客服	%E9%9B%B7%E7%A5%9E%E5%8A%A0%E9%80%9F%E5%99%A8%E5%AE%98%E7%BD%91%E5%AE%A2%E6%9C%8D	https://www.kuaishou.com/search/%E9%9B%B7%E7%A5%9E%E5%8A%A0%E9%80%9F%E5%99%A8%E5%AE%98%E7%BD%91%E5%AE%A2%E6%9C%8D	网络加速	泛需求	B	false	true	1
1720	魔法上网是啥意思	%E9%AD%94%E6%B3%95%E4%B8%8A%E7%BD%91%E6%98%AF%E5%95%A5%E6%84%8F%E6%80%9D	https://www.kuaishou.com/search/%E9%AD%94%E6%B3%95%E4%B8%8A%E7%BD%91%E6%98%AF%E5%95%A5%E6%84%8F%E6%80%9D	VPN核心	泛需求	B	false	true	1
1721	ip-vpn接続	ip-vpn%E6%8E%A5%E7%B6%9A	https://www.kuaishou.com/search/ip-vpn%E6%8E%A5%E7%B6%9A	VPN核心	代理与IP	B	false	true	1
1722	ipsec vpn端口	ipsec%20vpn%E7%AB%AF%E5%8F%A3	https://www.kuaishou.com/search/ipsec%20vpn%E7%AB%AF%E5%8F%A3	VPN协议与技术	代理与IP	B	false	true	1
1723	proton vpn for pc免费试用	proton%20vpn%20for%20pc%E5%85%8D%E8%B4%B9%E8%AF%95%E7%94%A8	https://www.kuaishou.com/search/proton%20vpn%20for%20pc%E5%85%8D%E8%B4%B9%E8%AF%95%E7%94%A8	VPN核心	泛需求	B	false	true	1
1724	pubg加速器哪个好安全	pubg%E5%8A%A0%E9%80%9F%E5%99%A8%E5%93%AA%E4%B8%AA%E5%A5%BD%E5%AE%89%E5%85%A8	https://www.kuaishou.com/search/pubg%E5%8A%A0%E9%80%9F%E5%99%A8%E5%93%AA%E4%B8%AA%E5%A5%BD%E5%AE%89%E5%85%A8	网络加速	选型购买	B	false	true	1
1725	ssl vpn connection is down	ssl%20vpn%20connection%20is%20down	https://www.kuaishou.com/search/ssl%20vpn%20connection%20is%20down	VPN协议与技术	泛需求	B	false	true	1
1726	steam游戏加速器哪个好用	steam%E6%B8%B8%E6%88%8F%E5%8A%A0%E9%80%9F%E5%99%A8%E5%93%AA%E4%B8%AA%E5%A5%BD%E7%94%A8	https://www.kuaishou.com/search/steam%E6%B8%B8%E6%88%8F%E5%8A%A0%E9%80%9F%E5%99%A8%E5%93%AA%E4%B8%AA%E5%A5%BD%E7%94%A8	游戏加速	选型购买	B	false	true	1
1727	tt加速器口令码	tt%E5%8A%A0%E9%80%9F%E5%99%A8%E5%8F%A3%E4%BB%A4%E7%A0%81	https://www.kuaishou.com/search/tt%E5%8A%A0%E9%80%9F%E5%99%A8%E5%8F%A3%E4%BB%A4%E7%A0%81	网络加速	泛需求	B	false	true	1
1728	vpn gate	vpn%20gate	https://www.kuaishou.com/search/vpn%20gate	VPN核心	泛需求	B	false	true	1
1729	vpn、vpn的原理	vpn%E3%80%81vpn%E7%9A%84%E5%8E%9F%E7%90%86	https://www.kuaishou.com/search/vpn%E3%80%81vpn%E7%9A%84%E5%8E%9F%E7%90%86	VPN核心	科普原理	B	false	true	1
1730	vpn修改ip方法	vpn%E4%BF%AE%E6%94%B9ip%E6%96%B9%E6%B3%95	https://www.kuaishou.com/search/vpn%E4%BF%AE%E6%94%B9ip%E6%96%B9%E6%B3%95	VPN核心	代理与IP	B	false	true	1
1731	vpn免费节点网站	vpn%E5%85%8D%E8%B4%B9%E8%8A%82%E7%82%B9%E7%BD%91%E7%AB%99	https://www.kuaishou.com/search/vpn%E5%85%8D%E8%B4%B9%E8%8A%82%E7%82%B9%E7%BD%91%E7%AB%99	VPN核心	代理与IP	B	true	true	1
1732	vpn协议有哪些特点	vpn%E5%8D%8F%E8%AE%AE%E6%9C%89%E5%93%AA%E4%BA%9B%E7%89%B9%E7%82%B9	https://www.kuaishou.com/search/vpn%E5%8D%8F%E8%AE%AE%E6%9C%89%E5%93%AA%E4%BA%9B%E7%89%B9%E7%82%B9	VPN协议与技术	科普原理	B	false	true	1
1733	vpn原理与安全	vpn%E5%8E%9F%E7%90%86%E4%B8%8E%E5%AE%89%E5%85%A8	https://www.kuaishou.com/search/vpn%E5%8E%9F%E7%90%86%E4%B8%8E%E5%AE%89%E5%85%A8	VPN核心	科普原理	B	false	true	1
1734	vpn哪个好用免费试用	vpn%E5%93%AA%E4%B8%AA%E5%A5%BD%E7%94%A8%E5%85%8D%E8%B4%B9%E8%AF%95%E7%94%A8	https://www.kuaishou.com/search/vpn%E5%93%AA%E4%B8%AA%E5%A5%BD%E7%94%A8%E5%85%8D%E8%B4%B9%E8%AF%95%E7%94%A8	VPN核心	选型购买	B	false	true	1
1735	vpn哪个好评高	vpn%E5%93%AA%E4%B8%AA%E5%A5%BD%E8%AF%84%E9%AB%98	https://www.kuaishou.com/search/vpn%E5%93%AA%E4%B8%AA%E5%A5%BD%E8%AF%84%E9%AB%98	VPN核心	选型购买	B	false	true	1
1736	vpn客户端下载ios版	vpn%E5%AE%A2%E6%88%B7%E7%AB%AF%E4%B8%8B%E8%BD%BDios%E7%89%88	https://www.kuaishou.com/search/vpn%E5%AE%A2%E6%88%B7%E7%AB%AF%E4%B8%8B%E8%BD%BDios%E7%89%88	VPN核心	下载安装	B	false	true	1
1737	vpn怎么用ios	vpn%E6%80%8E%E4%B9%88%E7%94%A8ios	https://www.kuaishou.com/search/vpn%E6%80%8E%E4%B9%88%E7%94%A8ios	VPN核心	配置排障	B	false	true	1
1738	vpn手机app	vpn%E6%89%8B%E6%9C%BAapp	https://www.kuaishou.com/search/vpn%E6%89%8B%E6%9C%BAapp	VPN核心	下载安装	B	false	true	1
1739	vpn推荐软件	vpn%E6%8E%A8%E8%8D%90%E8%BD%AF%E4%BB%B6	https://www.kuaishou.com/search/vpn%E6%8E%A8%E8%8D%90%E8%BD%AF%E4%BB%B6	VPN核心	选型购买	B	false	true	1
1740	vpn是什么格式	vpn%E6%98%AF%E4%BB%80%E4%B9%88%E6%A0%BC%E5%BC%8F	https://www.kuaishou.com/search/vpn%E6%98%AF%E4%BB%80%E4%B9%88%E6%A0%BC%E5%BC%8F	VPN核心	科普原理	B	false	true	1
1741	vpn服务器地址怎么设置	vpn%E6%9C%8D%E5%8A%A1%E5%99%A8%E5%9C%B0%E5%9D%80%E6%80%8E%E4%B9%88%E8%AE%BE%E7%BD%AE	https://www.kuaishou.com/search/vpn%E6%9C%8D%E5%8A%A1%E5%99%A8%E5%9C%B0%E5%9D%80%E6%80%8E%E4%B9%88%E8%AE%BE%E7%BD%AE	VPN核心	配置排障	B	false	true	1
1742	vpn服务器的地址	vpn%E6%9C%8D%E5%8A%A1%E5%99%A8%E7%9A%84%E5%9C%B0%E5%9D%80	https://www.kuaishou.com/search/vpn%E6%9C%8D%E5%8A%A1%E5%99%A8%E7%9A%84%E5%9C%B0%E5%9D%80	VPN核心	泛需求	B	false	true	1
1743	vpn电脑版下载方法	vpn%E7%94%B5%E8%84%91%E7%89%88%E4%B8%8B%E8%BD%BD%E6%96%B9%E6%B3%95	https://www.kuaishou.com/search/vpn%E7%94%B5%E8%84%91%E7%89%88%E4%B8%8B%E8%BD%BD%E6%96%B9%E6%B3%95	VPN核心	下载安装	B	false	true	1
1744	vpn节点下载	vpn%E8%8A%82%E7%82%B9%E4%B8%8B%E8%BD%BD	https://www.kuaishou.com/search/vpn%E8%8A%82%E7%82%B9%E4%B8%8B%E8%BD%BD	VPN核心	下载安装	B	true	true	1
1745	vpn节点购买优惠	vpn%E8%8A%82%E7%82%B9%E8%B4%AD%E4%B9%B0%E4%BC%98%E6%83%A0	https://www.kuaishou.com/search/vpn%E8%8A%82%E7%82%B9%E8%B4%AD%E4%B9%B0%E4%BC%98%E6%83%A0	VPN核心	选型购买	B	true	true	1
1746	vpn苹果版免费试用	vpn%E8%8B%B9%E6%9E%9C%E7%89%88%E5%85%8D%E8%B4%B9%E8%AF%95%E7%94%A8	https://www.kuaishou.com/search/vpn%E8%8B%B9%E6%9E%9C%E7%89%88%E5%85%8D%E8%B4%B9%E8%AF%95%E7%94%A8	VPN核心	下载安装	B	false	true	1
1747	vpn设置linux	vpn%E8%AE%BE%E7%BD%AElinux	https://www.kuaishou.com/search/vpn%E8%AE%BE%E7%BD%AElinux	VPN核心	配置排障	B	false	true	1
1748	vpn路由器的比较	vpn%E8%B7%AF%E7%94%B1%E5%99%A8%E7%9A%84%E6%AF%94%E8%BE%83	https://www.kuaishou.com/search/vpn%E8%B7%AF%E7%94%B1%E5%99%A8%E7%9A%84%E6%AF%94%E8%BE%83	VPN核心	泛需求	B	false	true	1
1749	vpn软件免费苹果	vpn%E8%BD%AF%E4%BB%B6%E5%85%8D%E8%B4%B9%E8%8B%B9%E6%9E%9C	https://www.kuaishou.com/search/vpn%E8%BD%AF%E4%BB%B6%E5%85%8D%E8%B4%B9%E8%8B%B9%E6%9E%9C	VPN核心	下载安装	B	false	true	1
1750	vpn软件推荐youtube	vpn%E8%BD%AF%E4%BB%B6%E6%8E%A8%E8%8D%90youtube	https://www.kuaishou.com/search/vpn%E8%BD%AF%E4%BB%B6%E6%8E%A8%E8%8D%90youtube	VPN核心	选型购买	B	false	true	1
1751	vpn违法吗中国的法律规定	vpn%E8%BF%9D%E6%B3%95%E5%90%97%E4%B8%AD%E5%9B%BD%E7%9A%84%E6%B3%95%E5%BE%8B%E8%A7%84%E5%AE%9A	https://www.kuaishou.com/search/vpn%E8%BF%9D%E6%B3%95%E5%90%97%E4%B8%AD%E5%9B%BD%E7%9A%84%E6%B3%95%E5%BE%8B%E8%A7%84%E5%AE%9A	VPN核心	泛需求	B	false	true	1
1752	vpn连接名称是什么	vpn%E8%BF%9E%E6%8E%A5%E5%90%8D%E7%A7%B0%E6%98%AF%E4%BB%80%E4%B9%88	https://www.kuaishou.com/search/vpn%E8%BF%9E%E6%8E%A5%E5%90%8D%E7%A7%B0%E6%98%AF%E4%BB%80%E4%B9%88	VPN核心	配置排障	B	false	true	1
1753	vpn配置url	vpn%E9%85%8D%E7%BD%AEurl	https://www.kuaishou.com/search/vpn%E9%85%8D%E7%BD%AEurl	VPN核心	配置排障	B	false	true	1
1754	vpn配置文件的示例	vpn%E9%85%8D%E7%BD%AE%E6%96%87%E4%BB%B6%E7%9A%84%E7%A4%BA%E4%BE%8B	https://www.kuaishou.com/search/vpn%E9%85%8D%E7%BD%AE%E6%96%87%E4%BB%B6%E7%9A%84%E7%A4%BA%E4%BE%8B	VPN核心	配置排障	B	false	true	1
1755	windows搭建vpn服务器	windows%E6%90%AD%E5%BB%BAvpn%E6%9C%8D%E5%8A%A1%E5%99%A8	https://www.kuaishou.com/search/windows%E6%90%AD%E5%BB%BAvpn%E6%9C%8D%E5%8A%A1%E5%99%A8	VPN核心	配置排障	B	false	true	1
1756	企业vpn的安全性	%E4%BC%81%E4%B8%9Avpn%E7%9A%84%E5%AE%89%E5%85%A8%E6%80%A7	https://www.kuaishou.com/search/%E4%BC%81%E4%B8%9Avpn%E7%9A%84%E5%AE%89%E5%85%A8%E6%80%A7	企业网络	企业办公	B	false	true	1
1757	全球节点加速器免费	%E5%85%A8%E7%90%83%E8%8A%82%E7%82%B9%E5%8A%A0%E9%80%9F%E5%99%A8%E5%85%8D%E8%B4%B9	https://www.kuaishou.com/search/%E5%85%A8%E7%90%83%E8%8A%82%E7%82%B9%E5%8A%A0%E9%80%9F%E5%99%A8%E5%85%8D%E8%B4%B9	网络加速	代理与IP	B	true	true	1
1758	加速器排行榜官网2021	%E5%8A%A0%E9%80%9F%E5%99%A8%E6%8E%92%E8%A1%8C%E6%A6%9C%E5%AE%98%E7%BD%912021	https://www.kuaishou.com/search/%E5%8A%A0%E9%80%9F%E5%99%A8%E6%8E%92%E8%A1%8C%E6%A6%9C%E5%AE%98%E7%BD%912021	网络加速	泛需求	B	false	true	1
1759	奇游手游加速器官网客服	%E5%A5%87%E6%B8%B8%E6%89%8B%E6%B8%B8%E5%8A%A0%E9%80%9F%E5%99%A8%E5%AE%98%E7%BD%91%E5%AE%A2%E6%9C%8D	https://www.kuaishou.com/search/%E5%A5%87%E6%B8%B8%E6%89%8B%E6%B8%B8%E5%8A%A0%E9%80%9F%E5%99%A8%E5%AE%98%E7%BD%91%E5%AE%A2%E6%9C%8D	游戏加速	游戏娱乐	B	false	true	1
1760	如何在服务器上搭建vpn	%E5%A6%82%E4%BD%95%E5%9C%A8%E6%9C%8D%E5%8A%A1%E5%99%A8%E4%B8%8A%E6%90%AD%E5%BB%BAvpn	https://www.kuaishou.com/search/%E5%A6%82%E4%BD%95%E5%9C%A8%E6%9C%8D%E5%8A%A1%E5%99%A8%E4%B8%8A%E6%90%AD%E5%BB%BAvpn	VPN核心	配置排障	B	false	true	1
1761	快连游戏加速器2.0	%E5%BF%AB%E8%BF%9E%E6%B8%B8%E6%88%8F%E5%8A%A0%E9%80%9F%E5%99%A82.0	https://www.kuaishou.com/search/%E5%BF%AB%E8%BF%9E%E6%B8%B8%E6%88%8F%E5%8A%A0%E9%80%9F%E5%99%A82.0	游戏加速	游戏娱乐	B	false	true	1
1762	手机vpn设置方法	%E6%89%8B%E6%9C%BAvpn%E8%AE%BE%E7%BD%AE%E6%96%B9%E6%B3%95	https://www.kuaishou.com/search/%E6%89%8B%E6%9C%BAvpn%E8%AE%BE%E7%BD%AE%E6%96%B9%E6%B3%95	VPN核心	配置排障	B	false	true	1
1763	梯子vpn推荐	%E6%A2%AF%E5%AD%90vpn%E6%8E%A8%E8%8D%90	https://www.kuaishou.com/search/%E6%A2%AF%E5%AD%90vpn%E6%8E%A8%E8%8D%90	VPN核心	选型购买	B	true	true	1
1764	永久免费加速器外网	%E6%B0%B8%E4%B9%85%E5%85%8D%E8%B4%B9%E5%8A%A0%E9%80%9F%E5%99%A8%E5%A4%96%E7%BD%91	https://www.kuaishou.com/search/%E6%B0%B8%E4%B9%85%E5%85%8D%E8%B4%B9%E5%8A%A0%E9%80%9F%E5%99%A8%E5%A4%96%E7%BD%91	网络加速	泛需求	B	false	true	1
1765	游戏加速器官网	%E6%B8%B8%E6%88%8F%E5%8A%A0%E9%80%9F%E5%99%A8%E5%AE%98%E7%BD%91	https://www.kuaishou.com/search/%E6%B8%B8%E6%88%8F%E5%8A%A0%E9%80%9F%E5%99%A8%E5%AE%98%E7%BD%91	游戏加速	游戏娱乐	B	false	true	1
1766	游戏加速器推荐评测	%E6%B8%B8%E6%88%8F%E5%8A%A0%E9%80%9F%E5%99%A8%E6%8E%A8%E8%8D%90%E8%AF%84%E6%B5%8B	https://www.kuaishou.com/search/%E6%B8%B8%E6%88%8F%E5%8A%A0%E9%80%9F%E5%99%A8%E6%8E%A8%E8%8D%90%E8%AF%84%E6%B5%8B	游戏加速	选型购买	B	false	true	1
1767	火箭加速器官网下载ios	%E7%81%AB%E7%AE%AD%E5%8A%A0%E9%80%9F%E5%99%A8%E5%AE%98%E7%BD%91%E4%B8%8B%E8%BD%BDios	https://www.kuaishou.com/search/%E7%81%AB%E7%AE%AD%E5%8A%A0%E9%80%9F%E5%99%A8%E5%AE%98%E7%BD%91%E4%B8%8B%E8%BD%BDios	网络加速	下载安装	B	false	true	1
1768	球球大作战加速器ios下载	%E7%90%83%E7%90%83%E5%A4%A7%E4%BD%9C%E6%88%98%E5%8A%A0%E9%80%9F%E5%99%A8ios%E4%B8%8B%E8%BD%BD	https://www.kuaishou.com/search/%E7%90%83%E7%90%83%E5%A4%A7%E4%BD%9C%E6%88%98%E5%8A%A0%E9%80%9F%E5%99%A8ios%E4%B8%8B%E8%BD%BD	网络加速	下载安装	B	false	true	1
1769	网络加速器免费加速	%E7%BD%91%E7%BB%9C%E5%8A%A0%E9%80%9F%E5%99%A8%E5%85%8D%E8%B4%B9%E5%8A%A0%E9%80%9F	https://www.kuaishou.com/search/%E7%BD%91%E7%BB%9C%E5%8A%A0%E9%80%9F%E5%99%A8%E5%85%8D%E8%B4%B9%E5%8A%A0%E9%80%9F	网络加速	泛需求	B	false	true	1
1770	翻墙好用的免费梯子	%E7%BF%BB%E5%A2%99%E5%A5%BD%E7%94%A8%E7%9A%84%E5%85%8D%E8%B4%B9%E6%A2%AF%E5%AD%90	https://www.kuaishou.com/search/%E7%BF%BB%E5%A2%99%E5%A5%BD%E7%94%A8%E7%9A%84%E5%85%8D%E8%B4%B9%E6%A2%AF%E5%AD%90	VPN核心	选型购买	B	true	true	1
1771	虚拟专用网络下载免费	%E8%99%9A%E6%8B%9F%E4%B8%93%E7%94%A8%E7%BD%91%E7%BB%9C%E4%B8%8B%E8%BD%BD%E5%85%8D%E8%B4%B9	https://www.kuaishou.com/search/%E8%99%9A%E6%8B%9F%E4%B8%93%E7%94%A8%E7%BD%91%E7%BB%9C%E4%B8%8B%E8%BD%BD%E5%85%8D%E8%B4%B9	VPN核心	下载安装	B	false	true	1
1772	迅游加速器口令2026	%E8%BF%85%E6%B8%B8%E5%8A%A0%E9%80%9F%E5%99%A8%E5%8F%A3%E4%BB%A42026	https://www.kuaishou.com/search/%E8%BF%85%E6%B8%B8%E5%8A%A0%E9%80%9F%E5%99%A8%E5%8F%A3%E4%BB%A42026	网络加速	泛需求	B	false	true	1
1773	雷神加速器下载最新版	%E9%9B%B7%E7%A5%9E%E5%8A%A0%E9%80%9F%E5%99%A8%E4%B8%8B%E8%BD%BD%E6%9C%80%E6%96%B0%E7%89%88	https://www.kuaishou.com/search/%E9%9B%B7%E7%A5%9E%E5%8A%A0%E9%80%9F%E5%99%A8%E4%B8%8B%E8%BD%BD%E6%9C%80%E6%96%B0%E7%89%88	网络加速	下载安装	B	false	true	1
1774	魔法上网app	%E9%AD%94%E6%B3%95%E4%B8%8A%E7%BD%91app	https://www.kuaishou.com/search/%E9%AD%94%E6%B3%95%E4%B8%8A%E7%BD%91app	VPN核心	下载安装	B	false	true	1
1775	外网ip	%E5%A4%96%E7%BD%91ip	https://www.kuaishou.com/search/%E5%A4%96%E7%BD%91ip	关联网络需求	代理与IP	C	false	false	3
1776	外网网站	%E5%A4%96%E7%BD%91%E7%BD%91%E7%AB%99	https://www.kuaishou.com/search/%E5%A4%96%E7%BD%91%E7%BD%91%E7%AB%99	关联网络需求	泛需求	C	false	false	3
1777	内网穿透	%E5%86%85%E7%BD%91%E7%A9%BF%E9%80%8F	https://www.kuaishou.com/search/%E5%86%85%E7%BD%91%E7%A9%BF%E9%80%8F	企业网络	企业办公	C	false	false	2
1778	游戏网络延迟	%E6%B8%B8%E6%88%8F%E7%BD%91%E7%BB%9C%E5%BB%B6%E8%BF%9F	https://www.kuaishou.com/search/%E6%B8%B8%E6%88%8F%E7%BD%91%E7%BB%9C%E5%BB%B6%E8%BF%9F	游戏加速	游戏娱乐	C	false	false	2
1779	游戏网络延迟测试	%E6%B8%B8%E6%88%8F%E7%BD%91%E7%BB%9C%E5%BB%B6%E8%BF%9F%E6%B5%8B%E8%AF%95	https://www.kuaishou.com/search/%E6%B8%B8%E6%88%8F%E7%BD%91%E7%BB%9C%E5%BB%B6%E8%BF%9F%E6%B5%8B%E8%AF%95	游戏加速	游戏娱乐	C	false	false	2
1780	游戏网络延迟高怎么解决	%E6%B8%B8%E6%88%8F%E7%BD%91%E7%BB%9C%E5%BB%B6%E8%BF%9F%E9%AB%98%E6%80%8E%E4%B9%88%E8%A7%A3%E5%86%B3	https://www.kuaishou.com/search/%E6%B8%B8%E6%88%8F%E7%BD%91%E7%BB%9C%E5%BB%B6%E8%BF%9F%E9%AB%98%E6%80%8E%E4%B9%88%E8%A7%A3%E5%86%B3	游戏加速	配置排障	C	false	false	2
1781	锁国区的游戏怎么入库	%E9%94%81%E5%9B%BD%E5%8C%BA%E7%9A%84%E6%B8%B8%E6%88%8F%E6%80%8E%E4%B9%88%E5%85%A5%E5%BA%93	https://www.kuaishou.com/search/%E9%94%81%E5%9B%BD%E5%8C%BA%E7%9A%84%E6%B8%B8%E6%88%8F%E6%80%8E%E4%B9%88%E5%85%A5%E5%BA%93	游戏加速	配置排障	C	false	false	2
1782	sd-wan专线	sd-wan%E4%B8%93%E7%BA%BF	https://www.kuaishou.com/search/sd-wan%E4%B8%93%E7%BA%BF	企业网络	企业办公	C	false	false	2
1783	上网卡是什么	%E4%B8%8A%E7%BD%91%E5%8D%A1%E6%98%AF%E4%BB%80%E4%B9%88	https://www.kuaishou.com/search/%E4%B8%8A%E7%BD%91%E5%8D%A1%E6%98%AF%E4%BB%80%E4%B9%88	关联网络需求	科普原理	C	false	false	2
1784	代理服务器搭建工具	%E4%BB%A3%E7%90%86%E6%9C%8D%E5%8A%A1%E5%99%A8%E6%90%AD%E5%BB%BA%E5%B7%A5%E5%85%B7	https://www.kuaishou.com/search/%E4%BB%A3%E7%90%86%E6%9C%8D%E5%8A%A1%E5%99%A8%E6%90%AD%E5%BB%BA%E5%B7%A5%E5%85%B7	代理与IP	配置排障	C	false	false	2
1785	代理服务器软件哪个好	%E4%BB%A3%E7%90%86%E6%9C%8D%E5%8A%A1%E5%99%A8%E8%BD%AF%E4%BB%B6%E5%93%AA%E4%B8%AA%E5%A5%BD	https://www.kuaishou.com/search/%E4%BB%A3%E7%90%86%E6%9C%8D%E5%8A%A1%E5%99%A8%E8%BD%AF%E4%BB%B6%E5%93%AA%E4%B8%AA%E5%A5%BD	代理与IP	选型购买	C	false	false	2
1786	住宅ip代理	%E4%BD%8F%E5%AE%85ip%E4%BB%A3%E7%90%86	https://www.kuaishou.com/search/%E4%BD%8F%E5%AE%85ip%E4%BB%A3%E7%90%86	代理与IP	代理与IP	C	false	false	2
1787	住宅ip服务器	%E4%BD%8F%E5%AE%85ip%E6%9C%8D%E5%8A%A1%E5%99%A8	https://www.kuaishou.com/search/%E4%BD%8F%E5%AE%85ip%E6%9C%8D%E5%8A%A1%E5%99%A8	代理与IP	代理与IP	C	false	false	2
1788	全球节点测速	%E5%85%A8%E7%90%83%E8%8A%82%E7%82%B9%E6%B5%8B%E9%80%9F	https://www.kuaishou.com/search/%E5%85%A8%E7%90%83%E8%8A%82%E7%82%B9%E6%B5%8B%E9%80%9F	关联网络需求	代理与IP	C	true	false	2
1789	异地组网工具	%E5%BC%82%E5%9C%B0%E7%BB%84%E7%BD%91%E5%B7%A5%E5%85%B7	https://www.kuaishou.com/search/%E5%BC%82%E5%9C%B0%E7%BB%84%E7%BD%91%E5%B7%A5%E5%85%B7	企业网络	企业办公	C	false	false	2
1790	独立ip服务器	%E7%8B%AC%E7%AB%8Bip%E6%9C%8D%E5%8A%A1%E5%99%A8	https://www.kuaishou.com/search/%E7%8B%AC%E7%AB%8Bip%E6%9C%8D%E5%8A%A1%E5%99%A8	代理与IP	代理与IP	C	false	false	2
1791	静态ip怎么设置dns	%E9%9D%99%E6%80%81ip%E6%80%8E%E4%B9%88%E8%AE%BE%E7%BD%AEdns	https://www.kuaishou.com/search/%E9%9D%99%E6%80%81ip%E6%80%8E%E4%B9%88%E8%AE%BE%E7%BD%AEdns	代理与IP	配置排障	C	false	false	2
1792	代理服务器地址	%E4%BB%A3%E7%90%86%E6%9C%8D%E5%8A%A1%E5%99%A8%E5%9C%B0%E5%9D%80	https://www.kuaishou.com/search/%E4%BB%A3%E7%90%86%E6%9C%8D%E5%8A%A1%E5%99%A8%E5%9C%B0%E5%9D%80	代理与IP	代理与IP	C	false	false	2
1793	代理服务器软件推荐	%E4%BB%A3%E7%90%86%E6%9C%8D%E5%8A%A1%E5%99%A8%E8%BD%AF%E4%BB%B6%E6%8E%A8%E8%8D%90	https://www.kuaishou.com/search/%E4%BB%A3%E7%90%86%E6%9C%8D%E5%8A%A1%E5%99%A8%E8%BD%AF%E4%BB%B6%E6%8E%A8%E8%8D%90	代理与IP	选型购买	C	false	false	2
1794	全球节点测试	%E5%85%A8%E7%90%83%E8%8A%82%E7%82%B9%E6%B5%8B%E8%AF%95	https://www.kuaishou.com/search/%E5%85%A8%E7%90%83%E8%8A%82%E7%82%B9%E6%B5%8B%E8%AF%95	关联网络需求	代理与IP	C	true	false	2
1795	异地组网tailscale	%E5%BC%82%E5%9C%B0%E7%BB%84%E7%BD%91tailscale	https://www.kuaishou.com/search/%E5%BC%82%E5%9C%B0%E7%BB%84%E7%BD%91tailscale	企业网络	企业办公	C	false	false	2
1796	随身wifi怎么用	%E9%9A%8F%E8%BA%ABwifi%E6%80%8E%E4%B9%88%E7%94%A8	https://www.kuaishou.com/search/%E9%9A%8F%E8%BA%ABwifi%E6%80%8E%E4%B9%88%E7%94%A8	关联网络需求	配置排障	C	false	false	2
1797	随身wifi破解无限流量	%E9%9A%8F%E8%BA%ABwifi%E7%A0%B4%E8%A7%A3%E6%97%A0%E9%99%90%E6%B5%81%E9%87%8F	https://www.kuaishou.com/search/%E9%9A%8F%E8%BA%ABwifi%E7%A0%B4%E8%A7%A3%E6%97%A0%E9%99%90%E6%B5%81%E9%87%8F	关联网络需求	泛需求	C	true	false	2
1798	静态ip代理	%E9%9D%99%E6%80%81ip%E4%BB%A3%E7%90%86	https://www.kuaishou.com/search/%E9%9D%99%E6%80%81ip%E4%BB%A3%E7%90%86	代理与IP	代理与IP	C	false	false	2
1799	静态ip推荐	%E9%9D%99%E6%80%81ip%E6%8E%A8%E8%8D%90	https://www.kuaishou.com/search/%E9%9D%99%E6%80%81ip%E6%8E%A8%E8%8D%90	代理与IP	选型购买	C	false	false	2
1800	住宅ip怎么用	%E4%BD%8F%E5%AE%85ip%E6%80%8E%E4%B9%88%E7%94%A8	https://www.kuaishou.com/search/%E4%BD%8F%E5%AE%85ip%E6%80%8E%E4%B9%88%E7%94%A8	代理与IP	配置排障	C	false	false	2
1801	异地组网路由器	%E5%BC%82%E5%9C%B0%E7%BB%84%E7%BD%91%E8%B7%AF%E7%94%B1%E5%99%A8	https://www.kuaishou.com/search/%E5%BC%82%E5%9C%B0%E7%BB%84%E7%BD%91%E8%B7%AF%E7%94%B1%E5%99%A8	企业网络	企业办公	C	false	false	2
1802	游戏网络延迟多少ms算正常	%E6%B8%B8%E6%88%8F%E7%BD%91%E7%BB%9C%E5%BB%B6%E8%BF%9F%E5%A4%9A%E5%B0%91ms%E7%AE%97%E6%AD%A3%E5%B8%B8	https://www.kuaishou.com/search/%E6%B8%B8%E6%88%8F%E7%BD%91%E7%BB%9C%E5%BB%B6%E8%BF%9F%E5%A4%9A%E5%B0%91ms%E7%AE%97%E6%AD%A3%E5%B8%B8	游戏加速	游戏娱乐	C	false	false	2
1803	虚拟局域网联机工具	%E8%99%9A%E6%8B%9F%E5%B1%80%E5%9F%9F%E7%BD%91%E8%81%94%E6%9C%BA%E5%B7%A5%E5%85%B7	https://www.kuaishou.com/search/%E8%99%9A%E6%8B%9F%E5%B1%80%E5%9F%9F%E7%BD%91%E8%81%94%E6%9C%BA%E5%B7%A5%E5%85%B7	关联网络需求	泛需求	C	false	false	2
1804	随身wifi openwrt	%E9%9A%8F%E8%BA%ABwifi%20openwrt	https://www.kuaishou.com/search/%E9%9A%8F%E8%BA%ABwifi%20openwrt	关联网络需求	泛需求	C	false	false	2
1805	sase客户端	sase%E5%AE%A2%E6%88%B7%E7%AB%AF	https://www.kuaishou.com/search/sase%E5%AE%A2%E6%88%B7%E7%AB%AF	企业网络	企业办公	C	false	false	2
1806	代理服务器搭建方法	%E4%BB%A3%E7%90%86%E6%9C%8D%E5%8A%A1%E5%99%A8%E6%90%AD%E5%BB%BA%E6%96%B9%E6%B3%95	https://www.kuaishou.com/search/%E4%BB%A3%E7%90%86%E6%9C%8D%E5%8A%A1%E5%99%A8%E6%90%AD%E5%BB%BA%E6%96%B9%E6%B3%95	代理与IP	配置排障	C	false	false	2
1807	代理服务器软件有哪些	%E4%BB%A3%E7%90%86%E6%9C%8D%E5%8A%A1%E5%99%A8%E8%BD%AF%E4%BB%B6%E6%9C%89%E5%93%AA%E4%BA%9B	https://www.kuaishou.com/search/%E4%BB%A3%E7%90%86%E6%9C%8D%E5%8A%A1%E5%99%A8%E8%BD%AF%E4%BB%B6%E6%9C%89%E5%93%AA%E4%BA%9B	代理与IP	下载安装	C	false	false	2
1808	内网穿透原理	%E5%86%85%E7%BD%91%E7%A9%BF%E9%80%8F%E5%8E%9F%E7%90%86	https://www.kuaishou.com/search/%E5%86%85%E7%BD%91%E7%A9%BF%E9%80%8F%E5%8E%9F%E7%90%86	企业网络	企业办公	C	false	false	2
1809	外网抖音	%E5%A4%96%E7%BD%91%E6%8A%96%E9%9F%B3	https://www.kuaishou.com/search/%E5%A4%96%E7%BD%91%E6%8A%96%E9%9F%B3	关联网络需求	泛需求	C	false	false	2
1810	校园网卡顿怎么投诉	%E6%A0%A1%E5%9B%AD%E7%BD%91%E5%8D%A1%E9%A1%BF%E6%80%8E%E4%B9%88%E6%8A%95%E8%AF%89	https://www.kuaishou.com/search/%E6%A0%A1%E5%9B%AD%E7%BD%91%E5%8D%A1%E9%A1%BF%E6%80%8E%E4%B9%88%E6%8A%95%E8%AF%89	关联网络需求	配置排障	C	false	false	2
1811	独立ip节点	%E7%8B%AC%E7%AB%8Bip%E8%8A%82%E7%82%B9	https://www.kuaishou.com/search/%E7%8B%AC%E7%AB%8Bip%E8%8A%82%E7%82%B9	代理与IP	代理与IP	C	true	false	2
1812	网络加速服务	%E7%BD%91%E7%BB%9C%E5%8A%A0%E9%80%9F%E6%9C%8D%E5%8A%A1	https://www.kuaishou.com/search/%E7%BD%91%E7%BB%9C%E5%8A%A0%E9%80%9F%E6%9C%8D%E5%8A%A1	网络加速	泛需求	C	false	false	2
1813	异地组网开源	%E5%BC%82%E5%9C%B0%E7%BB%84%E7%BD%91%E5%BC%80%E6%BA%90	https://www.kuaishou.com/search/%E5%BC%82%E5%9C%B0%E7%BB%84%E7%BD%91%E5%BC%80%E6%BA%90	企业网络	企业办公	C	false	false	2
1814	虚拟局域网的作用	%E8%99%9A%E6%8B%9F%E5%B1%80%E5%9F%9F%E7%BD%91%E7%9A%84%E4%BD%9C%E7%94%A8	https://www.kuaishou.com/search/%E8%99%9A%E6%8B%9F%E5%B1%80%E5%9F%9F%E7%BD%91%E7%9A%84%E4%BD%9C%E7%94%A8	关联网络需求	泛需求	C	false	false	2
1815	住宅ip机场推荐	%E4%BD%8F%E5%AE%85ip%E6%9C%BA%E5%9C%BA%E6%8E%A8%E8%8D%90	https://www.kuaishou.com/search/%E4%BD%8F%E5%AE%85ip%E6%9C%BA%E5%9C%BA%E6%8E%A8%E8%8D%90	代理与IP	选型购买	C	true	false	2
1816	sd-wan技术	sd-wan%E6%8A%80%E6%9C%AF	https://www.kuaishou.com/search/sd-wan%E6%8A%80%E6%9C%AF	企业网络	企业办公	C	false	false	2
1817	住宅ip查询	%E4%BD%8F%E5%AE%85ip%E6%9F%A5%E8%AF%A2	https://www.kuaishou.com/search/%E4%BD%8F%E5%AE%85ip%E6%9F%A5%E8%AF%A2	代理与IP	代理与IP	C	false	false	2
1818	外网ip查询	%E5%A4%96%E7%BD%91ip%E6%9F%A5%E8%AF%A2	https://www.kuaishou.com/search/%E5%A4%96%E7%BD%91ip%E6%9F%A5%E8%AF%A2	关联网络需求	代理与IP	C	false	false	2
1819	国区限制	%E5%9B%BD%E5%8C%BA%E9%99%90%E5%88%B6	https://www.kuaishou.com/search/%E5%9B%BD%E5%8C%BA%E9%99%90%E5%88%B6	关联网络需求	泛需求	C	false	false	1
1820	国外软件不能用	%E5%9B%BD%E5%A4%96%E8%BD%AF%E4%BB%B6%E4%B8%8D%E8%83%BD%E7%94%A8	https://www.kuaishou.com/search/%E5%9B%BD%E5%A4%96%E8%BD%AF%E4%BB%B6%E4%B8%8D%E8%83%BD%E7%94%A8	关联网络需求	下载安装	C	false	false	1
1821	多店铺防关联	%E5%A4%9A%E5%BA%97%E9%93%BA%E9%98%B2%E5%85%B3%E8%81%94	https://www.kuaishou.com/search/%E5%A4%9A%E5%BA%97%E9%93%BA%E9%98%B2%E5%85%B3%E8%81%94	代理与IP	代理与IP	C	false	false	1
1822	手机卡上外网	%E6%89%8B%E6%9C%BA%E5%8D%A1%E4%B8%8A%E5%A4%96%E7%BD%91	https://www.kuaishou.com/search/%E6%89%8B%E6%9C%BA%E5%8D%A1%E4%B8%8A%E5%A4%96%E7%BD%91	关联网络需求	下载安装	C	false	false	1
1823	防关联	%E9%98%B2%E5%85%B3%E8%81%94	https://www.kuaishou.com/search/%E9%98%B2%E5%85%B3%E8%81%94	代理与IP	代理与IP	C	false	false	1
1824	随身无线宽带	%E9%9A%8F%E8%BA%AB%E6%97%A0%E7%BA%BF%E5%AE%BD%E5%B8%A6	https://www.kuaishou.com/search/%E9%9A%8F%E8%BA%AB%E6%97%A0%E7%BA%BF%E5%AE%BD%E5%B8%A6	关联网络需求	泛需求	C	false	false	1
1825	高ping	%E9%AB%98ping	https://www.kuaishou.com/search/%E9%AB%98ping	关联网络需求	泛需求	C	false	false	1
1826	sase是什么意思	sase%E6%98%AF%E4%BB%80%E4%B9%88%E6%84%8F%E6%80%9D	https://www.kuaishou.com/search/sase%E6%98%AF%E4%BB%80%E4%B9%88%E6%84%8F%E6%80%9D	企业网络	企业办公	C	false	false	1
1827	wallpaper解锁国区限制	wallpaper%E8%A7%A3%E9%94%81%E5%9B%BD%E5%8C%BA%E9%99%90%E5%88%B6	https://www.kuaishou.com/search/wallpaper%E8%A7%A3%E9%94%81%E5%9B%BD%E5%8C%BA%E9%99%90%E5%88%B6	关联网络需求	泛需求	C	false	false	1
1828	内网穿透不良林	%E5%86%85%E7%BD%91%E7%A9%BF%E9%80%8F%E4%B8%8D%E8%89%AF%E6%9E%97	https://www.kuaishou.com/search/%E5%86%85%E7%BD%91%E7%A9%BF%E9%80%8F%E4%B8%8D%E8%89%AF%E6%9E%97	企业网络	企业办公	C	false	false	1
1829	内网穿透我的世界	%E5%86%85%E7%BD%91%E7%A9%BF%E9%80%8F%E6%88%91%E7%9A%84%E4%B8%96%E7%95%8C	https://www.kuaishou.com/search/%E5%86%85%E7%BD%91%E7%A9%BF%E9%80%8F%E6%88%91%E7%9A%84%E4%B8%96%E7%95%8C	企业网络	企业办公	C	false	false	1
1830	内网穿透樱花	%E5%86%85%E7%BD%91%E7%A9%BF%E9%80%8F%E6%A8%B1%E8%8A%B1	https://www.kuaishou.com/search/%E5%86%85%E7%BD%91%E7%A9%BF%E9%80%8F%E6%A8%B1%E8%8A%B1	企业网络	企业办公	C	false	false	1
1831	国外软件下载	%E5%9B%BD%E5%A4%96%E8%BD%AF%E4%BB%B6%E4%B8%8B%E8%BD%BD	https://www.kuaishou.com/search/%E5%9B%BD%E5%A4%96%E8%BD%AF%E4%BB%B6%E4%B8%8B%E8%BD%BD	关联网络需求	下载安装	C	false	false	1
1832	国外软件不能用中文吗	%E5%9B%BD%E5%A4%96%E8%BD%AF%E4%BB%B6%E4%B8%8D%E8%83%BD%E7%94%A8%E4%B8%AD%E6%96%87%E5%90%97	https://www.kuaishou.com/search/%E5%9B%BD%E5%A4%96%E8%BD%AF%E4%BB%B6%E4%B8%8D%E8%83%BD%E7%94%A8%E4%B8%AD%E6%96%87%E5%90%97	关联网络需求	下载安装	C	false	false	1
1833	国外软件为什么到中国网络不能用	%E5%9B%BD%E5%A4%96%E8%BD%AF%E4%BB%B6%E4%B8%BA%E4%BB%80%E4%B9%88%E5%88%B0%E4%B8%AD%E5%9B%BD%E7%BD%91%E7%BB%9C%E4%B8%8D%E8%83%BD%E7%94%A8	https://www.kuaishou.com/search/%E5%9B%BD%E5%A4%96%E8%BD%AF%E4%BB%B6%E4%B8%BA%E4%BB%80%E4%B9%88%E5%88%B0%E4%B8%AD%E5%9B%BD%E7%BD%91%E7%BB%9C%E4%B8%8D%E8%83%BD%E7%94%A8	关联网络需求	下载安装	C	false	false	1
1834	境外网站违法吗	%E5%A2%83%E5%A4%96%E7%BD%91%E7%AB%99%E8%BF%9D%E6%B3%95%E5%90%97	https://www.kuaishou.com/search/%E5%A2%83%E5%A4%96%E7%BD%91%E7%AB%99%E8%BF%9D%E6%B3%95%E5%90%97	关联网络需求	泛需求	C	false	false	1
1835	多店铺防关联是什么意思	%E5%A4%9A%E5%BA%97%E9%93%BA%E9%98%B2%E5%85%B3%E8%81%94%E6%98%AF%E4%BB%80%E4%B9%88%E6%84%8F%E6%80%9D	https://www.kuaishou.com/search/%E5%A4%9A%E5%BA%97%E9%93%BA%E9%98%B2%E5%85%B3%E8%81%94%E6%98%AF%E4%BB%80%E4%B9%88%E6%84%8F%E6%80%9D	代理与IP	科普原理	C	false	false	1
1836	如何下载国外软件	%E5%A6%82%E4%BD%95%E4%B8%8B%E8%BD%BD%E5%9B%BD%E5%A4%96%E8%BD%AF%E4%BB%B6	https://www.kuaishou.com/search/%E5%A6%82%E4%BD%95%E4%B8%8B%E8%BD%BD%E5%9B%BD%E5%A4%96%E8%BD%AF%E4%BB%B6	关联网络需求	配置排障	C	false	false	1
1837	无线宽带和随身wifi	%E6%97%A0%E7%BA%BF%E5%AE%BD%E5%B8%A6%E5%92%8C%E9%9A%8F%E8%BA%ABwifi	https://www.kuaishou.com/search/%E6%97%A0%E7%BA%BF%E5%AE%BD%E5%B8%A6%E5%92%8C%E9%9A%8F%E8%BA%ABwifi	关联网络需求	泛需求	C	false	false	1
1838	校园网卡顿怎么解决	%E6%A0%A1%E5%9B%AD%E7%BD%91%E5%8D%A1%E9%A1%BF%E6%80%8E%E4%B9%88%E8%A7%A3%E5%86%B3	https://www.kuaishou.com/search/%E6%A0%A1%E5%9B%AD%E7%BD%91%E5%8D%A1%E9%A1%BF%E6%80%8E%E4%B9%88%E8%A7%A3%E5%86%B3	关联网络需求	配置排障	C	false	false	1
1839	海外直播app	%E6%B5%B7%E5%A4%96%E7%9B%B4%E6%92%ADapp	https://www.kuaishou.com/search/%E6%B5%B7%E5%A4%96%E7%9B%B4%E6%92%ADapp	跨境与海外网络	跨境外贸	C	false	false	1
1840	游戏网络延迟多少正常	%E6%B8%B8%E6%88%8F%E7%BD%91%E7%BB%9C%E5%BB%B6%E8%BF%9F%E5%A4%9A%E5%B0%91%E6%AD%A3%E5%B8%B8	https://www.kuaishou.com/search/%E6%B8%B8%E6%88%8F%E7%BD%91%E7%BB%9C%E5%BB%B6%E8%BF%9F%E5%A4%9A%E5%B0%91%E6%AD%A3%E5%B8%B8	游戏加速	游戏娱乐	C	false	false	1
1841	网络加速怎么设置	%E7%BD%91%E7%BB%9C%E5%8A%A0%E9%80%9F%E6%80%8E%E4%B9%88%E8%AE%BE%E7%BD%AE	https://www.kuaishou.com/search/%E7%BD%91%E7%BB%9C%E5%8A%A0%E9%80%9F%E6%80%8E%E4%B9%88%E8%AE%BE%E7%BD%AE	网络加速	配置排障	C	false	false	1
1842	网络延迟	%E7%BD%91%E7%BB%9C%E5%BB%B6%E8%BF%9F	https://www.kuaishou.com/search/%E7%BD%91%E7%BB%9C%E5%BB%B6%E8%BF%9F	关联网络需求	泛需求	C	false	false	1
1843	网络延迟卡顿怎么解决	%E7%BD%91%E7%BB%9C%E5%BB%B6%E8%BF%9F%E5%8D%A1%E9%A1%BF%E6%80%8E%E4%B9%88%E8%A7%A3%E5%86%B3	https://www.kuaishou.com/search/%E7%BD%91%E7%BB%9C%E5%BB%B6%E8%BF%9F%E5%8D%A1%E9%A1%BF%E6%80%8E%E4%B9%88%E8%A7%A3%E5%86%B3	关联网络需求	配置排障	C	false	false	1
1844	访问外网犯法吗	%E8%AE%BF%E9%97%AE%E5%A4%96%E7%BD%91%E7%8A%AF%E6%B3%95%E5%90%97	https://www.kuaishou.com/search/%E8%AE%BF%E9%97%AE%E5%A4%96%E7%BD%91%E7%8A%AF%E6%B3%95%E5%90%97	关联网络需求	泛需求	C	false	false	1
1845	锁国区什么意思	%E9%94%81%E5%9B%BD%E5%8C%BA%E4%BB%80%E4%B9%88%E6%84%8F%E6%80%9D	https://www.kuaishou.com/search/%E9%94%81%E5%9B%BD%E5%8C%BA%E4%BB%80%E4%B9%88%E6%84%8F%E6%80%9D	关联网络需求	科普原理	C	false	false	1
1846	防关联浏览器免费	%E9%98%B2%E5%85%B3%E8%81%94%E6%B5%8F%E8%A7%88%E5%99%A8%E5%85%8D%E8%B4%B9	https://www.kuaishou.com/search/%E9%98%B2%E5%85%B3%E8%81%94%E6%B5%8F%E8%A7%88%E5%99%A8%E5%85%8D%E8%B4%B9	代理与IP	代理与IP	C	false	false	1
1847	随身wifi哪个品牌好	%E9%9A%8F%E8%BA%ABwifi%E5%93%AA%E4%B8%AA%E5%93%81%E7%89%8C%E5%A5%BD	https://www.kuaishou.com/search/%E9%9A%8F%E8%BA%ABwifi%E5%93%AA%E4%B8%AA%E5%93%81%E7%89%8C%E5%A5%BD	关联网络需求	泛需求	C	false	false	1
1848	随身无线宽带好用吗	%E9%9A%8F%E8%BA%AB%E6%97%A0%E7%BA%BF%E5%AE%BD%E5%B8%A6%E5%A5%BD%E7%94%A8%E5%90%97	https://www.kuaishou.com/search/%E9%9A%8F%E8%BA%AB%E6%97%A0%E7%BA%BF%E5%AE%BD%E5%B8%A6%E5%A5%BD%E7%94%A8%E5%90%97	关联网络需求	选型购买	C	false	false	1
1849	静态ip怎么设置网速快	%E9%9D%99%E6%80%81ip%E6%80%8E%E4%B9%88%E8%AE%BE%E7%BD%AE%E7%BD%91%E9%80%9F%E5%BF%AB	https://www.kuaishou.com/search/%E9%9D%99%E6%80%81ip%E6%80%8E%E4%B9%88%E8%AE%BE%E7%BD%AE%E7%BD%91%E9%80%9F%E5%BF%AB	代理与IP	配置排障	C	false	false	1
1850	香港手机卡在内地能直接上外网吗	%E9%A6%99%E6%B8%AF%E6%89%8B%E6%9C%BA%E5%8D%A1%E5%9C%A8%E5%86%85%E5%9C%B0%E8%83%BD%E7%9B%B4%E6%8E%A5%E4%B8%8A%E5%A4%96%E7%BD%91%E5%90%97	https://www.kuaishou.com/search/%E9%A6%99%E6%B8%AF%E6%89%8B%E6%9C%BA%E5%8D%A1%E5%9C%A8%E5%86%85%E5%9C%B0%E8%83%BD%E7%9B%B4%E6%8E%A5%E4%B8%8A%E5%A4%96%E7%BD%91%E5%90%97	关联网络需求	下载安装	C	false	false	1
1851	高ping战士	%E9%AB%98ping%E6%88%98%E5%A3%AB	https://www.kuaishou.com/search/%E9%AB%98ping%E6%88%98%E5%A3%AB	关联网络需求	泛需求	C	false	false	1
1852	apn设置是什么	apn%E8%AE%BE%E7%BD%AE%E6%98%AF%E4%BB%80%E4%B9%88	https://www.kuaishou.com/search/apn%E8%AE%BE%E7%BD%AE%E6%98%AF%E4%BB%80%E4%B9%88	关联网络需求	配置排障	C	false	false	1
1853	apn设置是什么意思	apn%E8%AE%BE%E7%BD%AE%E6%98%AF%E4%BB%80%E4%B9%88%E6%84%8F%E6%80%9D	https://www.kuaishou.com/search/apn%E8%AE%BE%E7%BD%AE%E6%98%AF%E4%BB%80%E4%B9%88%E6%84%8F%E6%80%9D	关联网络需求	配置排障	C	false	false	1
1854	sase怎么读	sase%E6%80%8E%E4%B9%88%E8%AF%BB	https://www.kuaishou.com/search/sase%E6%80%8E%E4%B9%88%E8%AF%BB	企业网络	企业办公	C	false	false	1
1855	shadowrocket一直连接不上	shadowrocket%E4%B8%80%E7%9B%B4%E8%BF%9E%E6%8E%A5%E4%B8%8D%E4%B8%8A	https://www.kuaishou.com/search/shadowrocket%E4%B8%80%E7%9B%B4%E8%BF%9E%E6%8E%A5%E4%B8%8D%E4%B8%8A	关联网络需求	配置排障	C	false	false	1
1856	steam解除国区限制	steam%E8%A7%A3%E9%99%A4%E5%9B%BD%E5%8C%BA%E9%99%90%E5%88%B6	https://www.kuaishou.com/search/steam%E8%A7%A3%E9%99%A4%E5%9B%BD%E5%8C%BA%E9%99%90%E5%88%B6	关联网络需求	泛需求	C	false	false	1
1857	steam锁国区	steam%E9%94%81%E5%9B%BD%E5%8C%BA	https://www.kuaishou.com/search/steam%E9%94%81%E5%9B%BD%E5%8C%BA	关联网络需求	泛需求	C	false	false	1
1858	telegram一直显示连接中	telegram%E4%B8%80%E7%9B%B4%E6%98%BE%E7%A4%BA%E8%BF%9E%E6%8E%A5%E4%B8%AD	https://www.kuaishou.com/search/telegram%E4%B8%80%E7%9B%B4%E6%98%BE%E7%A4%BA%E8%BF%9E%E6%8E%A5%E4%B8%AD	关联网络需求	配置排障	C	false	false	1
1859	telegram连不上	telegram%E8%BF%9E%E4%B8%8D%E4%B8%8A	https://www.kuaishou.com/search/telegram%E8%BF%9E%E4%B8%8D%E4%B8%8A	关联网络需求	配置排障	C	false	false	1
1860	telegram连接不上网络	telegram%E8%BF%9E%E6%8E%A5%E4%B8%8D%E4%B8%8A%E7%BD%91%E7%BB%9C	https://www.kuaishou.com/search/telegram%E8%BF%9E%E6%8E%A5%E4%B8%8D%E4%B8%8A%E7%BD%91%E7%BB%9C	关联网络需求	配置排障	C	false	false	1
1861	tiktok网络环境	tiktok%E7%BD%91%E7%BB%9C%E7%8E%AF%E5%A2%83	https://www.kuaishou.com/search/tiktok%E7%BD%91%E7%BB%9C%E7%8E%AF%E5%A2%83	跨境与海外网络	跨境外贸	C	false	false	1
1862	上网卡台湾	%E4%B8%8A%E7%BD%91%E5%8D%A1%E5%8F%B0%E6%B9%BE	https://www.kuaishou.com/search/%E4%B8%8A%E7%BD%91%E5%8D%A1%E5%8F%B0%E6%B9%BE	关联网络需求	泛需求	C	false	false	1
1863	上网卡怎么办理	%E4%B8%8A%E7%BD%91%E5%8D%A1%E6%80%8E%E4%B9%88%E5%8A%9E%E7%90%86	https://www.kuaishou.com/search/%E4%B8%8A%E7%BD%91%E5%8D%A1%E6%80%8E%E4%B9%88%E5%8A%9E%E7%90%86	关联网络需求	配置排障	C	false	false	1
1864	上网卡香港无限	%E4%B8%8A%E7%BD%91%E5%8D%A1%E9%A6%99%E6%B8%AF%E6%97%A0%E9%99%90	https://www.kuaishou.com/search/%E4%B8%8A%E7%BD%91%E5%8D%A1%E9%A6%99%E6%B8%AF%E6%97%A0%E9%99%90	关联网络需求	泛需求	C	false	false	1
1865	代理服务器怎么设置	%E4%BB%A3%E7%90%86%E6%9C%8D%E5%8A%A1%E5%99%A8%E6%80%8E%E4%B9%88%E8%AE%BE%E7%BD%AE	https://www.kuaishou.com/search/%E4%BB%A3%E7%90%86%E6%9C%8D%E5%8A%A1%E5%99%A8%E6%80%8E%E4%B9%88%E8%AE%BE%E7%BD%AE	代理与IP	配置排障	C	false	false	1
1866	代理服务器搭建windows	%E4%BB%A3%E7%90%86%E6%9C%8D%E5%8A%A1%E5%99%A8%E6%90%AD%E5%BB%BAwindows	https://www.kuaishou.com/search/%E4%BB%A3%E7%90%86%E6%9C%8D%E5%8A%A1%E5%99%A8%E6%90%AD%E5%BB%BAwindows	代理与IP	配置排障	C	false	false	1
1867	代理服务器软件免费	%E4%BB%A3%E7%90%86%E6%9C%8D%E5%8A%A1%E5%99%A8%E8%BD%AF%E4%BB%B6%E5%85%8D%E8%B4%B9	https://www.kuaishou.com/search/%E4%BB%A3%E7%90%86%E6%9C%8D%E5%8A%A1%E5%99%A8%E8%BD%AF%E4%BB%B6%E5%85%8D%E8%B4%B9	代理与IP	下载安装	C	false	false	1
1868	住宅ip搭建节点	%E4%BD%8F%E5%AE%85ip%E6%90%AD%E5%BB%BA%E8%8A%82%E7%82%B9	https://www.kuaishou.com/search/%E4%BD%8F%E5%AE%85ip%E6%90%AD%E5%BB%BA%E8%8A%82%E7%82%B9	代理与IP	配置排障	C	true	false	1
1869	住宅ip是什么意思	%E4%BD%8F%E5%AE%85ip%E6%98%AF%E4%BB%80%E4%B9%88%E6%84%8F%E6%80%9D	https://www.kuaishou.com/search/%E4%BD%8F%E5%AE%85ip%E6%98%AF%E4%BB%80%E4%B9%88%E6%84%8F%E6%80%9D	代理与IP	科普原理	C	false	false	1
1870	内网穿透服务	%E5%86%85%E7%BD%91%E7%A9%BF%E9%80%8F%E6%9C%8D%E5%8A%A1	https://www.kuaishou.com/search/%E5%86%85%E7%BD%91%E7%A9%BF%E9%80%8F%E6%9C%8D%E5%8A%A1	企业网络	企业办公	C	false	false	1
1871	哪些国家不能访问外网	%E5%93%AA%E4%BA%9B%E5%9B%BD%E5%AE%B6%E4%B8%8D%E8%83%BD%E8%AE%BF%E9%97%AE%E5%A4%96%E7%BD%91	https://www.kuaishou.com/search/%E5%93%AA%E4%BA%9B%E5%9B%BD%E5%AE%B6%E4%B8%8D%E8%83%BD%E8%AE%BF%E9%97%AE%E5%A4%96%E7%BD%91	关联网络需求	泛需求	C	false	false	1
1872	国外住宅ip	%E5%9B%BD%E5%A4%96%E4%BD%8F%E5%AE%85ip	https://www.kuaishou.com/search/%E5%9B%BD%E5%A4%96%E4%BD%8F%E5%AE%85ip	代理与IP	代理与IP	C	false	false	1
1873	国外手机卡在国内能上外网吗	%E5%9B%BD%E5%A4%96%E6%89%8B%E6%9C%BA%E5%8D%A1%E5%9C%A8%E5%9B%BD%E5%86%85%E8%83%BD%E4%B8%8A%E5%A4%96%E7%BD%91%E5%90%97	https://www.kuaishou.com/search/%E5%9B%BD%E5%A4%96%E6%89%8B%E6%9C%BA%E5%8D%A1%E5%9C%A8%E5%9B%BD%E5%86%85%E8%83%BD%E4%B8%8A%E5%A4%96%E7%BD%91%E5%90%97	关联网络需求	下载安装	C	false	false	1
1874	国外软件	%E5%9B%BD%E5%A4%96%E8%BD%AF%E4%BB%B6	https://www.kuaishou.com/search/%E5%9B%BD%E5%A4%96%E8%BD%AF%E4%BB%B6	关联网络需求	下载安装	C	false	false	1
1875	国外软件不能用谷歌吗	%E5%9B%BD%E5%A4%96%E8%BD%AF%E4%BB%B6%E4%B8%8D%E8%83%BD%E7%94%A8%E8%B0%B7%E6%AD%8C%E5%90%97	https://www.kuaishou.com/search/%E5%9B%BD%E5%A4%96%E8%BD%AF%E4%BB%B6%E4%B8%8D%E8%83%BD%E7%94%A8%E8%B0%B7%E6%AD%8C%E5%90%97	关联网络需求	下载安装	C	false	false	1
1876	境外网站大全	%E5%A2%83%E5%A4%96%E7%BD%91%E7%AB%99%E5%A4%A7%E5%85%A8	https://www.kuaishou.com/search/%E5%A2%83%E5%A4%96%E7%BD%91%E7%AB%99%E5%A4%A7%E5%85%A8	关联网络需求	泛需求	C	false	false	1
1877	境外网站打不开怎么解决	%E5%A2%83%E5%A4%96%E7%BD%91%E7%AB%99%E6%89%93%E4%B8%8D%E5%BC%80%E6%80%8E%E4%B9%88%E8%A7%A3%E5%86%B3	https://www.kuaishou.com/search/%E5%A2%83%E5%A4%96%E7%BD%91%E7%AB%99%E6%89%93%E4%B8%8D%E5%BC%80%E6%80%8E%E4%B9%88%E8%A7%A3%E5%86%B3	关联网络需求	配置排障	C	false	false	1
1878	外网推特网址	%E5%A4%96%E7%BD%91%E6%8E%A8%E7%89%B9%E7%BD%91%E5%9D%80	https://www.kuaishou.com/search/%E5%A4%96%E7%BD%91%E6%8E%A8%E7%89%B9%E7%BD%91%E5%9D%80	关联网络需求	泛需求	C	false	false	1
1879	外网测速	%E5%A4%96%E7%BD%91%E6%B5%8B%E9%80%9F	https://www.kuaishou.com/search/%E5%A4%96%E7%BD%91%E6%B5%8B%E9%80%9F	关联网络需求	泛需求	C	false	false	1
1880	外网赚钱	%E5%A4%96%E7%BD%91%E8%B5%9A%E9%92%B1	https://www.kuaishou.com/search/%E5%A4%96%E7%BD%91%E8%B5%9A%E9%92%B1	关联网络需求	泛需求	C	false	false	1
1881	外贸开发	%E5%A4%96%E8%B4%B8%E5%BC%80%E5%8F%91	https://www.kuaishou.com/search/%E5%A4%96%E8%B4%B8%E5%BC%80%E5%8F%91	跨境与海外网络	跨境外贸	C	false	false	1
1882	店铺防关联的方法	%E5%BA%97%E9%93%BA%E9%98%B2%E5%85%B3%E8%81%94%E7%9A%84%E6%96%B9%E6%B3%95	https://www.kuaishou.com/search/%E5%BA%97%E9%93%BA%E9%98%B2%E5%85%B3%E8%81%94%E7%9A%84%E6%96%B9%E6%B3%95	代理与IP	代理与IP	C	false	false	1
1883	异地组网监控设备	%E5%BC%82%E5%9C%B0%E7%BB%84%E7%BD%91%E7%9B%91%E6%8E%A7%E8%AE%BE%E5%A4%87	https://www.kuaishou.com/search/%E5%BC%82%E5%9C%B0%E7%BB%84%E7%BD%91%E7%9B%91%E6%8E%A7%E8%AE%BE%E5%A4%87	企业网络	企业办公	C	false	false	1
1884	暗黑4卡顿与网络延迟	%E6%9A%97%E9%BB%914%E5%8D%A1%E9%A1%BF%E4%B8%8E%E7%BD%91%E7%BB%9C%E5%BB%B6%E8%BF%9F	https://www.kuaishou.com/search/%E6%9A%97%E9%BB%914%E5%8D%A1%E9%A1%BF%E4%B8%8E%E7%BD%91%E7%BB%9C%E5%BB%B6%E8%BF%9F	关联网络需求	泛需求	C	false	false	1
1885	校园网	%E6%A0%A1%E5%9B%AD%E7%BD%91	https://www.kuaishou.com/search/%E6%A0%A1%E5%9B%AD%E7%BD%91	关联网络需求	泛需求	C	false	false	1
1886	独立ip怎么弄	%E7%8B%AC%E7%AB%8Bip%E6%80%8E%E4%B9%88%E5%BC%84	https://www.kuaishou.com/search/%E7%8B%AC%E7%AB%8Bip%E6%80%8E%E4%B9%88%E5%BC%84	代理与IP	配置排障	C	false	false	1
1887	独立ip搭建	%E7%8B%AC%E7%AB%8Bip%E6%90%AD%E5%BB%BA	https://www.kuaishou.com/search/%E7%8B%AC%E7%AB%8Bip%E6%90%AD%E5%BB%BA	代理与IP	配置排障	C	false	false	1
1888	网络加速免费版	%E7%BD%91%E7%BB%9C%E5%8A%A0%E9%80%9F%E5%85%8D%E8%B4%B9%E7%89%88	https://www.kuaishou.com/search/%E7%BD%91%E7%BB%9C%E5%8A%A0%E9%80%9F%E5%85%8D%E8%B4%B9%E7%89%88	网络加速	泛需求	C	false	false	1
1889	网络加速工具是什么	%E7%BD%91%E7%BB%9C%E5%8A%A0%E9%80%9F%E5%B7%A5%E5%85%B7%E6%98%AF%E4%BB%80%E4%B9%88	https://www.kuaishou.com/search/%E7%BD%91%E7%BB%9C%E5%8A%A0%E9%80%9F%E5%B7%A5%E5%85%B7%E6%98%AF%E4%BB%80%E4%B9%88	网络加速	科普原理	C	false	false	1
1890	网络延迟卡顿怎么回事	%E7%BD%91%E7%BB%9C%E5%BB%B6%E8%BF%9F%E5%8D%A1%E9%A1%BF%E6%80%8E%E4%B9%88%E5%9B%9E%E4%BA%8B	https://www.kuaishou.com/search/%E7%BD%91%E7%BB%9C%E5%BB%B6%E8%BF%9F%E5%8D%A1%E9%A1%BF%E6%80%8E%E4%B9%88%E5%9B%9E%E4%BA%8B	关联网络需求	配置排障	C	false	false	1
1891	虚拟局域网怎么搭建	%E8%99%9A%E6%8B%9F%E5%B1%80%E5%9F%9F%E7%BD%91%E6%80%8E%E4%B9%88%E6%90%AD%E5%BB%BA	https://www.kuaishou.com/search/%E8%99%9A%E6%8B%9F%E5%B1%80%E5%9F%9F%E7%BD%91%E6%80%8E%E4%B9%88%E6%90%AD%E5%BB%BA	关联网络需求	配置排障	C	false	false	1
1892	锁国区的游戏	%E9%94%81%E5%9B%BD%E5%8C%BA%E7%9A%84%E6%B8%B8%E6%88%8F	https://www.kuaishou.com/search/%E9%94%81%E5%9B%BD%E5%8C%BA%E7%9A%84%E6%B8%B8%E6%88%8F	游戏加速	游戏娱乐	C	false	false	1
1893	防关联浏览器下载	%E9%98%B2%E5%85%B3%E8%81%94%E6%B5%8F%E8%A7%88%E5%99%A8%E4%B8%8B%E8%BD%BD	https://www.kuaishou.com/search/%E9%98%B2%E5%85%B3%E8%81%94%E6%B5%8F%E8%A7%88%E5%99%A8%E4%B8%8B%E8%BD%BD	代理与IP	下载安装	C	false	false	1
1894	防关联防封号浏览器	%E9%98%B2%E5%85%B3%E8%81%94%E9%98%B2%E5%B0%81%E5%8F%B7%E6%B5%8F%E8%A7%88%E5%99%A8	https://www.kuaishou.com/search/%E9%98%B2%E5%85%B3%E8%81%94%E9%98%B2%E5%B0%81%E5%8F%B7%E6%B5%8F%E8%A7%88%E5%99%A8	代理与IP	代理与IP	C	false	false	1
1895	随身wifi助手	%E9%9A%8F%E8%BA%ABwifi%E5%8A%A9%E6%89%8B	https://www.kuaishou.com/search/%E9%9A%8F%E8%BA%ABwifi%E5%8A%A9%E6%89%8B	关联网络需求	泛需求	C	false	false	1
1896	随身wifi怎么交费	%E9%9A%8F%E8%BA%ABwifi%E6%80%8E%E4%B9%88%E4%BA%A4%E8%B4%B9	https://www.kuaishou.com/search/%E9%9A%8F%E8%BA%ABwifi%E6%80%8E%E4%B9%88%E4%BA%A4%E8%B4%B9	关联网络需求	配置排障	C	false	false	1
1897	随身无线宽带是真的吗	%E9%9A%8F%E8%BA%AB%E6%97%A0%E7%BA%BF%E5%AE%BD%E5%B8%A6%E6%98%AF%E7%9C%9F%E7%9A%84%E5%90%97	https://www.kuaishou.com/search/%E9%9A%8F%E8%BA%AB%E6%97%A0%E7%BA%BF%E5%AE%BD%E5%B8%A6%E6%98%AF%E7%9C%9F%E7%9A%84%E5%90%97	关联网络需求	泛需求	C	false	false	1
1898	静态ip搭建	%E9%9D%99%E6%80%81ip%E6%90%AD%E5%BB%BA	https://www.kuaishou.com/search/%E9%9D%99%E6%80%81ip%E6%90%AD%E5%BB%BA	代理与IP	配置排障	C	false	false	1
1899	静态ip是什么意思	%E9%9D%99%E6%80%81ip%E6%98%AF%E4%BB%80%E4%B9%88%E6%84%8F%E6%80%9D	https://www.kuaishou.com/search/%E9%9D%99%E6%80%81ip%E6%98%AF%E4%BB%80%E4%B9%88%E6%84%8F%E6%80%9D	代理与IP	科普原理	C	false	false	1
1900	apn设置什么网速比较快	apn%E8%AE%BE%E7%BD%AE%E4%BB%80%E4%B9%88%E7%BD%91%E9%80%9F%E6%AF%94%E8%BE%83%E5%BF%AB	https://www.kuaishou.com/search/apn%E8%AE%BE%E7%BD%AE%E4%BB%80%E4%B9%88%E7%BD%91%E9%80%9F%E6%AF%94%E8%BE%83%E5%BF%AB	关联网络需求	配置排障	C	false	false	1
1901	apn设置在哪里设置	apn%E8%AE%BE%E7%BD%AE%E5%9C%A8%E5%93%AA%E9%87%8C%E8%AE%BE%E7%BD%AE	https://www.kuaishou.com/search/apn%E8%AE%BE%E7%BD%AE%E5%9C%A8%E5%93%AA%E9%87%8C%E8%AE%BE%E7%BD%AE	关联网络需求	配置排障	C	false	false	1
1902	sase是什么	sase%E6%98%AF%E4%BB%80%E4%B9%88	https://www.kuaishou.com/search/sase%E6%98%AF%E4%BB%80%E4%B9%88	企业网络	企业办公	C	false	false	1
1903	sd-wan介紹	sd-wan%E4%BB%8B%E7%B4%B9	https://www.kuaishou.com/search/sd-wan%E4%BB%8B%E7%B4%B9	企业网络	企业办公	C	false	false	1
1904	sd-wan路由器	sd-wan%E8%B7%AF%E7%94%B1%E5%99%A8	https://www.kuaishou.com/search/sd-wan%E8%B7%AF%E7%94%B1%E5%99%A8	企业网络	企业办公	C	false	false	1
1905	shadowrocket。常见问题	shadowrocket%E3%80%82%E5%B8%B8%E8%A7%81%E9%97%AE%E9%A2%98	https://www.kuaishou.com/search/shadowrocket%E3%80%82%E5%B8%B8%E8%A7%81%E9%97%AE%E9%A2%98	关联网络需求	泛需求	C	false	false	1
1906	telegram为什么一直显示连接中	telegram%E4%B8%BA%E4%BB%80%E4%B9%88%E4%B8%80%E7%9B%B4%E6%98%BE%E7%A4%BA%E8%BF%9E%E6%8E%A5%E4%B8%AD	https://www.kuaishou.com/search/telegram%E4%B8%BA%E4%BB%80%E4%B9%88%E4%B8%80%E7%9B%B4%E6%98%BE%E7%A4%BA%E8%BF%9E%E6%8E%A5%E4%B8%AD	关联网络需求	配置排障	C	false	false	1
1907	telegram连不上网	telegram%E8%BF%9E%E4%B8%8D%E4%B8%8A%E7%BD%91	https://www.kuaishou.com/search/telegram%E8%BF%9E%E4%B8%8D%E4%B8%8A%E7%BD%91	关联网络需求	配置排障	C	false	false	1
1908	tiktok直播网络	tiktok%E7%9B%B4%E6%92%AD%E7%BD%91%E7%BB%9C	https://www.kuaishou.com/search/tiktok%E7%9B%B4%E6%92%AD%E7%BD%91%E7%BB%9C	跨境与海外网络	跨境外贸	C	false	false	1
1909	wallpaper解除国区限制	wallpaper%E8%A7%A3%E9%99%A4%E5%9B%BD%E5%8C%BA%E9%99%90%E5%88%B6	https://www.kuaishou.com/search/wallpaper%E8%A7%A3%E9%99%A4%E5%9B%BD%E5%8C%BA%E9%99%90%E5%88%B6	关联网络需求	泛需求	C	false	false	1
1910	上网卡哪里买	%E4%B8%8A%E7%BD%91%E5%8D%A1%E5%93%AA%E9%87%8C%E4%B9%B0	https://www.kuaishou.com/search/%E4%B8%8A%E7%BD%91%E5%8D%A1%E5%93%AA%E9%87%8C%E4%B9%B0	关联网络需求	泛需求	C	false	false	1
1911	上网卡是什么卡	%E4%B8%8A%E7%BD%91%E5%8D%A1%E6%98%AF%E4%BB%80%E4%B9%88%E5%8D%A1	https://www.kuaishou.com/search/%E4%B8%8A%E7%BD%91%E5%8D%A1%E6%98%AF%E4%BB%80%E4%B9%88%E5%8D%A1	关联网络需求	科普原理	C	false	false	1
1912	代理服务器免费	%E4%BB%A3%E7%90%86%E6%9C%8D%E5%8A%A1%E5%99%A8%E5%85%8D%E8%B4%B9	https://www.kuaishou.com/search/%E4%BB%A3%E7%90%86%E6%9C%8D%E5%8A%A1%E5%99%A8%E5%85%8D%E8%B4%B9	代理与IP	代理与IP	C	false	false	1
1913	代理服务器搭建优势	%E4%BB%A3%E7%90%86%E6%9C%8D%E5%8A%A1%E5%99%A8%E6%90%AD%E5%BB%BA%E4%BC%98%E5%8A%BF	https://www.kuaishou.com/search/%E4%BB%A3%E7%90%86%E6%9C%8D%E5%8A%A1%E5%99%A8%E6%90%AD%E5%BB%BA%E4%BC%98%E5%8A%BF	代理与IP	配置排障	C	false	false	1
1914	全球节点机场	%E5%85%A8%E7%90%83%E8%8A%82%E7%82%B9%E6%9C%BA%E5%9C%BA	https://www.kuaishou.com/search/%E5%85%A8%E7%90%83%E8%8A%82%E7%82%B9%E6%9C%BA%E5%9C%BA	关联网络需求	代理与IP	C	true	false	1
1915	内网穿透软件哪个好	%E5%86%85%E7%BD%91%E7%A9%BF%E9%80%8F%E8%BD%AF%E4%BB%B6%E5%93%AA%E4%B8%AA%E5%A5%BD	https://www.kuaishou.com/search/%E5%86%85%E7%BD%91%E7%A9%BF%E9%80%8F%E8%BD%AF%E4%BB%B6%E5%93%AA%E4%B8%AA%E5%A5%BD	企业网络	企业办公	C	false	false	1
1916	国外网站搜索引擎	%E5%9B%BD%E5%A4%96%E7%BD%91%E7%AB%99%E6%90%9C%E7%B4%A2%E5%BC%95%E6%93%8E	https://www.kuaishou.com/search/%E5%9B%BD%E5%A4%96%E7%BD%91%E7%AB%99%E6%90%9C%E7%B4%A2%E5%BC%95%E6%93%8E	关联网络需求	泛需求	C	false	false	1
1917	境外网站写加班经历	%E5%A2%83%E5%A4%96%E7%BD%91%E7%AB%99%E5%86%99%E5%8A%A0%E7%8F%AD%E7%BB%8F%E5%8E%86	https://www.kuaishou.com/search/%E5%A2%83%E5%A4%96%E7%BD%91%E7%AB%99%E5%86%99%E5%8A%A0%E7%8F%AD%E7%BB%8F%E5%8E%86	关联网络需求	泛需求	C	false	false	1
1918	境外网站访问工具	%E5%A2%83%E5%A4%96%E7%BD%91%E7%AB%99%E8%AE%BF%E9%97%AE%E5%B7%A5%E5%85%B7	https://www.kuaishou.com/search/%E5%A2%83%E5%A4%96%E7%BD%91%E7%AB%99%E8%AE%BF%E9%97%AE%E5%B7%A5%E5%85%B7	关联网络需求	泛需求	C	false	false	1
1919	外网有什么好玩的	%E5%A4%96%E7%BD%91%E6%9C%89%E4%BB%80%E4%B9%88%E5%A5%BD%E7%8E%A9%E7%9A%84	https://www.kuaishou.com/search/%E5%A4%96%E7%BD%91%E6%9C%89%E4%BB%80%E4%B9%88%E5%A5%BD%E7%8E%A9%E7%9A%84	关联网络需求	泛需求	C	false	false	1
1920	外网浏览器	%E5%A4%96%E7%BD%91%E6%B5%8F%E8%A7%88%E5%99%A8	https://www.kuaishou.com/search/%E5%A4%96%E7%BD%91%E6%B5%8F%E8%A7%88%E5%99%A8	关联网络需求	泛需求	C	false	false	1
1921	外贸软件	%E5%A4%96%E8%B4%B8%E8%BD%AF%E4%BB%B6	https://www.kuaishou.com/search/%E5%A4%96%E8%B4%B8%E8%BD%AF%E4%BB%B6	跨境与海外网络	跨境外贸	C	false	false	1
1922	大陆上网卡	%E5%A4%A7%E9%99%86%E4%B8%8A%E7%BD%91%E5%8D%A1	https://www.kuaishou.com/search/%E5%A4%A7%E9%99%86%E4%B8%8A%E7%BD%91%E5%8D%A1	关联网络需求	泛需求	C	false	false	1
1923	店铺防关联用远程桌面还是远程服务器好	%E5%BA%97%E9%93%BA%E9%98%B2%E5%85%B3%E8%81%94%E7%94%A8%E8%BF%9C%E7%A8%8B%E6%A1%8C%E9%9D%A2%E8%BF%98%E6%98%AF%E8%BF%9C%E7%A8%8B%E6%9C%8D%E5%8A%A1%E5%99%A8%E5%A5%BD	https://www.kuaishou.com/search/%E5%BA%97%E9%93%BA%E9%98%B2%E5%85%B3%E8%81%94%E7%94%A8%E8%BF%9C%E7%A8%8B%E6%A1%8C%E9%9D%A2%E8%BF%98%E6%98%AF%E8%BF%9C%E7%A8%8B%E6%9C%8D%E5%8A%A1%E5%99%A8%E5%A5%BD	企业网络	企业办公	C	false	false	1
1924	异地组网怎么设置	%E5%BC%82%E5%9C%B0%E7%BB%84%E7%BD%91%E6%80%8E%E4%B9%88%E8%AE%BE%E7%BD%AE	https://www.kuaishou.com/search/%E5%BC%82%E5%9C%B0%E7%BB%84%E7%BD%91%E6%80%8E%E4%B9%88%E8%AE%BE%E7%BD%AE	企业网络	企业办公	C	false	false	1
1925	暗黑4卡顿和网络延迟	%E6%9A%97%E9%BB%914%E5%8D%A1%E9%A1%BF%E5%92%8C%E7%BD%91%E7%BB%9C%E5%BB%B6%E8%BF%9F	https://www.kuaishou.com/search/%E6%9A%97%E9%BB%914%E5%8D%A1%E9%A1%BF%E5%92%8C%E7%BD%91%E7%BB%9C%E5%BB%B6%E8%BF%9F	关联网络需求	泛需求	C	false	false	1
1926	校园网卡顿丢包	%E6%A0%A1%E5%9B%AD%E7%BD%91%E5%8D%A1%E9%A1%BF%E4%B8%A2%E5%8C%85	https://www.kuaishou.com/search/%E6%A0%A1%E5%9B%AD%E7%BD%91%E5%8D%A1%E9%A1%BF%E4%B8%A2%E5%8C%85	关联网络需求	泛需求	C	false	false	1
1927	校园网卡顿是什么原因	%E6%A0%A1%E5%9B%AD%E7%BD%91%E5%8D%A1%E9%A1%BF%E6%98%AF%E4%BB%80%E4%B9%88%E5%8E%9F%E5%9B%A0	https://www.kuaishou.com/search/%E6%A0%A1%E5%9B%AD%E7%BD%91%E5%8D%A1%E9%A1%BF%E6%98%AF%E4%BB%80%E4%B9%88%E5%8E%9F%E5%9B%A0	关联网络需求	科普原理	C	false	false	1
1928	海外iptv	%E6%B5%B7%E5%A4%96iptv	https://www.kuaishou.com/search/%E6%B5%B7%E5%A4%96iptv	跨境与海外网络	跨境外贸	C	false	false	1
1929	网络加速开启好还是关闭好	%E7%BD%91%E7%BB%9C%E5%8A%A0%E9%80%9F%E5%BC%80%E5%90%AF%E5%A5%BD%E8%BF%98%E6%98%AF%E5%85%B3%E9%97%AD%E5%A5%BD	https://www.kuaishou.com/search/%E7%BD%91%E7%BB%9C%E5%8A%A0%E9%80%9F%E5%BC%80%E5%90%AF%E5%A5%BD%E8%BF%98%E6%98%AF%E5%85%B3%E9%97%AD%E5%A5%BD	网络加速	配置排障	C	false	false	1
1930	网络延迟卡顿什么原因	%E7%BD%91%E7%BB%9C%E5%BB%B6%E8%BF%9F%E5%8D%A1%E9%A1%BF%E4%BB%80%E4%B9%88%E5%8E%9F%E5%9B%A0	https://www.kuaishou.com/search/%E7%BD%91%E7%BB%9C%E5%BB%B6%E8%BF%9F%E5%8D%A1%E9%A1%BF%E4%BB%80%E4%B9%88%E5%8E%9F%E5%9B%A0	关联网络需求	泛需求	C	false	false	1
1931	锁国区怎么解决	%E9%94%81%E5%9B%BD%E5%8C%BA%E6%80%8E%E4%B9%88%E8%A7%A3%E5%86%B3	https://www.kuaishou.com/search/%E9%94%81%E5%9B%BD%E5%8C%BA%E6%80%8E%E4%B9%88%E8%A7%A3%E5%86%B3	关联网络需求	配置排障	C	false	false	1
1932	锁国区是什么意思	%E9%94%81%E5%9B%BD%E5%8C%BA%E6%98%AF%E4%BB%80%E4%B9%88%E6%84%8F%E6%80%9D	https://www.kuaishou.com/search/%E9%94%81%E5%9B%BD%E5%8C%BA%E6%98%AF%E4%BB%80%E4%B9%88%E6%84%8F%E6%80%9D	关联网络需求	科普原理	C	false	false	1
1933	防关联指纹浏览器	%E9%98%B2%E5%85%B3%E8%81%94%E6%8C%87%E7%BA%B9%E6%B5%8F%E8%A7%88%E5%99%A8	https://www.kuaishou.com/search/%E9%98%B2%E5%85%B3%E8%81%94%E6%8C%87%E7%BA%B9%E6%B5%8F%E8%A7%88%E5%99%A8	代理与IP	代理与IP	C	false	false	1
1934	防关联是什么	%E9%98%B2%E5%85%B3%E8%81%94%E6%98%AF%E4%BB%80%E4%B9%88	https://www.kuaishou.com/search/%E9%98%B2%E5%85%B3%E8%81%94%E6%98%AF%E4%BB%80%E4%B9%88	代理与IP	科普原理	C	false	false	1
1935	随身wifi可靠吗	%E9%9A%8F%E8%BA%ABwifi%E5%8F%AF%E9%9D%A0%E5%90%97	https://www.kuaishou.com/search/%E9%9A%8F%E8%BA%ABwifi%E5%8F%AF%E9%9D%A0%E5%90%97	关联网络需求	泛需求	C	false	false	1
1936	随身wifi哪个牌子好	%E9%9A%8F%E8%BA%ABwifi%E5%93%AA%E4%B8%AA%E7%89%8C%E5%AD%90%E5%A5%BD	https://www.kuaishou.com/search/%E9%9A%8F%E8%BA%ABwifi%E5%93%AA%E4%B8%AA%E7%89%8C%E5%AD%90%E5%A5%BD	关联网络需求	泛需求	C	false	false	1
1937	随身无线宽带是什么意思	%E9%9A%8F%E8%BA%AB%E6%97%A0%E7%BA%BF%E5%AE%BD%E5%B8%A6%E6%98%AF%E4%BB%80%E4%B9%88%E6%84%8F%E6%80%9D	https://www.kuaishou.com/search/%E9%9A%8F%E8%BA%AB%E6%97%A0%E7%BA%BF%E5%AE%BD%E5%B8%A6%E6%98%AF%E4%BB%80%E4%B9%88%E6%84%8F%E6%80%9D	关联网络需求	科普原理	C	false	false	1
1938	静态ip和动态ip的区别	%E9%9D%99%E6%80%81ip%E5%92%8C%E5%8A%A8%E6%80%81ip%E7%9A%84%E5%8C%BA%E5%88%AB	https://www.kuaishou.com/search/%E9%9D%99%E6%80%81ip%E5%92%8C%E5%8A%A8%E6%80%81ip%E7%9A%84%E5%8C%BA%E5%88%AB	代理与IP	科普原理	C	false	false	1
1939	静态ip怎么设置手机	%E9%9D%99%E6%80%81ip%E6%80%8E%E4%B9%88%E8%AE%BE%E7%BD%AE%E6%89%8B%E6%9C%BA	https://www.kuaishou.com/search/%E9%9D%99%E6%80%81ip%E6%80%8E%E4%B9%88%E8%AE%BE%E7%BD%AE%E6%89%8B%E6%9C%BA	代理与IP	配置排障	C	false	false	1
1940	静态ip软件	%E9%9D%99%E6%80%81ip%E8%BD%AF%E4%BB%B6	https://www.kuaishou.com/search/%E9%9D%99%E6%80%81ip%E8%BD%AF%E4%BB%B6	代理与IP	下载安装	C	false	false	1
1941	香港手机卡可以上外网吗	%E9%A6%99%E6%B8%AF%E6%89%8B%E6%9C%BA%E5%8D%A1%E5%8F%AF%E4%BB%A5%E4%B8%8A%E5%A4%96%E7%BD%91%E5%90%97	https://www.kuaishou.com/search/%E9%A6%99%E6%B8%AF%E6%89%8B%E6%9C%BA%E5%8D%A1%E5%8F%AF%E4%BB%A5%E4%B8%8A%E5%A4%96%E7%BD%91%E5%90%97	关联网络需求	下载安装	C	false	false	1
1942	apn设置成cmtd有什么后果	apn%E8%AE%BE%E7%BD%AE%E6%88%90cmtd%E6%9C%89%E4%BB%80%E4%B9%88%E5%90%8E%E6%9E%9C	https://www.kuaishou.com/search/apn%E8%AE%BE%E7%BD%AE%E6%88%90cmtd%E6%9C%89%E4%BB%80%E4%B9%88%E5%90%8E%E6%9E%9C	关联网络需求	配置排障	C	false	false	1
1943	apn设置电信	apn%E8%AE%BE%E7%BD%AE%E7%94%B5%E4%BF%A1	https://www.kuaishou.com/search/apn%E8%AE%BE%E7%BD%AE%E7%94%B5%E4%BF%A1	关联网络需求	配置排障	C	false	false	1
1944	claude国区限制	claude%E5%9B%BD%E5%8C%BA%E9%99%90%E5%88%B6	https://www.kuaishou.com/search/claude%E5%9B%BD%E5%8C%BA%E9%99%90%E5%88%B6	关联网络需求	泛需求	C	false	false	1
1945	lucky2上网卡	lucky2%E4%B8%8A%E7%BD%91%E5%8D%A1	https://www.kuaishou.com/search/lucky2%E4%B8%8A%E7%BD%91%E5%8D%A1	关联网络需求	泛需求	C	false	false	1
1946	openwrt异地组网	openwrt%E5%BC%82%E5%9C%B0%E7%BB%84%E7%BD%91	https://www.kuaishou.com/search/openwrt%E5%BC%82%E5%9C%B0%E7%BB%84%E7%BD%91	企业网络	企业办公	C	false	false	1
1947	sd-wan组网方案	sd-wan%E7%BB%84%E7%BD%91%E6%96%B9%E6%A1%88	https://www.kuaishou.com/search/sd-wan%E7%BB%84%E7%BD%91%E6%96%B9%E6%A1%88	企业网络	企业办公	C	false	false	1
1948	shadowrocket、配置	shadowrocket%E3%80%81%E9%85%8D%E7%BD%AE	https://www.kuaishou.com/search/shadowrocket%E3%80%81%E9%85%8D%E7%BD%AE	关联网络需求	配置排障	C	false	false	1
1949	steam国区限制	steam%E5%9B%BD%E5%8C%BA%E9%99%90%E5%88%B6	https://www.kuaishou.com/search/steam%E5%9B%BD%E5%8C%BA%E9%99%90%E5%88%B6	关联网络需求	泛需求	C	false	false	1
1950	switch代理服务器设置	switch%E4%BB%A3%E7%90%86%E6%9C%8D%E5%8A%A1%E5%99%A8%E8%AE%BE%E7%BD%AE	https://www.kuaishou.com/search/switch%E4%BB%A3%E7%90%86%E6%9C%8D%E5%8A%A1%E5%99%A8%E8%AE%BE%E7%BD%AE	代理与IP	配置排障	C	false	false	1
1951	telegram一直在连接中	telegram%E4%B8%80%E7%9B%B4%E5%9C%A8%E8%BF%9E%E6%8E%A5%E4%B8%AD	https://www.kuaishou.com/search/telegram%E4%B8%80%E7%9B%B4%E5%9C%A8%E8%BF%9E%E6%8E%A5%E4%B8%AD	关联网络需求	配置排障	C	false	false	1
1952	telegram网络连接不上	telegram%E7%BD%91%E7%BB%9C%E8%BF%9E%E6%8E%A5%E4%B8%8D%E4%B8%8A	https://www.kuaishou.com/search/telegram%E7%BD%91%E7%BB%9C%E8%BF%9E%E6%8E%A5%E4%B8%8D%E4%B8%8A	关联网络需求	配置排障	C	false	false	1
1953	tiktok环境搭建	tiktok%E7%8E%AF%E5%A2%83%E6%90%AD%E5%BB%BA	https://www.kuaishou.com/search/tiktok%E7%8E%AF%E5%A2%83%E6%90%AD%E5%BB%BA	跨境与海外网络	跨境外贸	C	false	false	1
1954	上网卡怎么使用	%E4%B8%8A%E7%BD%91%E5%8D%A1%E6%80%8E%E4%B9%88%E4%BD%BF%E7%94%A8	https://www.kuaishou.com/search/%E4%B8%8A%E7%BD%91%E5%8D%A1%E6%80%8E%E4%B9%88%E4%BD%BF%E7%94%A8	关联网络需求	配置排障	C	false	false	1
1955	上网卡顿怎么解决	%E4%B8%8A%E7%BD%91%E5%8D%A1%E9%A1%BF%E6%80%8E%E4%B9%88%E8%A7%A3%E5%86%B3	https://www.kuaishou.com/search/%E4%B8%8A%E7%BD%91%E5%8D%A1%E9%A1%BF%E6%80%8E%E4%B9%88%E8%A7%A3%E5%86%B3	关联网络需求	配置排障	C	false	false	1
1956	上网卡香港	%E4%B8%8A%E7%BD%91%E5%8D%A1%E9%A6%99%E6%B8%AF	https://www.kuaishou.com/search/%E4%B8%8A%E7%BD%91%E5%8D%A1%E9%A6%99%E6%B8%AF	关联网络需求	泛需求	C	false	false	1
1957	亚服卡顿与网络延迟的区别	%E4%BA%9A%E6%9C%8D%E5%8D%A1%E9%A1%BF%E4%B8%8E%E7%BD%91%E7%BB%9C%E5%BB%B6%E8%BF%9F%E7%9A%84%E5%8C%BA%E5%88%AB	https://www.kuaishou.com/search/%E4%BA%9A%E6%9C%8D%E5%8D%A1%E9%A1%BF%E4%B8%8E%E7%BD%91%E7%BB%9C%E5%BB%B6%E8%BF%9F%E7%9A%84%E5%8C%BA%E5%88%AB	关联网络需求	科普原理	C	false	false	1
1958	代理服务器搭建原理	%E4%BB%A3%E7%90%86%E6%9C%8D%E5%8A%A1%E5%99%A8%E6%90%AD%E5%BB%BA%E5%8E%9F%E7%90%86	https://www.kuaishou.com/search/%E4%BB%A3%E7%90%86%E6%9C%8D%E5%8A%A1%E5%99%A8%E6%90%AD%E5%BB%BA%E5%8E%9F%E7%90%86	代理与IP	配置排障	C	false	false	1
1959	代理服务器搭建有哪些工具	%E4%BB%A3%E7%90%86%E6%9C%8D%E5%8A%A1%E5%99%A8%E6%90%AD%E5%BB%BA%E6%9C%89%E5%93%AA%E4%BA%9B%E5%B7%A5%E5%85%B7	https://www.kuaishou.com/search/%E4%BB%A3%E7%90%86%E6%9C%8D%E5%8A%A1%E5%99%A8%E6%90%AD%E5%BB%BA%E6%9C%89%E5%93%AA%E4%BA%9B%E5%B7%A5%E5%85%B7	代理与IP	配置排障	C	false	false	1
1960	代理服务器软件ccproxy	%E4%BB%A3%E7%90%86%E6%9C%8D%E5%8A%A1%E5%99%A8%E8%BD%AF%E4%BB%B6ccproxy	https://www.kuaishou.com/search/%E4%BB%A3%E7%90%86%E6%9C%8D%E5%8A%A1%E5%99%A8%E8%BD%AF%E4%BB%B6ccproxy	代理与IP	下载安装	C	false	false	1
1961	住宅ip和机房ip	%E4%BD%8F%E5%AE%85ip%E5%92%8C%E6%9C%BA%E6%88%BFip	https://www.kuaishou.com/search/%E4%BD%8F%E5%AE%85ip%E5%92%8C%E6%9C%BA%E6%88%BFip	代理与IP	代理与IP	C	false	false	1
1962	内网穿透教程	%E5%86%85%E7%BD%91%E7%A9%BF%E9%80%8F%E6%95%99%E7%A8%8B	https://www.kuaishou.com/search/%E5%86%85%E7%BD%91%E7%A9%BF%E9%80%8F%E6%95%99%E7%A8%8B	企业网络	企业办公	C	false	false	1
1963	内网穿透软件推荐	%E5%86%85%E7%BD%91%E7%A9%BF%E9%80%8F%E8%BD%AF%E4%BB%B6%E6%8E%A8%E8%8D%90	https://www.kuaishou.com/search/%E5%86%85%E7%BD%91%E7%A9%BF%E9%80%8F%E8%BD%AF%E4%BB%B6%E6%8E%A8%E8%8D%90	企业网络	企业办公	C	false	false	1
1964	国外网站官方网址大全	%E5%9B%BD%E5%A4%96%E7%BD%91%E7%AB%99%E5%AE%98%E6%96%B9%E7%BD%91%E5%9D%80%E5%A4%A7%E5%85%A8	https://www.kuaishou.com/search/%E5%9B%BD%E5%A4%96%E7%BD%91%E7%AB%99%E5%AE%98%E6%96%B9%E7%BD%91%E5%9D%80%E5%A4%A7%E5%85%A8	关联网络需求	泛需求	C	false	false	1
1965	国外软件国内用不了的原因	%E5%9B%BD%E5%A4%96%E8%BD%AF%E4%BB%B6%E5%9B%BD%E5%86%85%E7%94%A8%E4%B8%8D%E4%BA%86%E7%9A%84%E5%8E%9F%E5%9B%A0	https://www.kuaishou.com/search/%E5%9B%BD%E5%A4%96%E8%BD%AF%E4%BB%B6%E5%9B%BD%E5%86%85%E7%94%A8%E4%B8%8D%E4%BA%86%E7%9A%84%E5%8E%9F%E5%9B%A0	关联网络需求	下载安装	C	false	false	1
1966	国际网络加速工具	%E5%9B%BD%E9%99%85%E7%BD%91%E7%BB%9C%E5%8A%A0%E9%80%9F%E5%B7%A5%E5%85%B7	https://www.kuaishou.com/search/%E5%9B%BD%E9%99%85%E7%BD%91%E7%BB%9C%E5%8A%A0%E9%80%9F%E5%B7%A5%E5%85%B7	网络加速	泛需求	C	false	false	1
1967	境外网站写加班经历中国网民被控寻衅滋事	%E5%A2%83%E5%A4%96%E7%BD%91%E7%AB%99%E5%86%99%E5%8A%A0%E7%8F%AD%E7%BB%8F%E5%8E%86%E4%B8%AD%E5%9B%BD%E7%BD%91%E6%B0%91%E8%A2%AB%E6%8E%A7%E5%AF%BB%E8%A1%85%E6%BB%8B%E4%BA%8B	https://www.kuaishou.com/search/%E5%A2%83%E5%A4%96%E7%BD%91%E7%AB%99%E5%86%99%E5%8A%A0%E7%8F%AD%E7%BB%8F%E5%8E%86%E4%B8%AD%E5%9B%BD%E7%BD%91%E6%B0%91%E8%A2%AB%E6%8E%A7%E5%AF%BB%E8%A1%85%E6%BB%8B%E4%BA%8B	关联网络需求	泛需求	C	false	false	1
1968	外网新闻最新消息	%E5%A4%96%E7%BD%91%E6%96%B0%E9%97%BB%E6%9C%80%E6%96%B0%E6%B6%88%E6%81%AF	https://www.kuaishou.com/search/%E5%A4%96%E7%BD%91%E6%96%B0%E9%97%BB%E6%9C%80%E6%96%B0%E6%B6%88%E6%81%AF	关联网络需求	泛需求	C	false	false	1
1969	外网软件	%E5%A4%96%E7%BD%91%E8%BD%AF%E4%BB%B6	https://www.kuaishou.com/search/%E5%A4%96%E7%BD%91%E8%BD%AF%E4%BB%B6	关联网络需求	下载安装	C	false	false	1
1970	外贸平台	%E5%A4%96%E8%B4%B8%E5%B9%B3%E5%8F%B0	https://www.kuaishou.com/search/%E5%A4%96%E8%B4%B8%E5%B9%B3%E5%8F%B0	跨境与海外网络	跨境外贸	C	false	false	1
1971	校园网卡顿怎么办	%E6%A0%A1%E5%9B%AD%E7%BD%91%E5%8D%A1%E9%A1%BF%E6%80%8E%E4%B9%88%E5%8A%9E	https://www.kuaishou.com/search/%E6%A0%A1%E5%9B%AD%E7%BD%91%E5%8D%A1%E9%A1%BF%E6%80%8E%E4%B9%88%E5%8A%9E	关联网络需求	配置排障	C	false	false	1
1972	校园网卡顿解决办法	%E6%A0%A1%E5%9B%AD%E7%BD%91%E5%8D%A1%E9%A1%BF%E8%A7%A3%E5%86%B3%E5%8A%9E%E6%B3%95	https://www.kuaishou.com/search/%E6%A0%A1%E5%9B%AD%E7%BD%91%E5%8D%A1%E9%A1%BF%E8%A7%A3%E5%86%B3%E5%8A%9E%E6%B3%95	关联网络需求	泛需求	C	false	false	1
1973	独立ip多少钱一个月	%E7%8B%AC%E7%AB%8Bip%E5%A4%9A%E5%B0%91%E9%92%B1%E4%B8%80%E4%B8%AA%E6%9C%88	https://www.kuaishou.com/search/%E7%8B%AC%E7%AB%8Bip%E5%A4%9A%E5%B0%91%E9%92%B1%E4%B8%80%E4%B8%AA%E6%9C%88	代理与IP	代理与IP	C	false	false	1
1974	网络加速是啥意思	%E7%BD%91%E7%BB%9C%E5%8A%A0%E9%80%9F%E6%98%AF%E5%95%A5%E6%84%8F%E6%80%9D	https://www.kuaishou.com/search/%E7%BD%91%E7%BB%9C%E5%8A%A0%E9%80%9F%E6%98%AF%E5%95%A5%E6%84%8F%E6%80%9D	网络加速	泛需求	C	false	false	1
1975	网络延迟卡顿怎么办	%E7%BD%91%E7%BB%9C%E5%BB%B6%E8%BF%9F%E5%8D%A1%E9%A1%BF%E6%80%8E%E4%B9%88%E5%8A%9E	https://www.kuaishou.com/search/%E7%BD%91%E7%BB%9C%E5%BB%B6%E8%BF%9F%E5%8D%A1%E9%A1%BF%E6%80%8E%E4%B9%88%E5%8A%9E	关联网络需求	配置排障	C	false	false	1
1976	虚拟局域网搭建教程	%E8%99%9A%E6%8B%9F%E5%B1%80%E5%9F%9F%E7%BD%91%E6%90%AD%E5%BB%BA%E6%95%99%E7%A8%8B	https://www.kuaishou.com/search/%E8%99%9A%E6%8B%9F%E5%B1%80%E5%9F%9F%E7%BD%91%E6%90%AD%E5%BB%BA%E6%95%99%E7%A8%8B	关联网络需求	配置排障	C	false	false	1
1977	访问外网是违法行为吗	%E8%AE%BF%E9%97%AE%E5%A4%96%E7%BD%91%E6%98%AF%E8%BF%9D%E6%B3%95%E8%A1%8C%E4%B8%BA%E5%90%97	https://www.kuaishou.com/search/%E8%AE%BF%E9%97%AE%E5%A4%96%E7%BD%91%E6%98%AF%E8%BF%9D%E6%B3%95%E8%A1%8C%E4%B8%BA%E5%90%97	关联网络需求	泛需求	C	false	false	1
1978	访问外网的梯子	%E8%AE%BF%E9%97%AE%E5%A4%96%E7%BD%91%E7%9A%84%E6%A2%AF%E5%AD%90	https://www.kuaishou.com/search/%E8%AE%BF%E9%97%AE%E5%A4%96%E7%BD%91%E7%9A%84%E6%A2%AF%E5%AD%90	关联网络需求	泛需求	C	true	false	1
1979	路由器静态ip怎么设置	%E8%B7%AF%E7%94%B1%E5%99%A8%E9%9D%99%E6%80%81ip%E6%80%8E%E4%B9%88%E8%AE%BE%E7%BD%AE	https://www.kuaishou.com/search/%E8%B7%AF%E7%94%B1%E5%99%A8%E9%9D%99%E6%80%81ip%E6%80%8E%E4%B9%88%E8%AE%BE%E7%BD%AE	代理与IP	配置排障	C	false	false	1
1980	防关联办法	%E9%98%B2%E5%85%B3%E8%81%94%E5%8A%9E%E6%B3%95	https://www.kuaishou.com/search/%E9%98%B2%E5%85%B3%E8%81%94%E5%8A%9E%E6%B3%95	代理与IP	代理与IP	C	false	false	1
1981	防关联浏览器的优势	%E9%98%B2%E5%85%B3%E8%81%94%E6%B5%8F%E8%A7%88%E5%99%A8%E7%9A%84%E4%BC%98%E5%8A%BF	https://www.kuaishou.com/search/%E9%98%B2%E5%85%B3%E8%81%94%E6%B5%8F%E8%A7%88%E5%99%A8%E7%9A%84%E4%BC%98%E5%8A%BF	代理与IP	代理与IP	C	false	false	1
1982	随身无线宽带哪个最好	%E9%9A%8F%E8%BA%AB%E6%97%A0%E7%BA%BF%E5%AE%BD%E5%B8%A6%E5%93%AA%E4%B8%AA%E6%9C%80%E5%A5%BD	https://www.kuaishou.com/search/%E9%9A%8F%E8%BA%AB%E6%97%A0%E7%BA%BF%E5%AE%BD%E5%B8%A6%E5%93%AA%E4%B8%AA%E6%9C%80%E5%A5%BD	关联网络需求	泛需求	C	false	false	1
1983	静态ip怎么设置参数	%E9%9D%99%E6%80%81ip%E6%80%8E%E4%B9%88%E8%AE%BE%E7%BD%AE%E5%8F%82%E6%95%B0	https://www.kuaishou.com/search/%E9%9D%99%E6%80%81ip%E6%80%8E%E4%B9%88%E8%AE%BE%E7%BD%AE%E5%8F%82%E6%95%B0	代理与IP	配置排障	C	false	false	1
1984	静态ip设置	%E9%9D%99%E6%80%81ip%E8%AE%BE%E7%BD%AE	https://www.kuaishou.com/search/%E9%9D%99%E6%80%81ip%E8%AE%BE%E7%BD%AE	代理与IP	配置排障	C	false	false	1
1985	静态ip设置参数	%E9%9D%99%E6%80%81ip%E8%AE%BE%E7%BD%AE%E5%8F%82%E6%95%B0	https://www.kuaishou.com/search/%E9%9D%99%E6%80%81ip%E8%AE%BE%E7%BD%AE%E5%8F%82%E6%95%B0	代理与IP	配置排障	C	false	false	1
1986	apn设置联通	apn%E8%AE%BE%E7%BD%AE%E8%81%94%E9%80%9A	https://www.kuaishou.com/search/apn%E8%AE%BE%E7%BD%AE%E8%81%94%E9%80%9A	关联网络需求	配置排障	C	false	false	1
1987	istoreos异地组网	istoreos%E5%BC%82%E5%9C%B0%E7%BB%84%E7%BD%91	https://www.kuaishou.com/search/istoreos%E5%BC%82%E5%9C%B0%E7%BB%84%E7%BD%91	企业网络	企业办公	C	false	false	1
1988	openwrt代理服务器	openwrt%E4%BB%A3%E7%90%86%E6%9C%8D%E5%8A%A1%E5%99%A8	https://www.kuaishou.com/search/openwrt%E4%BB%A3%E7%90%86%E6%9C%8D%E5%8A%A1%E5%99%A8	代理与IP	代理与IP	C	false	false	1
1989	sd-wan介绍	sd-wan%E4%BB%8B%E7%BB%8D	https://www.kuaishou.com/search/sd-wan%E4%BB%8B%E7%BB%8D	企业网络	企业办公	C	false	false	1
1990	sd-wan是个什么技术	sd-wan%E6%98%AF%E4%B8%AA%E4%BB%80%E4%B9%88%E6%8A%80%E6%9C%AF	https://www.kuaishou.com/search/sd-wan%E6%98%AF%E4%B8%AA%E4%BB%80%E4%B9%88%E6%8A%80%E6%9C%AF	企业网络	企业办公	C	false	false	1
1991	sd-wan服务商	sd-wan%E6%9C%8D%E5%8A%A1%E5%95%86	https://www.kuaishou.com/search/sd-wan%E6%9C%8D%E5%8A%A1%E5%95%86	企业网络	企业办公	C	false	false	1
1992	shadowrocket .配置	shadowrocket%20.%E9%85%8D%E7%BD%AE	https://www.kuaishou.com/search/shadowrocket%20.%E9%85%8D%E7%BD%AE	关联网络需求	配置排障	C	false	false	1
1993	telegram通话一直连接中	telegram%E9%80%9A%E8%AF%9D%E4%B8%80%E7%9B%B4%E8%BF%9E%E6%8E%A5%E4%B8%AD	https://www.kuaishou.com/search/telegram%E9%80%9A%E8%AF%9D%E4%B8%80%E7%9B%B4%E8%BF%9E%E6%8E%A5%E4%B8%AD	关联网络需求	配置排障	C	false	false	1
1994	tiktok+绿色	tiktok%2B%E7%BB%BF%E8%89%B2	https://www.kuaishou.com/search/tiktok%2B%E7%BB%BF%E8%89%B2	跨境与海外网络	跨境外贸	C	false	false	1
1995	tiktok搭建网络	tiktok%E6%90%AD%E5%BB%BA%E7%BD%91%E7%BB%9C	https://www.kuaishou.com/search/tiktok%E6%90%AD%E5%BB%BA%E7%BD%91%E7%BB%9C	跨境与海外网络	跨境外贸	C	false	false	1
1996	tplink路由器异地组网	tplink%E8%B7%AF%E7%94%B1%E5%99%A8%E5%BC%82%E5%9C%B0%E7%BB%84%E7%BD%91	https://www.kuaishou.com/search/tplink%E8%B7%AF%E7%94%B1%E5%99%A8%E5%BC%82%E5%9C%B0%E7%BB%84%E7%BD%91	企业网络	企业办公	C	false	false	1
1997	上网卡多少钱	%E4%B8%8A%E7%BD%91%E5%8D%A1%E5%A4%9A%E5%B0%91%E9%92%B1	https://www.kuaishou.com/search/%E4%B8%8A%E7%BD%91%E5%8D%A1%E5%A4%9A%E5%B0%91%E9%92%B1	关联网络需求	泛需求	C	false	false	1
1998	上网卡实名登记	%E4%B8%8A%E7%BD%91%E5%8D%A1%E5%AE%9E%E5%90%8D%E7%99%BB%E8%AE%B0	https://www.kuaishou.com/search/%E4%B8%8A%E7%BD%91%E5%8D%A1%E5%AE%9E%E5%90%8D%E7%99%BB%E8%AE%B0	关联网络需求	泛需求	C	false	false	1
1999	上网卡无限流量	%E4%B8%8A%E7%BD%91%E5%8D%A1%E6%97%A0%E9%99%90%E6%B5%81%E9%87%8F	https://www.kuaishou.com/search/%E4%B8%8A%E7%BD%91%E5%8D%A1%E6%97%A0%E9%99%90%E6%B5%81%E9%87%8F	关联网络需求	泛需求	C	false	false	1
2000	代理服务器在哪里找	%E4%BB%A3%E7%90%86%E6%9C%8D%E5%8A%A1%E5%99%A8%E5%9C%A8%E5%93%AA%E9%87%8C%E6%89%BE	https://www.kuaishou.com/search/%E4%BB%A3%E7%90%86%E6%9C%8D%E5%8A%A1%E5%99%A8%E5%9C%A8%E5%93%AA%E9%87%8C%E6%89%BE	代理与IP	代理与IP	C	false	false	1
2001	代理服务器搭建方案	%E4%BB%A3%E7%90%86%E6%9C%8D%E5%8A%A1%E5%99%A8%E6%90%AD%E5%BB%BA%E6%96%B9%E6%A1%88	https://www.kuaishou.com/search/%E4%BB%A3%E7%90%86%E6%9C%8D%E5%8A%A1%E5%99%A8%E6%90%AD%E5%BB%BA%E6%96%B9%E6%A1%88	代理与IP	配置排障	C	false	false	1
2002	代理服务器搭建视频	%E4%BB%A3%E7%90%86%E6%9C%8D%E5%8A%A1%E5%99%A8%E6%90%AD%E5%BB%BA%E8%A7%86%E9%A2%91	https://www.kuaishou.com/search/%E4%BB%A3%E7%90%86%E6%9C%8D%E5%8A%A1%E5%99%A8%E6%90%AD%E5%BB%BA%E8%A7%86%E9%A2%91	代理与IP	配置排障	C	false	false	1
2003	代理服务器软件部署	%E4%BB%A3%E7%90%86%E6%9C%8D%E5%8A%A1%E5%99%A8%E8%BD%AF%E4%BB%B6%E9%83%A8%E7%BD%B2	https://www.kuaishou.com/search/%E4%BB%A3%E7%90%86%E6%9C%8D%E5%8A%A1%E5%99%A8%E8%BD%AF%E4%BB%B6%E9%83%A8%E7%BD%B2	代理与IP	下载安装	C	false	false	1
2004	住宅ip怎么使用	%E4%BD%8F%E5%AE%85ip%E6%80%8E%E4%B9%88%E4%BD%BF%E7%94%A8	https://www.kuaishou.com/search/%E4%BD%8F%E5%AE%85ip%E6%80%8E%E4%B9%88%E4%BD%BF%E7%94%A8	代理与IP	配置排障	C	false	false	1
2005	全球节点订阅	%E5%85%A8%E7%90%83%E8%8A%82%E7%82%B9%E8%AE%A2%E9%98%85	https://www.kuaishou.com/search/%E5%85%A8%E7%90%83%E8%8A%82%E7%82%B9%E8%AE%A2%E9%98%85	关联网络需求	代理与IP	C	true	false	1
2006	内网穿透cpolar	%E5%86%85%E7%BD%91%E7%A9%BF%E9%80%8Fcpolar	https://www.kuaishou.com/search/%E5%86%85%E7%BD%91%E7%A9%BF%E9%80%8Fcpolar	企业网络	企业办公	C	false	false	1
2007	内网穿透违法吗	%E5%86%85%E7%BD%91%E7%A9%BF%E9%80%8F%E8%BF%9D%E6%B3%95%E5%90%97	https://www.kuaishou.com/search/%E5%86%85%E7%BD%91%E7%A9%BF%E9%80%8F%E8%BF%9D%E6%B3%95%E5%90%97	企业网络	企业办公	C	false	false	1
2008	台湾上网卡	%E5%8F%B0%E6%B9%BE%E4%B8%8A%E7%BD%91%E5%8D%A1	https://www.kuaishou.com/search/%E5%8F%B0%E6%B9%BE%E4%B8%8A%E7%BD%91%E5%8D%A1	关联网络需求	泛需求	C	false	false	1
2009	国外网站facebook	%E5%9B%BD%E5%A4%96%E7%BD%91%E7%AB%99facebook	https://www.kuaishou.com/search/%E5%9B%BD%E5%A4%96%E7%BD%91%E7%AB%99facebook	关联网络需求	泛需求	C	false	false	1
2010	国际网络加速服务	%E5%9B%BD%E9%99%85%E7%BD%91%E7%BB%9C%E5%8A%A0%E9%80%9F%E6%9C%8D%E5%8A%A1	https://www.kuaishou.com/search/%E5%9B%BD%E9%99%85%E7%BD%91%E7%BB%9C%E5%8A%A0%E9%80%9F%E6%9C%8D%E5%8A%A1	网络加速	泛需求	C	false	false	1
2011	境外网站如何访问	%E5%A2%83%E5%A4%96%E7%BD%91%E7%AB%99%E5%A6%82%E4%BD%95%E8%AE%BF%E9%97%AE	https://www.kuaishou.com/search/%E5%A2%83%E5%A4%96%E7%BD%91%E7%AB%99%E5%A6%82%E4%BD%95%E8%AE%BF%E9%97%AE	关联网络需求	配置排障	C	false	false	1
2012	外网看中国	%E5%A4%96%E7%BD%91%E7%9C%8B%E4%B8%AD%E5%9B%BD	https://www.kuaishou.com/search/%E5%A4%96%E7%BD%91%E7%9C%8B%E4%B8%AD%E5%9B%BD	关联网络需求	泛需求	C	false	false	1
2013	外网访问是什么意思	%E5%A4%96%E7%BD%91%E8%AE%BF%E9%97%AE%E6%98%AF%E4%BB%80%E4%B9%88%E6%84%8F%E6%80%9D	https://www.kuaishou.com/search/%E5%A4%96%E7%BD%91%E8%AE%BF%E9%97%AE%E6%98%AF%E4%BB%80%E4%B9%88%E6%84%8F%E6%80%9D	关联网络需求	科普原理	C	false	false	1
2014	怎么实现一条网线多个独立ip	%E6%80%8E%E4%B9%88%E5%AE%9E%E7%8E%B0%E4%B8%80%E6%9D%A1%E7%BD%91%E7%BA%BF%E5%A4%9A%E4%B8%AA%E7%8B%AC%E7%AB%8Bip	https://www.kuaishou.com/search/%E6%80%8E%E4%B9%88%E5%AE%9E%E7%8E%B0%E4%B8%80%E6%9D%A1%E7%BD%91%E7%BA%BF%E5%A4%9A%E4%B8%AA%E7%8B%AC%E7%AB%8Bip	代理与IP	配置排障	C	false	false	1
2015	怎么设置静态ip	%E6%80%8E%E4%B9%88%E8%AE%BE%E7%BD%AE%E9%9D%99%E6%80%81ip	https://www.kuaishou.com/search/%E6%80%8E%E4%B9%88%E8%AE%BE%E7%BD%AE%E9%9D%99%E6%80%81ip	代理与IP	配置排障	C	false	false	1
2016	怎样解决网络延迟卡顿	%E6%80%8E%E6%A0%B7%E8%A7%A3%E5%86%B3%E7%BD%91%E7%BB%9C%E5%BB%B6%E8%BF%9F%E5%8D%A1%E9%A1%BF	https://www.kuaishou.com/search/%E6%80%8E%E6%A0%B7%E8%A7%A3%E5%86%B3%E7%BD%91%E7%BB%9C%E5%BB%B6%E8%BF%9F%E5%8D%A1%E9%A1%BF	关联网络需求	泛需求	C	false	false	1
2017	校园网卡顿怎么处理	%E6%A0%A1%E5%9B%AD%E7%BD%91%E5%8D%A1%E9%A1%BF%E6%80%8E%E4%B9%88%E5%A4%84%E7%90%86	https://www.kuaishou.com/search/%E6%A0%A1%E5%9B%AD%E7%BD%91%E5%8D%A1%E9%A1%BF%E6%80%8E%E4%B9%88%E5%A4%84%E7%90%86	关联网络需求	配置排障	C	false	false	1
2018	校园网卡顿怎么设置	%E6%A0%A1%E5%9B%AD%E7%BD%91%E5%8D%A1%E9%A1%BF%E6%80%8E%E4%B9%88%E8%AE%BE%E7%BD%AE	https://www.kuaishou.com/search/%E6%A0%A1%E5%9B%AD%E7%BD%91%E5%8D%A1%E9%A1%BF%E6%80%8E%E4%B9%88%E8%AE%BE%E7%BD%AE	关联网络需求	配置排障	C	false	false	1
2019	海外购	%E6%B5%B7%E5%A4%96%E8%B4%AD	https://www.kuaishou.com/search/%E6%B5%B7%E5%A4%96%E8%B4%AD	跨境与海外网络	跨境外贸	C	false	false	1
2020	电脑telegram连接不上	%E7%94%B5%E8%84%91telegram%E8%BF%9E%E6%8E%A5%E4%B8%8D%E4%B8%8A	https://www.kuaishou.com/search/%E7%94%B5%E8%84%91telegram%E8%BF%9E%E6%8E%A5%E4%B8%8D%E4%B8%8A	关联网络需求	配置排障	C	false	false	1
2021	移动apn设置	%E7%A7%BB%E5%8A%A8apn%E8%AE%BE%E7%BD%AE	https://www.kuaishou.com/search/%E7%A7%BB%E5%8A%A8apn%E8%AE%BE%E7%BD%AE	关联网络需求	配置排障	C	false	false	1
2022	网络加速工具	%E7%BD%91%E7%BB%9C%E5%8A%A0%E9%80%9F%E5%B7%A5%E5%85%B7	https://www.kuaishou.com/search/%E7%BD%91%E7%BB%9C%E5%8A%A0%E9%80%9F%E5%B7%A5%E5%85%B7	网络加速	泛需求	C	false	false	1
2023	网络加速开好还是不开好	%E7%BD%91%E7%BB%9C%E5%8A%A0%E9%80%9F%E5%BC%80%E5%A5%BD%E8%BF%98%E6%98%AF%E4%B8%8D%E5%BC%80%E5%A5%BD	https://www.kuaishou.com/search/%E7%BD%91%E7%BB%9C%E5%8A%A0%E9%80%9F%E5%BC%80%E5%A5%BD%E8%BF%98%E6%98%AF%E4%B8%8D%E5%BC%80%E5%A5%BD	网络加速	泛需求	C	false	false	1
2024	网络延迟不高但是卡顿	%E7%BD%91%E7%BB%9C%E5%BB%B6%E8%BF%9F%E4%B8%8D%E9%AB%98%E4%BD%86%E6%98%AF%E5%8D%A1%E9%A1%BF	https://www.kuaishou.com/search/%E7%BD%91%E7%BB%9C%E5%BB%B6%E8%BF%9F%E4%B8%8D%E9%AB%98%E4%BD%86%E6%98%AF%E5%8D%A1%E9%A1%BF	关联网络需求	泛需求	C	false	false	1
2025	虚拟局域网radmin	%E8%99%9A%E6%8B%9F%E5%B1%80%E5%9F%9F%E7%BD%91radmin	https://www.kuaishou.com/search/%E8%99%9A%E6%8B%9F%E5%B1%80%E5%9F%9F%E7%BD%91radmin	关联网络需求	泛需求	C	false	false	1
2026	虚拟局域网搭建	%E8%99%9A%E6%8B%9F%E5%B1%80%E5%9F%9F%E7%BD%91%E6%90%AD%E5%BB%BA	https://www.kuaishou.com/search/%E8%99%9A%E6%8B%9F%E5%B1%80%E5%9F%9F%E7%BD%91%E6%90%AD%E5%BB%BA	关联网络需求	配置排障	C	false	false	1
2027	防关联ip	%E9%98%B2%E5%85%B3%E8%81%94ip	https://www.kuaishou.com/search/%E9%98%B2%E5%85%B3%E8%81%94ip	代理与IP	代理与IP	C	false	false	1
2028	防关联浏览器的原理	%E9%98%B2%E5%85%B3%E8%81%94%E6%B5%8F%E8%A7%88%E5%99%A8%E7%9A%84%E5%8E%9F%E7%90%86	https://www.kuaishou.com/search/%E9%98%B2%E5%85%B3%E8%81%94%E6%B5%8F%E8%A7%88%E5%99%A8%E7%9A%84%E5%8E%9F%E7%90%86	代理与IP	科普原理	C	false	false	1
2029	随身wifi上飞机	%E9%9A%8F%E8%BA%ABwifi%E4%B8%8A%E9%A3%9E%E6%9C%BA	https://www.kuaishou.com/search/%E9%9A%8F%E8%BA%ABwifi%E4%B8%8A%E9%A3%9E%E6%9C%BA	关联网络需求	泛需求	C	false	false	1
2030	随身wifi助手github	%E9%9A%8F%E8%BA%ABwifi%E5%8A%A9%E6%89%8Bgithub	https://www.kuaishou.com/search/%E9%9A%8F%E8%BA%ABwifi%E5%8A%A9%E6%89%8Bgithub	关联网络需求	泛需求	C	false	false	1
2031	随身wifi哪个牌子好信号稳定快	%E9%9A%8F%E8%BA%ABwifi%E5%93%AA%E4%B8%AA%E7%89%8C%E5%AD%90%E5%A5%BD%E4%BF%A1%E5%8F%B7%E7%A8%B3%E5%AE%9A%E5%BF%AB	https://www.kuaishou.com/search/%E9%9A%8F%E8%BA%ABwifi%E5%93%AA%E4%B8%AA%E7%89%8C%E5%AD%90%E5%A5%BD%E4%BF%A1%E5%8F%B7%E7%A8%B3%E5%AE%9A%E5%BF%AB	关联网络需求	泛需求	C	false	false	1
2032	随身无线宽带怎么样	%E9%9A%8F%E8%BA%AB%E6%97%A0%E7%BA%BF%E5%AE%BD%E5%B8%A6%E6%80%8E%E4%B9%88%E6%A0%B7	https://www.kuaishou.com/search/%E9%9A%8F%E8%BA%AB%E6%97%A0%E7%BA%BF%E5%AE%BD%E5%B8%A6%E6%80%8E%E4%B9%88%E6%A0%B7	关联网络需求	配置排障	C	false	false	1
2033	静态ip怎么使用	%E9%9D%99%E6%80%81ip%E6%80%8E%E4%B9%88%E4%BD%BF%E7%94%A8	https://www.kuaishou.com/search/%E9%9D%99%E6%80%81ip%E6%80%8E%E4%B9%88%E4%BD%BF%E7%94%A8	代理与IP	配置排障	C	false	false	1
2034	静态ip怎么用	%E9%9D%99%E6%80%81ip%E6%80%8E%E4%B9%88%E7%94%A8	https://www.kuaishou.com/search/%E9%9D%99%E6%80%81ip%E6%80%8E%E4%B9%88%E7%94%A8	代理与IP	配置排障	C	false	false	1
2035	静态ip怎么获取	%E9%9D%99%E6%80%81ip%E6%80%8E%E4%B9%88%E8%8E%B7%E5%8F%96	https://www.kuaishou.com/search/%E9%9D%99%E6%80%81ip%E6%80%8E%E4%B9%88%E8%8E%B7%E5%8F%96	代理与IP	配置排障	C	false	false	1
2036	静态ip怎么设置linux	%E9%9D%99%E6%80%81ip%E6%80%8E%E4%B9%88%E8%AE%BE%E7%BD%AElinux	https://www.kuaishou.com/search/%E9%9D%99%E6%80%81ip%E6%80%8E%E4%B9%88%E8%AE%BE%E7%BD%AElinux	代理与IP	配置排障	C	false	false	1
2037	2. 你了解的跨境电商平台都有哪些简要介绍	2.%20%E4%BD%A0%E4%BA%86%E8%A7%A3%E7%9A%84%E8%B7%A8%E5%A2%83%E7%94%B5%E5%95%86%E5%B9%B3%E5%8F%B0%E9%83%BD%E6%9C%89%E5%93%AA%E4%BA%9B%E7%AE%80%E8%A6%81%E4%BB%8B%E7%BB%8D	https://www.kuaishou.com/search/2.%20%E4%BD%A0%E4%BA%86%E8%A7%A3%E7%9A%84%E8%B7%A8%E5%A2%83%E7%94%B5%E5%95%86%E5%B9%B3%E5%8F%B0%E9%83%BD%E6%9C%89%E5%93%AA%E4%BA%9B%E7%AE%80%E8%A6%81%E4%BB%8B%E7%BB%8D	跨境与海外网络	跨境外贸	C	false	false	1
2038	apn设置为ctnet	apn%E8%AE%BE%E7%BD%AE%E4%B8%BActnet	https://www.kuaishou.com/search/apn%E8%AE%BE%E7%BD%AE%E4%B8%BActnet	关联网络需求	配置排障	C	false	false	1
2039	clash连接不上telegram	clash%E8%BF%9E%E6%8E%A5%E4%B8%8D%E4%B8%8Atelegram	https://www.kuaishou.com/search/clash%E8%BF%9E%E6%8E%A5%E4%B8%8D%E4%B8%8Atelegram	关联网络需求	配置排障	C	false	false	1
2040	sd-wan锐捷	sd-wan%E9%94%90%E6%8D%B7	https://www.kuaishou.com/search/sd-wan%E9%94%90%E6%8D%B7	企业网络	企业办公	C	false	false	1
2041	steam国区限制取消	steam%E5%9B%BD%E5%8C%BA%E9%99%90%E5%88%B6%E5%8F%96%E6%B6%88	https://www.kuaishou.com/search/steam%E5%9B%BD%E5%8C%BA%E9%99%90%E5%88%B6%E5%8F%96%E6%B6%88	关联网络需求	泛需求	C	false	false	1
2042	tiktok下载了为什么没网络连接	tiktok%E4%B8%8B%E8%BD%BD%E4%BA%86%E4%B8%BA%E4%BB%80%E4%B9%88%E6%B2%A1%E7%BD%91%E7%BB%9C%E8%BF%9E%E6%8E%A5	https://www.kuaishou.com/search/tiktok%E4%B8%8B%E8%BD%BD%E4%BA%86%E4%B8%BA%E4%BB%80%E4%B9%88%E6%B2%A1%E7%BD%91%E7%BB%9C%E8%BF%9E%E6%8E%A5	跨境与海外网络	跨境外贸	C	false	false	1
2043	tiktok国际版无法连接网络	tiktok%E5%9B%BD%E9%99%85%E7%89%88%E6%97%A0%E6%B3%95%E8%BF%9E%E6%8E%A5%E7%BD%91%E7%BB%9C	https://www.kuaishou.com/search/tiktok%E5%9B%BD%E9%99%85%E7%89%88%E6%97%A0%E6%B3%95%E8%BF%9E%E6%8E%A5%E7%BD%91%E7%BB%9C	跨境与海外网络	跨境外贸	C	false	false	1
2044	tiktok怎么搭建网络环境	tiktok%E6%80%8E%E4%B9%88%E6%90%AD%E5%BB%BA%E7%BD%91%E7%BB%9C%E7%8E%AF%E5%A2%83	https://www.kuaishou.com/search/tiktok%E6%80%8E%E4%B9%88%E6%90%AD%E5%BB%BA%E7%BD%91%E7%BB%9C%E7%8E%AF%E5%A2%83	跨境与海外网络	跨境外贸	C	false	false	1
2045	tiktok无网络怎么办	tiktok%E6%97%A0%E7%BD%91%E7%BB%9C%E6%80%8E%E4%B9%88%E5%8A%9E	https://www.kuaishou.com/search/tiktok%E6%97%A0%E7%BD%91%E7%BB%9C%E6%80%8E%E4%B9%88%E5%8A%9E	跨境与海外网络	跨境外贸	C	false	false	1
2046	tiktok注册网络连接不稳定	tiktok%E6%B3%A8%E5%86%8C%E7%BD%91%E7%BB%9C%E8%BF%9E%E6%8E%A5%E4%B8%8D%E7%A8%B3%E5%AE%9A	https://www.kuaishou.com/search/tiktok%E6%B3%A8%E5%86%8C%E7%BD%91%E7%BB%9C%E8%BF%9E%E6%8E%A5%E4%B8%8D%E7%A8%B3%E5%AE%9A	跨境与海外网络	跨境外贸	C	false	false	1
2047	tiktok网络连接不稳定怎么办	tiktok%E7%BD%91%E7%BB%9C%E8%BF%9E%E6%8E%A5%E4%B8%8D%E7%A8%B3%E5%AE%9A%E6%80%8E%E4%B9%88%E5%8A%9E	https://www.kuaishou.com/search/tiktok%E7%BD%91%E7%BB%9C%E8%BF%9E%E6%8E%A5%E4%B8%8D%E7%A8%B3%E5%AE%9A%E6%80%8E%E4%B9%88%E5%8A%9E	跨境与海外网络	跨境外贸	C	false	false	1
2048	tiktok网络连接不稳定怎么办苹果	tiktok%E7%BD%91%E7%BB%9C%E8%BF%9E%E6%8E%A5%E4%B8%8D%E7%A8%B3%E5%AE%9A%E6%80%8E%E4%B9%88%E5%8A%9E%E8%8B%B9%E6%9E%9C	https://www.kuaishou.com/search/tiktok%E7%BD%91%E7%BB%9C%E8%BF%9E%E6%8E%A5%E4%B8%8D%E7%A8%B3%E5%AE%9A%E6%80%8E%E4%B9%88%E5%8A%9E%E8%8B%B9%E6%9E%9C	跨境与海外网络	跨境外贸	C	false	false	1
2049	tiktok网络问题10最新版本更新内容	tiktok%E7%BD%91%E7%BB%9C%E9%97%AE%E9%A2%9810%E6%9C%80%E6%96%B0%E7%89%88%E6%9C%AC%E6%9B%B4%E6%96%B0%E5%86%85%E5%AE%B9	https://www.kuaishou.com/search/tiktok%E7%BD%91%E7%BB%9C%E9%97%AE%E9%A2%9810%E6%9C%80%E6%96%B0%E7%89%88%E6%9C%AC%E6%9B%B4%E6%96%B0%E5%86%85%E5%AE%B9	跨境与海外网络	跨境外贸	C	false	false	1
2050	tk跨境网络搭建	tk%E8%B7%A8%E5%A2%83%E7%BD%91%E7%BB%9C%E6%90%AD%E5%BB%BA	https://www.kuaishou.com/search/tk%E8%B7%A8%E5%A2%83%E7%BD%91%E7%BB%9C%E6%90%AD%E5%BB%BA	跨境与海外网络	跨境外贸	C	false	false	1
2051	vivo应用商店海外版	vivo%E5%BA%94%E7%94%A8%E5%95%86%E5%BA%97%E6%B5%B7%E5%A4%96%E7%89%88	https://www.kuaishou.com/search/vivo%E5%BA%94%E7%94%A8%E5%95%86%E5%BA%97%E6%B5%B7%E5%A4%96%E7%89%88	跨境与海外网络	跨境外贸	C	false	false	1
2052	www.tiktok.com关闭了连接	www.tiktok.com%E5%85%B3%E9%97%AD%E4%BA%86%E8%BF%9E%E6%8E%A5	https://www.kuaishou.com/search/www.tiktok.com%E5%85%B3%E9%97%AD%E4%BA%86%E8%BF%9E%E6%8E%A5	跨境与海外网络	跨境外贸	C	false	false	1
2053	zerotier异地组网	zerotier%E5%BC%82%E5%9C%B0%E7%BB%84%E7%BD%91	https://www.kuaishou.com/search/zerotier%E5%BC%82%E5%9C%B0%E7%BB%84%E7%BD%91	企业网络	企业办公	C	false	false	1
2054	‎shadowrocket设置	%E2%80%8Eshadowrocket%E8%AE%BE%E7%BD%AE	https://www.kuaishou.com/search/%E2%80%8Eshadowrocket%E8%AE%BE%E7%BD%AE	关联网络需求	配置排障	C	false	false	1
2055	上网卡中国	%E4%B8%8A%E7%BD%91%E5%8D%A1%E4%B8%AD%E5%9B%BD	https://www.kuaishou.com/search/%E4%B8%8A%E7%BD%91%E5%8D%A1%E4%B8%AD%E5%9B%BD	关联网络需求	泛需求	C	false	false	1
2056	上网卡托	%E4%B8%8A%E7%BD%91%E5%8D%A1%E6%89%98	https://www.kuaishou.com/search/%E4%B8%8A%E7%BD%91%E5%8D%A1%E6%89%98	关联网络需求	泛需求	C	false	false	1
2057	上网卡顿怎么处理	%E4%B8%8A%E7%BD%91%E5%8D%A1%E9%A1%BF%E6%80%8E%E4%B9%88%E5%A4%84%E7%90%86	https://www.kuaishou.com/search/%E4%B8%8A%E7%BD%91%E5%8D%A1%E9%A1%BF%E6%80%8E%E4%B9%88%E5%A4%84%E7%90%86	关联网络需求	配置排障	C	false	false	1
2058	下载海外软件	%E4%B8%8B%E8%BD%BD%E6%B5%B7%E5%A4%96%E8%BD%AF%E4%BB%B6	https://www.kuaishou.com/search/%E4%B8%8B%E8%BD%BD%E6%B5%B7%E5%A4%96%E8%BD%AF%E4%BB%B6	跨境与海外网络	跨境外贸	C	false	false	1
2059	中国联通上网卡	%E4%B8%AD%E5%9B%BD%E8%81%94%E9%80%9A%E4%B8%8A%E7%BD%91%E5%8D%A1	https://www.kuaishou.com/search/%E4%B8%AD%E5%9B%BD%E8%81%94%E9%80%9A%E4%B8%8A%E7%BD%91%E5%8D%A1	关联网络需求	泛需求	C	false	false	1
2060	为什么telegram一直在连接中	%E4%B8%BA%E4%BB%80%E4%B9%88telegram%E4%B8%80%E7%9B%B4%E5%9C%A8%E8%BF%9E%E6%8E%A5%E4%B8%AD	https://www.kuaishou.com/search/%E4%B8%BA%E4%BB%80%E4%B9%88telegram%E4%B8%80%E7%9B%B4%E5%9C%A8%E8%BF%9E%E6%8E%A5%E4%B8%AD	关联网络需求	配置排障	C	false	false	1
2061	亚马逊海外购app下载	%E4%BA%9A%E9%A9%AC%E9%80%8A%E6%B5%B7%E5%A4%96%E8%B4%ADapp%E4%B8%8B%E8%BD%BD	https://www.kuaishou.com/search/%E4%BA%9A%E9%A9%AC%E9%80%8A%E6%B5%B7%E5%A4%96%E8%B4%ADapp%E4%B8%8B%E8%BD%BD	跨境与海外网络	跨境外贸	C	false	false	1
2062	亚马逊网络关联	%E4%BA%9A%E9%A9%AC%E9%80%8A%E7%BD%91%E7%BB%9C%E5%85%B3%E8%81%94	https://www.kuaishou.com/search/%E4%BA%9A%E9%A9%AC%E9%80%8A%E7%BD%91%E7%BB%9C%E5%85%B3%E8%81%94	跨境与海外网络	跨境外贸	C	false	false	1
2063	亚马逊网络服务有限责任公司	%E4%BA%9A%E9%A9%AC%E9%80%8A%E7%BD%91%E7%BB%9C%E6%9C%8D%E5%8A%A1%E6%9C%89%E9%99%90%E8%B4%A3%E4%BB%BB%E5%85%AC%E5%8F%B8	https://www.kuaishou.com/search/%E4%BA%9A%E9%A9%AC%E9%80%8A%E7%BD%91%E7%BB%9C%E6%9C%8D%E5%8A%A1%E6%9C%89%E9%99%90%E8%B4%A3%E4%BB%BB%E5%85%AC%E5%8F%B8	跨境与海外网络	企业办公	C	false	false	1
2064	代理服务器可能有问题,或地址不正确怎么办	%E4%BB%A3%E7%90%86%E6%9C%8D%E5%8A%A1%E5%99%A8%E5%8F%AF%E8%83%BD%E6%9C%89%E9%97%AE%E9%A2%98%2C%E6%88%96%E5%9C%B0%E5%9D%80%E4%B8%8D%E6%AD%A3%E7%A1%AE%E6%80%8E%E4%B9%88%E5%8A%9E	https://www.kuaishou.com/search/%E4%BB%A3%E7%90%86%E6%9C%8D%E5%8A%A1%E5%99%A8%E5%8F%AF%E8%83%BD%E6%9C%89%E9%97%AE%E9%A2%98%2C%E6%88%96%E5%9C%B0%E5%9D%80%E4%B8%8D%E6%AD%A3%E7%A1%AE%E6%80%8E%E4%B9%88%E5%8A%9E	代理与IP	配置排障	C	false	false	1
2065	代理服务器搭建需求	%E4%BB%A3%E7%90%86%E6%9C%8D%E5%8A%A1%E5%99%A8%E6%90%AD%E5%BB%BA%E9%9C%80%E6%B1%82	https://www.kuaishou.com/search/%E4%BB%A3%E7%90%86%E6%9C%8D%E5%8A%A1%E5%99%A8%E6%90%AD%E5%BB%BA%E9%9C%80%E6%B1%82	代理与IP	配置排障	C	false	false	1
2066	单纯访问外网犯法吗	%E5%8D%95%E7%BA%AF%E8%AE%BF%E9%97%AE%E5%A4%96%E7%BD%91%E7%8A%AF%E6%B3%95%E5%90%97	https://www.kuaishou.com/search/%E5%8D%95%E7%BA%AF%E8%AE%BF%E9%97%AE%E5%A4%96%E7%BD%91%E7%8A%AF%E6%B3%95%E5%90%97	关联网络需求	泛需求	C	false	false	1
2067	国外网站查资料	%E5%9B%BD%E5%A4%96%E7%BD%91%E7%AB%99%E6%9F%A5%E8%B5%84%E6%96%99	https://www.kuaishou.com/search/%E5%9B%BD%E5%A4%96%E7%BD%91%E7%AB%99%E6%9F%A5%E8%B5%84%E6%96%99	关联网络需求	泛需求	C	false	false	1
2068	国际专线拨打电话也可语音信箱仅留言文字	%E5%9B%BD%E9%99%85%E4%B8%93%E7%BA%BF%E6%8B%A8%E6%89%93%E7%94%B5%E8%AF%9D%E4%B9%9F%E5%8F%AF%E8%AF%AD%E9%9F%B3%E4%BF%A1%E7%AE%B1%E4%BB%85%E7%95%99%E8%A8%80%E6%96%87%E5%AD%97	https://www.kuaishou.com/search/%E5%9B%BD%E9%99%85%E4%B8%93%E7%BA%BF%E6%8B%A8%E6%89%93%E7%94%B5%E8%AF%9D%E4%B9%9F%E5%8F%AF%E8%AF%AD%E9%9F%B3%E4%BF%A1%E7%AE%B1%E4%BB%85%E7%95%99%E8%A8%80%E6%96%87%E5%AD%97	跨境与海外网络	跨境外贸	C	false	false	1
2069	境外网站备案	%E5%A2%83%E5%A4%96%E7%BD%91%E7%AB%99%E5%A4%87%E6%A1%88	https://www.kuaishou.com/search/%E5%A2%83%E5%A4%96%E7%BD%91%E7%AB%99%E5%A4%87%E6%A1%88	关联网络需求	泛需求	C	false	false	1
2070	外网app	%E5%A4%96%E7%BD%91app	https://www.kuaishou.com/search/%E5%A4%96%E7%BD%91app	关联网络需求	下载安装	C	false	false	1
2071	外网聊天软件app	%E5%A4%96%E7%BD%91%E8%81%8A%E5%A4%A9%E8%BD%AF%E4%BB%B6app	https://www.kuaishou.com/search/%E5%A4%96%E7%BD%91%E8%81%8A%E5%A4%A9%E8%BD%AF%E4%BB%B6app	关联网络需求	下载安装	C	false	false	1
2072	外网视频网站	%E5%A4%96%E7%BD%91%E8%A7%86%E9%A2%91%E7%BD%91%E7%AB%99	https://www.kuaishou.com/search/%E5%A4%96%E7%BD%91%E8%A7%86%E9%A2%91%E7%BD%91%E7%AB%99	关联网络需求	泛需求	C	false	false	1
2073	外贸网络搭建是什么意思	%E5%A4%96%E8%B4%B8%E7%BD%91%E7%BB%9C%E6%90%AD%E5%BB%BA%E6%98%AF%E4%BB%80%E4%B9%88%E6%84%8F%E6%80%9D	https://www.kuaishou.com/search/%E5%A4%96%E8%B4%B8%E7%BD%91%E7%BB%9C%E6%90%AD%E5%BB%BA%E6%98%AF%E4%BB%80%E4%B9%88%E6%84%8F%E6%80%9D	跨境与海外网络	跨境外贸	C	false	false	1
2074	外贸网络环境	%E5%A4%96%E8%B4%B8%E7%BD%91%E7%BB%9C%E7%8E%AF%E5%A2%83	https://www.kuaishou.com/search/%E5%A4%96%E8%B4%B8%E7%BD%91%E7%BB%9C%E7%8E%AF%E5%A2%83	跨境与海外网络	跨境外贸	C	false	false	1
2075	异地组网和内网穿透的区别	%E5%BC%82%E5%9C%B0%E7%BB%84%E7%BD%91%E5%92%8C%E5%86%85%E7%BD%91%E7%A9%BF%E9%80%8F%E7%9A%84%E5%8C%BA%E5%88%AB	https://www.kuaishou.com/search/%E5%BC%82%E5%9C%B0%E7%BB%84%E7%BD%91%E5%92%8C%E5%86%85%E7%BD%91%E7%A9%BF%E9%80%8F%E7%9A%84%E5%8C%BA%E5%88%AB	企业网络	企业办公	C	false	false	1
2076	校园网卡顿的原因	%E6%A0%A1%E5%9B%AD%E7%BD%91%E5%8D%A1%E9%A1%BF%E7%9A%84%E5%8E%9F%E5%9B%A0	https://www.kuaishou.com/search/%E6%A0%A1%E5%9B%AD%E7%BD%91%E5%8D%A1%E9%A1%BF%E7%9A%84%E5%8E%9F%E5%9B%A0	关联网络需求	泛需求	C	false	false	1
2077	海外app下载排行	%E6%B5%B7%E5%A4%96app%E4%B8%8B%E8%BD%BD%E6%8E%92%E8%A1%8C	https://www.kuaishou.com/search/%E6%B5%B7%E5%A4%96app%E4%B8%8B%E8%BD%BD%E6%8E%92%E8%A1%8C	跨境与海外网络	跨境外贸	C	false	false	1
2078	海外iphone国内esim	%E6%B5%B7%E5%A4%96iphone%E5%9B%BD%E5%86%85esim	https://www.kuaishou.com/search/%E6%B5%B7%E5%A4%96iphone%E5%9B%BD%E5%86%85esim	跨境与海外网络	跨境外贸	C	false	false	1
2079	海外iphone盗難	%E6%B5%B7%E5%A4%96iphone%E7%9B%97%E9%9B%A3	https://www.kuaishou.com/search/%E6%B5%B7%E5%A4%96iphone%E7%9B%97%E9%9B%A3	跨境与海外网络	跨境外贸	C	false	false	1
2080	海外专线电视剧主角	%E6%B5%B7%E5%A4%96%E4%B8%93%E7%BA%BF%E7%94%B5%E8%A7%86%E5%89%A7%E4%B8%BB%E8%A7%92	https://www.kuaishou.com/search/%E6%B5%B7%E5%A4%96%E4%B8%93%E7%BA%BF%E7%94%B5%E8%A7%86%E5%89%A7%E4%B8%BB%E8%A7%92	跨境与海外网络	跨境外贸	C	false	false	1
2081	海外直播网络怎么连接	%E6%B5%B7%E5%A4%96%E7%9B%B4%E6%92%AD%E7%BD%91%E7%BB%9C%E6%80%8E%E4%B9%88%E8%BF%9E%E6%8E%A5	https://www.kuaishou.com/search/%E6%B5%B7%E5%A4%96%E7%9B%B4%E6%92%AD%E7%BD%91%E7%BB%9C%E6%80%8E%E4%B9%88%E8%BF%9E%E6%8E%A5	跨境与海外网络	跨境外贸	C	false	false	1
2082	海外软件下载平台官网	%E6%B5%B7%E5%A4%96%E8%BD%AF%E4%BB%B6%E4%B8%8B%E8%BD%BD%E5%B9%B3%E5%8F%B0%E5%AE%98%E7%BD%91	https://www.kuaishou.com/search/%E6%B5%B7%E5%A4%96%E8%BD%AF%E4%BB%B6%E4%B8%8B%E8%BD%BD%E5%B9%B3%E5%8F%B0%E5%AE%98%E7%BD%91	跨境与海外网络	跨境外贸	C	false	false	1
2083	电脑静态ip怎么设置	%E7%94%B5%E8%84%91%E9%9D%99%E6%80%81ip%E6%80%8E%E4%B9%88%E8%AE%BE%E7%BD%AE	https://www.kuaishou.com/search/%E7%94%B5%E8%84%91%E9%9D%99%E6%80%81ip%E6%80%8E%E4%B9%88%E8%AE%BE%E7%BD%AE	代理与IP	配置排障	C	false	false	1
2084	登录tiktok无网络连接	%E7%99%BB%E5%BD%95tiktok%E6%97%A0%E7%BD%91%E7%BB%9C%E8%BF%9E%E6%8E%A5	https://www.kuaishou.com/search/%E7%99%BB%E5%BD%95tiktok%E6%97%A0%E7%BD%91%E7%BB%9C%E8%BF%9E%E6%8E%A5	跨境与海外网络	跨境外贸	C	false	false	1
2085	登录tiktok网络不稳定	%E7%99%BB%E5%BD%95tiktok%E7%BD%91%E7%BB%9C%E4%B8%8D%E7%A8%B3%E5%AE%9A	https://www.kuaishou.com/search/%E7%99%BB%E5%BD%95tiktok%E7%BD%91%E7%BB%9C%E4%B8%8D%E7%A8%B3%E5%AE%9A	跨境与海外网络	跨境外贸	C	false	false	1
2086	社媒账号防关联	%E7%A4%BE%E5%AA%92%E8%B4%A6%E5%8F%B7%E9%98%B2%E5%85%B3%E8%81%94	https://www.kuaishou.com/search/%E7%A4%BE%E5%AA%92%E8%B4%A6%E5%8F%B7%E9%98%B2%E5%85%B3%E8%81%94	代理与IP	代理与IP	C	false	false	1
2087	纯净住宅ip	%E7%BA%AF%E5%87%80%E4%BD%8F%E5%AE%85ip	https://www.kuaishou.com/search/%E7%BA%AF%E5%87%80%E4%BD%8F%E5%AE%85ip	代理与IP	代理与IP	C	false	false	1
2088	网络加速在哪里设置	%E7%BD%91%E7%BB%9C%E5%8A%A0%E9%80%9F%E5%9C%A8%E5%93%AA%E9%87%8C%E8%AE%BE%E7%BD%AE	https://www.kuaishou.com/search/%E7%BD%91%E7%BB%9C%E5%8A%A0%E9%80%9F%E5%9C%A8%E5%93%AA%E9%87%8C%E8%AE%BE%E7%BD%AE	网络加速	配置排障	C	false	false	1
2089	网络延迟缓慢怎么办	%E7%BD%91%E7%BB%9C%E5%BB%B6%E8%BF%9F%E7%BC%93%E6%85%A2%E6%80%8E%E4%B9%88%E5%8A%9E	https://www.kuaishou.com/search/%E7%BD%91%E7%BB%9C%E5%BB%B6%E8%BF%9F%E7%BC%93%E6%85%A2%E6%80%8E%E4%B9%88%E5%8A%9E	关联网络需求	配置排障	C	false	false	1
2090	联通apn设置	%E8%81%94%E9%80%9Aapn%E8%AE%BE%E7%BD%AE	https://www.kuaishou.com/search/%E8%81%94%E9%80%9Aapn%E8%AE%BE%E7%BD%AE	关联网络需求	配置排障	C	false	false	1
2091	苹果手机tiktok显示无网络连接怎么办	%E8%8B%B9%E6%9E%9C%E6%89%8B%E6%9C%BAtiktok%E6%98%BE%E7%A4%BA%E6%97%A0%E7%BD%91%E7%BB%9C%E8%BF%9E%E6%8E%A5%E6%80%8E%E4%B9%88%E5%8A%9E	https://www.kuaishou.com/search/%E8%8B%B9%E6%9E%9C%E6%89%8B%E6%9C%BAtiktok%E6%98%BE%E7%A4%BA%E6%97%A0%E7%BD%91%E7%BB%9C%E8%BF%9E%E6%8E%A5%E6%80%8E%E4%B9%88%E5%8A%9E	跨境与海外网络	跨境外贸	C	false	false	1
2092	跨境专线服务	%E8%B7%A8%E5%A2%83%E4%B8%93%E7%BA%BF%E6%9C%8D%E5%8A%A1	https://www.kuaishou.com/search/%E8%B7%A8%E5%A2%83%E4%B8%93%E7%BA%BF%E6%9C%8D%E5%8A%A1	跨境与海外网络	跨境外贸	C	false	false	1
2093	跨境专线物流价格	%E8%B7%A8%E5%A2%83%E4%B8%93%E7%BA%BF%E7%89%A9%E6%B5%81%E4%BB%B7%E6%A0%BC	https://www.kuaishou.com/search/%E8%B7%A8%E5%A2%83%E4%B8%93%E7%BA%BF%E7%89%A9%E6%B5%81%E4%BB%B7%E6%A0%BC	跨境与海外网络	跨境外贸	C	false	false	1
2094	跨境国际专线	%E8%B7%A8%E5%A2%83%E5%9B%BD%E9%99%85%E4%B8%93%E7%BA%BF	https://www.kuaishou.com/search/%E8%B7%A8%E5%A2%83%E5%9B%BD%E9%99%85%E4%B8%93%E7%BA%BF	跨境与海外网络	跨境外贸	C	false	false	1
2095	跨境电商上网解决方案	%E8%B7%A8%E5%A2%83%E7%94%B5%E5%95%86%E4%B8%8A%E7%BD%91%E8%A7%A3%E5%86%B3%E6%96%B9%E6%A1%88	https://www.kuaishou.com/search/%E8%B7%A8%E5%A2%83%E7%94%B5%E5%95%86%E4%B8%8A%E7%BD%91%E8%A7%A3%E5%86%B3%E6%96%B9%E6%A1%88	跨境与海外网络	跨境外贸	C	false	false	1
2096	跨境电商诈骗怎么举报	%E8%B7%A8%E5%A2%83%E7%94%B5%E5%95%86%E8%AF%88%E9%AA%97%E6%80%8E%E4%B9%88%E4%B8%BE%E6%8A%A5	https://www.kuaishou.com/search/%E8%B7%A8%E5%A2%83%E7%94%B5%E5%95%86%E8%AF%88%E9%AA%97%E6%80%8E%E4%B9%88%E4%B8%BE%E6%8A%A5	跨境与海外网络	跨境外贸	C	false	false	1
2097	跨境直播网络如何检查网络干不干净	%E8%B7%A8%E5%A2%83%E7%9B%B4%E6%92%AD%E7%BD%91%E7%BB%9C%E5%A6%82%E4%BD%95%E6%A3%80%E6%9F%A5%E7%BD%91%E7%BB%9C%E5%B9%B2%E4%B8%8D%E5%B9%B2%E5%87%80	https://www.kuaishou.com/search/%E8%B7%A8%E5%A2%83%E7%9B%B4%E6%92%AD%E7%BD%91%E7%BB%9C%E5%A6%82%E4%BD%95%E6%A3%80%E6%9F%A5%E7%BD%91%E7%BB%9C%E5%B9%B2%E4%B8%8D%E5%B9%B2%E5%87%80	跨境与海外网络	跨境外贸	C	false	false	1
2098	跨境网络怎么连接	%E8%B7%A8%E5%A2%83%E7%BD%91%E7%BB%9C%E6%80%8E%E4%B9%88%E8%BF%9E%E6%8E%A5	https://www.kuaishou.com/search/%E8%B7%A8%E5%A2%83%E7%BD%91%E7%BB%9C%E6%80%8E%E4%B9%88%E8%BF%9E%E6%8E%A5	跨境与海外网络	跨境外贸	C	false	false	1
2099	跨境网络搭建怎么解决风险	%E8%B7%A8%E5%A2%83%E7%BD%91%E7%BB%9C%E6%90%AD%E5%BB%BA%E6%80%8E%E4%B9%88%E8%A7%A3%E5%86%B3%E9%A3%8E%E9%99%A9	https://www.kuaishou.com/search/%E8%B7%A8%E5%A2%83%E7%BD%91%E7%BB%9C%E6%90%AD%E5%BB%BA%E6%80%8E%E4%B9%88%E8%A7%A3%E5%86%B3%E9%A3%8E%E9%99%A9	跨境与海外网络	跨境外贸	C	false	false	1
2100	跨境网络服务商名词解释	%E8%B7%A8%E5%A2%83%E7%BD%91%E7%BB%9C%E6%9C%8D%E5%8A%A1%E5%95%86%E5%90%8D%E8%AF%8D%E8%A7%A3%E9%87%8A	https://www.kuaishou.com/search/%E8%B7%A8%E5%A2%83%E7%BD%91%E7%BB%9C%E6%9C%8D%E5%8A%A1%E5%95%86%E5%90%8D%E8%AF%8D%E8%A7%A3%E9%87%8A	跨境与海外网络	跨境外贸	C	false	false	1
2101	防关联浏览器的比较	%E9%98%B2%E5%85%B3%E8%81%94%E6%B5%8F%E8%A7%88%E5%99%A8%E7%9A%84%E6%AF%94%E8%BE%83	https://www.kuaishou.com/search/%E9%98%B2%E5%85%B3%E8%81%94%E6%B5%8F%E8%A7%88%E5%99%A8%E7%9A%84%E6%AF%94%E8%BE%83	代理与IP	代理与IP	C	false	false	1
2102	随身wifi哪个好	%E9%9A%8F%E8%BA%ABwifi%E5%93%AA%E4%B8%AA%E5%A5%BD	https://www.kuaishou.com/search/%E9%9A%8F%E8%BA%ABwifi%E5%93%AA%E4%B8%AA%E5%A5%BD	关联网络需求	选型购买	C	false	false	1
2103	随身wifi那个牌子好用又实惠	%E9%9A%8F%E8%BA%ABwifi%E9%82%A3%E4%B8%AA%E7%89%8C%E5%AD%90%E5%A5%BD%E7%94%A8%E5%8F%88%E5%AE%9E%E6%83%A0	https://www.kuaishou.com/search/%E9%9A%8F%E8%BA%ABwifi%E9%82%A3%E4%B8%AA%E7%89%8C%E5%AD%90%E5%A5%BD%E7%94%A8%E5%8F%88%E5%AE%9E%E6%83%A0	关联网络需求	选型购买	C	false	false	1
2104	随身无线宽带哪个最划算	%E9%9A%8F%E8%BA%AB%E6%97%A0%E7%BA%BF%E5%AE%BD%E5%B8%A6%E5%93%AA%E4%B8%AA%E6%9C%80%E5%88%92%E7%AE%97	https://www.kuaishou.com/search/%E9%9A%8F%E8%BA%AB%E6%97%A0%E7%BA%BF%E5%AE%BD%E5%B8%A6%E5%93%AA%E4%B8%AA%E6%9C%80%E5%88%92%E7%AE%97	关联网络需求	泛需求	C	false	false	1
2105	青岛打造跨境电商海外仓智慧服务网络赋能外贸企业扬帆出海	%E9%9D%92%E5%B2%9B%E6%89%93%E9%80%A0%E8%B7%A8%E5%A2%83%E7%94%B5%E5%95%86%E6%B5%B7%E5%A4%96%E4%BB%93%E6%99%BA%E6%85%A7%E6%9C%8D%E5%8A%A1%E7%BD%91%E7%BB%9C%E8%B5%8B%E8%83%BD%E5%A4%96%E8%B4%B8%E4%BC%81%E4%B8%9A%E6%89%AC%E5%B8%86%E5%87%BA%E6%B5%B7	https://www.kuaishou.com/search/%E9%9D%92%E5%B2%9B%E6%89%93%E9%80%A0%E8%B7%A8%E5%A2%83%E7%94%B5%E5%95%86%E6%B5%B7%E5%A4%96%E4%BB%93%E6%99%BA%E6%85%A7%E6%9C%8D%E5%8A%A1%E7%BD%91%E7%BB%9C%E8%B5%8B%E8%83%BD%E5%A4%96%E8%B4%B8%E4%BC%81%E4%B8%9A%E6%89%AC%E5%B8%86%E5%87%BA%E6%B5%B7	跨境与海外网络	企业办公	C	false	false	1
2106	静态ip使用	%E9%9D%99%E6%80%81ip%E4%BD%BF%E7%94%A8	https://www.kuaishou.com/search/%E9%9D%99%E6%80%81ip%E4%BD%BF%E7%94%A8	代理与IP	代理与IP	C	false	false	1
2107	静态ip地址	%E9%9D%99%E6%80%81ip%E5%9C%B0%E5%9D%80	https://www.kuaishou.com/search/%E9%9D%99%E6%80%81ip%E5%9C%B0%E5%9D%80	代理与IP	代理与IP	C	false	false	1
2108	静态ip怎么设置才能上网	%E9%9D%99%E6%80%81ip%E6%80%8E%E4%B9%88%E8%AE%BE%E7%BD%AE%E6%89%8D%E8%83%BD%E4%B8%8A%E7%BD%91	https://www.kuaishou.com/search/%E9%9D%99%E6%80%81ip%E6%80%8E%E4%B9%88%E8%AE%BE%E7%BD%AE%E6%89%8D%E8%83%BD%E4%B8%8A%E7%BD%91	代理与IP	配置排障	C	false	false	1
2109	静态ip机场	%E9%9D%99%E6%80%81ip%E6%9C%BA%E5%9C%BA	https://www.kuaishou.com/search/%E9%9D%99%E6%80%81ip%E6%9C%BA%E5%9C%BA	代理与IP	代理与IP	C	true	false	1
2110	静态ip网站	%E9%9D%99%E6%80%81ip%E7%BD%91%E7%AB%99	https://www.kuaishou.com/search/%E9%9D%99%E6%80%81ip%E7%BD%91%E7%AB%99	代理与IP	代理与IP	C	false	false	1
2111	apn设置移动	apn%E8%AE%BE%E7%BD%AE%E7%A7%BB%E5%8A%A8	https://www.kuaishou.com/search/apn%E8%AE%BE%E7%BD%AE%E7%A7%BB%E5%8A%A8	关联网络需求	配置排障	C	false	false	1
2112	frp内网穿透	frp%E5%86%85%E7%BD%91%E7%A9%BF%E9%80%8F	https://www.kuaishou.com/search/frp%E5%86%85%E7%BD%91%E7%A9%BF%E9%80%8F	企业网络	企业办公	C	false	false	1
2113	sd-wan configuration	sd-wan%20configuration	https://www.kuaishou.com/search/sd-wan%20configuration	企业网络	企业办公	C	false	false	1
2114	sd-wan设备	sd-wan%E8%AE%BE%E5%A4%87	https://www.kuaishou.com/search/sd-wan%E8%AE%BE%E5%A4%87	企业网络	企业办公	C	false	false	1
2115	shadowrocket.设置	shadowrocket.%E8%AE%BE%E7%BD%AE	https://www.kuaishou.com/search/shadowrocket.%E8%AE%BE%E7%BD%AE	关联网络需求	配置排障	C	false	false	1
2116	steam国区限制内容解锁	steam%E5%9B%BD%E5%8C%BA%E9%99%90%E5%88%B6%E5%86%85%E5%AE%B9%E8%A7%A3%E9%94%81	https://www.kuaishou.com/search/steam%E5%9B%BD%E5%8C%BA%E9%99%90%E5%88%B6%E5%86%85%E5%AE%B9%E8%A7%A3%E9%94%81	关联网络需求	泛需求	C	false	false	1
2117	telegram desktop连接不上	telegram%20desktop%E8%BF%9E%E6%8E%A5%E4%B8%8D%E4%B8%8A	https://www.kuaishou.com/search/telegram%20desktop%E8%BF%9E%E6%8E%A5%E4%B8%8D%E4%B8%8A	关联网络需求	配置排障	C	false	false	1
2118	telegram-x怎么设置中文	telegram-x%E6%80%8E%E4%B9%88%E8%AE%BE%E7%BD%AE%E4%B8%AD%E6%96%87	https://www.kuaishou.com/search/telegram-x%E6%80%8E%E4%B9%88%E8%AE%BE%E7%BD%AE%E4%B8%AD%E6%96%87	关联网络需求	配置排障	C	false	false	1
2119	tiktok无法联网	tiktok%E6%97%A0%E6%B3%95%E8%81%94%E7%BD%91	https://www.kuaishou.com/search/tiktok%E6%97%A0%E6%B3%95%E8%81%94%E7%BD%91	跨境与海外网络	跨境外贸	C	false	false	1
2120	tiktok没有网络连接的解决办法	tiktok%E6%B2%A1%E6%9C%89%E7%BD%91%E7%BB%9C%E8%BF%9E%E6%8E%A5%E7%9A%84%E8%A7%A3%E5%86%B3%E5%8A%9E%E6%B3%95	https://www.kuaishou.com/search/tiktok%E6%B2%A1%E6%9C%89%E7%BD%91%E7%BB%9C%E8%BF%9E%E6%8E%A5%E7%9A%84%E8%A7%A3%E5%86%B3%E5%8A%9E%E6%B3%95	跨境与海外网络	跨境外贸	C	false	false	1
2121	tiktok登录网络连接不稳定	tiktok%E7%99%BB%E5%BD%95%E7%BD%91%E7%BB%9C%E8%BF%9E%E6%8E%A5%E4%B8%8D%E7%A8%B3%E5%AE%9A	https://www.kuaishou.com/search/tiktok%E7%99%BB%E5%BD%95%E7%BD%91%E7%BB%9C%E8%BF%9E%E6%8E%A5%E4%B8%8D%E7%A8%B3%E5%AE%9A	跨境与海外网络	跨境外贸	C	false	false	1
2122	tiktok网络不太稳定	tiktok%E7%BD%91%E7%BB%9C%E4%B8%8D%E5%A4%AA%E7%A8%B3%E5%AE%9A	https://www.kuaishou.com/search/tiktok%E7%BD%91%E7%BB%9C%E4%B8%8D%E5%A4%AA%E7%A8%B3%E5%AE%9A	跨境与海外网络	跨境外贸	C	false	false	1
2123	tiktok网络不稳定登陆不上	tiktok%E7%BD%91%E7%BB%9C%E4%B8%8D%E7%A8%B3%E5%AE%9A%E7%99%BB%E9%99%86%E4%B8%8D%E4%B8%8A	https://www.kuaishou.com/search/tiktok%E7%BD%91%E7%BB%9C%E4%B8%8D%E7%A8%B3%E5%AE%9A%E7%99%BB%E9%99%86%E4%B8%8D%E4%B8%8A	跨境与海外网络	跨境外贸	C	false	false	1
2124	tiktok跨境电商网络搭建	tiktok%E8%B7%A8%E5%A2%83%E7%94%B5%E5%95%86%E7%BD%91%E7%BB%9C%E6%90%AD%E5%BB%BA	https://www.kuaishou.com/search/tiktok%E8%B7%A8%E5%A2%83%E7%94%B5%E5%95%86%E7%BD%91%E7%BB%9C%E6%90%AD%E5%BB%BA	跨境与海外网络	跨境外贸	C	false	false	1
2125	上网卡哪个又好又便宜	%E4%B8%8A%E7%BD%91%E5%8D%A1%E5%93%AA%E4%B8%AA%E5%8F%88%E5%A5%BD%E5%8F%88%E4%BE%BF%E5%AE%9C	https://www.kuaishou.com/search/%E4%B8%8A%E7%BD%91%E5%8D%A1%E5%93%AA%E4%B8%AA%E5%8F%88%E5%A5%BD%E5%8F%88%E4%BE%BF%E5%AE%9C	关联网络需求	泛需求	C	false	false	1
2126	上网卡达人	%E4%B8%8A%E7%BD%91%E5%8D%A1%E8%BE%BE%E4%BA%BA	https://www.kuaishou.com/search/%E4%B8%8A%E7%BD%91%E5%8D%A1%E8%BE%BE%E4%BA%BA	关联网络需求	泛需求	C	false	false	1
2127	上网卡通	%E4%B8%8A%E7%BD%91%E5%8D%A1%E9%80%9A	https://www.kuaishou.com/search/%E4%B8%8A%E7%BD%91%E5%8D%A1%E9%80%9A	关联网络需求	泛需求	C	false	false	1
2128	亚马逊网络服务(aws)	%E4%BA%9A%E9%A9%AC%E9%80%8A%E7%BD%91%E7%BB%9C%E6%9C%8D%E5%8A%A1%28aws%29	https://www.kuaishou.com/search/%E4%BA%9A%E9%A9%AC%E9%80%8A%E7%BD%91%E7%BB%9C%E6%9C%8D%E5%8A%A1%28aws%29	跨境与海外网络	跨境外贸	C	false	false	1
2129	亚马逊网络服务是什么	%E4%BA%9A%E9%A9%AC%E9%80%8A%E7%BD%91%E7%BB%9C%E6%9C%8D%E5%8A%A1%E6%98%AF%E4%BB%80%E4%B9%88	https://www.kuaishou.com/search/%E4%BA%9A%E9%A9%AC%E9%80%8A%E7%BD%91%E7%BB%9C%E6%9C%8D%E5%8A%A1%E6%98%AF%E4%BB%80%E4%B9%88	跨境与海外网络	跨境外贸	C	false	false	1
2130	代理服务器搭建注意事项	%E4%BB%A3%E7%90%86%E6%9C%8D%E5%8A%A1%E5%99%A8%E6%90%AD%E5%BB%BA%E6%B3%A8%E6%84%8F%E4%BA%8B%E9%A1%B9	https://www.kuaishou.com/search/%E4%BB%A3%E7%90%86%E6%9C%8D%E5%8A%A1%E5%99%A8%E6%90%AD%E5%BB%BA%E6%B3%A8%E6%84%8F%E4%BA%8B%E9%A1%B9	代理与IP	配置排障	C	false	false	1
2131	代理服务器是什么	%E4%BB%A3%E7%90%86%E6%9C%8D%E5%8A%A1%E5%99%A8%E6%98%AF%E4%BB%80%E4%B9%88	https://www.kuaishou.com/search/%E4%BB%A3%E7%90%86%E6%9C%8D%E5%8A%A1%E5%99%A8%E6%98%AF%E4%BB%80%E4%B9%88	代理与IP	科普原理	C	false	false	1
2132	代理服务器购买	%E4%BB%A3%E7%90%86%E6%9C%8D%E5%8A%A1%E5%99%A8%E8%B4%AD%E4%B9%B0	https://www.kuaishou.com/search/%E4%BB%A3%E7%90%86%E6%9C%8D%E5%8A%A1%E5%99%A8%E8%B4%AD%E4%B9%B0	代理与IP	选型购买	C	false	false	1
2133	代理服务器软件是什么	%E4%BB%A3%E7%90%86%E6%9C%8D%E5%8A%A1%E5%99%A8%E8%BD%AF%E4%BB%B6%E6%98%AF%E4%BB%80%E4%B9%88	https://www.kuaishou.com/search/%E4%BB%A3%E7%90%86%E6%9C%8D%E5%8A%A1%E5%99%A8%E8%BD%AF%E4%BB%B6%E6%98%AF%E4%BB%80%E4%B9%88	代理与IP	下载安装	C	false	false	1
2134	代理服务器软件有哪些l开头	%E4%BB%A3%E7%90%86%E6%9C%8D%E5%8A%A1%E5%99%A8%E8%BD%AF%E4%BB%B6%E6%9C%89%E5%93%AA%E4%BA%9Bl%E5%BC%80%E5%A4%B4	https://www.kuaishou.com/search/%E4%BB%A3%E7%90%86%E6%9C%8D%E5%8A%A1%E5%99%A8%E8%BD%AF%E4%BB%B6%E6%9C%89%E5%93%AA%E4%BA%9Bl%E5%BC%80%E5%A4%B4	代理与IP	下载安装	C	false	false	1
2135	代理服务器部署	%E4%BB%A3%E7%90%86%E6%9C%8D%E5%8A%A1%E5%99%A8%E9%83%A8%E7%BD%B2	https://www.kuaishou.com/search/%E4%BB%A3%E7%90%86%E6%9C%8D%E5%8A%A1%E5%99%A8%E9%83%A8%E7%BD%B2	代理与IP	代理与IP	C	false	false	1
2136	全球节点访问测试	%E5%85%A8%E7%90%83%E8%8A%82%E7%82%B9%E8%AE%BF%E9%97%AE%E6%B5%8B%E8%AF%95	https://www.kuaishou.com/search/%E5%85%A8%E7%90%83%E8%8A%82%E7%82%B9%E8%AE%BF%E9%97%AE%E6%B5%8B%E8%AF%95	关联网络需求	代理与IP	C	true	false	1
2137	内网穿透推荐	%E5%86%85%E7%BD%91%E7%A9%BF%E9%80%8F%E6%8E%A8%E8%8D%90	https://www.kuaishou.com/search/%E5%86%85%E7%BD%91%E7%A9%BF%E9%80%8F%E6%8E%A8%E8%8D%90	企业网络	企业办公	C	false	false	1
2138	国内登陆tiktok网络连接不稳定	%E5%9B%BD%E5%86%85%E7%99%BB%E9%99%86tiktok%E7%BD%91%E7%BB%9C%E8%BF%9E%E6%8E%A5%E4%B8%8D%E7%A8%B3%E5%AE%9A	https://www.kuaishou.com/search/%E5%9B%BD%E5%86%85%E7%99%BB%E9%99%86tiktok%E7%BD%91%E7%BB%9C%E8%BF%9E%E6%8E%A5%E4%B8%8D%E7%A8%B3%E5%AE%9A	跨境与海外网络	跨境外贸	C	false	false	1
2139	国外网站推特	%E5%9B%BD%E5%A4%96%E7%BD%91%E7%AB%99%E6%8E%A8%E7%89%B9	https://www.kuaishou.com/search/%E5%9B%BD%E5%A4%96%E7%BD%91%E7%AB%99%E6%8E%A8%E7%89%B9	关联网络需求	泛需求	C	false	false	1
2140	国外网速慢怎么解决	%E5%9B%BD%E5%A4%96%E7%BD%91%E9%80%9F%E6%85%A2%E6%80%8E%E4%B9%88%E8%A7%A3%E5%86%B3	https://www.kuaishou.com/search/%E5%9B%BD%E5%A4%96%E7%BD%91%E9%80%9F%E6%85%A2%E6%80%8E%E4%B9%88%E8%A7%A3%E5%86%B3	关联网络需求	配置排障	C	false	false	1
2141	国外软件连不上网络怎么办	%E5%9B%BD%E5%A4%96%E8%BD%AF%E4%BB%B6%E8%BF%9E%E4%B8%8D%E4%B8%8A%E7%BD%91%E7%BB%9C%E6%80%8E%E4%B9%88%E5%8A%9E	https://www.kuaishou.com/search/%E5%9B%BD%E5%A4%96%E8%BD%AF%E4%BB%B6%E8%BF%9E%E4%B8%8D%E4%B8%8A%E7%BD%91%E7%BB%9C%E6%80%8E%E4%B9%88%E5%8A%9E	关联网络需求	配置排障	C	false	false	1
2142	国际专线物流资费	%E5%9B%BD%E9%99%85%E4%B8%93%E7%BA%BF%E7%89%A9%E6%B5%81%E8%B5%84%E8%B4%B9	https://www.kuaishou.com/search/%E5%9B%BD%E9%99%85%E4%B8%93%E7%BA%BF%E7%89%A9%E6%B5%81%E8%B5%84%E8%B4%B9	跨境与海外网络	跨境外贸	C	false	false	1
2143	国际跨境网络服务商	%E5%9B%BD%E9%99%85%E8%B7%A8%E5%A2%83%E7%BD%91%E7%BB%9C%E6%9C%8D%E5%8A%A1%E5%95%86	https://www.kuaishou.com/search/%E5%9B%BD%E9%99%85%E8%B7%A8%E5%A2%83%E7%BD%91%E7%BB%9C%E6%9C%8D%E5%8A%A1%E5%95%86	跨境与海外网络	跨境外贸	C	false	false	1
2144	外网怎么连网	%E5%A4%96%E7%BD%91%E6%80%8E%E4%B9%88%E8%BF%9E%E7%BD%91	https://www.kuaishou.com/search/%E5%A4%96%E7%BD%91%E6%80%8E%E4%B9%88%E8%BF%9E%E7%BD%91	关联网络需求	配置排障	C	false	false	1
2145	外网梯子	%E5%A4%96%E7%BD%91%E6%A2%AF%E5%AD%90	https://www.kuaishou.com/search/%E5%A4%96%E7%BD%91%E6%A2%AF%E5%AD%90	关联网络需求	泛需求	C	true	false	1
2146	外网视频	%E5%A4%96%E7%BD%91%E8%A7%86%E9%A2%91	https://www.kuaishou.com/search/%E5%A4%96%E7%BD%91%E8%A7%86%E9%A2%91	关联网络需求	泛需求	C	false	false	1
2147	外贸soho网络搭建	%E5%A4%96%E8%B4%B8soho%E7%BD%91%E7%BB%9C%E6%90%AD%E5%BB%BA	https://www.kuaishou.com/search/%E5%A4%96%E8%B4%B8soho%E7%BD%91%E7%BB%9C%E6%90%AD%E5%BB%BA	跨境与海外网络	跨境外贸	C	false	false	1
2148	外贸网络搭建新手必看步骤	%E5%A4%96%E8%B4%B8%E7%BD%91%E7%BB%9C%E6%90%AD%E5%BB%BA%E6%96%B0%E6%89%8B%E5%BF%85%E7%9C%8B%E6%AD%A5%E9%AA%A4	https://www.kuaishou.com/search/%E5%A4%96%E8%B4%B8%E7%BD%91%E7%BB%9C%E6%90%AD%E5%BB%BA%E6%96%B0%E6%89%8B%E5%BF%85%E7%9C%8B%E6%AD%A5%E9%AA%A4	跨境与海外网络	跨境外贸	C	false	false	1
2149	外贸网络服务商	%E5%A4%96%E8%B4%B8%E7%BD%91%E7%BB%9C%E6%9C%8D%E5%8A%A1%E5%95%86	https://www.kuaishou.com/search/%E5%A4%96%E8%B4%B8%E7%BD%91%E7%BB%9C%E6%9C%8D%E5%8A%A1%E5%95%86	跨境与海外网络	跨境外贸	C	false	false	1
2150	学生海外留学	%E5%AD%A6%E7%94%9F%E6%B5%B7%E5%A4%96%E7%95%99%E5%AD%A6	https://www.kuaishou.com/search/%E5%AD%A6%E7%94%9F%E6%B5%B7%E5%A4%96%E7%95%99%E5%AD%A6	跨境与海外网络	跨境外贸	C	false	false	1
2151	安卓tiktok无法连接网络	%E5%AE%89%E5%8D%93tiktok%E6%97%A0%E6%B3%95%E8%BF%9E%E6%8E%A5%E7%BD%91%E7%BB%9C	https://www.kuaishou.com/search/%E5%AE%89%E5%8D%93tiktok%E6%97%A0%E6%B3%95%E8%BF%9E%E6%8E%A5%E7%BD%91%E7%BB%9C	跨境与海外网络	跨境外贸	C	false	false	1
2152	手机静态ip怎么设置	%E6%89%8B%E6%9C%BA%E9%9D%99%E6%80%81ip%E6%80%8E%E4%B9%88%E8%AE%BE%E7%BD%AE	https://www.kuaishou.com/search/%E6%89%8B%E6%9C%BA%E9%9D%99%E6%80%81ip%E6%80%8E%E4%B9%88%E8%AE%BE%E7%BD%AE	代理与IP	配置排障	C	false	false	1
2153	无线网静态ip怎么设置	%E6%97%A0%E7%BA%BF%E7%BD%91%E9%9D%99%E6%80%81ip%E6%80%8E%E4%B9%88%E8%AE%BE%E7%BD%AE	https://www.kuaishou.com/search/%E6%97%A0%E7%BA%BF%E7%BD%91%E9%9D%99%E6%80%81ip%E6%80%8E%E4%B9%88%E8%AE%BE%E7%BD%AE	代理与IP	配置排障	C	false	false	1
2154	无锡公交新世界国际专线	%E6%97%A0%E9%94%A1%E5%85%AC%E4%BA%A4%E6%96%B0%E4%B8%96%E7%95%8C%E5%9B%BD%E9%99%85%E4%B8%93%E7%BA%BF	https://www.kuaishou.com/search/%E6%97%A0%E9%94%A1%E5%85%AC%E4%BA%A4%E6%96%B0%E4%B8%96%E7%95%8C%E5%9B%BD%E9%99%85%E4%B8%93%E7%BA%BF	跨境与海外网络	跨境外贸	C	false	false	1
2155	日本上网卡	%E6%97%A5%E6%9C%AC%E4%B8%8A%E7%BD%91%E5%8D%A1	https://www.kuaishou.com/search/%E6%97%A5%E6%9C%AC%E4%B8%8A%E7%BD%91%E5%8D%A1	关联网络需求	泛需求	C	false	false	1
2156	校园网卡顿向哪个部门投诉	%E6%A0%A1%E5%9B%AD%E7%BD%91%E5%8D%A1%E9%A1%BF%E5%90%91%E5%93%AA%E4%B8%AA%E9%83%A8%E9%97%A8%E6%8A%95%E8%AF%89	https://www.kuaishou.com/search/%E6%A0%A1%E5%9B%AD%E7%BD%91%E5%8D%A1%E9%A1%BF%E5%90%91%E5%93%AA%E4%B8%AA%E9%83%A8%E9%97%A8%E6%8A%95%E8%AF%89	关联网络需求	泛需求	C	false	false	1
2157	校园网卡顿解决方案	%E6%A0%A1%E5%9B%AD%E7%BD%91%E5%8D%A1%E9%A1%BF%E8%A7%A3%E5%86%B3%E6%96%B9%E6%A1%88	https://www.kuaishou.com/search/%E6%A0%A1%E5%9B%AD%E7%BD%91%E5%8D%A1%E9%A1%BF%E8%A7%A3%E5%86%B3%E6%96%B9%E6%A1%88	关联网络需求	泛需求	C	false	false	1
2158	海外app下载大全	%E6%B5%B7%E5%A4%96app%E4%B8%8B%E8%BD%BD%E5%A4%A7%E5%85%A8	https://www.kuaishou.com/search/%E6%B5%B7%E5%A4%96app%E4%B8%8B%E8%BD%BD%E5%A4%A7%E5%85%A8	跨境与海外网络	跨境外贸	C	false	false	1
2159	海外iphone suica	%E6%B5%B7%E5%A4%96iphone%20suica	https://www.kuaishou.com/search/%E6%B5%B7%E5%A4%96iphone%20suica	跨境与海外网络	跨境外贸	C	false	false	1
2160	海外iphone在国内怎么用双卡	%E6%B5%B7%E5%A4%96iphone%E5%9C%A8%E5%9B%BD%E5%86%85%E6%80%8E%E4%B9%88%E7%94%A8%E5%8F%8C%E5%8D%A1	https://www.kuaishou.com/search/%E6%B5%B7%E5%A4%96iphone%E5%9C%A8%E5%9B%BD%E5%86%85%E6%80%8E%E4%B9%88%E7%94%A8%E5%8F%8C%E5%8D%A1	跨境与海外网络	跨境外贸	C	false	false	1
2161	海外iphone設定docomo	%E6%B5%B7%E5%A4%96iphone%E8%A8%AD%E5%AE%9Adocomo	https://www.kuaishou.com/search/%E6%B5%B7%E5%A4%96iphone%E8%A8%AD%E5%AE%9Adocomo	跨境与海外网络	跨境外贸	C	false	false	1
2162	海外专线ip怎么搭建	%E6%B5%B7%E5%A4%96%E4%B8%93%E7%BA%BFip%E6%80%8E%E4%B9%88%E6%90%AD%E5%BB%BA	https://www.kuaishou.com/search/%E6%B5%B7%E5%A4%96%E4%B8%93%E7%BA%BFip%E6%80%8E%E4%B9%88%E6%90%AD%E5%BB%BA	跨境与海外网络	跨境外贸	C	false	false	1
2163	海外华人影院app下载	%E6%B5%B7%E5%A4%96%E5%8D%8E%E4%BA%BA%E5%BD%B1%E9%99%A2app%E4%B8%8B%E8%BD%BD	https://www.kuaishou.com/search/%E6%B5%B7%E5%A4%96%E5%8D%8E%E4%BA%BA%E5%BD%B1%E9%99%A2app%E4%B8%8B%E8%BD%BD	跨境与海外网络	跨境外贸	C	false	false	1
2164	海外直播网络连接失败	%E6%B5%B7%E5%A4%96%E7%9B%B4%E6%92%AD%E7%BD%91%E7%BB%9C%E8%BF%9E%E6%8E%A5%E5%A4%B1%E8%B4%A5	https://www.kuaishou.com/search/%E6%B5%B7%E5%A4%96%E7%9B%B4%E6%92%AD%E7%BD%91%E7%BB%9C%E8%BF%9E%E6%8E%A5%E5%A4%B1%E8%B4%A5	跨境与海外网络	跨境外贸	C	false	false	1
2165	海外稳定网络	%E6%B5%B7%E5%A4%96%E7%A8%B3%E5%AE%9A%E7%BD%91%E7%BB%9C	https://www.kuaishou.com/search/%E6%B5%B7%E5%A4%96%E7%A8%B3%E5%AE%9A%E7%BD%91%E7%BB%9C	跨境与海外网络	跨境外贸	C	false	false	1
2166	海外软件下载网站有哪些	%E6%B5%B7%E5%A4%96%E8%BD%AF%E4%BB%B6%E4%B8%8B%E8%BD%BD%E7%BD%91%E7%AB%99%E6%9C%89%E5%93%AA%E4%BA%9B	https://www.kuaishou.com/search/%E6%B5%B7%E5%A4%96%E8%BD%AF%E4%BB%B6%E4%B8%8B%E8%BD%BD%E7%BD%91%E7%AB%99%E6%9C%89%E5%93%AA%E4%BA%9B	跨境与海外网络	跨境外贸	C	false	false	1
2167	独立ip主机	%E7%8B%AC%E7%AB%8Bip%E4%B8%BB%E6%9C%BA	https://www.kuaishou.com/search/%E7%8B%AC%E7%AB%8Bip%E4%B8%BB%E6%9C%BA	代理与IP	代理与IP	C	false	false	1
2168	电信跨境专线	%E7%94%B5%E4%BF%A1%E8%B7%A8%E5%A2%83%E4%B8%93%E7%BA%BF	https://www.kuaishou.com/search/%E7%94%B5%E4%BF%A1%E8%B7%A8%E5%A2%83%E4%B8%93%E7%BA%BF	跨境与海外网络	跨境外贸	C	false	false	1
2169	第一狂战士卡赞为什么锁国区	%E7%AC%AC%E4%B8%80%E7%8B%82%E6%88%98%E5%A3%AB%E5%8D%A1%E8%B5%9E%E4%B8%BA%E4%BB%80%E4%B9%88%E9%94%81%E5%9B%BD%E5%8C%BA	https://www.kuaishou.com/search/%E7%AC%AC%E4%B8%80%E7%8B%82%E6%88%98%E5%A3%AB%E5%8D%A1%E8%B5%9E%E4%B8%BA%E4%BB%80%E4%B9%88%E9%94%81%E5%9B%BD%E5%8C%BA	关联网络需求	泛需求	C	false	false	1
2170	绿色tiktok+	%E7%BB%BF%E8%89%B2tiktok%2B	https://www.kuaishou.com/search/%E7%BB%BF%E8%89%B2tiktok%2B	跨境与海外网络	跨境外贸	C	false	false	1
2171	网络加速收费吗	%E7%BD%91%E7%BB%9C%E5%8A%A0%E9%80%9F%E6%94%B6%E8%B4%B9%E5%90%97	https://www.kuaishou.com/search/%E7%BD%91%E7%BB%9C%E5%8A%A0%E9%80%9F%E6%94%B6%E8%B4%B9%E5%90%97	网络加速	选型购买	C	false	false	1
2172	网络延迟kale	%E7%BD%91%E7%BB%9C%E5%BB%B6%E8%BF%9Fkale	https://www.kuaishou.com/search/%E7%BD%91%E7%BB%9C%E5%BB%B6%E8%BF%9Fkale	关联网络需求	泛需求	C	false	false	1
2173	联通5g接入点apn设置	%E8%81%94%E9%80%9A5g%E6%8E%A5%E5%85%A5%E7%82%B9apn%E8%AE%BE%E7%BD%AE	https://www.kuaishou.com/search/%E8%81%94%E9%80%9A5g%E6%8E%A5%E5%85%A5%E7%82%B9apn%E8%AE%BE%E7%BD%AE	关联网络需求	配置排障	C	false	false	1
2174	蒲公英异地组网	%E8%92%B2%E5%85%AC%E8%8B%B1%E5%BC%82%E5%9C%B0%E7%BB%84%E7%BD%91	https://www.kuaishou.com/search/%E8%92%B2%E5%85%AC%E8%8B%B1%E5%BC%82%E5%9C%B0%E7%BB%84%E7%BD%91	企业网络	企业办公	C	false	false	1
2175	虚拟局域网是什么	%E8%99%9A%E6%8B%9F%E5%B1%80%E5%9F%9F%E7%BD%91%E6%98%AF%E4%BB%80%E4%B9%88	https://www.kuaishou.com/search/%E8%99%9A%E6%8B%9F%E5%B1%80%E5%9F%9F%E7%BD%91%E6%98%AF%E4%BB%80%E4%B9%88	关联网络需求	科普原理	C	false	false	1
2176	访问外网的插件	%E8%AE%BF%E9%97%AE%E5%A4%96%E7%BD%91%E7%9A%84%E6%8F%92%E4%BB%B6	https://www.kuaishou.com/search/%E8%AE%BF%E9%97%AE%E5%A4%96%E7%BD%91%E7%9A%84%E6%8F%92%E4%BB%B6	关联网络需求	泛需求	C	false	false	1
2177	跨境专线物流优势	%E8%B7%A8%E5%A2%83%E4%B8%93%E7%BA%BF%E7%89%A9%E6%B5%81%E4%BC%98%E5%8A%BF	https://www.kuaishou.com/search/%E8%B7%A8%E5%A2%83%E4%B8%93%E7%BA%BF%E7%89%A9%E6%B5%81%E4%BC%98%E5%8A%BF	跨境与海外网络	跨境外贸	C	false	false	1
2178	跨境电商怎么做新手入门	%E8%B7%A8%E5%A2%83%E7%94%B5%E5%95%86%E6%80%8E%E4%B9%88%E5%81%9A%E6%96%B0%E6%89%8B%E5%85%A5%E9%97%A8	https://www.kuaishou.com/search/%E8%B7%A8%E5%A2%83%E7%94%B5%E5%95%86%E6%80%8E%E4%B9%88%E5%81%9A%E6%96%B0%E6%89%8B%E5%85%A5%E9%97%A8	跨境与海外网络	跨境外贸	C	false	false	1
2179	跨境电商的流程和步骤	%E8%B7%A8%E5%A2%83%E7%94%B5%E5%95%86%E7%9A%84%E6%B5%81%E7%A8%8B%E5%92%8C%E6%AD%A5%E9%AA%A4	https://www.kuaishou.com/search/%E8%B7%A8%E5%A2%83%E7%94%B5%E5%95%86%E7%9A%84%E6%B5%81%E7%A8%8B%E5%92%8C%E6%AD%A5%E9%AA%A4	跨境与海外网络	跨境外贸	C	false	false	1
2180	跨境电商网络怎么弄	%E8%B7%A8%E5%A2%83%E7%94%B5%E5%95%86%E7%BD%91%E7%BB%9C%E6%80%8E%E4%B9%88%E5%BC%84	https://www.kuaishou.com/search/%E8%B7%A8%E5%A2%83%E7%94%B5%E5%95%86%E7%BD%91%E7%BB%9C%E6%80%8E%E4%B9%88%E5%BC%84	跨境与海外网络	跨境外贸	C	false	false	1
2181	跨境电商网络设置步骤	%E8%B7%A8%E5%A2%83%E7%94%B5%E5%95%86%E7%BD%91%E7%BB%9C%E8%AE%BE%E7%BD%AE%E6%AD%A5%E9%AA%A4	https://www.kuaishou.com/search/%E8%B7%A8%E5%A2%83%E7%94%B5%E5%95%86%E7%BD%91%E7%BB%9C%E8%AE%BE%E7%BD%AE%E6%AD%A5%E9%AA%A4	跨境与海外网络	跨境外贸	C	false	false	1
2182	跨境直播平台有哪些	%E8%B7%A8%E5%A2%83%E7%9B%B4%E6%92%AD%E5%B9%B3%E5%8F%B0%E6%9C%89%E5%93%AA%E4%BA%9B	https://www.kuaishou.com/search/%E8%B7%A8%E5%A2%83%E7%9B%B4%E6%92%AD%E5%B9%B3%E5%8F%B0%E6%9C%89%E5%93%AA%E4%BA%9B	跨境与海外网络	跨境外贸	C	false	false	1
2183	跨境网络搭建方案	%E8%B7%A8%E5%A2%83%E7%BD%91%E7%BB%9C%E6%90%AD%E5%BB%BA%E6%96%B9%E6%A1%88	https://www.kuaishou.com/search/%E8%B7%A8%E5%A2%83%E7%BD%91%E7%BB%9C%E6%90%AD%E5%BB%BA%E6%96%B9%E6%A1%88	跨境与海外网络	跨境外贸	C	false	false	1
2184	跨境网络购买	%E8%B7%A8%E5%A2%83%E7%BD%91%E7%BB%9C%E8%B4%AD%E4%B9%B0	https://www.kuaishou.com/search/%E8%B7%A8%E5%A2%83%E7%BD%91%E7%BB%9C%E8%B4%AD%E4%B9%B0	跨境与海外网络	跨境外贸	C	false	false	1
2185	防关联浏览器哪个好用	%E9%98%B2%E5%85%B3%E8%81%94%E6%B5%8F%E8%A7%88%E5%99%A8%E5%93%AA%E4%B8%AA%E5%A5%BD%E7%94%A8	https://www.kuaishou.com/search/%E9%98%B2%E5%85%B3%E8%81%94%E6%B5%8F%E8%A7%88%E5%99%A8%E5%93%AA%E4%B8%AA%E5%A5%BD%E7%94%A8	代理与IP	选型购买	C	false	false	1
2186	防关联浏览器的设置	%E9%98%B2%E5%85%B3%E8%81%94%E6%B5%8F%E8%A7%88%E5%99%A8%E7%9A%84%E8%AE%BE%E7%BD%AE	https://www.kuaishou.com/search/%E9%98%B2%E5%85%B3%E8%81%94%E6%B5%8F%E8%A7%88%E5%99%A8%E7%9A%84%E8%AE%BE%E7%BD%AE	代理与IP	配置排障	C	false	false	1
2187	随身wifi去控	%E9%9A%8F%E8%BA%ABwifi%E5%8E%BB%E6%8E%A7	https://www.kuaishou.com/search/%E9%9A%8F%E8%BA%ABwifi%E5%8E%BB%E6%8E%A7	关联网络需求	泛需求	C	false	false	1
2188	随身wifi实名认证有风险吗	%E9%9A%8F%E8%BA%ABwifi%E5%AE%9E%E5%90%8D%E8%AE%A4%E8%AF%81%E6%9C%89%E9%A3%8E%E9%99%A9%E5%90%97	https://www.kuaishou.com/search/%E9%9A%8F%E8%BA%ABwifi%E5%AE%9E%E5%90%8D%E8%AE%A4%E8%AF%81%E6%9C%89%E9%A3%8E%E9%99%A9%E5%90%97	关联网络需求	泛需求	C	false	false	1
2189	随身wifi网速慢怎么解决	%E9%9A%8F%E8%BA%ABwifi%E7%BD%91%E9%80%9F%E6%85%A2%E6%80%8E%E4%B9%88%E8%A7%A3%E5%86%B3	https://www.kuaishou.com/search/%E9%9A%8F%E8%BA%ABwifi%E7%BD%91%E9%80%9F%E6%85%A2%E6%80%8E%E4%B9%88%E8%A7%A3%E5%86%B3	关联网络需求	配置排障	C	false	false	1
2190	随身无线宽带怎么办理,大概多少钱	%E9%9A%8F%E8%BA%AB%E6%97%A0%E7%BA%BF%E5%AE%BD%E5%B8%A6%E6%80%8E%E4%B9%88%E5%8A%9E%E7%90%86%2C%E5%A4%A7%E6%A6%82%E5%A4%9A%E5%B0%91%E9%92%B1	https://www.kuaishou.com/search/%E9%9A%8F%E8%BA%AB%E6%97%A0%E7%BA%BF%E5%AE%BD%E5%B8%A6%E6%80%8E%E4%B9%88%E5%8A%9E%E7%90%86%2C%E5%A4%A7%E6%A6%82%E5%A4%9A%E5%B0%91%E9%92%B1	关联网络需求	配置排障	C	false	false	1
2191	静态ip和dhcp有什么区别	%E9%9D%99%E6%80%81ip%E5%92%8Cdhcp%E6%9C%89%E4%BB%80%E4%B9%88%E5%8C%BA%E5%88%AB	https://www.kuaishou.com/search/%E9%9D%99%E6%80%81ip%E5%92%8Cdhcp%E6%9C%89%E4%BB%80%E4%B9%88%E5%8C%BA%E5%88%AB	代理与IP	科普原理	C	false	false	1
2192	静态ip梯子	%E9%9D%99%E6%80%81ip%E6%A2%AF%E5%AD%90	https://www.kuaishou.com/search/%E9%9D%99%E6%80%81ip%E6%A2%AF%E5%AD%90	代理与IP	代理与IP	C	true	false	1
2193	顶某国际贸易公司与某跨境电商平台网络服务合同纠纷案	%E9%A1%B6%E6%9F%90%E5%9B%BD%E9%99%85%E8%B4%B8%E6%98%93%E5%85%AC%E5%8F%B8%E4%B8%8E%E6%9F%90%E8%B7%A8%E5%A2%83%E7%94%B5%E5%95%86%E5%B9%B3%E5%8F%B0%E7%BD%91%E7%BB%9C%E6%9C%8D%E5%8A%A1%E5%90%88%E5%90%8C%E7%BA%A0%E7%BA%B7%E6%A1%88	https://www.kuaishou.com/search/%E9%A1%B6%E6%9F%90%E5%9B%BD%E9%99%85%E8%B4%B8%E6%98%93%E5%85%AC%E5%8F%B8%E4%B8%8E%E6%9F%90%E8%B7%A8%E5%A2%83%E7%94%B5%E5%95%86%E5%B9%B3%E5%8F%B0%E7%BD%91%E7%BB%9C%E6%9C%8D%E5%8A%A1%E5%90%88%E5%90%8C%E7%BA%A0%E7%BA%B7%E6%A1%88	跨境与海外网络	企业办公	C	false	false	1
2194	香港住宅ip	%E9%A6%99%E6%B8%AF%E4%BD%8F%E5%AE%85ip	https://www.kuaishou.com/search/%E9%A6%99%E6%B8%AF%E4%BD%8F%E5%AE%85ip	代理与IP	代理与IP	C	false	false	1
2195	apn设置鉴权方式	apn%E8%AE%BE%E7%BD%AE%E9%89%B4%E6%9D%83%E6%96%B9%E5%BC%8F	https://www.kuaishou.com/search/apn%E8%AE%BE%E7%BD%AE%E9%89%B4%E6%9D%83%E6%96%B9%E5%BC%8F	关联网络需求	配置排障	C	false	false	1
2196	iqiyi海外版app下载	iqiyi%E6%B5%B7%E5%A4%96%E7%89%88app%E4%B8%8B%E8%BD%BD	https://www.kuaishou.com/search/iqiyi%E6%B5%B7%E5%A4%96%E7%89%88app%E4%B8%8B%E8%BD%BD	跨境与海外网络	跨境外贸	C	false	false	1
2197	sd-wan cisco	sd-wan%20cisco	https://www.kuaishou.com/search/sd-wan%20cisco	企业网络	企业办公	C	false	false	1
2198	sd-wan gartner	sd-wan%20gartner	https://www.kuaishou.com/search/sd-wan%20gartner	企业网络	企业办公	C	false	false	1
2199	sd-wan是什么意思	sd-wan%E6%98%AF%E4%BB%80%E4%B9%88%E6%84%8F%E6%80%9D	https://www.kuaishou.com/search/sd-wan%E6%98%AF%E4%BB%80%E4%B9%88%E6%84%8F%E6%80%9D	企业网络	企业办公	C	false	false	1
2200	telegram一直连接不上	telegram%E4%B8%80%E7%9B%B4%E8%BF%9E%E6%8E%A5%E4%B8%8D%E4%B8%8A	https://www.kuaishou.com/search/telegram%E4%B8%80%E7%9B%B4%E8%BF%9E%E6%8E%A5%E4%B8%8D%E4%B8%8A	关联网络需求	配置排障	C	false	false	1
2201	tiktok.下载	tiktok.%E4%B8%8B%E8%BD%BD	https://www.kuaishou.com/search/tiktok.%E4%B8%8B%E8%BD%BD	跨境与海外网络	跨境外贸	C	false	false	1
2202	tiktok下载了无网络怎么办	tiktok%E4%B8%8B%E8%BD%BD%E4%BA%86%E6%97%A0%E7%BD%91%E7%BB%9C%E6%80%8E%E4%B9%88%E5%8A%9E	https://www.kuaishou.com/search/tiktok%E4%B8%8B%E8%BD%BD%E4%BA%86%E6%97%A0%E7%BD%91%E7%BB%9C%E6%80%8E%E4%B9%88%E5%8A%9E	跨境与海外网络	跨境外贸	C	false	false	1
2203	tiktok怎么搭建独享网络环境	tiktok%E6%80%8E%E4%B9%88%E6%90%AD%E5%BB%BA%E7%8B%AC%E4%BA%AB%E7%BD%91%E7%BB%9C%E7%8E%AF%E5%A2%83	https://www.kuaishou.com/search/tiktok%E6%80%8E%E4%B9%88%E6%90%AD%E5%BB%BA%E7%8B%AC%E4%BA%AB%E7%BD%91%E7%BB%9C%E7%8E%AF%E5%A2%83	跨境与海外网络	跨境外贸	C	false	false	1
2204	tiktok无网络连接原因及解决方法	tiktok%E6%97%A0%E7%BD%91%E7%BB%9C%E8%BF%9E%E6%8E%A5%E5%8E%9F%E5%9B%A0%E5%8F%8A%E8%A7%A3%E5%86%B3%E6%96%B9%E6%B3%95	https://www.kuaishou.com/search/tiktok%E6%97%A0%E7%BD%91%E7%BB%9C%E8%BF%9E%E6%8E%A5%E5%8E%9F%E5%9B%A0%E5%8F%8A%E8%A7%A3%E5%86%B3%E6%96%B9%E6%B3%95	跨境与海外网络	跨境外贸	C	false	false	1
2205	tiktok网络不稳定怎么弄	tiktok%E7%BD%91%E7%BB%9C%E4%B8%8D%E7%A8%B3%E5%AE%9A%E6%80%8E%E4%B9%88%E5%BC%84	https://www.kuaishou.com/search/tiktok%E7%BD%91%E7%BB%9C%E4%B8%8D%E7%A8%B3%E5%AE%9A%E6%80%8E%E4%B9%88%E5%BC%84	跨境与海外网络	跨境外贸	C	false	false	1
2206	tiktok网络专线	tiktok%E7%BD%91%E7%BB%9C%E4%B8%93%E7%BA%BF	https://www.kuaishou.com/search/tiktok%E7%BD%91%E7%BB%9C%E4%B8%93%E7%BA%BF	跨境与海外网络	跨境外贸	C	false	false	1
2207	tiktok网络解决方案	tiktok%E7%BD%91%E7%BB%9C%E8%A7%A3%E5%86%B3%E6%96%B9%E6%A1%88	https://www.kuaishou.com/search/tiktok%E7%BD%91%E7%BB%9C%E8%A7%A3%E5%86%B3%E6%96%B9%E6%A1%88	跨境与海外网络	跨境外贸	C	false	false	1
2208	tiktok网络连接不稳定ipad	tiktok%E7%BD%91%E7%BB%9C%E8%BF%9E%E6%8E%A5%E4%B8%8D%E7%A8%B3%E5%AE%9Aipad	https://www.kuaishou.com/search/tiktok%E7%BD%91%E7%BB%9C%E8%BF%9E%E6%8E%A5%E4%B8%8D%E7%A8%B3%E5%AE%9Aipad	跨境与海外网络	跨境外贸	C	false	false	1
2209	tiktok连不上网络	tiktok%E8%BF%9E%E4%B8%8D%E4%B8%8A%E7%BD%91%E7%BB%9C	https://www.kuaishou.com/search/tiktok%E8%BF%9E%E4%B8%8D%E4%B8%8A%E7%BD%91%E7%BB%9C	跨境与海外网络	跨境外贸	C	false	false	1
2210	web.telegram无法连接	web.telegram%E6%97%A0%E6%B3%95%E8%BF%9E%E6%8E%A5	https://www.kuaishou.com/search/web.telegram%E6%97%A0%E6%B3%95%E8%BF%9E%E6%8E%A5	关联网络需求	配置排障	C	false	false	1
2211	‎shadowrocket怎么用	%E2%80%8Eshadowrocket%E6%80%8E%E4%B9%88%E7%94%A8	https://www.kuaishou.com/search/%E2%80%8Eshadowrocket%E6%80%8E%E4%B9%88%E7%94%A8	关联网络需求	配置排障	C	false	false	1
2212	上网卡装在卡1还是装在卡2上网好	%E4%B8%8A%E7%BD%91%E5%8D%A1%E8%A3%85%E5%9C%A8%E5%8D%A11%E8%BF%98%E6%98%AF%E8%A3%85%E5%9C%A8%E5%8D%A12%E4%B8%8A%E7%BD%91%E5%A5%BD	https://www.kuaishou.com/search/%E4%B8%8A%E7%BD%91%E5%8D%A1%E8%A3%85%E5%9C%A8%E5%8D%A11%E8%BF%98%E6%98%AF%E8%A3%85%E5%9C%A8%E5%8D%A12%E4%B8%8A%E7%BD%91%E5%A5%BD	关联网络需求	泛需求	C	false	false	1
2213	上网卡通图片	%E4%B8%8A%E7%BD%91%E5%8D%A1%E9%80%9A%E5%9B%BE%E7%89%87	https://www.kuaishou.com/search/%E4%B8%8A%E7%BD%91%E5%8D%A1%E9%80%9A%E5%9B%BE%E7%89%87	关联网络需求	泛需求	C	false	false	1
2214	中国电信跨境专线	%E4%B8%AD%E5%9B%BD%E7%94%B5%E4%BF%A1%E8%B7%A8%E5%A2%83%E4%B8%93%E7%BA%BF	https://www.kuaishou.com/search/%E4%B8%AD%E5%9B%BD%E7%94%B5%E4%BF%A1%E8%B7%A8%E5%A2%83%E4%B8%93%E7%BA%BF	跨境与海外网络	跨境外贸	C	false	false	1
2215	为什么tiktok无法连接网络	%E4%B8%BA%E4%BB%80%E4%B9%88tiktok%E6%97%A0%E6%B3%95%E8%BF%9E%E6%8E%A5%E7%BD%91%E7%BB%9C	https://www.kuaishou.com/search/%E4%B8%BA%E4%BB%80%E4%B9%88tiktok%E6%97%A0%E6%B3%95%E8%BF%9E%E6%8E%A5%E7%BD%91%E7%BB%9C	跨境与海外网络	跨境外贸	C	false	false	1
2216	亚马逊网络星期一是哪天	%E4%BA%9A%E9%A9%AC%E9%80%8A%E7%BD%91%E7%BB%9C%E6%98%9F%E6%9C%9F%E4%B8%80%E6%98%AF%E5%93%AA%E5%A4%A9	https://www.kuaishou.com/search/%E4%BA%9A%E9%A9%AC%E9%80%8A%E7%BD%91%E7%BB%9C%E6%98%9F%E6%9C%9F%E4%B8%80%E6%98%AF%E5%93%AA%E5%A4%A9	跨境与海外网络	跨境外贸	C	false	false	1
2217	亚马逊网络服务公共数据集	%E4%BA%9A%E9%A9%AC%E9%80%8A%E7%BD%91%E7%BB%9C%E6%9C%8D%E5%8A%A1%E5%85%AC%E5%85%B1%E6%95%B0%E6%8D%AE%E9%9B%86	https://www.kuaishou.com/search/%E4%BA%9A%E9%A9%AC%E9%80%8A%E7%BD%91%E7%BB%9C%E6%9C%8D%E5%8A%A1%E5%85%AC%E5%85%B1%E6%95%B0%E6%8D%AE%E9%9B%86	跨境与海外网络	跨境外贸	C	false	false	1
2218	代理服务器v	%E4%BB%A3%E7%90%86%E6%9C%8D%E5%8A%A1%E5%99%A8v	https://www.kuaishou.com/search/%E4%BB%A3%E7%90%86%E6%9C%8D%E5%8A%A1%E5%99%A8v	代理与IP	代理与IP	C	false	false	1
2219	代理服务器有问题怎么解决	%E4%BB%A3%E7%90%86%E6%9C%8D%E5%8A%A1%E5%99%A8%E6%9C%89%E9%97%AE%E9%A2%98%E6%80%8E%E4%B9%88%E8%A7%A3%E5%86%B3	https://www.kuaishou.com/search/%E4%BB%A3%E7%90%86%E6%9C%8D%E5%8A%A1%E5%99%A8%E6%9C%89%E9%97%AE%E9%A2%98%E6%80%8E%E4%B9%88%E8%A7%A3%E5%86%B3	代理与IP	配置排障	C	false	false	1
2220	代理服务器软件安卓下载	%E4%BB%A3%E7%90%86%E6%9C%8D%E5%8A%A1%E5%99%A8%E8%BD%AF%E4%BB%B6%E5%AE%89%E5%8D%93%E4%B8%8B%E8%BD%BD	https://www.kuaishou.com/search/%E4%BB%A3%E7%90%86%E6%9C%8D%E5%8A%A1%E5%99%A8%E8%BD%AF%E4%BB%B6%E5%AE%89%E5%8D%93%E4%B8%8B%E8%BD%BD	代理与IP	下载安装	C	false	false	1
2221	住宅ip云服务器	%E4%BD%8F%E5%AE%85ip%E4%BA%91%E6%9C%8D%E5%8A%A1%E5%99%A8	https://www.kuaishou.com/search/%E4%BD%8F%E5%AE%85ip%E4%BA%91%E6%9C%8D%E5%8A%A1%E5%99%A8	代理与IP	代理与IP	C	false	false	1
2222	住宅ip链式代理	%E4%BD%8F%E5%AE%85ip%E9%93%BE%E5%BC%8F%E4%BB%A3%E7%90%86	https://www.kuaishou.com/search/%E4%BD%8F%E5%AE%85ip%E9%93%BE%E5%BC%8F%E4%BB%A3%E7%90%86	代理与IP	代理与IP	C	false	false	1
2223	内网穿透方案	%E5%86%85%E7%BD%91%E7%A9%BF%E9%80%8F%E6%96%B9%E6%A1%88	https://www.kuaishou.com/search/%E5%86%85%E7%BD%91%E7%A9%BF%E9%80%8F%E6%96%B9%E6%A1%88	企业网络	企业办公	C	false	false	1
2224	内网穿透有什么用	%E5%86%85%E7%BD%91%E7%A9%BF%E9%80%8F%E6%9C%89%E4%BB%80%E4%B9%88%E7%94%A8	https://www.kuaishou.com/search/%E5%86%85%E7%BD%91%E7%A9%BF%E9%80%8F%E6%9C%89%E4%BB%80%E4%B9%88%E7%94%A8	企业网络	企业办公	C	false	false	1
2225	华为路由器异地组网	%E5%8D%8E%E4%B8%BA%E8%B7%AF%E7%94%B1%E5%99%A8%E5%BC%82%E5%9C%B0%E7%BB%84%E7%BD%91	https://www.kuaishou.com/search/%E5%8D%8E%E4%B8%BA%E8%B7%AF%E7%94%B1%E5%99%A8%E5%BC%82%E5%9C%B0%E7%BB%84%E7%BD%91	企业网络	企业办公	C	false	false	1
2226	国外网站交友有哪些	%E5%9B%BD%E5%A4%96%E7%BD%91%E7%AB%99%E4%BA%A4%E5%8F%8B%E6%9C%89%E5%93%AA%E4%BA%9B	https://www.kuaishou.com/search/%E5%9B%BD%E5%A4%96%E7%BD%91%E7%AB%99%E4%BA%A4%E5%8F%8B%E6%9C%89%E5%93%AA%E4%BA%9B	关联网络需求	泛需求	C	false	false	1
2227	国际专线办理	%E5%9B%BD%E9%99%85%E4%B8%93%E7%BA%BF%E5%8A%9E%E7%90%86	https://www.kuaishou.com/search/%E5%9B%BD%E9%99%85%E4%B8%93%E7%BA%BF%E5%8A%9E%E7%90%86	跨境与海外网络	跨境外贸	C	false	false	1
2228	国际专线机场	%E5%9B%BD%E9%99%85%E4%B8%93%E7%BA%BF%E6%9C%BA%E5%9C%BA	https://www.kuaishou.com/search/%E5%9B%BD%E9%99%85%E4%B8%93%E7%BA%BF%E6%9C%BA%E5%9C%BA	跨境与海外网络	跨境外贸	C	true	false	1
2229	境外网站在公安部备案	%E5%A2%83%E5%A4%96%E7%BD%91%E7%AB%99%E5%9C%A8%E5%85%AC%E5%AE%89%E9%83%A8%E5%A4%87%E6%A1%88	https://www.kuaishou.com/search/%E5%A2%83%E5%A4%96%E7%BD%91%E7%AB%99%E5%9C%A8%E5%85%AC%E5%AE%89%E9%83%A8%E5%A4%87%E6%A1%88	关联网络需求	泛需求	C	false	false	1
2230	外网吉隆口岸	%E5%A4%96%E7%BD%91%E5%90%89%E9%9A%86%E5%8F%A3%E5%B2%B8	https://www.kuaishou.com/search/%E5%A4%96%E7%BD%91%E5%90%89%E9%9A%86%E5%8F%A3%E5%B2%B8	关联网络需求	泛需求	C	false	false	1
2231	外贸网络怎么解决	%E5%A4%96%E8%B4%B8%E7%BD%91%E7%BB%9C%E6%80%8E%E4%B9%88%E8%A7%A3%E5%86%B3	https://www.kuaishou.com/search/%E5%A4%96%E8%B4%B8%E7%BD%91%E7%BB%9C%E6%80%8E%E4%B9%88%E8%A7%A3%E5%86%B3	跨境与海外网络	跨境外贸	C	false	false	1
2232	外贸网络搭建流程图	%E5%A4%96%E8%B4%B8%E7%BD%91%E7%BB%9C%E6%90%AD%E5%BB%BA%E6%B5%81%E7%A8%8B%E5%9B%BE	https://www.kuaishou.com/search/%E5%A4%96%E8%B4%B8%E7%BD%91%E7%BB%9C%E6%90%AD%E5%BB%BA%E6%B5%81%E7%A8%8B%E5%9B%BE	跨境与海外网络	跨境外贸	C	false	false	1
2233	小米手机打开tiktok无网络连接	%E5%B0%8F%E7%B1%B3%E6%89%8B%E6%9C%BA%E6%89%93%E5%BC%80tiktok%E6%97%A0%E7%BD%91%E7%BB%9C%E8%BF%9E%E6%8E%A5	https://www.kuaishou.com/search/%E5%B0%8F%E7%B1%B3%E6%89%8B%E6%9C%BA%E6%89%93%E5%BC%80tiktok%E6%97%A0%E7%BD%91%E7%BB%9C%E8%BF%9E%E6%8E%A5	跨境与海外网络	跨境外贸	C	false	false	1
2234	异地组网软件免费	%E5%BC%82%E5%9C%B0%E7%BB%84%E7%BD%91%E8%BD%AF%E4%BB%B6%E5%85%8D%E8%B4%B9	https://www.kuaishou.com/search/%E5%BC%82%E5%9C%B0%E7%BB%84%E7%BD%91%E8%BD%AF%E4%BB%B6%E5%85%8D%E8%B4%B9	企业网络	企业办公	C	false	false	1
2235	校园网卡顿严重,如何优化网络设置或联系维修	%E6%A0%A1%E5%9B%AD%E7%BD%91%E5%8D%A1%E9%A1%BF%E4%B8%A5%E9%87%8D%2C%E5%A6%82%E4%BD%95%E4%BC%98%E5%8C%96%E7%BD%91%E7%BB%9C%E8%AE%BE%E7%BD%AE%E6%88%96%E8%81%94%E7%B3%BB%E7%BB%B4%E4%BF%AE	https://www.kuaishou.com/search/%E6%A0%A1%E5%9B%AD%E7%BD%91%E5%8D%A1%E9%A1%BF%E4%B8%A5%E9%87%8D%2C%E5%A6%82%E4%BD%95%E4%BC%98%E5%8C%96%E7%BD%91%E7%BB%9C%E8%AE%BE%E7%BD%AE%E6%88%96%E8%81%94%E7%B3%BB%E7%BB%B4%E4%BF%AE	关联网络需求	配置排障	C	false	false	1
2236	海外app下载安全方法	%E6%B5%B7%E5%A4%96app%E4%B8%8B%E8%BD%BD%E5%AE%89%E5%85%A8%E6%96%B9%E6%B3%95	https://www.kuaishou.com/search/%E6%B5%B7%E5%A4%96app%E4%B8%8B%E8%BD%BD%E5%AE%89%E5%85%A8%E6%96%B9%E6%B3%95	跨境与海外网络	跨境外贸	C	false	false	1
2237	海外iphone felica	%E6%B5%B7%E5%A4%96iphone%20felica	https://www.kuaishou.com/search/%E6%B5%B7%E5%A4%96iphone%20felica	跨境与海外网络	跨境外贸	C	false	false	1
2238	海外iphone充電	%E6%B5%B7%E5%A4%96iphone%E5%85%85%E9%9B%BB	https://www.kuaishou.com/search/%E6%B5%B7%E5%A4%96iphone%E5%85%85%E9%9B%BB	跨境与海外网络	跨境外贸	C	false	false	1
2239	海外iphone账号共享	%E6%B5%B7%E5%A4%96iphone%E8%B4%A6%E5%8F%B7%E5%85%B1%E4%BA%AB	https://www.kuaishou.com/search/%E6%B5%B7%E5%A4%96iphone%E8%B4%A6%E5%8F%B7%E5%85%B1%E4%BA%AB	跨境与海外网络	跨境外贸	C	true	false	1
2240	海外ipo	%E6%B5%B7%E5%A4%96ipo	https://www.kuaishou.com/search/%E6%B5%B7%E5%A4%96ipo	跨境与海外网络	跨境外贸	C	false	false	1
2241	海外留学生在线社交平台	%E6%B5%B7%E5%A4%96%E7%95%99%E5%AD%A6%E7%94%9F%E5%9C%A8%E7%BA%BF%E7%A4%BE%E4%BA%A4%E5%B9%B3%E5%8F%B0	https://www.kuaishou.com/search/%E6%B5%B7%E5%A4%96%E7%95%99%E5%AD%A6%E7%94%9F%E5%9C%A8%E7%BA%BF%E7%A4%BE%E4%BA%A4%E5%B9%B3%E5%8F%B0	跨境与海外网络	跨境外贸	C	false	false	1
2242	海外直播的10大忠告	%E6%B5%B7%E5%A4%96%E7%9B%B4%E6%92%AD%E7%9A%8410%E5%A4%A7%E5%BF%A0%E5%91%8A	https://www.kuaishou.com/search/%E6%B5%B7%E5%A4%96%E7%9B%B4%E6%92%AD%E7%9A%8410%E5%A4%A7%E5%BF%A0%E5%91%8A	跨境与海外网络	跨境外贸	C	false	false	1
2243	海外软件下载平台苹果版	%E6%B5%B7%E5%A4%96%E8%BD%AF%E4%BB%B6%E4%B8%8B%E8%BD%BD%E5%B9%B3%E5%8F%B0%E8%8B%B9%E6%9E%9C%E7%89%88	https://www.kuaishou.com/search/%E6%B5%B7%E5%A4%96%E8%BD%AF%E4%BB%B6%E4%B8%8B%E8%BD%BD%E5%B9%B3%E5%8F%B0%E8%8B%B9%E6%9E%9C%E7%89%88	跨境与海外网络	跨境外贸	C	false	false	1
2244	独立ip梯子	%E7%8B%AC%E7%AB%8Bip%E6%A2%AF%E5%AD%90	https://www.kuaishou.com/search/%E7%8B%AC%E7%AB%8Bip%E6%A2%AF%E5%AD%90	代理与IP	代理与IP	C	true	false	1
2245	独立ip浏览器	%E7%8B%AC%E7%AB%8Bip%E6%B5%8F%E8%A7%88%E5%99%A8	https://www.kuaishou.com/search/%E7%8B%AC%E7%AB%8Bip%E6%B5%8F%E8%A7%88%E5%99%A8	代理与IP	代理与IP	C	false	false	1
2246	电信5g接入点apn设置	%E7%94%B5%E4%BF%A15g%E6%8E%A5%E5%85%A5%E7%82%B9apn%E8%AE%BE%E7%BD%AE	https://www.kuaishou.com/search/%E7%94%B5%E4%BF%A15g%E6%8E%A5%E5%85%A5%E7%82%B9apn%E8%AE%BE%E7%BD%AE	关联网络需求	配置排障	C	false	false	1
2247	电脑怎么设置静态ip	%E7%94%B5%E8%84%91%E6%80%8E%E4%B9%88%E8%AE%BE%E7%BD%AE%E9%9D%99%E6%80%81ip	https://www.kuaishou.com/search/%E7%94%B5%E8%84%91%E6%80%8E%E4%B9%88%E8%AE%BE%E7%BD%AE%E9%9D%99%E6%80%81ip	代理与IP	配置排障	C	false	false	1
2248	看港澳台海外电视直播软件下载	%E7%9C%8B%E6%B8%AF%E6%BE%B3%E5%8F%B0%E6%B5%B7%E5%A4%96%E7%94%B5%E8%A7%86%E7%9B%B4%E6%92%AD%E8%BD%AF%E4%BB%B6%E4%B8%8B%E8%BD%BD	https://www.kuaishou.com/search/%E7%9C%8B%E6%B8%AF%E6%BE%B3%E5%8F%B0%E6%B5%B7%E5%A4%96%E7%94%B5%E8%A7%86%E7%9B%B4%E6%92%AD%E8%BD%AF%E4%BB%B6%E4%B8%8B%E8%BD%BD	跨境与海外网络	跨境外贸	C	false	false	1
2249	网络加速什么意思	%E7%BD%91%E7%BB%9C%E5%8A%A0%E9%80%9F%E4%BB%80%E4%B9%88%E6%84%8F%E6%80%9D	https://www.kuaishou.com/search/%E7%BD%91%E7%BB%9C%E5%8A%A0%E9%80%9F%E4%BB%80%E4%B9%88%E6%84%8F%E6%80%9D	网络加速	科普原理	C	false	false	1
2250	网络加速软件	%E7%BD%91%E7%BB%9C%E5%8A%A0%E9%80%9F%E8%BD%AF%E4%BB%B6	https://www.kuaishou.com/search/%E7%BD%91%E7%BB%9C%E5%8A%A0%E9%80%9F%E8%BD%AF%E4%BB%B6	网络加速	下载安装	C	false	false	1
2251	虚拟局域网vlan	%E8%99%9A%E6%8B%9F%E5%B1%80%E5%9F%9F%E7%BD%91vlan	https://www.kuaishou.com/search/%E8%99%9A%E6%8B%9F%E5%B1%80%E5%9F%9F%E7%BD%91vlan	关联网络需求	泛需求	C	false	false	1
2252	虚拟局域网的概念	%E8%99%9A%E6%8B%9F%E5%B1%80%E5%9F%9F%E7%BD%91%E7%9A%84%E6%A6%82%E5%BF%B5	https://www.kuaishou.com/search/%E8%99%9A%E6%8B%9F%E5%B1%80%E5%9F%9F%E7%BD%91%E7%9A%84%E6%A6%82%E5%BF%B5	关联网络需求	泛需求	C	false	false	1
2253	访问外网的软件	%E8%AE%BF%E9%97%AE%E5%A4%96%E7%BD%91%E7%9A%84%E8%BD%AF%E4%BB%B6	https://www.kuaishou.com/search/%E8%AE%BF%E9%97%AE%E5%A4%96%E7%BD%91%E7%9A%84%E8%BD%AF%E4%BB%B6	关联网络需求	下载安装	C	false	false	1
2254	跨境专线物流公司	%E8%B7%A8%E5%A2%83%E4%B8%93%E7%BA%BF%E7%89%A9%E6%B5%81%E5%85%AC%E5%8F%B8	https://www.kuaishou.com/search/%E8%B7%A8%E5%A2%83%E4%B8%93%E7%BA%BF%E7%89%A9%E6%B5%81%E5%85%AC%E5%8F%B8	跨境与海外网络	企业办公	C	false	false	1
2255	跨境电商filetype:pdf	%E8%B7%A8%E5%A2%83%E7%94%B5%E5%95%86filetype%3Apdf	https://www.kuaishou.com/search/%E8%B7%A8%E5%A2%83%E7%94%B5%E5%95%86filetype%3Apdf	跨境与海外网络	跨境外贸	C	false	false	1
2256	跨境电商怎么搭建网络	%E8%B7%A8%E5%A2%83%E7%94%B5%E5%95%86%E6%80%8E%E4%B9%88%E6%90%AD%E5%BB%BA%E7%BD%91%E7%BB%9C	https://www.kuaishou.com/search/%E8%B7%A8%E5%A2%83%E7%94%B5%E5%95%86%E6%80%8E%E4%B9%88%E6%90%AD%E5%BB%BA%E7%BD%91%E7%BB%9C	跨境与海外网络	跨境外贸	C	false	false	1
2257	跨境电商有哪些平台可以做	%E8%B7%A8%E5%A2%83%E7%94%B5%E5%95%86%E6%9C%89%E5%93%AA%E4%BA%9B%E5%B9%B3%E5%8F%B0%E5%8F%AF%E4%BB%A5%E5%81%9A	https://www.kuaishou.com/search/%E8%B7%A8%E5%A2%83%E7%94%B5%E5%95%86%E6%9C%89%E5%93%AA%E4%BA%9B%E5%B9%B3%E5%8F%B0%E5%8F%AF%E4%BB%A5%E5%81%9A	跨境与海外网络	跨境外贸	C	false	false	1
2258	跨境电商的网络服务商	%E8%B7%A8%E5%A2%83%E7%94%B5%E5%95%86%E7%9A%84%E7%BD%91%E7%BB%9C%E6%9C%8D%E5%8A%A1%E5%95%86	https://www.kuaishou.com/search/%E8%B7%A8%E5%A2%83%E7%94%B5%E5%95%86%E7%9A%84%E7%BD%91%E7%BB%9C%E6%9C%8D%E5%8A%A1%E5%95%86	跨境与海外网络	跨境外贸	C	false	false	1
2259	跨境电商系统方案	%E8%B7%A8%E5%A2%83%E7%94%B5%E5%95%86%E7%B3%BB%E7%BB%9F%E6%96%B9%E6%A1%88	https://www.kuaishou.com/search/%E8%B7%A8%E5%A2%83%E7%94%B5%E5%95%86%E7%B3%BB%E7%BB%9F%E6%96%B9%E6%A1%88	跨境与海外网络	跨境外贸	C	false	false	1
2260	跨境电商网络营销专家	%E8%B7%A8%E5%A2%83%E7%94%B5%E5%95%86%E7%BD%91%E7%BB%9C%E8%90%A5%E9%94%80%E4%B8%93%E5%AE%B6	https://www.kuaishou.com/search/%E8%B7%A8%E5%A2%83%E7%94%B5%E5%95%86%E7%BD%91%E7%BB%9C%E8%90%A5%E9%94%80%E4%B8%93%E5%AE%B6	跨境与海外网络	跨境外贸	C	false	false	1
2261	跨境电商网络营销理论	%E8%B7%A8%E5%A2%83%E7%94%B5%E5%95%86%E7%BD%91%E7%BB%9C%E8%90%A5%E9%94%80%E7%90%86%E8%AE%BA	https://www.kuaishou.com/search/%E8%B7%A8%E5%A2%83%E7%94%B5%E5%95%86%E7%BD%91%E7%BB%9C%E8%90%A5%E9%94%80%E7%90%86%E8%AE%BA	跨境与海外网络	跨境外贸	C	false	false	1
2262	跨境电子商务与传统贸易/境内电商有何不同	%E8%B7%A8%E5%A2%83%E7%94%B5%E5%AD%90%E5%95%86%E5%8A%A1%E4%B8%8E%E4%BC%A0%E7%BB%9F%E8%B4%B8%E6%98%93%2F%E5%A2%83%E5%86%85%E7%94%B5%E5%95%86%E6%9C%89%E4%BD%95%E4%B8%8D%E5%90%8C	https://www.kuaishou.com/search/%E8%B7%A8%E5%A2%83%E7%94%B5%E5%AD%90%E5%95%86%E5%8A%A1%E4%B8%8E%E4%BC%A0%E7%BB%9F%E8%B4%B8%E6%98%93%2F%E5%A2%83%E5%86%85%E7%94%B5%E5%95%86%E6%9C%89%E4%BD%95%E4%B8%8D%E5%90%8C	跨境与海外网络	跨境外贸	C	false	false	1
2263	跨境直播怎么做	%E8%B7%A8%E5%A2%83%E7%9B%B4%E6%92%AD%E6%80%8E%E4%B9%88%E5%81%9A	https://www.kuaishou.com/search/%E8%B7%A8%E5%A2%83%E7%9B%B4%E6%92%AD%E6%80%8E%E4%B9%88%E5%81%9A	跨境与海外网络	跨境外贸	C	false	false	1
2264	跨境网络怎么开通	%E8%B7%A8%E5%A2%83%E7%BD%91%E7%BB%9C%E6%80%8E%E4%B9%88%E5%BC%80%E9%80%9A	https://www.kuaishou.com/search/%E8%B7%A8%E5%A2%83%E7%BD%91%E7%BB%9C%E6%80%8E%E4%B9%88%E5%BC%80%E9%80%9A	跨境与海外网络	跨境外贸	C	false	false	1
2265	跨境网络服务提供商	%E8%B7%A8%E5%A2%83%E7%BD%91%E7%BB%9C%E6%9C%8D%E5%8A%A1%E6%8F%90%E4%BE%9B%E5%95%86	https://www.kuaishou.com/search/%E8%B7%A8%E5%A2%83%E7%BD%91%E7%BB%9C%E6%9C%8D%E5%8A%A1%E6%8F%90%E4%BE%9B%E5%95%86	跨境与海外网络	跨境外贸	C	false	false	1
2266	跨境网络连接	%E8%B7%A8%E5%A2%83%E7%BD%91%E7%BB%9C%E8%BF%9E%E6%8E%A5	https://www.kuaishou.com/search/%E8%B7%A8%E5%A2%83%E7%BD%91%E7%BB%9C%E8%BF%9E%E6%8E%A5	跨境与海外网络	跨境外贸	C	false	false	1
2267	钢铁雄心4为什么锁国区	%E9%92%A2%E9%93%81%E9%9B%84%E5%BF%834%E4%B8%BA%E4%BB%80%E4%B9%88%E9%94%81%E5%9B%BD%E5%8C%BA	https://www.kuaishou.com/search/%E9%92%A2%E9%93%81%E9%9B%84%E5%BF%834%E4%B8%BA%E4%BB%80%E4%B9%88%E9%94%81%E5%9B%BD%E5%8C%BA	关联网络需求	泛需求	C	false	false	1
2268	锁国区怎么办	%E9%94%81%E5%9B%BD%E5%8C%BA%E6%80%8E%E4%B9%88%E5%8A%9E	https://www.kuaishou.com/search/%E9%94%81%E5%9B%BD%E5%8C%BA%E6%80%8E%E4%B9%88%E5%8A%9E	关联网络需求	配置排障	C	false	false	1
2269	防关联浏览器哪个好用点	%E9%98%B2%E5%85%B3%E8%81%94%E6%B5%8F%E8%A7%88%E5%99%A8%E5%93%AA%E4%B8%AA%E5%A5%BD%E7%94%A8%E7%82%B9	https://www.kuaishou.com/search/%E9%98%B2%E5%85%B3%E8%81%94%E6%B5%8F%E8%A7%88%E5%99%A8%E5%93%AA%E4%B8%AA%E5%A5%BD%E7%94%A8%E7%82%B9	代理与IP	选型购买	C	false	false	1
2270	防关联浏览器的评测	%E9%98%B2%E5%85%B3%E8%81%94%E6%B5%8F%E8%A7%88%E5%99%A8%E7%9A%84%E8%AF%84%E6%B5%8B	https://www.kuaishou.com/search/%E9%98%B2%E5%85%B3%E8%81%94%E6%B5%8F%E8%A7%88%E5%99%A8%E7%9A%84%E8%AF%84%E6%B5%8B	代理与IP	代理与IP	C	false	false	1
2271	随身wifi修改密码登录入口	%E9%9A%8F%E8%BA%ABwifi%E4%BF%AE%E6%94%B9%E5%AF%86%E7%A0%81%E7%99%BB%E5%BD%95%E5%85%A5%E5%8F%A3	https://www.kuaishou.com/search/%E9%9A%8F%E8%BA%ABwifi%E4%BF%AE%E6%94%B9%E5%AF%86%E7%A0%81%E7%99%BB%E5%BD%95%E5%85%A5%E5%8F%A3	关联网络需求	泛需求	C	false	false	1
2272	随身wifi刷openwrt	%E9%9A%8F%E8%BA%ABwifi%E5%88%B7openwrt	https://www.kuaishou.com/search/%E9%9A%8F%E8%BA%ABwifi%E5%88%B7openwrt	关联网络需求	泛需求	C	false	false	1
2273	随身wifi好用吗	%E9%9A%8F%E8%BA%ABwifi%E5%A5%BD%E7%94%A8%E5%90%97	https://www.kuaishou.com/search/%E9%9A%8F%E8%BA%ABwifi%E5%A5%BD%E7%94%A8%E5%90%97	关联网络需求	选型购买	C	false	false	1
2274	随身wifi破解限速	%E9%9A%8F%E8%BA%ABwifi%E7%A0%B4%E8%A7%A3%E9%99%90%E9%80%9F	https://www.kuaishou.com/search/%E9%9A%8F%E8%BA%ABwifi%E7%A0%B4%E8%A7%A3%E9%99%90%E9%80%9F	关联网络需求	泛需求	C	true	false	1
2275	随身无线宽带联系不到卖家不好缴费	%E9%9A%8F%E8%BA%AB%E6%97%A0%E7%BA%BF%E5%AE%BD%E5%B8%A6%E8%81%94%E7%B3%BB%E4%B8%8D%E5%88%B0%E5%8D%96%E5%AE%B6%E4%B8%8D%E5%A5%BD%E7%BC%B4%E8%B4%B9	https://www.kuaishou.com/search/%E9%9A%8F%E8%BA%AB%E6%97%A0%E7%BA%BF%E5%AE%BD%E5%B8%A6%E8%81%94%E7%B3%BB%E4%B8%8D%E5%88%B0%E5%8D%96%E5%AE%B6%E4%B8%8D%E5%A5%BD%E7%BC%B4%E8%B4%B9	关联网络需求	泛需求	C	false	false	1
2276	静态ip与动态ip有什么区别	%E9%9D%99%E6%80%81ip%E4%B8%8E%E5%8A%A8%E6%80%81ip%E6%9C%89%E4%BB%80%E4%B9%88%E5%8C%BA%E5%88%AB	https://www.kuaishou.com/search/%E9%9D%99%E6%80%81ip%E4%B8%8E%E5%8A%A8%E6%80%81ip%E6%9C%89%E4%BB%80%E4%B9%88%E5%8C%BA%E5%88%AB	代理与IP	科普原理	C	false	false	1
2277	静态ip节点	%E9%9D%99%E6%80%81ip%E8%8A%82%E7%82%B9	https://www.kuaishou.com/search/%E9%9D%99%E6%80%81ip%E8%8A%82%E7%82%B9	代理与IP	代理与IP	C	true	false	1
2278	apn设置cmiot	apn%E8%AE%BE%E7%BD%AEcmiot	https://www.kuaishou.com/search/apn%E8%AE%BE%E7%BD%AEcmiot	关联网络需求	配置排障	C	false	false	1
2279	sd-wan viptela	sd-wan%20viptela	https://www.kuaishou.com/search/sd-wan%20viptela	企业网络	企业办公	C	false	false	1
2280	telegram与telegram x互通吗	telegram%E4%B8%8Etelegram%20x%E4%BA%92%E9%80%9A%E5%90%97	https://www.kuaishou.com/search/telegram%E4%B8%8Etelegram%20x%E4%BA%92%E9%80%9A%E5%90%97	关联网络需求	泛需求	C	false	false	1
2281	telegram代理连接不上	telegram%E4%BB%A3%E7%90%86%E8%BF%9E%E6%8E%A5%E4%B8%8D%E4%B8%8A	https://www.kuaishou.com/search/telegram%E4%BB%A3%E7%90%86%E8%BF%9E%E6%8E%A5%E4%B8%8D%E4%B8%8A	代理与IP	配置排障	C	false	false	1
2282	tiktok无网络连接的原因	tiktok%E6%97%A0%E7%BD%91%E7%BB%9C%E8%BF%9E%E6%8E%A5%E7%9A%84%E5%8E%9F%E5%9B%A0	https://www.kuaishou.com/search/tiktok%E6%97%A0%E7%BD%91%E7%BB%9C%E8%BF%9E%E6%8E%A5%E7%9A%84%E5%8E%9F%E5%9B%A0	跨境与海外网络	跨境外贸	C	false	false	1
2283	tiktok网络不稳定什么情况	tiktok%E7%BD%91%E7%BB%9C%E4%B8%8D%E7%A8%B3%E5%AE%9A%E4%BB%80%E4%B9%88%E6%83%85%E5%86%B5	https://www.kuaishou.com/search/tiktok%E7%BD%91%E7%BB%9C%E4%B8%8D%E7%A8%B3%E5%AE%9A%E4%BB%80%E4%B9%88%E6%83%85%E5%86%B5	跨境与海外网络	跨境外贸	C	false	false	1
2284	tiktok网络异常解除步骤	tiktok%E7%BD%91%E7%BB%9C%E5%BC%82%E5%B8%B8%E8%A7%A3%E9%99%A4%E6%AD%A5%E9%AA%A4	https://www.kuaishou.com/search/tiktok%E7%BD%91%E7%BB%9C%E5%BC%82%E5%B8%B8%E8%A7%A3%E9%99%A4%E6%AD%A5%E9%AA%A4	跨境与海外网络	跨境外贸	C	false	false	1
2285	tiktok网络怎么搭建	tiktok%E7%BD%91%E7%BB%9C%E6%80%8E%E4%B9%88%E6%90%AD%E5%BB%BA	https://www.kuaishou.com/search/tiktok%E7%BD%91%E7%BB%9C%E6%80%8E%E4%B9%88%E6%90%AD%E5%BB%BA	跨境与海外网络	跨境外贸	C	false	false	1
2286	tiktok网络连接不稳定登不上	tiktok%E7%BD%91%E7%BB%9C%E8%BF%9E%E6%8E%A5%E4%B8%8D%E7%A8%B3%E5%AE%9A%E7%99%BB%E4%B8%8D%E4%B8%8A	https://www.kuaishou.com/search/tiktok%E7%BD%91%E7%BB%9C%E8%BF%9E%E6%8E%A5%E4%B8%8D%E7%A8%B3%E5%AE%9A%E7%99%BB%E4%B8%8D%E4%B8%8A	跨境与海外网络	跨境外贸	C	false	false	1
2287	tiktok连接不上	tiktok%E8%BF%9E%E6%8E%A5%E4%B8%8D%E4%B8%8A	https://www.kuaishou.com/search/tiktok%E8%BF%9E%E6%8E%A5%E4%B8%8D%E4%B8%8A	跨境与海外网络	跨境外贸	C	false	false	1
2288	‎shadowrocket怎么使用	%E2%80%8Eshadowrocket%E6%80%8E%E4%B9%88%E4%BD%BF%E7%94%A8	https://www.kuaishou.com/search/%E2%80%8Eshadowrocket%E6%80%8E%E4%B9%88%E4%BD%BF%E7%94%A8	关联网络需求	配置排障	C	false	false	1
2289	上网卡和随身wifi哪个好	%E4%B8%8A%E7%BD%91%E5%8D%A1%E5%92%8C%E9%9A%8F%E8%BA%ABwifi%E5%93%AA%E4%B8%AA%E5%A5%BD	https://www.kuaishou.com/search/%E4%B8%8A%E7%BD%91%E5%8D%A1%E5%92%8C%E9%9A%8F%E8%BA%ABwifi%E5%93%AA%E4%B8%AA%E5%A5%BD	关联网络需求	选型购买	C	false	false	1
2290	上网卡大陆	%E4%B8%8A%E7%BD%91%E5%8D%A1%E5%A4%A7%E9%99%86	https://www.kuaishou.com/search/%E4%B8%8A%E7%BD%91%E5%8D%A1%E5%A4%A7%E9%99%86	关联网络需求	泛需求	C	false	false	1
2291	上网卡能打电话吗	%E4%B8%8A%E7%BD%91%E5%8D%A1%E8%83%BD%E6%89%93%E7%94%B5%E8%AF%9D%E5%90%97	https://www.kuaishou.com/search/%E4%B8%8A%E7%BD%91%E5%8D%A1%E8%83%BD%E6%89%93%E7%94%B5%E8%AF%9D%E5%90%97	关联网络需求	泛需求	C	false	false	1
2292	下载完tiktok无法连接网络	%E4%B8%8B%E8%BD%BD%E5%AE%8Ctiktok%E6%97%A0%E6%B3%95%E8%BF%9E%E6%8E%A5%E7%BD%91%E7%BB%9C	https://www.kuaishou.com/search/%E4%B8%8B%E8%BD%BD%E5%AE%8Ctiktok%E6%97%A0%E6%B3%95%E8%BF%9E%E6%8E%A5%E7%BD%91%E7%BB%9C	跨境与海外网络	跨境外贸	C	false	false	1
2293	中国联通跨境专线	%E4%B8%AD%E5%9B%BD%E8%81%94%E9%80%9A%E8%B7%A8%E5%A2%83%E4%B8%93%E7%BA%BF	https://www.kuaishou.com/search/%E4%B8%AD%E5%9B%BD%E8%81%94%E9%80%9A%E8%B7%A8%E5%A2%83%E4%B8%93%E7%BA%BF	跨境与海外网络	跨境外贸	C	false	false	1
2294	中文+跨境电商	%E4%B8%AD%E6%96%87%2B%E8%B7%A8%E5%A2%83%E7%94%B5%E5%95%86	https://www.kuaishou.com/search/%E4%B8%AD%E6%96%87%2B%E8%B7%A8%E5%A2%83%E7%94%B5%E5%95%86	跨境与海外网络	跨境外贸	C	false	false	1
2295	亚马逊网络书店(amazon)的排行榜	%E4%BA%9A%E9%A9%AC%E9%80%8A%E7%BD%91%E7%BB%9C%E4%B9%A6%E5%BA%97%28amazon%29%E7%9A%84%E6%8E%92%E8%A1%8C%E6%A6%9C	https://www.kuaishou.com/search/%E4%BA%9A%E9%A9%AC%E9%80%8A%E7%BD%91%E7%BB%9C%E4%B9%A6%E5%BA%97%28amazon%29%E7%9A%84%E6%8E%92%E8%A1%8C%E6%A6%9C	跨境与海外网络	跨境外贸	C	false	false	1
2296	亚马逊网络开放数据注册表	%E4%BA%9A%E9%A9%AC%E9%80%8A%E7%BD%91%E7%BB%9C%E5%BC%80%E6%94%BE%E6%95%B0%E6%8D%AE%E6%B3%A8%E5%86%8C%E8%A1%A8	https://www.kuaishou.com/search/%E4%BA%9A%E9%A9%AC%E9%80%8A%E7%BD%91%E7%BB%9C%E5%BC%80%E6%94%BE%E6%95%B0%E6%8D%AE%E6%B3%A8%E5%86%8C%E8%A1%A8	跨境与海外网络	跨境外贸	C	false	false	1
2297	代理服务器可能有问题或地址不对	%E4%BB%A3%E7%90%86%E6%9C%8D%E5%8A%A1%E5%99%A8%E5%8F%AF%E8%83%BD%E6%9C%89%E9%97%AE%E9%A2%98%E6%88%96%E5%9C%B0%E5%9D%80%E4%B8%8D%E5%AF%B9	https://www.kuaishou.com/search/%E4%BB%A3%E7%90%86%E6%9C%8D%E5%8A%A1%E5%99%A8%E5%8F%AF%E8%83%BD%E6%9C%89%E9%97%AE%E9%A2%98%E6%88%96%E5%9C%B0%E5%9D%80%E4%B8%8D%E5%AF%B9	代理与IP	代理与IP	C	false	false	1
2298	代理服务器可能有问题或地址不正确	%E4%BB%A3%E7%90%86%E6%9C%8D%E5%8A%A1%E5%99%A8%E5%8F%AF%E8%83%BD%E6%9C%89%E9%97%AE%E9%A2%98%E6%88%96%E5%9C%B0%E5%9D%80%E4%B8%8D%E6%AD%A3%E7%A1%AE	https://www.kuaishou.com/search/%E4%BB%A3%E7%90%86%E6%9C%8D%E5%8A%A1%E5%99%A8%E5%8F%AF%E8%83%BD%E6%9C%89%E9%97%AE%E9%A2%98%E6%88%96%E5%9C%B0%E5%9D%80%E4%B8%8D%E6%AD%A3%E7%A1%AE	代理与IP	代理与IP	C	false	false	1
2299	代理服务器安装配置	%E4%BB%A3%E7%90%86%E6%9C%8D%E5%8A%A1%E5%99%A8%E5%AE%89%E8%A3%85%E9%85%8D%E7%BD%AE	https://www.kuaishou.com/search/%E4%BB%A3%E7%90%86%E6%9C%8D%E5%8A%A1%E5%99%A8%E5%AE%89%E8%A3%85%E9%85%8D%E7%BD%AE	代理与IP	配置排障	C	false	false	1
2300	代理服务器搭建linux	%E4%BB%A3%E7%90%86%E6%9C%8D%E5%8A%A1%E5%99%A8%E6%90%AD%E5%BB%BAlinux	https://www.kuaishou.com/search/%E4%BB%A3%E7%90%86%E6%9C%8D%E5%8A%A1%E5%99%A8%E6%90%AD%E5%BB%BAlinux	代理与IP	配置排障	C	false	false	1
2301	代理服务器有问题或者地址有误	%E4%BB%A3%E7%90%86%E6%9C%8D%E5%8A%A1%E5%99%A8%E6%9C%89%E9%97%AE%E9%A2%98%E6%88%96%E8%80%85%E5%9C%B0%E5%9D%80%E6%9C%89%E8%AF%AF	https://www.kuaishou.com/search/%E4%BB%A3%E7%90%86%E6%9C%8D%E5%8A%A1%E5%99%A8%E6%9C%89%E9%97%AE%E9%A2%98%E6%88%96%E8%80%85%E5%9C%B0%E5%9D%80%E6%9C%89%E8%AF%AF	代理与IP	代理与IP	C	false	false	1
2302	代理服务器软件免费windows	%E4%BB%A3%E7%90%86%E6%9C%8D%E5%8A%A1%E5%99%A8%E8%BD%AF%E4%BB%B6%E5%85%8D%E8%B4%B9windows	https://www.kuaishou.com/search/%E4%BB%A3%E7%90%86%E6%9C%8D%E5%8A%A1%E5%99%A8%E8%BD%AF%E4%BB%B6%E5%85%8D%E8%B4%B9windows	代理与IP	下载安装	C	false	false	1
2303	代理服务器软件美国	%E4%BB%A3%E7%90%86%E6%9C%8D%E5%8A%A1%E5%99%A8%E8%BD%AF%E4%BB%B6%E7%BE%8E%E5%9B%BD	https://www.kuaishou.com/search/%E4%BB%A3%E7%90%86%E6%9C%8D%E5%8A%A1%E5%99%A8%E8%BD%AF%E4%BB%B6%E7%BE%8E%E5%9B%BD	代理与IP	下载安装	C	false	false	1
2304	住宅ip免费	%E4%BD%8F%E5%AE%85ip%E5%85%8D%E8%B4%B9	https://www.kuaishou.com/search/%E4%BD%8F%E5%AE%85ip%E5%85%8D%E8%B4%B9	代理与IP	代理与IP	C	false	false	1
2305	内网穿透花生壳	%E5%86%85%E7%BD%91%E7%A9%BF%E9%80%8F%E8%8A%B1%E7%94%9F%E5%A3%B3	https://www.kuaishou.com/search/%E5%86%85%E7%BD%91%E7%A9%BF%E9%80%8F%E8%8A%B1%E7%94%9F%E5%A3%B3	企业网络	企业办公	C	false	false	1
2306	华为下载海外软件	%E5%8D%8E%E4%B8%BA%E4%B8%8B%E8%BD%BD%E6%B5%B7%E5%A4%96%E8%BD%AF%E4%BB%B6	https://www.kuaishou.com/search/%E5%8D%8E%E4%B8%BA%E4%B8%8B%E8%BD%BD%E6%B5%B7%E5%A4%96%E8%BD%AF%E4%BB%B6	跨境与海外网络	跨境外贸	C	false	false	1
2307	华为应用商店海外版	%E5%8D%8E%E4%B8%BA%E5%BA%94%E7%94%A8%E5%95%86%E5%BA%97%E6%B5%B7%E5%A4%96%E7%89%88	https://www.kuaishou.com/search/%E5%8D%8E%E4%B8%BA%E5%BA%94%E7%94%A8%E5%95%86%E5%BA%97%E6%B5%B7%E5%A4%96%E7%89%88	跨境与海外网络	跨境外贸	C	false	false	1
2308	国外网站油管	%E5%9B%BD%E5%A4%96%E7%BD%91%E7%AB%99%E6%B2%B9%E7%AE%A1	https://www.kuaishou.com/search/%E5%9B%BD%E5%A4%96%E7%BD%91%E7%AB%99%E6%B2%B9%E7%AE%A1	关联网络需求	泛需求	C	false	false	1
2309	境外网站是什么意思	%E5%A2%83%E5%A4%96%E7%BD%91%E7%AB%99%E6%98%AF%E4%BB%80%E4%B9%88%E6%84%8F%E6%80%9D	https://www.kuaishou.com/search/%E5%A2%83%E5%A4%96%E7%BD%91%E7%AB%99%E6%98%AF%E4%BB%80%E4%B9%88%E6%84%8F%E6%80%9D	关联网络需求	科普原理	C	false	false	1
2310	外网尼泊尔泥石流视频	%E5%A4%96%E7%BD%91%E5%B0%BC%E6%B3%8A%E5%B0%94%E6%B3%A5%E7%9F%B3%E6%B5%81%E8%A7%86%E9%A2%91	https://www.kuaishou.com/search/%E5%A4%96%E7%BD%91%E5%B0%BC%E6%B3%8A%E5%B0%94%E6%B3%A5%E7%9F%B3%E6%B5%81%E8%A7%86%E9%A2%91	关联网络需求	泛需求	C	false	false	1
2311	外网怎么赚钱	%E5%A4%96%E7%BD%91%E6%80%8E%E4%B9%88%E8%B5%9A%E9%92%B1	https://www.kuaishou.com/search/%E5%A4%96%E7%BD%91%E6%80%8E%E4%B9%88%E8%B5%9A%E9%92%B1	关联网络需求	配置排障	C	false	false	1
2312	外贸网络搭建需要专用网线吗?能不能家庭共用	%E5%A4%96%E8%B4%B8%E7%BD%91%E7%BB%9C%E6%90%AD%E5%BB%BA%E9%9C%80%E8%A6%81%E4%B8%93%E7%94%A8%E7%BD%91%E7%BA%BF%E5%90%97%3F%E8%83%BD%E4%B8%8D%E8%83%BD%E5%AE%B6%E5%BA%AD%E5%85%B1%E7%94%A8	https://www.kuaishou.com/search/%E5%A4%96%E8%B4%B8%E7%BD%91%E7%BB%9C%E6%90%AD%E5%BB%BA%E9%9C%80%E8%A6%81%E4%B8%93%E7%94%A8%E7%BD%91%E7%BA%BF%E5%90%97%3F%E8%83%BD%E4%B8%8D%E8%83%BD%E5%AE%B6%E5%BA%AD%E5%85%B1%E7%94%A8	跨境与海外网络	跨境外贸	C	false	false	1
2313	外贸网络环境搭建	%E5%A4%96%E8%B4%B8%E7%BD%91%E7%BB%9C%E7%8E%AF%E5%A2%83%E6%90%AD%E5%BB%BA	https://www.kuaishou.com/search/%E5%A4%96%E8%B4%B8%E7%BD%91%E7%BB%9C%E7%8E%AF%E5%A2%83%E6%90%AD%E5%BB%BA	跨境与海外网络	跨境外贸	C	false	false	1
2314	广电apn设置	%E5%B9%BF%E7%94%B5apn%E8%AE%BE%E7%BD%AE	https://www.kuaishou.com/search/%E5%B9%BF%E7%94%B5apn%E8%AE%BE%E7%BD%AE	关联网络需求	配置排障	C	false	false	1
2315	怎么设置静态ip地址	%E6%80%8E%E4%B9%88%E8%AE%BE%E7%BD%AE%E9%9D%99%E6%80%81ip%E5%9C%B0%E5%9D%80	https://www.kuaishou.com/search/%E6%80%8E%E4%B9%88%E8%AE%BE%E7%BD%AE%E9%9D%99%E6%80%81ip%E5%9C%B0%E5%9D%80	代理与IP	配置排障	C	false	false	1
2316	我的世界内网穿透	%E6%88%91%E7%9A%84%E4%B8%96%E7%95%8C%E5%86%85%E7%BD%91%E7%A9%BF%E9%80%8F	https://www.kuaishou.com/search/%E6%88%91%E7%9A%84%E4%B8%96%E7%95%8C%E5%86%85%E7%BD%91%E7%A9%BF%E9%80%8F	企业网络	企业办公	C	false	false	1
2317	新加坡公民诉某跨境电商平台网络服务合同纠纷案	%E6%96%B0%E5%8A%A0%E5%9D%A1%E5%85%AC%E6%B0%91%E8%AF%89%E6%9F%90%E8%B7%A8%E5%A2%83%E7%94%B5%E5%95%86%E5%B9%B3%E5%8F%B0%E7%BD%91%E7%BB%9C%E6%9C%8D%E5%8A%A1%E5%90%88%E5%90%8C%E7%BA%A0%E7%BA%B7%E6%A1%88	https://www.kuaishou.com/search/%E6%96%B0%E5%8A%A0%E5%9D%A1%E5%85%AC%E6%B0%91%E8%AF%89%E6%9F%90%E8%B7%A8%E5%A2%83%E7%94%B5%E5%95%86%E5%B9%B3%E5%8F%B0%E7%BD%91%E7%BB%9C%E6%9C%8D%E5%8A%A1%E5%90%88%E5%90%8C%E7%BA%A0%E7%BA%B7%E6%A1%88	跨境与海外网络	跨境外贸	C	false	false	1
2318	校园网卡顿怎么解决电脑	%E6%A0%A1%E5%9B%AD%E7%BD%91%E5%8D%A1%E9%A1%BF%E6%80%8E%E4%B9%88%E8%A7%A3%E5%86%B3%E7%94%B5%E8%84%91	https://www.kuaishou.com/search/%E6%A0%A1%E5%9B%AD%E7%BD%91%E5%8D%A1%E9%A1%BF%E6%80%8E%E4%B9%88%E8%A7%A3%E5%86%B3%E7%94%B5%E8%84%91	关联网络需求	配置排障	C	false	false	1
2319	校园网卡顿解决方法手机	%E6%A0%A1%E5%9B%AD%E7%BD%91%E5%8D%A1%E9%A1%BF%E8%A7%A3%E5%86%B3%E6%96%B9%E6%B3%95%E6%89%8B%E6%9C%BA	https://www.kuaishou.com/search/%E6%A0%A1%E5%9B%AD%E7%BD%91%E5%8D%A1%E9%A1%BF%E8%A7%A3%E5%86%B3%E6%96%B9%E6%B3%95%E6%89%8B%E6%9C%BA	关联网络需求	下载安装	C	false	false	1
2320	海外iphone sim	%E6%B5%B7%E5%A4%96iphone%20sim	https://www.kuaishou.com/search/%E6%B5%B7%E5%A4%96iphone%20sim	跨境与海外网络	跨境外贸	C	false	false	1
2321	海外iphone上市时间	%E6%B5%B7%E5%A4%96iphone%E4%B8%8A%E5%B8%82%E6%97%B6%E9%97%B4	https://www.kuaishou.com/search/%E6%B5%B7%E5%A4%96iphone%E4%B8%8A%E5%B8%82%E6%97%B6%E9%97%B4	跨境与海外网络	跨境外贸	C	false	false	1
2322	海外专线ip多少钱一个月	%E6%B5%B7%E5%A4%96%E4%B8%93%E7%BA%BFip%E5%A4%9A%E5%B0%91%E9%92%B1%E4%B8%80%E4%B8%AA%E6%9C%88	https://www.kuaishou.com/search/%E6%B5%B7%E5%A4%96%E4%B8%93%E7%BA%BFip%E5%A4%9A%E5%B0%91%E9%92%B1%E4%B8%80%E4%B8%AA%E6%9C%88	跨境与海外网络	跨境外贸	C	false	false	1
2323	海外专线莫离	%E6%B5%B7%E5%A4%96%E4%B8%93%E7%BA%BF%E8%8E%AB%E7%A6%BB	https://www.kuaishou.com/search/%E6%B5%B7%E5%A4%96%E4%B8%93%E7%BA%BF%E8%8E%AB%E7%A6%BB	跨境与海外网络	跨境外贸	C	false	false	1
2324	海外留学生论坛汇总	%E6%B5%B7%E5%A4%96%E7%95%99%E5%AD%A6%E7%94%9F%E8%AE%BA%E5%9D%9B%E6%B1%87%E6%80%BB	https://www.kuaishou.com/search/%E6%B5%B7%E5%A4%96%E7%95%99%E5%AD%A6%E7%94%9F%E8%AE%BA%E5%9D%9B%E6%B1%87%E6%80%BB	跨境与海外网络	跨境外贸	C	false	false	1
2325	海外直播平台scrip	%E6%B5%B7%E5%A4%96%E7%9B%B4%E6%92%AD%E5%B9%B3%E5%8F%B0scrip	https://www.kuaishou.com/search/%E6%B5%B7%E5%A4%96%E7%9B%B4%E6%92%AD%E5%B9%B3%E5%8F%B0scrip	跨境与海外网络	跨境外贸	C	false	false	1
2326	海外看剧app	%E6%B5%B7%E5%A4%96%E7%9C%8B%E5%89%A7app	https://www.kuaishou.com/search/%E6%B5%B7%E5%A4%96%E7%9C%8B%E5%89%A7app	跨境与海外网络	跨境外贸	C	false	false	1
2327	海外软件下载的应用商店	%E6%B5%B7%E5%A4%96%E8%BD%AF%E4%BB%B6%E4%B8%8B%E8%BD%BD%E7%9A%84%E5%BA%94%E7%94%A8%E5%95%86%E5%BA%97	https://www.kuaishou.com/search/%E6%B5%B7%E5%A4%96%E8%BD%AF%E4%BB%B6%E4%B8%8B%E8%BD%BD%E7%9A%84%E5%BA%94%E7%94%A8%E5%95%86%E5%BA%97	跨境与海外网络	跨境外贸	C	false	false	1
2328	爱壹帆海外追剧网app下载	%E7%88%B1%E5%A3%B9%E5%B8%86%E6%B5%B7%E5%A4%96%E8%BF%BD%E5%89%A7%E7%BD%91app%E4%B8%8B%E8%BD%BD	https://www.kuaishou.com/search/%E7%88%B1%E5%A3%B9%E5%B8%86%E6%B5%B7%E5%A4%96%E8%BF%BD%E5%89%A7%E7%BD%91app%E4%B8%8B%E8%BD%BD	跨境与海外网络	跨境外贸	C	false	false	1
2329	独立ip是什么	%E7%8B%AC%E7%AB%8Bip%E6%98%AF%E4%BB%80%E4%B9%88	https://www.kuaishou.com/search/%E7%8B%AC%E7%AB%8Bip%E6%98%AF%E4%BB%80%E4%B9%88	代理与IP	科普原理	C	false	false	1
2330	独立ip空间	%E7%8B%AC%E7%AB%8Bip%E7%A9%BA%E9%97%B4	https://www.kuaishou.com/search/%E7%8B%AC%E7%AB%8Bip%E7%A9%BA%E9%97%B4	代理与IP	代理与IP	C	false	false	1
2331	登录tiktok显示网络连接不稳定	%E7%99%BB%E5%BD%95tiktok%E6%98%BE%E7%A4%BA%E7%BD%91%E7%BB%9C%E8%BF%9E%E6%8E%A5%E4%B8%8D%E7%A8%B3%E5%AE%9A	https://www.kuaishou.com/search/%E7%99%BB%E5%BD%95tiktok%E6%98%BE%E7%A4%BA%E7%BD%91%E7%BB%9C%E8%BF%9E%E6%8E%A5%E4%B8%8D%E7%A8%B3%E5%AE%9A	跨境与海外网络	跨境外贸	C	false	false	1
2332	绝区零steam锁国区	%E7%BB%9D%E5%8C%BA%E9%9B%B6steam%E9%94%81%E5%9B%BD%E5%8C%BA	https://www.kuaishou.com/search/%E7%BB%9D%E5%8C%BA%E9%9B%B6steam%E9%94%81%E5%9B%BD%E5%8C%BA	关联网络需求	泛需求	C	false	false	1
2333	网络加速怎么关闭	%E7%BD%91%E7%BB%9C%E5%8A%A0%E9%80%9F%E6%80%8E%E4%B9%88%E5%85%B3%E9%97%AD	https://www.kuaishou.com/search/%E7%BD%91%E7%BB%9C%E5%8A%A0%E9%80%9F%E6%80%8E%E4%B9%88%E5%85%B3%E9%97%AD	网络加速	配置排障	C	false	false	1
2334	网络延迟大解决	%E7%BD%91%E7%BB%9C%E5%BB%B6%E8%BF%9F%E5%A4%A7%E8%A7%A3%E5%86%B3	https://www.kuaishou.com/search/%E7%BD%91%E7%BB%9C%E5%BB%B6%E8%BF%9F%E5%A4%A7%E8%A7%A3%E5%86%B3	关联网络需求	泛需求	C	false	false	1
2335	虚拟局域网zerotier	%E8%99%9A%E6%8B%9F%E5%B1%80%E5%9F%9F%E7%BD%91zerotier	https://www.kuaishou.com/search/%E8%99%9A%E6%8B%9F%E5%B1%80%E5%9F%9F%E7%BD%91zerotier	关联网络需求	泛需求	C	false	false	1
2336	虚拟局域网的英文缩写	%E8%99%9A%E6%8B%9F%E5%B1%80%E5%9F%9F%E7%BD%91%E7%9A%84%E8%8B%B1%E6%96%87%E7%BC%A9%E5%86%99	https://www.kuaishou.com/search/%E8%99%9A%E6%8B%9F%E5%B1%80%E5%9F%9F%E7%BD%91%E7%9A%84%E8%8B%B1%E6%96%87%E7%BC%A9%E5%86%99	关联网络需求	泛需求	C	false	false	1
2337	视频监控画面花屏卡顿网络延迟如何解决	%E8%A7%86%E9%A2%91%E7%9B%91%E6%8E%A7%E7%94%BB%E9%9D%A2%E8%8A%B1%E5%B1%8F%E5%8D%A1%E9%A1%BF%E7%BD%91%E7%BB%9C%E5%BB%B6%E8%BF%9F%E5%A6%82%E4%BD%95%E8%A7%A3%E5%86%B3	https://www.kuaishou.com/search/%E8%A7%86%E9%A2%91%E7%9B%91%E6%8E%A7%E7%94%BB%E9%9D%A2%E8%8A%B1%E5%B1%8F%E5%8D%A1%E9%A1%BF%E7%BD%91%E7%BB%9C%E5%BB%B6%E8%BF%9F%E5%A6%82%E4%BD%95%E8%A7%A3%E5%86%B3	关联网络需求	配置排障	C	false	false	1
2338	访问外网梯子	%E8%AE%BF%E9%97%AE%E5%A4%96%E7%BD%91%E6%A2%AF%E5%AD%90	https://www.kuaishou.com/search/%E8%AE%BF%E9%97%AE%E5%A4%96%E7%BD%91%E6%A2%AF%E5%AD%90	关联网络需求	泛需求	C	true	false	1
2339	跨境专线物流平台	%E8%B7%A8%E5%A2%83%E4%B8%93%E7%BA%BF%E7%89%A9%E6%B5%81%E5%B9%B3%E5%8F%B0	https://www.kuaishou.com/search/%E8%B7%A8%E5%A2%83%E4%B8%93%E7%BA%BF%E7%89%A9%E6%B5%81%E5%B9%B3%E5%8F%B0	跨境与海外网络	跨境外贸	C	false	false	1
2340	跨境服务电商平台	%E8%B7%A8%E5%A2%83%E6%9C%8D%E5%8A%A1%E7%94%B5%E5%95%86%E5%B9%B3%E5%8F%B0	https://www.kuaishou.com/search/%E8%B7%A8%E5%A2%83%E6%9C%8D%E5%8A%A1%E7%94%B5%E5%95%86%E5%B9%B3%E5%8F%B0	跨境与海外网络	跨境外贸	C	false	false	1
2341	跨境电商、挑战	%E8%B7%A8%E5%A2%83%E7%94%B5%E5%95%86%E3%80%81%E6%8C%91%E6%88%98	https://www.kuaishou.com/search/%E8%B7%A8%E5%A2%83%E7%94%B5%E5%95%86%E3%80%81%E6%8C%91%E6%88%98	跨境与海外网络	跨境外贸	C	false	false	1
2342	跨境电商小白怎么入行	%E8%B7%A8%E5%A2%83%E7%94%B5%E5%95%86%E5%B0%8F%E7%99%BD%E6%80%8E%E4%B9%88%E5%85%A5%E8%A1%8C	https://www.kuaishou.com/search/%E8%B7%A8%E5%A2%83%E7%94%B5%E5%95%86%E5%B0%8F%E7%99%BD%E6%80%8E%E4%B9%88%E5%85%A5%E8%A1%8C	跨境与海外网络	跨境外贸	C	false	false	1
2343	跨境电商建设	%E8%B7%A8%E5%A2%83%E7%94%B5%E5%95%86%E5%BB%BA%E8%AE%BE	https://www.kuaishou.com/search/%E8%B7%A8%E5%A2%83%E7%94%B5%E5%95%86%E5%BB%BA%E8%AE%BE	跨境与海外网络	跨境外贸	C	false	false	1
2344	跨境电商网络营销培训	%E8%B7%A8%E5%A2%83%E7%94%B5%E5%95%86%E7%BD%91%E7%BB%9C%E8%90%A5%E9%94%80%E5%9F%B9%E8%AE%AD	https://www.kuaishou.com/search/%E8%B7%A8%E5%A2%83%E7%94%B5%E5%95%86%E7%BD%91%E7%BB%9C%E8%90%A5%E9%94%80%E5%9F%B9%E8%AE%AD	跨境与海外网络	跨境外贸	C	false	false	1
2345	跨境电商网络营销工具	%E8%B7%A8%E5%A2%83%E7%94%B5%E5%95%86%E7%BD%91%E7%BB%9C%E8%90%A5%E9%94%80%E5%B7%A5%E5%85%B7	https://www.kuaishou.com/search/%E8%B7%A8%E5%A2%83%E7%94%B5%E5%95%86%E7%BD%91%E7%BB%9C%E8%90%A5%E9%94%80%E5%B7%A5%E5%85%B7	跨境与海外网络	跨境外贸	C	false	false	1
2346	跨境直播	%E8%B7%A8%E5%A2%83%E7%9B%B4%E6%92%AD	https://www.kuaishou.com/search/%E8%B7%A8%E5%A2%83%E7%9B%B4%E6%92%AD	跨境与海外网络	跨境外贸	C	false	false	1
2347	跨境网站建设	%E8%B7%A8%E5%A2%83%E7%BD%91%E7%AB%99%E5%BB%BA%E8%AE%BE	https://www.kuaishou.com/search/%E8%B7%A8%E5%A2%83%E7%BD%91%E7%AB%99%E5%BB%BA%E8%AE%BE	跨境与海外网络	跨境外贸	C	false	false	1
2348	锐捷路由器异地组网	%E9%94%90%E6%8D%B7%E8%B7%AF%E7%94%B1%E5%99%A8%E5%BC%82%E5%9C%B0%E7%BB%84%E7%BD%91	https://www.kuaishou.com/search/%E9%94%90%E6%8D%B7%E8%B7%AF%E7%94%B1%E5%99%A8%E5%BC%82%E5%9C%B0%E7%BB%84%E7%BD%91	企业网络	企业办公	C	false	false	1
2349	防关联浏览器排行榜	%E9%98%B2%E5%85%B3%E8%81%94%E6%B5%8F%E8%A7%88%E5%99%A8%E6%8E%92%E8%A1%8C%E6%A6%9C	https://www.kuaishou.com/search/%E9%98%B2%E5%85%B3%E8%81%94%E6%B5%8F%E8%A7%88%E5%99%A8%E6%8E%92%E8%A1%8C%E6%A6%9C	代理与IP	代理与IP	C	false	false	1
2350	防关联浏览器的安全性	%E9%98%B2%E5%85%B3%E8%81%94%E6%B5%8F%E8%A7%88%E5%99%A8%E7%9A%84%E5%AE%89%E5%85%A8%E6%80%A7	https://www.kuaishou.com/search/%E9%98%B2%E5%85%B3%E8%81%94%E6%B5%8F%E8%A7%88%E5%99%A8%E7%9A%84%E5%AE%89%E5%85%A8%E6%80%A7	代理与IP	代理与IP	C	false	false	1
2351	随身wifi原理	%E9%9A%8F%E8%BA%ABwifi%E5%8E%9F%E7%90%86	https://www.kuaishou.com/search/%E9%9A%8F%E8%BA%ABwifi%E5%8E%9F%E7%90%86	关联网络需求	科普原理	C	false	false	1
2352	随身wifi多少钱一个月	%E9%9A%8F%E8%BA%ABwifi%E5%A4%9A%E5%B0%91%E9%92%B1%E4%B8%80%E4%B8%AA%E6%9C%88	https://www.kuaishou.com/search/%E9%9A%8F%E8%BA%ABwifi%E5%A4%9A%E5%B0%91%E9%92%B1%E4%B8%80%E4%B8%AA%E6%9C%88	关联网络需求	泛需求	C	false	false	1
2353	随身无线宽带路由器怎么用	%E9%9A%8F%E8%BA%AB%E6%97%A0%E7%BA%BF%E5%AE%BD%E5%B8%A6%E8%B7%AF%E7%94%B1%E5%99%A8%E6%80%8E%E4%B9%88%E7%94%A8	https://www.kuaishou.com/search/%E9%9A%8F%E8%BA%AB%E6%97%A0%E7%BA%BF%E5%AE%BD%E5%B8%A6%E8%B7%AF%E7%94%B1%E5%99%A8%E6%80%8E%E4%B9%88%E7%94%A8	关联网络需求	配置排障	C	false	false	1
2354	静态ip和动态的区别	%E9%9D%99%E6%80%81ip%E5%92%8C%E5%8A%A8%E6%80%81%E7%9A%84%E5%8C%BA%E5%88%AB	https://www.kuaishou.com/search/%E9%9D%99%E6%80%81ip%E5%92%8C%E5%8A%A8%E6%80%81%E7%9A%84%E5%8C%BA%E5%88%AB	代理与IP	科普原理	C	false	false	1
2355	静态ip小火箭	%E9%9D%99%E6%80%81ip%E5%B0%8F%E7%81%AB%E7%AE%AD	https://www.kuaishou.com/search/%E9%9D%99%E6%80%81ip%E5%B0%8F%E7%81%AB%E7%AE%AD	代理与IP	代理与IP	C	false	false	1
2356	静态ip怎么设置电脑	%E9%9D%99%E6%80%81ip%E6%80%8E%E4%B9%88%E8%AE%BE%E7%BD%AE%E7%94%B5%E8%84%91	https://www.kuaishou.com/search/%E9%9D%99%E6%80%81ip%E6%80%8E%E4%B9%88%E8%AE%BE%E7%BD%AE%E7%94%B5%E8%84%91	代理与IP	配置排障	C	false	false	1
2357	静态ip配置	%E9%9D%99%E6%80%81ip%E9%85%8D%E7%BD%AE	https://www.kuaishou.com/search/%E9%9D%99%E6%80%81ip%E9%85%8D%E7%BD%AE	代理与IP	配置排障	C	false	false	1
2358	apn设置dns	apn%E8%AE%BE%E7%BD%AEdns	https://www.kuaishou.com/search/apn%E8%AE%BE%E7%BD%AEdns	关联网络需求	配置排障	C	false	false	1
2359	shadowrocket、安装	shadowrocket%E3%80%81%E5%AE%89%E8%A3%85	https://www.kuaishou.com/search/shadowrocket%E3%80%81%E5%AE%89%E8%A3%85	关联网络需求	下载安装	C	false	false	1
2360	telegram为什么连接不上	telegram%E4%B8%BA%E4%BB%80%E4%B9%88%E8%BF%9E%E6%8E%A5%E4%B8%8D%E4%B8%8A	https://www.kuaishou.com/search/telegram%E4%B8%BA%E4%BB%80%E4%B9%88%E8%BF%9E%E6%8E%A5%E4%B8%8D%E4%B8%8A	关联网络需求	配置排障	C	false	false	1
2361	temu海外版app下载	temu%E6%B5%B7%E5%A4%96%E7%89%88app%E4%B8%8B%E8%BD%BD	https://www.kuaishou.com/search/temu%E6%B5%B7%E5%A4%96%E7%89%88app%E4%B8%8B%E8%BD%BD	跨境与海外网络	跨境外贸	C	false	false	1
2362	tiktok一直说网络不稳定	tiktok%E4%B8%80%E7%9B%B4%E8%AF%B4%E7%BD%91%E7%BB%9C%E4%B8%8D%E7%A8%B3%E5%AE%9A	https://www.kuaishou.com/search/tiktok%E4%B8%80%E7%9B%B4%E8%AF%B4%E7%BD%91%E7%BB%9C%E4%B8%8D%E7%A8%B3%E5%AE%9A	跨境与海外网络	跨境外贸	C	false	false	1
2363	tiktok显示无法连接网络	tiktok%E6%98%BE%E7%A4%BA%E6%97%A0%E6%B3%95%E8%BF%9E%E6%8E%A5%E7%BD%91%E7%BB%9C	https://www.kuaishou.com/search/tiktok%E6%98%BE%E7%A4%BA%E6%97%A0%E6%B3%95%E8%BF%9E%E6%8E%A5%E7%BD%91%E7%BB%9C	跨境与海外网络	跨境外贸	C	false	false	1
2364	tiktok网络不稳定怎么注册	tiktok%E7%BD%91%E7%BB%9C%E4%B8%8D%E7%A8%B3%E5%AE%9A%E6%80%8E%E4%B9%88%E6%B3%A8%E5%86%8C	https://www.kuaishou.com/search/tiktok%E7%BD%91%E7%BB%9C%E4%B8%8D%E7%A8%B3%E5%AE%9A%E6%80%8E%E4%B9%88%E6%B3%A8%E5%86%8C	跨境与海外网络	跨境外贸	C	false	false	1
2365	tiktok网络无连接	tiktok%E7%BD%91%E7%BB%9C%E6%97%A0%E8%BF%9E%E6%8E%A5	https://www.kuaishou.com/search/tiktok%E7%BD%91%E7%BB%9C%E6%97%A0%E8%BF%9E%E6%8E%A5	跨境与海外网络	跨境外贸	C	false	false	1
2366	tiktok网络设置	tiktok%E7%BD%91%E7%BB%9C%E8%AE%BE%E7%BD%AE	https://www.kuaishou.com/search/tiktok%E7%BD%91%E7%BB%9C%E8%AE%BE%E7%BD%AE	跨境与海外网络	跨境外贸	C	false	false	1
2367	tiktok网络问题	tiktok%E7%BD%91%E7%BB%9C%E9%97%AE%E9%A2%98	https://www.kuaishou.com/search/tiktok%E7%BD%91%E7%BB%9C%E9%97%AE%E9%A2%98	跨境与海外网络	跨境外贸	C	false	false	1
2368	www.tiktok.com pc端	www.tiktok.com%20pc%E7%AB%AF	https://www.kuaishou.com/search/www.tiktok.com%20pc%E7%AB%AF	跨境与海外网络	跨境外贸	C	false	false	1
2369	上网卡和手机卡的区别	%E4%B8%8A%E7%BD%91%E5%8D%A1%E5%92%8C%E6%89%8B%E6%9C%BA%E5%8D%A1%E7%9A%84%E5%8C%BA%E5%88%AB	https://www.kuaishou.com/search/%E4%B8%8A%E7%BD%91%E5%8D%A1%E5%92%8C%E6%89%8B%E6%9C%BA%E5%8D%A1%E7%9A%84%E5%8C%BA%E5%88%AB	关联网络需求	下载安装	C	false	false	1
2370	上网卡怎么用	%E4%B8%8A%E7%BD%91%E5%8D%A1%E6%80%8E%E4%B9%88%E7%94%A8	https://www.kuaishou.com/search/%E4%B8%8A%E7%BD%91%E5%8D%A1%E6%80%8E%E4%B9%88%E7%94%A8	关联网络需求	配置排障	C	false	false	1
2371	上网卡设备	%E4%B8%8A%E7%BD%91%E5%8D%A1%E8%AE%BE%E5%A4%87	https://www.kuaishou.com/search/%E4%B8%8A%E7%BD%91%E5%8D%A1%E8%AE%BE%E5%A4%87	关联网络需求	泛需求	C	false	false	1
2372	中国广电apn设置	%E4%B8%AD%E5%9B%BD%E5%B9%BF%E7%94%B5apn%E8%AE%BE%E7%BD%AE	https://www.kuaishou.com/search/%E4%B8%AD%E5%9B%BD%E5%B9%BF%E7%94%B5apn%E8%AE%BE%E7%BD%AE	关联网络需求	配置排障	C	false	false	1
2373	亚马逊网络关联具体有哪些原因	%E4%BA%9A%E9%A9%AC%E9%80%8A%E7%BD%91%E7%BB%9C%E5%85%B3%E8%81%94%E5%85%B7%E4%BD%93%E6%9C%89%E5%93%AA%E4%BA%9B%E5%8E%9F%E5%9B%A0	https://www.kuaishou.com/search/%E4%BA%9A%E9%A9%AC%E9%80%8A%E7%BD%91%E7%BB%9C%E5%85%B3%E8%81%94%E5%85%B7%E4%BD%93%E6%9C%89%E5%93%AA%E4%BA%9B%E5%8E%9F%E5%9B%A0	跨境与海外网络	跨境外贸	C	false	false	1
2374	亚马逊网络安全	%E4%BA%9A%E9%A9%AC%E9%80%8A%E7%BD%91%E7%BB%9C%E5%AE%89%E5%85%A8	https://www.kuaishou.com/search/%E4%BA%9A%E9%A9%AC%E9%80%8A%E7%BD%91%E7%BB%9C%E5%AE%89%E5%85%A8	跨境与海外网络	跨境外贸	C	false	false	1
2375	代理服务器ip	%E4%BB%A3%E7%90%86%E6%9C%8D%E5%8A%A1%E5%99%A8ip	https://www.kuaishou.com/search/%E4%BB%A3%E7%90%86%E6%9C%8D%E5%8A%A1%E5%99%A8ip	代理与IP	代理与IP	C	false	false	1
2376	代理服务器使用方法	%E4%BB%A3%E7%90%86%E6%9C%8D%E5%8A%A1%E5%99%A8%E4%BD%BF%E7%94%A8%E6%96%B9%E6%B3%95	https://www.kuaishou.com/search/%E4%BB%A3%E7%90%86%E6%9C%8D%E5%8A%A1%E5%99%A8%E4%BD%BF%E7%94%A8%E6%96%B9%E6%B3%95	代理与IP	代理与IP	C	false	false	1
2377	代理服务器拒绝连接怎么办	%E4%BB%A3%E7%90%86%E6%9C%8D%E5%8A%A1%E5%99%A8%E6%8B%92%E7%BB%9D%E8%BF%9E%E6%8E%A5%E6%80%8E%E4%B9%88%E5%8A%9E	https://www.kuaishou.com/search/%E4%BB%A3%E7%90%86%E6%9C%8D%E5%8A%A1%E5%99%A8%E6%8B%92%E7%BB%9D%E8%BF%9E%E6%8E%A5%E6%80%8E%E4%B9%88%E5%8A%9E	代理与IP	配置排障	C	false	false	1
2378	代理服务器软件下载手机版安装	%E4%BB%A3%E7%90%86%E6%9C%8D%E5%8A%A1%E5%99%A8%E8%BD%AF%E4%BB%B6%E4%B8%8B%E8%BD%BD%E6%89%8B%E6%9C%BA%E7%89%88%E5%AE%89%E8%A3%85	https://www.kuaishou.com/search/%E4%BB%A3%E7%90%86%E6%9C%8D%E5%8A%A1%E5%99%A8%E8%BD%AF%E4%BB%B6%E4%B8%8B%E8%BD%BD%E6%89%8B%E6%9C%BA%E7%89%88%E5%AE%89%E8%A3%85	代理与IP	下载安装	C	false	false	1
2379	代理服务器软件安卓	%E4%BB%A3%E7%90%86%E6%9C%8D%E5%8A%A1%E5%99%A8%E8%BD%AF%E4%BB%B6%E5%AE%89%E5%8D%93	https://www.kuaishou.com/search/%E4%BB%A3%E7%90%86%E6%9C%8D%E5%8A%A1%E5%99%A8%E8%BD%AF%E4%BB%B6%E5%AE%89%E5%8D%93	代理与IP	下载安装	C	false	false	1
2380	住宅ip中转	%E4%BD%8F%E5%AE%85ip%E4%B8%AD%E8%BD%AC	https://www.kuaishou.com/search/%E4%BD%8F%E5%AE%85ip%E4%B8%AD%E8%BD%AC	代理与IP	代理与IP	C	false	false	1
2381	全球节点插件	%E5%85%A8%E7%90%83%E8%8A%82%E7%82%B9%E6%8F%92%E4%BB%B6	https://www.kuaishou.com/search/%E5%85%A8%E7%90%83%E8%8A%82%E7%82%B9%E6%8F%92%E4%BB%B6	关联网络需求	代理与IP	C	true	false	1
2382	内网穿透联机	%E5%86%85%E7%BD%91%E7%A9%BF%E9%80%8F%E8%81%94%E6%9C%BA	https://www.kuaishou.com/search/%E5%86%85%E7%BD%91%E7%A9%BF%E9%80%8F%E8%81%94%E6%9C%BA	企业网络	企业办公	C	false	false	1
2383	国外上网卡	%E5%9B%BD%E5%A4%96%E4%B8%8A%E7%BD%91%E5%8D%A1	https://www.kuaishou.com/search/%E5%9B%BD%E5%A4%96%E4%B8%8A%E7%BD%91%E5%8D%A1	关联网络需求	泛需求	C	false	false	1
2384	国外网站查询	%E5%9B%BD%E5%A4%96%E7%BD%91%E7%AB%99%E6%9F%A5%E8%AF%A2	https://www.kuaishou.com/search/%E5%9B%BD%E5%A4%96%E7%BD%91%E7%AB%99%E6%9F%A5%E8%AF%A2	关联网络需求	泛需求	C	false	false	1
2385	国际专线ip	%E5%9B%BD%E9%99%85%E4%B8%93%E7%BA%BFip	https://www.kuaishou.com/search/%E5%9B%BD%E9%99%85%E4%B8%93%E7%BA%BFip	跨境与海外网络	跨境外贸	C	false	false	1
2386	境外网站地址	%E5%A2%83%E5%A4%96%E7%BD%91%E7%AB%99%E5%9C%B0%E5%9D%80	https://www.kuaishou.com/search/%E5%A2%83%E5%A4%96%E7%BD%91%E7%AB%99%E5%9C%B0%E5%9D%80	关联网络需求	泛需求	C	false	false	1
2387	外网推特下装正版	%E5%A4%96%E7%BD%91%E6%8E%A8%E7%89%B9%E4%B8%8B%E8%A3%85%E6%AD%A3%E7%89%88	https://www.kuaishou.com/search/%E5%A4%96%E7%BD%91%E6%8E%A8%E7%89%B9%E4%B8%8B%E8%A3%85%E6%AD%A3%E7%89%88	关联网络需求	泛需求	C	false	false	1
2388	外网服务器	%E5%A4%96%E7%BD%91%E6%9C%8D%E5%8A%A1%E5%99%A8	https://www.kuaishou.com/search/%E5%A4%96%E7%BD%91%E6%9C%8D%E5%8A%A1%E5%99%A8	关联网络需求	泛需求	C	false	false	1
2389	外网赚钱项目	%E5%A4%96%E7%BD%91%E8%B5%9A%E9%92%B1%E9%A1%B9%E7%9B%AE	https://www.kuaishou.com/search/%E5%A4%96%E7%BD%91%E8%B5%9A%E9%92%B1%E9%A1%B9%E7%9B%AE	关联网络需求	泛需求	C	false	false	1
2390	外贸网络销售是做什么的	%E5%A4%96%E8%B4%B8%E7%BD%91%E7%BB%9C%E9%94%80%E5%94%AE%E6%98%AF%E5%81%9A%E4%BB%80%E4%B9%88%E7%9A%84	https://www.kuaishou.com/search/%E5%A4%96%E8%B4%B8%E7%BD%91%E7%BB%9C%E9%94%80%E5%94%AE%E6%98%AF%E5%81%9A%E4%BB%80%E4%B9%88%E7%9A%84	跨境与海外网络	跨境外贸	C	false	false	1
2391	手机tiktok无网络连接	%E6%89%8B%E6%9C%BAtiktok%E6%97%A0%E7%BD%91%E7%BB%9C%E8%BF%9E%E6%8E%A5	https://www.kuaishou.com/search/%E6%89%8B%E6%9C%BAtiktok%E6%97%A0%E7%BD%91%E7%BB%9C%E8%BF%9E%E6%8E%A5	跨境与海外网络	跨境外贸	C	false	false	1
2392	手机内网穿透	%E6%89%8B%E6%9C%BA%E5%86%85%E7%BD%91%E7%A9%BF%E9%80%8F	https://www.kuaishou.com/search/%E6%89%8B%E6%9C%BA%E5%86%85%E7%BD%91%E7%A9%BF%E9%80%8F	企业网络	企业办公	C	false	false	1
2393	注册tiktok无网络连接	%E6%B3%A8%E5%86%8Ctiktok%E6%97%A0%E7%BD%91%E7%BB%9C%E8%BF%9E%E6%8E%A5	https://www.kuaishou.com/search/%E6%B3%A8%E5%86%8Ctiktok%E6%97%A0%E7%BD%91%E7%BB%9C%E8%BF%9E%E6%8E%A5	跨境与海外网络	跨境外贸	C	false	false	1
2394	海外iphone air可以用中国esim吗	%E6%B5%B7%E5%A4%96iphone%20air%E5%8F%AF%E4%BB%A5%E7%94%A8%E4%B8%AD%E5%9B%BDesim%E5%90%97	https://www.kuaishou.com/search/%E6%B5%B7%E5%A4%96iphone%20air%E5%8F%AF%E4%BB%A5%E7%94%A8%E4%B8%AD%E5%9B%BDesim%E5%90%97	跨境与海外网络	跨境外贸	C	false	false	1
2395	海外专线电视剧莫离	%E6%B5%B7%E5%A4%96%E4%B8%93%E7%BA%BF%E7%94%B5%E8%A7%86%E5%89%A7%E8%8E%AB%E7%A6%BB	https://www.kuaishou.com/search/%E6%B5%B7%E5%A4%96%E4%B8%93%E7%BA%BF%E7%94%B5%E8%A7%86%E5%89%A7%E8%8E%AB%E7%A6%BB	跨境与海外网络	跨境外贸	C	false	false	1
2396	海外专线逐玉电视剧	%E6%B5%B7%E5%A4%96%E4%B8%93%E7%BA%BF%E9%80%90%E7%8E%89%E7%94%B5%E8%A7%86%E5%89%A7	https://www.kuaishou.com/search/%E6%B5%B7%E5%A4%96%E4%B8%93%E7%BA%BF%E9%80%90%E7%8E%89%E7%94%B5%E8%A7%86%E5%89%A7	跨境与海外网络	跨境外贸	C	false	false	1
2397	海外直播啥意思	%E6%B5%B7%E5%A4%96%E7%9B%B4%E6%92%AD%E5%95%A5%E6%84%8F%E6%80%9D	https://www.kuaishou.com/search/%E6%B5%B7%E5%A4%96%E7%9B%B4%E6%92%AD%E5%95%A5%E6%84%8F%E6%80%9D	跨境与海外网络	跨境外贸	C	false	false	1
2398	海外短剧app	%E6%B5%B7%E5%A4%96%E7%9F%AD%E5%89%A7app	https://www.kuaishou.com/search/%E6%B5%B7%E5%A4%96%E7%9F%AD%E5%89%A7app	跨境与海外网络	跨境外贸	C	false	false	1
2399	独立ip云手机	%E7%8B%AC%E7%AB%8Bip%E4%BA%91%E6%89%8B%E6%9C%BA	https://www.kuaishou.com/search/%E7%8B%AC%E7%AB%8Bip%E4%BA%91%E6%89%8B%E6%9C%BA	代理与IP	下载安装	C	false	false	1
2400	网络加速在哪里关闭	%E7%BD%91%E7%BB%9C%E5%8A%A0%E9%80%9F%E5%9C%A8%E5%93%AA%E9%87%8C%E5%85%B3%E9%97%AD	https://www.kuaishou.com/search/%E7%BD%91%E7%BB%9C%E5%8A%A0%E9%80%9F%E5%9C%A8%E5%93%AA%E9%87%8C%E5%85%B3%E9%97%AD	网络加速	配置排障	C	false	false	1
2401	网络延迟lags怎么解决	%E7%BD%91%E7%BB%9C%E5%BB%B6%E8%BF%9Flags%E6%80%8E%E4%B9%88%E8%A7%A3%E5%86%B3	https://www.kuaishou.com/search/%E7%BD%91%E7%BB%9C%E5%BB%B6%E8%BF%9Flags%E6%80%8E%E4%B9%88%E8%A7%A3%E5%86%B3	关联网络需求	配置排障	C	false	false	1
2402	虚拟局域网是一种新型局域网吗	%E8%99%9A%E6%8B%9F%E5%B1%80%E5%9F%9F%E7%BD%91%E6%98%AF%E4%B8%80%E7%A7%8D%E6%96%B0%E5%9E%8B%E5%B1%80%E5%9F%9F%E7%BD%91%E5%90%97	https://www.kuaishou.com/search/%E8%99%9A%E6%8B%9F%E5%B1%80%E5%9F%9F%E7%BD%91%E6%98%AF%E4%B8%80%E7%A7%8D%E6%96%B0%E5%9E%8B%E5%B1%80%E5%9F%9F%E7%BD%91%E5%90%97	关联网络需求	泛需求	C	false	false	1
2403	访问外网软件	%E8%AE%BF%E9%97%AE%E5%A4%96%E7%BD%91%E8%BD%AF%E4%BB%B6	https://www.kuaishou.com/search/%E8%AE%BF%E9%97%AE%E5%A4%96%E7%BD%91%E8%BD%AF%E4%BB%B6	关联网络需求	下载安装	C	false	false	1
2404	走向共和海外版68集下载软件	%E8%B5%B0%E5%90%91%E5%85%B1%E5%92%8C%E6%B5%B7%E5%A4%96%E7%89%8868%E9%9B%86%E4%B8%8B%E8%BD%BD%E8%BD%AF%E4%BB%B6	https://www.kuaishou.com/search/%E8%B5%B0%E5%90%91%E5%85%B1%E5%92%8C%E6%B5%B7%E5%A4%96%E7%89%8868%E9%9B%86%E4%B8%8B%E8%BD%BD%E8%BD%AF%E4%BB%B6	跨境与海外网络	跨境外贸	C	false	false	1
2405	跨境专线ip	%E8%B7%A8%E5%A2%83%E4%B8%93%E7%BA%BFip	https://www.kuaishou.com/search/%E8%B7%A8%E5%A2%83%E4%B8%93%E7%BA%BFip	跨境与海外网络	跨境外贸	C	false	false	1
2406	跨境专线物流方案	%E8%B7%A8%E5%A2%83%E4%B8%93%E7%BA%BF%E7%89%A9%E6%B5%81%E6%96%B9%E6%A1%88	https://www.kuaishou.com/search/%E8%B7%A8%E5%A2%83%E4%B8%93%E7%BA%BF%E7%89%A9%E6%B5%81%E6%96%B9%E6%A1%88	跨境与海外网络	跨境外贸	C	false	false	1
2407	跨境电商平台个人开店流程	%E8%B7%A8%E5%A2%83%E7%94%B5%E5%95%86%E5%B9%B3%E5%8F%B0%E4%B8%AA%E4%BA%BA%E5%BC%80%E5%BA%97%E6%B5%81%E7%A8%8B	https://www.kuaishou.com/search/%E8%B7%A8%E5%A2%83%E7%94%B5%E5%95%86%E5%B9%B3%E5%8F%B0%E4%B8%AA%E4%BA%BA%E5%BC%80%E5%BA%97%E6%B5%81%E7%A8%8B	跨境与海外网络	跨境外贸	C	false	false	1
2408	跨境电商建站	%E8%B7%A8%E5%A2%83%E7%94%B5%E5%95%86%E5%BB%BA%E7%AB%99	https://www.kuaishou.com/search/%E8%B7%A8%E5%A2%83%E7%94%B5%E5%95%86%E5%BB%BA%E7%AB%99	跨境与海外网络	跨境外贸	C	false	false	1
2409	跨境电商网络营销方法	%E8%B7%A8%E5%A2%83%E7%94%B5%E5%95%86%E7%BD%91%E7%BB%9C%E8%90%A5%E9%94%80%E6%96%B9%E6%B3%95	https://www.kuaishou.com/search/%E8%B7%A8%E5%A2%83%E7%94%B5%E5%95%86%E7%BD%91%E7%BB%9C%E8%90%A5%E9%94%80%E6%96%B9%E6%B3%95	跨境与海外网络	跨境外贸	C	false	false	1
2410	跨境电商网络营销渠道	%E8%B7%A8%E5%A2%83%E7%94%B5%E5%95%86%E7%BD%91%E7%BB%9C%E8%90%A5%E9%94%80%E6%B8%A0%E9%81%93	https://www.kuaishou.com/search/%E8%B7%A8%E5%A2%83%E7%94%B5%E5%95%86%E7%BD%91%E7%BB%9C%E8%90%A5%E9%94%80%E6%B8%A0%E9%81%93	跨境与海外网络	跨境外贸	C	false	false	1
2411	跨境直播电商	%E8%B7%A8%E5%A2%83%E7%9B%B4%E6%92%AD%E7%94%B5%E5%95%86	https://www.kuaishou.com/search/%E8%B7%A8%E5%A2%83%E7%9B%B4%E6%92%AD%E7%94%B5%E5%95%86	跨境与海外网络	跨境外贸	C	false	false	1
2412	跨境网络市场调研的工具	%E8%B7%A8%E5%A2%83%E7%BD%91%E7%BB%9C%E5%B8%82%E5%9C%BA%E8%B0%83%E7%A0%94%E7%9A%84%E5%B7%A5%E5%85%B7	https://www.kuaishou.com/search/%E8%B7%A8%E5%A2%83%E7%BD%91%E7%BB%9C%E5%B8%82%E5%9C%BA%E8%B0%83%E7%A0%94%E7%9A%84%E5%B7%A5%E5%85%B7	跨境与海外网络	跨境外贸	C	false	false	1
2413	跨境网络平台	%E8%B7%A8%E5%A2%83%E7%BD%91%E7%BB%9C%E5%B9%B3%E5%8F%B0	https://www.kuaishou.com/search/%E8%B7%A8%E5%A2%83%E7%BD%91%E7%BB%9C%E5%B9%B3%E5%8F%B0	跨境与海外网络	跨境外贸	C	false	false	1
2414	跨境网络是什么意思	%E8%B7%A8%E5%A2%83%E7%BD%91%E7%BB%9C%E6%98%AF%E4%BB%80%E4%B9%88%E6%84%8F%E6%80%9D	https://www.kuaishou.com/search/%E8%B7%A8%E5%A2%83%E7%BD%91%E7%BB%9C%E6%98%AF%E4%BB%80%E4%B9%88%E6%84%8F%E6%80%9D	跨境与海外网络	跨境外贸	C	false	false	1
2415	跨境网络解决方案	%E8%B7%A8%E5%A2%83%E7%BD%91%E7%BB%9C%E8%A7%A3%E5%86%B3%E6%96%B9%E6%A1%88	https://www.kuaishou.com/search/%E8%B7%A8%E5%A2%83%E7%BD%91%E7%BB%9C%E8%A7%A3%E5%86%B3%E6%96%B9%E6%A1%88	跨境与海外网络	跨境外贸	C	false	false	1
2416	锁国区特征	%E9%94%81%E5%9B%BD%E5%8C%BA%E7%89%B9%E5%BE%81	https://www.kuaishou.com/search/%E9%94%81%E5%9B%BD%E5%8C%BA%E7%89%B9%E5%BE%81	关联网络需求	泛需求	C	false	false	1
2417	锐捷异地组网	%E9%94%90%E6%8D%B7%E5%BC%82%E5%9C%B0%E7%BB%84%E7%BD%91	https://www.kuaishou.com/search/%E9%94%90%E6%8D%B7%E5%BC%82%E5%9C%B0%E7%BB%84%E7%BD%91	企业网络	企业办公	C	false	false	1
2418	防关联浏览器有哪些	%E9%98%B2%E5%85%B3%E8%81%94%E6%B5%8F%E8%A7%88%E5%99%A8%E6%9C%89%E5%93%AA%E4%BA%9B	https://www.kuaishou.com/search/%E9%98%B2%E5%85%B3%E8%81%94%E6%B5%8F%E8%A7%88%E5%99%A8%E6%9C%89%E5%93%AA%E4%BA%9B	代理与IP	代理与IP	C	false	false	1
2419	防关联浏览器的使用方法	%E9%98%B2%E5%85%B3%E8%81%94%E6%B5%8F%E8%A7%88%E5%99%A8%E7%9A%84%E4%BD%BF%E7%94%A8%E6%96%B9%E6%B3%95	https://www.kuaishou.com/search/%E9%98%B2%E5%85%B3%E8%81%94%E6%B5%8F%E8%A7%88%E5%99%A8%E7%9A%84%E4%BD%BF%E7%94%A8%E6%96%B9%E6%B3%95	代理与IP	代理与IP	C	false	false	1
2420	随身wifi助手下载	%E9%9A%8F%E8%BA%ABwifi%E5%8A%A9%E6%89%8B%E4%B8%8B%E8%BD%BD	https://www.kuaishou.com/search/%E9%9A%8F%E8%BA%ABwifi%E5%8A%A9%E6%89%8B%E4%B8%8B%E8%BD%BD	关联网络需求	下载安装	C	false	false	1
2421	随身wifi最建议买三个牌子	%E9%9A%8F%E8%BA%ABwifi%E6%9C%80%E5%BB%BA%E8%AE%AE%E4%B9%B0%E4%B8%89%E4%B8%AA%E7%89%8C%E5%AD%90	https://www.kuaishou.com/search/%E9%9A%8F%E8%BA%ABwifi%E6%9C%80%E5%BB%BA%E8%AE%AE%E4%B9%B0%E4%B8%89%E4%B8%AA%E7%89%8C%E5%AD%90	关联网络需求	泛需求	C	false	false	1
2422	随身无线宽带怎么收费	%E9%9A%8F%E8%BA%AB%E6%97%A0%E7%BA%BF%E5%AE%BD%E5%B8%A6%E6%80%8E%E4%B9%88%E6%94%B6%E8%B4%B9	https://www.kuaishou.com/search/%E9%9A%8F%E8%BA%AB%E6%97%A0%E7%BA%BF%E5%AE%BD%E5%B8%A6%E6%80%8E%E4%B9%88%E6%94%B6%E8%B4%B9	关联网络需求	配置排障	C	false	false	1
2423	静态ip和动态ip有什么区别	%E9%9D%99%E6%80%81ip%E5%92%8C%E5%8A%A8%E6%80%81ip%E6%9C%89%E4%BB%80%E4%B9%88%E5%8C%BA%E5%88%AB	https://www.kuaishou.com/search/%E9%9D%99%E6%80%81ip%E5%92%8C%E5%8A%A8%E6%80%81ip%E6%9C%89%E4%BB%80%E4%B9%88%E5%8C%BA%E5%88%AB	代理与IP	科普原理	C	false	false	1
2424	静态ip怎么设置?路由器上设置和电脑上设置有什么区别	%E9%9D%99%E6%80%81ip%E6%80%8E%E4%B9%88%E8%AE%BE%E7%BD%AE%3F%E8%B7%AF%E7%94%B1%E5%99%A8%E4%B8%8A%E8%AE%BE%E7%BD%AE%E5%92%8C%E7%94%B5%E8%84%91%E4%B8%8A%E8%AE%BE%E7%BD%AE%E6%9C%89%E4%BB%80%E4%B9%88%E5%8C%BA%E5%88%AB	https://www.kuaishou.com/search/%E9%9D%99%E6%80%81ip%E6%80%8E%E4%B9%88%E8%AE%BE%E7%BD%AE%3F%E8%B7%AF%E7%94%B1%E5%99%A8%E4%B8%8A%E8%AE%BE%E7%BD%AE%E5%92%8C%E7%94%B5%E8%84%91%E4%B8%8A%E8%AE%BE%E7%BD%AE%E6%9C%89%E4%BB%80%E4%B9%88%E5%8C%BA%E5%88%AB	代理与IP	配置排障	C	false	false	1
2425	静态ip手机	%E9%9D%99%E6%80%81ip%E6%89%8B%E6%9C%BA	https://www.kuaishou.com/search/%E9%9D%99%E6%80%81ip%E6%89%8B%E6%9C%BA	代理与IP	下载安装	C	false	false	1
2426	静态ip检测	%E9%9D%99%E6%80%81ip%E6%A3%80%E6%B5%8B	https://www.kuaishou.com/search/%E9%9D%99%E6%80%81ip%E6%A3%80%E6%B5%8B	代理与IP	代理与IP	C	false	false	1
2427	apn设置电信4g	apn%E8%AE%BE%E7%BD%AE%E7%94%B5%E4%BF%A14g	https://www.kuaishou.com/search/apn%E8%AE%BE%E7%BD%AE%E7%94%B5%E4%BF%A14g	关联网络需求	配置排障	C	false	false	1
2428	telegram.org打不开	telegram.org%E6%89%93%E4%B8%8D%E5%BC%80	https://www.kuaishou.com/search/telegram.org%E6%89%93%E4%B8%8D%E5%BC%80	关联网络需求	泛需求	C	false	false	1
2429	tiktok.网页版	tiktok.%E7%BD%91%E9%A1%B5%E7%89%88	https://www.kuaishou.com/search/tiktok.%E7%BD%91%E9%A1%B5%E7%89%88	跨境与海外网络	跨境外贸	C	false	false	1
2430	上网卡实名认证	%E4%B8%8A%E7%BD%91%E5%8D%A1%E5%AE%9E%E5%90%8D%E8%AE%A4%E8%AF%81	https://www.kuaishou.com/search/%E4%B8%8A%E7%BD%91%E5%8D%A1%E5%AE%9E%E5%90%8D%E8%AE%A4%E8%AF%81	关联网络需求	泛需求	C	false	false	1
2431	代理服务器是什么意思	%E4%BB%A3%E7%90%86%E6%9C%8D%E5%8A%A1%E5%99%A8%E6%98%AF%E4%BB%80%E4%B9%88%E6%84%8F%E6%80%9D	https://www.kuaishou.com/search/%E4%BB%A3%E7%90%86%E6%9C%8D%E5%8A%A1%E5%99%A8%E6%98%AF%E4%BB%80%E4%B9%88%E6%84%8F%E6%80%9D	代理与IP	科普原理	C	false	false	1
2432	代理服务器软件开源	%E4%BB%A3%E7%90%86%E6%9C%8D%E5%8A%A1%E5%99%A8%E8%BD%AF%E4%BB%B6%E5%BC%80%E6%BA%90	https://www.kuaishou.com/search/%E4%BB%A3%E7%90%86%E6%9C%8D%E5%8A%A1%E5%99%A8%E8%BD%AF%E4%BB%B6%E5%BC%80%E6%BA%90	代理与IP	下载安装	C	false	false	1
2433	全球节点购买	%E5%85%A8%E7%90%83%E8%8A%82%E7%82%B9%E8%B4%AD%E4%B9%B0	https://www.kuaishou.com/search/%E5%85%A8%E7%90%83%E8%8A%82%E7%82%B9%E8%B4%AD%E4%B9%B0	关联网络需求	选型购买	C	true	false	1
2434	国际专线物流查询	%E5%9B%BD%E9%99%85%E4%B8%93%E7%BA%BF%E7%89%A9%E6%B5%81%E6%9F%A5%E8%AF%A2	https://www.kuaishou.com/search/%E5%9B%BD%E9%99%85%E4%B8%93%E7%BA%BF%E7%89%A9%E6%B5%81%E6%9F%A5%E8%AF%A2	跨境与海外网络	跨境外贸	C	false	false	1
2435	境外网站搭建	%E5%A2%83%E5%A4%96%E7%BD%91%E7%AB%99%E6%90%AD%E5%BB%BA	https://www.kuaishou.com/search/%E5%A2%83%E5%A4%96%E7%BD%91%E7%AB%99%E6%90%AD%E5%BB%BA	关联网络需求	配置排障	C	false	false	1
2436	海外专线主角	%E6%B5%B7%E5%A4%96%E4%B8%93%E7%BA%BF%E4%B8%BB%E8%A7%92	https://www.kuaishou.com/search/%E6%B5%B7%E5%A4%96%E4%B8%93%E7%BA%BF%E4%B8%BB%E8%A7%92	跨境与海外网络	跨境外贸	C	false	false	1
2437	虚拟局域网软件推荐	%E8%99%9A%E6%8B%9F%E5%B1%80%E5%9F%9F%E7%BD%91%E8%BD%AF%E4%BB%B6%E6%8E%A8%E8%8D%90	https://www.kuaishou.com/search/%E8%99%9A%E6%8B%9F%E5%B1%80%E5%9F%9F%E7%BD%91%E8%BD%AF%E4%BB%B6%E6%8E%A8%E8%8D%90	关联网络需求	选型购买	C	false	false	1
2438	访问外网的原因	%E8%AE%BF%E9%97%AE%E5%A4%96%E7%BD%91%E7%9A%84%E5%8E%9F%E5%9B%A0	https://www.kuaishou.com/search/%E8%AE%BF%E9%97%AE%E5%A4%96%E7%BD%91%E7%9A%84%E5%8E%9F%E5%9B%A0	关联网络需求	泛需求	C	false	false	1
2439	跨境专线物流时效	%E8%B7%A8%E5%A2%83%E4%B8%93%E7%BA%BF%E7%89%A9%E6%B5%81%E6%97%B6%E6%95%88	https://www.kuaishou.com/search/%E8%B7%A8%E5%A2%83%E4%B8%93%E7%BA%BF%E7%89%A9%E6%B5%81%E6%97%B6%E6%95%88	跨境与海外网络	跨境外贸	C	false	false	1
2440	跨境电商平台、行业及市场竞争环境分析	%E8%B7%A8%E5%A2%83%E7%94%B5%E5%95%86%E5%B9%B3%E5%8F%B0%E3%80%81%E8%A1%8C%E4%B8%9A%E5%8F%8A%E5%B8%82%E5%9C%BA%E7%AB%9E%E4%BA%89%E7%8E%AF%E5%A2%83%E5%88%86%E6%9E%90	https://www.kuaishou.com/search/%E8%B7%A8%E5%A2%83%E7%94%B5%E5%95%86%E5%B9%B3%E5%8F%B0%E3%80%81%E8%A1%8C%E4%B8%9A%E5%8F%8A%E5%B8%82%E5%9C%BA%E7%AB%9E%E4%BA%89%E7%8E%AF%E5%A2%83%E5%88%86%E6%9E%90	跨境与海外网络	跨境外贸	C	false	false	1
2441	跨境网络市场调研的建议	%E8%B7%A8%E5%A2%83%E7%BD%91%E7%BB%9C%E5%B8%82%E5%9C%BA%E8%B0%83%E7%A0%94%E7%9A%84%E5%BB%BA%E8%AE%AE	https://www.kuaishou.com/search/%E8%B7%A8%E5%A2%83%E7%BD%91%E7%BB%9C%E5%B8%82%E5%9C%BA%E8%B0%83%E7%A0%94%E7%9A%84%E5%BB%BA%E8%AE%AE	跨境与海外网络	跨境外贸	C	false	false	1
2442	锁国区政策	%E9%94%81%E5%9B%BD%E5%8C%BA%E6%94%BF%E7%AD%96	https://www.kuaishou.com/search/%E9%94%81%E5%9B%BD%E5%8C%BA%E6%94%BF%E7%AD%96	关联网络需求	泛需求	C	false	false	1
2443	防关联浏览器的常见问题	%E9%98%B2%E5%85%B3%E8%81%94%E6%B5%8F%E8%A7%88%E5%99%A8%E7%9A%84%E5%B8%B8%E8%A7%81%E9%97%AE%E9%A2%98	https://www.kuaishou.com/search/%E9%98%B2%E5%85%B3%E8%81%94%E6%B5%8F%E8%A7%88%E5%99%A8%E7%9A%84%E5%B8%B8%E8%A7%81%E9%97%AE%E9%A2%98	代理与IP	代理与IP	C	false	false	1
2444	随身wifi刷机工具	%E9%9A%8F%E8%BA%ABwifi%E5%88%B7%E6%9C%BA%E5%B7%A5%E5%85%B7	https://www.kuaishou.com/search/%E9%9A%8F%E8%BA%ABwifi%E5%88%B7%E6%9C%BA%E5%B7%A5%E5%85%B7	关联网络需求	泛需求	C	false	false	1
2445	apn设置电信5g	apn%E8%AE%BE%E7%BD%AE%E7%94%B5%E4%BF%A15g	https://www.kuaishou.com/search/apn%E8%AE%BE%E7%BD%AE%E7%94%B5%E4%BF%A15g	关联网络需求	配置排障	C	false	false	1
2446	no internet connection tiktok	no%20internet%20connection%20tiktok	https://www.kuaishou.com/search/no%20internet%20connection%20tiktok	跨境与海外网络	跨境外贸	C	false	false	1
2447	shadowrocket配置代理直连	shadowrocket%E9%85%8D%E7%BD%AE%E4%BB%A3%E7%90%86%E7%9B%B4%E8%BF%9E	https://www.kuaishou.com/search/shadowrocket%E9%85%8D%E7%BD%AE%E4%BB%A3%E7%90%86%E7%9B%B4%E8%BF%9E	代理与IP	配置排障	C	false	false	1
2448	telegram与telegram x	telegram%E4%B8%8Etelegram%20x	https://www.kuaishou.com/search/telegram%E4%B8%8Etelegram%20x	关联网络需求	泛需求	C	false	false	1
2449	tiktok+在线	tiktok%2B%E5%9C%A8%E7%BA%BF	https://www.kuaishou.com/search/tiktok%2B%E5%9C%A8%E7%BA%BF	跨境与海外网络	跨境外贸	C	false	false	1
2450	上网卡是什么原因	%E4%B8%8A%E7%BD%91%E5%8D%A1%E6%98%AF%E4%BB%80%E4%B9%88%E5%8E%9F%E5%9B%A0	https://www.kuaishou.com/search/%E4%B8%8A%E7%BD%91%E5%8D%A1%E6%98%AF%E4%BB%80%E4%B9%88%E5%8E%9F%E5%9B%A0	关联网络需求	科普原理	C	false	false	1
2451	代理服务器地址和端口怎么填	%E4%BB%A3%E7%90%86%E6%9C%8D%E5%8A%A1%E5%99%A8%E5%9C%B0%E5%9D%80%E5%92%8C%E7%AB%AF%E5%8F%A3%E6%80%8E%E4%B9%88%E5%A1%AB	https://www.kuaishou.com/search/%E4%BB%A3%E7%90%86%E6%9C%8D%E5%8A%A1%E5%99%A8%E5%9C%B0%E5%9D%80%E5%92%8C%E7%AB%AF%E5%8F%A3%E6%80%8E%E4%B9%88%E5%A1%AB	代理与IP	配置排障	C	false	false	1
2452	代理服务器搭建步骤	%E4%BB%A3%E7%90%86%E6%9C%8D%E5%8A%A1%E5%99%A8%E6%90%AD%E5%BB%BA%E6%AD%A5%E9%AA%A4	https://www.kuaishou.com/search/%E4%BB%A3%E7%90%86%E6%9C%8D%E5%8A%A1%E5%99%A8%E6%90%AD%E5%BB%BA%E6%AD%A5%E9%AA%A4	代理与IP	配置排障	C	false	false	1
2453	代理服务器软件windows	%E4%BB%A3%E7%90%86%E6%9C%8D%E5%8A%A1%E5%99%A8%E8%BD%AF%E4%BB%B6windows	https://www.kuaishou.com/search/%E4%BB%A3%E7%90%86%E6%9C%8D%E5%8A%A1%E5%99%A8%E8%BD%AF%E4%BB%B6windows	代理与IP	下载安装	C	false	false	1
2454	住宅ip是什么	%E4%BD%8F%E5%AE%85ip%E6%98%AF%E4%BB%80%E4%B9%88	https://www.kuaishou.com/search/%E4%BD%8F%E5%AE%85ip%E6%98%AF%E4%BB%80%E4%B9%88	代理与IP	科普原理	C	false	false	1
2455	内网穿透免费不限流量	%E5%86%85%E7%BD%91%E7%A9%BF%E9%80%8F%E5%85%8D%E8%B4%B9%E4%B8%8D%E9%99%90%E6%B5%81%E9%87%8F	https://www.kuaishou.com/search/%E5%86%85%E7%BD%91%E7%A9%BF%E9%80%8F%E5%85%8D%E8%B4%B9%E4%B8%8D%E9%99%90%E6%B5%81%E9%87%8F	企业网络	企业办公	C	false	false	1
2456	境外网站访问慢	%E5%A2%83%E5%A4%96%E7%BD%91%E7%AB%99%E8%AE%BF%E9%97%AE%E6%85%A2	https://www.kuaishou.com/search/%E5%A2%83%E5%A4%96%E7%BD%91%E7%AB%99%E8%AE%BF%E9%97%AE%E6%85%A2	关联网络需求	泛需求	C	false	false	1
2457	虚拟局域网技术	%E8%99%9A%E6%8B%9F%E5%B1%80%E5%9F%9F%E7%BD%91%E6%8A%80%E6%9C%AF	https://www.kuaishou.com/search/%E8%99%9A%E6%8B%9F%E5%B1%80%E5%9F%9F%E7%BD%91%E6%8A%80%E6%9C%AF	关联网络需求	泛需求	C	false	false	1
2458	访问外网的好处	%E8%AE%BF%E9%97%AE%E5%A4%96%E7%BD%91%E7%9A%84%E5%A5%BD%E5%A4%84	https://www.kuaishou.com/search/%E8%AE%BF%E9%97%AE%E5%A4%96%E7%BD%91%E7%9A%84%E5%A5%BD%E5%A4%84	关联网络需求	泛需求	C	false	false	1
2459	跨境专线物流服务	%E8%B7%A8%E5%A2%83%E4%B8%93%E7%BA%BF%E7%89%A9%E6%B5%81%E6%9C%8D%E5%8A%A1	https://www.kuaishou.com/search/%E8%B7%A8%E5%A2%83%E4%B8%93%E7%BA%BF%E7%89%A9%E6%B5%81%E6%9C%8D%E5%8A%A1	跨境与海外网络	跨境外贸	C	false	false	1
2460	跨境电商+产业带	%E8%B7%A8%E5%A2%83%E7%94%B5%E5%95%86%2B%E4%BA%A7%E4%B8%9A%E5%B8%A6	https://www.kuaishou.com/search/%E8%B7%A8%E5%A2%83%E7%94%B5%E5%95%86%2B%E4%BA%A7%E4%B8%9A%E5%B8%A6	跨境与海外网络	跨境外贸	C	false	false	1
2461	锁国区历史	%E9%94%81%E5%9B%BD%E5%8C%BA%E5%8E%86%E5%8F%B2	https://www.kuaishou.com/search/%E9%94%81%E5%9B%BD%E5%8C%BA%E5%8E%86%E5%8F%B2	关联网络需求	泛需求	C	false	false	1
2462	随身wifi工具箱	%E9%9A%8F%E8%BA%ABwifi%E5%B7%A5%E5%85%B7%E7%AE%B1	https://www.kuaishou.com/search/%E9%9A%8F%E8%BA%ABwifi%E5%B7%A5%E5%85%B7%E7%AE%B1	关联网络需求	泛需求	C	false	false	1
2463	静态ip地址和动态ip地址的区别	%E9%9D%99%E6%80%81ip%E5%9C%B0%E5%9D%80%E5%92%8C%E5%8A%A8%E6%80%81ip%E5%9C%B0%E5%9D%80%E7%9A%84%E5%8C%BA%E5%88%AB	https://www.kuaishou.com/search/%E9%9D%99%E6%80%81ip%E5%9C%B0%E5%9D%80%E5%92%8C%E5%8A%A8%E6%80%81ip%E5%9C%B0%E5%9D%80%E7%9A%84%E5%8C%BA%E5%88%AB	代理与IP	科普原理	C	false	false	1
