keyword,topic,intent,priority,rule_relevance,is_long_tail,platform_sensitive,recommended_for_kuaishou,source_count,sources,seed_terms,seed_categories,best_source_rank,raw_occurrences,variants,exclude_reason
虚拟专用网络,VPN核心,泛需求,A,88,True,False,True,5,Bing 中文联想、Google Web 联想、Google/YouTube 联想、百度联想、项目种子词,虚拟专用网络、虚拟私人网络,VPN核心,0,6,虚拟专用网络,
跨境专线,跨境与海外网络,跨境外贸,A,70,False,False,True,5,Bing 中文联想、Google Web 联想、Google/YouTube 联想、百度联想、项目种子词,跨境专线,跨境外贸,0,5,跨境专线,
ipsec vpn,VPN协议与技术,代理与IP,A,83,False,False,True,4,Bing 中文联想、Google Web 联想、Google/YouTube 联想、项目种子词,ipsec vpn,VPN协议,0,4,ipsec vpn,
openvpn,VPN协议与技术,泛需求,A,83,False,False,True,4,Bing 中文联想、Google Web 联想、Google/YouTube 联想、项目种子词,openvpn,VPN协议,0,4,openvpn,
tiktok网络,跨境与海外网络,跨境外贸,A,70,False,False,True,4,Bing 中文联想、Google Web 联想、Google/YouTube 联想、项目种子词,tiktok网络,跨境平台,0,4,tiktok网络,
vpn,VPN核心,泛需求,A,83,False,False,True,4,Bing 中文联想、Google Web 联想、Google/YouTube 联想、项目种子词,vpn,VPN核心,0,4,vpn,
vpn下载,VPN核心,下载安装,A,88,True,False,True,4,Bing 中文联想、Google Web 联想、Google/YouTube 联想、项目种子词,vpn、vpn下载,VPN产品、VPN核心,0,6,vpn下载,
vpn免费,VPN核心,泛需求,A,88,True,False,True,4,Bing 中文联想、Google Web 联想、Google/YouTube 联想、项目种子词,vpn、vpn免费、vpn加速器免费,VPN产品、VPN核心、二级扩展,0,8,vpn免费,
vpn加速器,VPN核心,泛需求,A,100,False,False,True,4,Bing 中文联想、Google Web 联想、Google/YouTube 联想、项目种子词,vpn、vpn加速器,VPN产品、VPN核心,0,6,vpn加速器,
vpn协议,VPN协议与技术,科普原理,A,83,False,False,True,4,Bing 中文联想、Google Web 联想、Google/YouTube 联想、项目种子词,vpn协议,VPN技术,0,4,vpn协议,
vpn原理,VPN核心,科普原理,A,83,False,False,True,4,Bing 中文联想、Google Web 联想、Google/YouTube 联想、快手视频样本词根,vpn原理,快手样本-VPN科普,0,4,vpn原理,
vpn安全吗,VPN核心,科普原理,A,88,True,False,True,4,Bing 中文联想、Google Web 联想、Google/YouTube 联想、项目种子词,vpn安全吗,VPN核心,0,4,vpn安全吗,
vpn安卓,VPN核心,下载安装,A,83,False,False,True,4,Bing 中文联想、Google Web 联想、Google/YouTube 联想、项目种子词,vpn、vpn安卓,VPN产品、VPN核心,0,5,vpn 安卓、vpn安卓,
vpn客户端,VPN核心,下载安装,A,83,False,False,True,4,Bing 中文联想、Google Web 联想、Google/YouTube 联想、项目种子词,vpn客户端,VPN产品,0,4,vpn客户端,
vpn怎么用,VPN核心,配置排障,A,88,True,False,True,4,Bing 中文联想、Google Web 联想、Google/YouTube 联想、项目种子词,vpn怎么用,VPN核心,0,4,vpn怎么用,
vpn手机,VPN核心,下载安装,A,83,False,False,True,4,Bing 中文联想、Google Web 联想、Google/YouTube 联想、项目种子词,vpn手机,VPN产品,0,4,vpn手机,
vpn是什么,VPN核心,科普原理,A,88,True,False,True,4,Bing 中文联想、Google Web 联想、Google/YouTube 联想、项目种子词,vpn是什么,VPN核心,0,4,vpn是什么,
vpn服务器,VPN核心,泛需求,A,83,False,False,True,4,Bing 中文联想、Google Web 联想、Google/YouTube 联想、项目种子词,vpn服务器,VPN技术,0,4,vpn服务器,
vpn电脑,VPN核心,下载安装,A,83,False,False,True,4,Bing 中文联想、Google Web 联想、Google/YouTube 联想、项目种子词,vpn、vpn电脑,VPN产品、VPN核心,0,5,vpn电脑,
vpn节点,VPN核心,代理与IP,A,83,False,True,True,4,Bing 中文联想、Google Web 联想、Google/YouTube 联想、项目种子词,vpn、vpn节点、vpn节点超时,VPN技术、VPN核心、快手样本-VPN排障,0,7,vpn节点,
vpn苹果,VPN核心,下载安装,A,83,False,False,True,4,Bing 中文联想、Google Web 联想、Google/YouTube 联想、项目种子词,vpn苹果,VPN产品,0,4,vpn苹果,
vpn设置,VPN核心,配置排障,A,88,True,False,True,4,Bing 中文联想、Google Web 联想、Google/YouTube 联想、项目种子词,vpn设置,VPN技术,0,4,vpn设置,
vpn路由器,VPN核心,泛需求,A,83,False,False,True,4,Bing 中文联想、Google Web 联想、Google/YouTube 联想、项目种子词,vpn路由器,VPN技术,0,4,vpn路由器,
vpn软件,VPN核心,下载安装,A,83,False,False,True,4,Bing 中文联想、Google Web 联想、Google/YouTube 联想、项目种子词,vpn、vpn软件,VPN产品、VPN核心,0,6,vpn软件,
vpn违法吗,VPN核心,泛需求,A,83,False,False,True,4,Bing 中文联想、Google Web 联想、Google/YouTube 联想、快手视频样本词根,vpn违法吗,快手样本-VPN法律,0,4,vpn违法吗,
vpn连接,VPN核心,配置排障,A,88,True,False,True,4,Bing 中文联想、Google Web 联想、Google/YouTube 联想、项目种子词,vpn连接,VPN技术,0,4,vpn连接,
vpn速度慢,VPN核心,泛需求,A,83,False,False,True,4,Bing 中文联想、Google Web 联想、Google/YouTube 联想、快手视频样本词根,vpn速度慢,快手样本-VPN排障,0,4,vpn速度慢,
vpn配置,VPN核心,配置排障,A,88,True,False,True,4,Bing 中文联想、Google Web 联想、Google/YouTube 联想、项目种子词,vpn配置,VPN技术,0,4,vpn配置,
wireguard,VPN协议与技术,泛需求,A,83,False,False,True,4,Bing 中文联想、Google Web 联想、Google/YouTube 联想、项目种子词,wireguard,VPN协议,0,4,wireguard,
企业vpn,企业网络,企业办公,A,83,False,False,True,4,Bing 中文联想、Google Web 联想、Google/YouTube 联想、项目种子词,企业vpn,企业办公,0,4,企业vpn,
回国加速器,跨境与海外网络,跨境外贸,A,100,True,False,True,4,Bing 中文联想、Google Web 联想、Google/YouTube 联想、项目种子词,回国加速器,跨境网络,0,4,回国加速器,
国际专线,跨境与海外网络,跨境外贸,A,70,False,False,True,4,Google Web 联想、Google/YouTube 联想、百度联想、项目种子词,国际专线、海外专线、跨境专线,跨境外贸,0,6,国际专线,
外贸网络,跨境与海外网络,跨境外贸,A,70,False,False,True,4,Google Web 联想、Google/YouTube 联想、百度联想、项目种子词,外贸网络、外贸网络搭建,二级扩展、跨境外贸,0,4,外贸网络,
手机vpn设置,VPN核心,配置排障,A,88,True,False,True,4,Bing 中文联想、Google Web 联想、Google/YouTube 联想、快手视频样本词根,手机vpn设置,快手样本-VPN设置,0,4,手机vpn设置,
校园网vpn,VPN核心,泛需求,A,100,False,False,True,4,Bing 中文联想、Google Web 联想、Google/YouTube 联想、快手视频样本词根,校园网vpn,快手样本-校园网,0,4,校园网vpn,
海外app下载,跨境与海外网络,跨境外贸,A,75,True,False,True,4,Bing 中文联想、Google Web 联想、快手视频样本词根、百度联想,海外app下载,快手样本-海外访问,0,4,海外app下载,
海外ip,跨境与海外网络,跨境外贸,A,100,False,False,True,4,Bing 中文联想、Google Web 联想、Google/YouTube 联想、项目种子词,海外ip、海外iphone,二级扩展、代理IP,0,5,海外ip,
海外加速器,跨境与海外网络,跨境外贸,A,100,True,False,True,4,Bing 中文联想、Google Web 联想、Google/YouTube 联想、项目种子词,海外加速器,跨境外贸,0,4,海外加速器,
海外应用商店,跨境与海外网络,跨境外贸,A,100,True,False,True,4,Bing 中文联想、Google Web 联想、快手视频样本词根、百度联想,海外应用商店,快手样本-海外访问,0,4,海外应用商店,
海外软件下载,跨境与海外网络,跨境外贸,A,75,True,False,True,4,Bing 中文联想、Google Web 联想、快手视频样本词根、百度联想,海外软件下载,快手样本-海外访问,0,4,海外软件下载,
用vpn会被抓吗,VPN核心,泛需求,A,88,True,False,True,4,Bing 中文联想、Google Web 联想、Google/YouTube 联想、快手视频样本词根,用vpn会被抓吗,快手样本-VPN法律,0,4,用vpn会被抓吗,
科学上网,VPN核心,泛需求,A,83,False,True,True,4,Bing 中文联想、Google Web 联想、Google/YouTube 联想、快手视频样本词根,科学上网,快手样本-关联表达,0,4,科学上网,
翻墙违法吗,VPN核心,泛需求,A,88,True,True,True,4,Bing 中文联想、Google Web 联想、Google/YouTube 联想、快手视频样本词根,翻墙、翻墙违法吗,快手样本-VPN法律、快手样本-关联表达,0,6,翻墙违法吗,
苹果手机vpn设置,VPN核心,配置排障,A,88,True,False,True,4,Bing 中文联想、Google Web 联想、Google/YouTube 联想、快手视频样本词根,苹果手机vpn设置,快手样本-VPN设置,0,4,苹果手机vpn设置,
虚拟私人网络,VPN核心,泛需求,A,88,True,False,True,4,Bing 中文联想、Google Web 联想、百度联想、项目种子词,虚拟私人网络,VPN核心,0,4,虚拟私人网络,
跨境电商网络,跨境与海外网络,跨境外贸,A,75,True,False,True,4,Bing 中文联想、Google Web 联想、Google/YouTube 联想、项目种子词,跨境电商网络,跨境外贸,0,4,跨境电商网络,
跨境电商网络环境,跨境与海外网络,跨境外贸,A,75,True,False,True,4,Bing 中文联想、Google/YouTube 联想、快手视频样本词根、百度联想,跨境电商网络、跨境电商网络环境,快手样本-跨境电商、跨境外贸,0,5,跨境电商网络环境,
跨境电商网络环境搭建,跨境与海外网络,跨境外贸,A,75,True,False,True,4,Bing 中文联想、Google Web 联想、Google/YouTube 联想、快手视频样本词根,跨境电商网络、跨境电商网络环境、跨境电商网络环境搭建、跨境网络搭建,二级扩展、快手样本-跨境电商、跨境外贸,0,14,跨境电商网络环境搭建,
跨境网络,跨境与海外网络,跨境外贸,A,70,False,False,True,4,Bing 中文联想、Google Web 联想、Google/YouTube 联想、项目种子词,跨境网络,跨境外贸,0,4,跨境网络,
魔法上网,VPN核心,泛需求,A,83,False,False,True,4,Bing 中文联想、Google Web 联想、Google/YouTube 联想、快手视频样本词根,魔法上网,快手样本-关联表达,0,4,魔法上网,
tiktok网络不稳定,跨境与海外网络,跨境外贸,A,74,True,False,True,4,Bing 中文联想、Google Web 联想、Google/YouTube 联想、百度联想,tiktok网络、tiktok网络不稳定、tiktok网络搭建,二级扩展、跨境平台,1,7,tiktok网络不稳定,
tiktok网络无法连接,跨境与海外网络,跨境外贸,A,74,True,False,True,4,Bing 中文联想、Google Web 联想、Google/YouTube 联想、百度联想,tiktok网络、tiktok网络无法连接,二级扩展、跨境平台,1,7,tiktok网络无法连接,
tiktok网络连接不稳定,跨境与海外网络,跨境外贸,A,74,True,False,True,4,Bing 中文联想、Google Web 联想、Google/YouTube 联想、百度联想,tiktok网络、tiktok网络不稳定、tiktok网络连接不稳定,二级扩展、跨境平台,1,9,tiktok网络连接不稳定,
外贸网络搭建,跨境与海外网络,跨境外贸,A,74,True,False,True,4,Bing 中文联想、Google Web 联想、Google/YouTube 联想、百度联想,外贸网络、外贸网络搭建,二级扩展、跨境外贸,1,7,外贸网络搭建,
tiktok网络连接不稳定ios,跨境与海外网络,跨境外贸,A,73,True,False,True,4,Bing 中文联想、Google Web 联想、Google/YouTube 联想、百度联想,tiktok网络、tiktok网络不稳定、tiktok网络连接不稳定,二级扩展、跨境平台,2,8,tiktok 网络 连接 不 稳定 ios、tiktok网络连接不稳定 ios、tiktok网络连接不稳定ios,
ssl vpn,VPN协议与技术,泛需求,A,78,False,False,True,3,Google Web 联想、Google/YouTube 联想、项目种子词,ssl vpn,VPN协议,0,3,ssl vpn,
tiktok无网络连接,跨境与海外网络,跨境外贸,A,70,True,False,True,3,Google Web 联想、Google/YouTube 联想、快手视频样本词根,tiktok无网络连接,快手样本-跨境平台,0,3,tiktok无网络连接,
vpn哪个好,VPN核心,选型购买,A,83,True,False,True,3,Bing 中文联想、Google/YouTube 联想、项目种子词,vpn哪个好,VPN核心,0,3,vpn哪个好,
vpn节点超时,VPN核心,代理与IP,A,78,False,True,True,3,Bing 中文联想、Google Web 联想、快手视频样本词根,vpn节点、vpn节点超时,VPN技术、快手样本-VPN排障,0,5,vpn节点超时,
亚马逊网络,跨境与海外网络,跨境外贸,A,70,True,False,True,3,Bing 中文联想、Google Web 联想、项目种子词,亚马逊网络,跨境平台,0,3,亚马逊网络,
翻墙,VPN核心,泛需求,A,78,False,True,True,3,Google Web 联想、Google/YouTube 联想、快手视频样本词根,翻墙,快手样本-关联表达,0,3,翻墙,
ipsec vpn搭建,VPN协议与技术,配置排障,A,82,True,False,True,3,Bing 中文联想、Google Web 联想、Google/YouTube 联想,ipsec vpn、ipsec vpn搭建,VPN协议、二级扩展,1,6,ipsec vpn 搭建、ipsec vpn搭建,
proton vpn安全吗,VPN核心,科普原理,A,82,True,False,True,3,Bing 中文联想、Google Web 联想、Google/YouTube 联想,proton vpn安全吗、vpn安全吗,VPN核心、二级扩展,1,6,proton vpn安全吗,
vpn免费节点,VPN核心,代理与IP,A,82,True,True,True,3,Bing 中文联想、Google Web 联想、Google/YouTube 联想,vpn免费、vpn免费节点,VPN产品、二级扩展,1,6,vpn免费节点,
vpn加速器免费,VPN核心,泛需求,A,100,True,False,True,3,Bing 中文联想、Google Web 联想、Google/YouTube 联想,vpn加速器、vpn加速器免费,VPN产品、二级扩展,1,5,vpn加速器免費、vpn加速器免费,
vpn加速器推荐,VPN核心,选型购买,A,100,True,False,True,3,Bing 中文联想、Google Web 联想、Google/YouTube 联想,vpn加速器、vpn加速器推荐,VPN产品、二级扩展,1,6,vpn 加速器 推荐、vpn加速器推荐,
vpn哪个好用,VPN核心,选型购买,A,82,True,False,True,3,Bing 中文联想、Google Web 联想、Google/YouTube 联想,vpn哪个好、vpn哪个好用,VPN核心、二级扩展,1,6,vpn哪个好用,
vpn安卓下载,VPN核心,下载安装,A,82,True,False,True,3,Bing 中文联想、Google Web 联想、Google/YouTube 联想,vpn安卓、vpn安卓下载,VPN产品、二级扩展,1,6,vpn安卓下载,
vpn安卓免费,VPN核心,下载安装,A,82,True,False,True,3,Bing 中文联想、Google Web 联想、Google/YouTube 联想,vpn安卓、vpn安卓免费,VPN产品、二级扩展,1,7,vpn安卓免費、vpn安卓免费,
vpn手机免费,VPN核心,下载安装,A,82,True,False,True,3,Bing 中文联想、Google Web 联想、Google/YouTube 联想,vpn手机、vpn手机免费,VPN产品、二级扩展,1,6,vpn手机免費、vpn手机免费,
vpn推荐便宜,VPN核心,选型购买,A,82,True,False,True,3,Bing 中文联想、Google Web 联想、Google/YouTube 联想,vpn推荐、vpn推荐便宜,VPN产品、二级扩展,1,6,vpn 推荐 便宜、vpn推荐便宜,
vpn服务器地址,VPN核心,泛需求,A,82,True,False,True,3,Bing 中文联想、Google Web 联想、Google/YouTube 联想,vpn服务器、vpn服务器地址,VPN技术、二级扩展,1,6,vpn服务器地址,
vpn服务器推荐,VPN核心,选型购买,A,82,True,False,True,3,Bing 中文联想、Google Web 联想、Google/YouTube 联想,vpn服务器、vpn服务器推荐,VPN技术、二级扩展,1,6,vpn服务器推荐,
vpn电脑版,VPN核心,下载安装,A,77,False,False,True,3,Bing 中文联想、Google Web 联想、Google/YouTube 联想,vpn电脑、vpn电脑版,VPN产品、二级扩展,1,6,vpn电脑版,
vpn节点订阅,VPN核心,代理与IP,A,77,False,True,True,3,Bing 中文联想、Google Web 联想、Google/YouTube 联想,vpn节点、vpn节点订阅、vpn节点超时,VPN技术、二级扩展、快手样本-VPN排障,1,7,vpn 节点 订阅、vpn节点订阅,
vpn节点购买,VPN核心,选型购买,A,77,False,True,True,3,Bing 中文联想、Google Web 联想、Google/YouTube 联想,vpn、vpn节点、vpn节点购买,VPN技术、VPN核心、二级扩展,1,7,vpn节点购买,
vpn苹果手机,VPN核心,下载安装,A,77,False,False,True,3,Bing 中文联想、Google Web 联想、Google/YouTube 联想,vpn苹果、vpn苹果手机,VPN产品、二级扩展,1,6,vpn苹果手机,
vpn路由器推荐,VPN核心,选型购买,A,82,True,False,True,3,Bing 中文联想、Google Web 联想、Google/YouTube 联想,vpn路由器、vpn路由器推荐,VPN技术、二级扩展,1,6,vpn 路由器推荐、vpn路由器推荐、vpn路由器推薦,
vpn路由器设置,VPN核心,配置排障,A,82,True,False,True,3,Bing 中文联想、Google Web 联想、Google/YouTube 联想,vpn修改、vpn路由器、vpn路由器设置、vpn配置,VPN技术、二级扩展、快手样本-VPN设置,1,8,vpn路由器设置,
vpn软件推荐,VPN核心,选型购买,A,82,True,False,True,3,Bing 中文联想、Google Web 联想、Google/YouTube 联想,vpn软件、vpn软件推荐,VPN产品、二级扩展,1,6,vpn软件推荐,
vpn连接后无法上网,VPN核心,配置排障,A,82,True,False,True,3,Bing 中文联想、Google Web 联想、Google/YouTube 联想,vpn连接、vpn连接后无法上网,VPN技术、二级扩展,1,6,vpn连接后无法上网,
vpn配置文件,VPN核心,配置排障,A,82,True,False,True,3,Bing 中文联想、Google Web 联想、Google/YouTube 联想,vpn配置、vpn配置文件,VPN技术、二级扩展,1,6,vpn配置文件,
免费加速器vpn,VPN核心,泛需求,A,100,True,False,True,3,Bing 中文联想、Google Web 联想、Google/YouTube 联想,免费加速器、免费加速器vpn,二级扩展、快手样本-加速器,1,6,免费加速器vpn,
回国加速器免费,跨境与海外网络,跨境外贸,A,100,True,False,True,3,Bing 中文联想、Google Web 联想、Google/YouTube 联想,回国加速器、回国加速器免费,二级扩展、跨境网络,1,4,回国加速器免費、回国加速器免费,
海外网络环境,跨境与海外网络,跨境外贸,A,100,True,False,True,3,Bing 中文联想、Google Web 联想、百度联想,海外网络、海外网络环境,二级扩展、跨境外贸,1,5,海外网络环境,
独立ip vpn,代理与IP,代理与IP,A,100,True,False,True,3,Bing 中文联想、Google Web 联想、Google/YouTube 联想,独立ip、独立ip vpn,二级扩展、代理IP,1,6,独立ip vpn,
vpn手机版,VPN核心,下载安装,A,76,False,False,True,3,Bing 中文联想、Google Web 联想、Google/YouTube 联想,vpn手机,VPN产品,2,3,vpn手机版,
vpn电脑版下载,VPN核心,下载安装,A,81,True,False,True,3,Bing 中文联想、Google Web 联想、Google/YouTube 联想,vpn电脑、vpn电脑版,VPN产品、二级扩展,2,6,vpn电脑版下载,
vpn电脑版免费,VPN核心,下载安装,A,81,True,False,True,3,Bing 中文联想、Google Web 联想、Google/YouTube 联想,vpn电脑、vpn电脑版,VPN产品、二级扩展,2,6,vpn电脑版免费,
梯子vpn,VPN核心,泛需求,A,76,False,True,True,3,Bing 中文联想、Google Web 联想、Google/YouTube 联想,梯子,快手样本-关联表达,2,3,梯子vpn,
科学上网工具,VPN核心,泛需求,A,81,True,True,True,3,Bing 中文联想、Google Web 联想、Google/YouTube 联想,科学上网,快手样本-关联表达,2,3,科学上网工具,
vpn下载安卓,VPN核心,下载安装,A,80,True,False,True,3,Bing 中文联想、Google Web 联想、Google/YouTube 联想,vpn下载、vpn安卓下载,VPN产品、二级扩展,3,4,vpn下载安卓,
vpn免费推荐,VPN核心,选型购买,A,80,True,False,True,3,Bing 中文联想、Google Web 联想、Google/YouTube 联想,vpn免费、vpn哪个好用,VPN产品、二级扩展,3,4,vpn 免费 推荐、vpn免费推荐,
vpn免费试用,VPN核心,泛需求,A,80,True,False,True,3,Bing 中文联想、Google Web 联想、Google/YouTube 联想,vpn免费,VPN产品,3,3,vpn免费试用,
vpn推荐ios,VPN核心,选型购买,A,80,True,False,True,3,Bing 中文联想、Google Web 联想、Google/YouTube 联想,vpn推荐,VPN产品,3,3,vpn 推荐 ios、vpn推荐ios,
vpn服务器搭建,VPN核心,配置排障,A,80,True,False,True,3,Bing 中文联想、Google Web 联想、Google/YouTube 联想,vpn服务器,VPN技术,3,3,vpn服务器搭建,
vpn节点推荐,VPN核心,选型购买,A,80,True,True,True,3,Bing 中文联想、Google Web 联想、Google/YouTube 联想,vpn节点,VPN技术,3,3,vpn节点推荐,
vpn苹果免费,VPN核心,下载安装,A,80,True,False,True,3,Bing 中文联想、Google Web 联想、Google/YouTube 联想,vpn苹果,VPN产品,3,3,vpn苹果免费,
vpn连接不上,VPN核心,配置排障,A,80,True,False,True,3,Bing 中文联想、Google Web 联想、Google/YouTube 联想,vpn连接,VPN技术,3,3,vpn连接不上,
游戏加速器和vpn的区别,游戏加速,科普原理,A,100,True,False,True,3,Bing 中文联想、Google Web 联想、Google/YouTube 联想,游戏加速器,游戏加速,3,3,游戏加速器和vpn的区别,
科学上网机场,VPN核心,泛需求,A,80,True,True,True,3,Bing 中文联想、Google Web 联想、Google/YouTube 联想,科学上网,快手样本-关联表达,3,3,科学上网机场,
科学上网软件,VPN核心,下载安装,A,80,True,True,True,3,Bing 中文联想、Google Web 联想、Google/YouTube 联想,科学上网,快手样本-关联表达,3,3,科学上网软件,
静态ip vpn,代理与IP,代理与IP,A,100,True,False,True,3,Bing 中文联想、Google Web 联想、Google/YouTube 联想,静态ip,代理IP,3,3,静态ip vpn,
vpn机场,VPN核心,泛需求,A,74,False,True,True,3,Bing 中文联想、Google Web 联想、Google/YouTube 联想,vpn,VPN核心,4,3,vpn机场,
vpn电脑推荐,VPN核心,选型购买,A,79,True,False,True,3,Bing 中文联想、Google Web 联想、Google/YouTube 联想,vpn电脑,VPN产品,4,3,vpn电脑推荐,
vpn节点搭建,VPN核心,配置排障,A,74,False,True,True,3,Bing 中文联想、Google Web 联想、Google/YouTube 联想,vpn节点,VPN技术,4,3,vpn节点搭建,
wireguard vpn,VPN协议与技术,泛需求,A,74,False,False,True,3,Bing 中文联想、Google Web 联想、Google/YouTube 联想,wireguard,VPN协议,4,3,wireguard vpn,
wireguard配置,VPN协议与技术,配置排障,A,79,True,False,True,3,Bing 中文联想、Google Web 联想、Google/YouTube 联想,wireguard,VPN协议,4,3,wireguard 配置,
vpn免费安卓,VPN核心,下载安装,A,78,True,False,True,3,Bing 中文联想、Google Web 联想、Google/YouTube 联想,vpn免费、vpn安卓,VPN产品,5,4,vpn免費安卓、vpn免费安卓,
vpn节点分享,VPN核心,代理与IP,A,73,False,True,True,3,Bing 中文联想、Google Web 联想、Google/YouTube 联想,vpn节点,VPN技术,5,3,vpn节点分享,
vpn修改,VPN核心,泛需求,A,73,False,False,True,2,Bing 中文联想、快手视频样本词根,vpn修改,快手样本-VPN设置,0,2,vpn修改,
vpn和翻墙的区别,VPN核心,科普原理,A,78,True,True,True,2,Bing 中文联想、快手视频样本词根,vpn和翻墙的区别,快手样本-VPN科普,0,2,vpn和翻墙的区别,
vpn推荐,VPN核心,选型购买,A,78,True,False,True,2,Bing 中文联想、项目种子词,vpn、vpn推荐,VPN产品、VPN核心,0,3,vpn推荐,
vpn法律风险,VPN核心,泛需求,A,73,False,False,True,2,Bing 中文联想、快手视频样本词根,vpn法律风险,快手样本-VPN法律,0,2,vpn法律风险,
vpn行政处罚,VPN核心,泛需求,A,73,False,False,True,2,Bing 中文联想、快手视频样本词根,vpn行政处罚,快手样本-VPN法律,0,2,vpn行政处罚,
海外网络,跨境与海外网络,跨境外贸,A,94,False,False,True,2,Google Web 联想、项目种子词,海外网络,跨境外贸,0,2,海外网络,
远程办公vpn,企业网络,企业办公,A,73,False,False,True,2,Bing 中文联想、项目种子词,远程办公vpn,企业办公,0,2,远程办公vpn,
ssl vpn下载,VPN协议与技术,下载安装,A,77,True,False,True,2,Bing 中文联想、Google Web 联想,ssl vpn,VPN协议,1,2,ssl vpn 下载、ssl vpn下载,
vpn修改ip地址,VPN核心,代理与IP,A,77,True,False,True,2,Bing 中文联想、Google Web 联想,vpn修改,快手样本-VPN设置,1,2,vpn修改ip地址,
vpn软件免费,VPN核心,下载安装,A,77,True,False,True,2,Bing 中文联想、Google Web 联想,vpn、vpn软件,VPN产品、VPN核心,1,3,vpn软件免费,
vpn连接成功无法访问外网,VPN核心,配置排障,A,100,True,False,True,2,Google Web 联想、Google/YouTube 联想,vpn连接,VPN技术,1,2,vpn 连接 成功 无法 访问 外 网、vpn连接成功无法访问外网,
wireguard是什么,VPN协议与技术,科普原理,A,77,True,False,True,2,Google Web 联想、百度联想,wireguard,VPN协议,1,2,WireGuard是什么、wireguard是什么,
永久免费加速器vpn,VPN核心,泛需求,A,100,True,False,True,2,Bing 中文联想、Google Web 联想,永久免费加速器,快手样本-加速器,1,2,永久免费加速器vpn,
海外网络加速器,跨境与海外网络,跨境外贸,A,98,True,False,True,2,Bing 中文联想、Google Web 联想,海外网络,跨境外贸,1,2,海外网络加速器,
海外网络环境是什么意思,跨境与海外网络,跨境外贸,A,98,True,False,True,2,Bing 中文联想、百度联想,海外网络环境,二级扩展,1,2,海外网络环境是什么意思,
海外网络电视直播,跨境与海外网络,跨境外贸,A,98,True,False,True,2,Bing 中文联想、Google Web 联想,海外直播网络、海外网络,跨境外贸、跨境直播,1,3,海外网络电视直播,
iphone vpn设置,VPN核心,配置排障,A,76,True,False,True,2,Google Web 联想、Google/YouTube 联想,vpn设置,VPN技术,2,2,iphone vpn设置,
ipsec vpn配置,VPN协议与技术,配置排障,A,76,True,False,True,2,Bing 中文联想、Google Web 联想,ipsec vpn,VPN协议,2,2,ipsec vpn 配置、ipsec vpn配置,
openvpn connect,VPN协议与技术,泛需求,A,71,False,False,True,2,Bing 中文联想、Google Web 联想,openvpn,VPN协议,2,2,openvpn connect,
ssl vpn fortigate,VPN协议与技术,泛需求,A,76,True,False,True,2,Google Web 联想、Google/YouTube 联想,ssl vpn,VPN协议,2,2,ssl vpn fortigate,
vpn下载免费,VPN核心,下载安装,A,76,True,False,True,2,Bing 中文联想、Google Web 联想,vpn下载,VPN产品,2,2,vpn下载免费,
vpn下载电脑,VPN核心,下载安装,A,76,True,False,True,2,Bing 中文联想、Google Web 联想,vpn下载,VPN产品,2,2,vpn下载电脑,
vpn下载链接,VPN核心,下载安装,A,76,True,False,True,2,Google Web 联想、Google/YouTube 联想,vpn下载,VPN产品,2,2,vpn下载链接,
vpn免费下载,VPN核心,下载安装,A,76,True,False,True,2,Bing 中文联想、Google Web 联想,vpn免费,VPN产品,2,2,vpn免费下载,
vpn加速器下载,VPN核心,下载安装,A,100,True,False,True,2,Bing 中文联想、Google Web 联想,vpn、vpn加速器,VPN产品、VPN核心,2,3,vpn 加速器 下载、vpn加速器下载,
vpn加速器免费试用,VPN核心,泛需求,A,100,True,False,True,2,Bing 中文联想、Google Web 联想,vpn加速器、vpn加速器免费,VPN产品、二级扩展,2,4,vpn加速器免费试用,
vpn原理是什么,VPN核心,科普原理,A,76,True,False,True,2,Bing 中文联想、Google Web 联想,vpn原理,快手样本-VPN科普,2,2,vpn原理是什么,
vpn客户端下载,VPN核心,下载安装,A,76,True,False,True,2,Bing 中文联想、Google Web 联想,vpn客户端,VPN产品,2,2,vpn客户端下载,
vpn客户端推荐,VPN核心,选型购买,A,76,True,False,True,2,Bing 中文联想、Google Web 联想,vpn客户端,VPN产品,2,2,vpn客户端推荐,
vpn推荐便宜好用,VPN核心,选型购买,A,76,True,False,True,2,Bing 中文联想、Google Web 联想,vpn推荐便宜,二级扩展,2,2,vpn 推荐 便宜 好 用、vpn推荐便宜好用,
vpn路由器大陆,VPN核心,泛需求,A,76,True,False,True,2,Google Web 联想、Google/YouTube 联想,vpn路由器,VPN技术,2,2,vpn 路由器 大陆、vpn路由器大陆,
vpn连接工具,VPN核心,配置排障,A,76,True,False,True,2,Bing 中文联想、Google Web 联想,vpn连接,VPN技术,2,2,vpn连接工具,
vpn配置文件下载,VPN核心,配置排障,A,76,True,False,True,2,Bing 中文联想、Google Web 联想,vpn配置、vpn配置文件,VPN技术、二级扩展,2,4,vpn 配置 文件 下载、vpn配置文件下载,
wireguard教程,VPN协议与技术,配置排障,A,76,True,False,True,2,Google Web 联想、Google/YouTube 联想,wireguard,VPN协议,2,2,wireguard 教程、wireguard教程,
企业vpn搭建,企业网络,企业办公,A,76,True,False,True,2,Bing 中文联想、Google Web 联想,企业vpn,企业办公,2,2,企业vpn搭建,
免费加速器vpn推荐,VPN核心,选型购买,A,100,True,False,True,2,Bing 中文联想、Google Web 联想,免费加速器、免费加速器vpn,二级扩展、快手样本-加速器,2,3,免费加速器vpn推荐,
全球节点vpn,VPN核心,代理与IP,A,100,False,True,True,2,Bing 中文联想、Google Web 联想,全球节点,快手样本-节点,2,2,全球节点vpn,
海外ip查询,跨境与海外网络,跨境外贸,A,97,True,False,True,2,Bing 中文联想、Google Web 联想,海外ip,代理IP,2,2,海外ip查询,
海外加速器免费,跨境与海外网络,跨境外贸,A,97,True,False,True,2,Bing 中文联想、Google Web 联想,海外加速器,跨境外贸,2,3,海外加速器免費、海外加速器免费,
海外应用商店下载,跨境与海外网络,跨境外贸,A,97,True,False,True,2,Bing 中文联想、Google Web 联想,海外应用商店,快手样本-海外访问,2,2,海外应用商店下载,
独立ip vpn推荐,代理与IP,选型购买,A,100,True,False,True,2,Bing 中文联想、Google Web 联想,独立ip、独立ip vpn,二级扩展、代理IP,2,4,独立ip vpn推荐,
网络加速器vpn,VPN核心,泛需求,A,100,True,False,True,2,Bing 中文联想、Google Web 联想,网络加速、网络加速器,二级扩展、网络加速,2,6,网络加速器vpn,
魔法上网教程,VPN核心,配置排障,A,76,True,False,True,2,Bing 中文联想、Google Web 联想,魔法上网,快手样本-关联表达,2,2,魔法上网教程,
dragon vpn安全吗,VPN核心,科普原理,A,75,True,False,True,2,Bing 中文联想、Google/YouTube 联想,vpn安全吗,VPN核心,3,2,dragon vpn安全吗,
ipsec vpn下载,VPN协议与技术,下载安装,A,75,True,False,True,2,Bing 中文联想、Google Web 联想,ipsec vpn,VPN协议,3,2,ipsec vpn 下载、ipsec vpn下载,
ipsec vpn服务器openwrt,VPN协议与技术,代理与IP,A,75,True,False,True,2,Google Web 联想、Google/YouTube 联想,ipsec vpn,VPN协议,3,2,ipsec vpn 服务器 openwrt,
openvpn下载,VPN协议与技术,下载安装,A,75,True,False,True,2,Google Web 联想、Google/YouTube 联想,openvpn,VPN协议,3,2,openvpn 下载、openvpn下载,
ssl vpn client,VPN协议与技术,泛需求,A,75,True,False,True,2,Bing 中文联想、Google Web 联想,ssl vpn,VPN协议,3,2,ssl vpn client,
vpn手机下载,VPN核心,下载安装,A,75,True,False,True,2,Bing 中文联想、Google Web 联想,vpn手机,VPN产品,3,2,vpn手机下载,
vpn推荐github,VPN核心,选型购买,A,75,True,False,True,2,Bing 中文联想、Google Web 联想,vpn推荐,VPN产品,3,2,vpn推荐 github、vpn推荐github,
vpn是什么软件,VPN核心,下载安装,A,75,True,False,True,2,Bing 中文联想、Google Web 联想,vpn是什么,VPN核心,3,2,vpn是什么软件,
vpn服务器购买,VPN核心,选型购买,A,75,True,False,True,2,Bing 中文联想、Google Web 联想,vpn服务器,VPN技术,3,2,vpn 服务器 购买、vpn服务器购买,
vpn电脑免费,VPN核心,下载安装,A,75,True,False,True,2,Bing 中文联想、Google Web 联想,vpn电脑,VPN产品,3,2,vpn电脑免费,
vpn电脑端,VPN核心,下载安装,A,70,False,False,True,2,Google Web 联想、Google/YouTube 联想,vpn电脑,VPN产品,3,2,vpn电脑端,
vpn苹果下载,VPN核心,下载安装,A,75,True,False,True,2,Bing 中文联想、Google Web 联想,vpn苹果,VPN产品,3,2,vpn苹果下载,
vpn路由器购买,VPN核心,选型购买,A,75,True,False,True,2,Google Web 联想、Google/YouTube 联想,vpn路由器,VPN技术,3,2,vpn 路由器 购买、vpn路由器购买,
vpn软件下载,VPN核心,下载安装,A,75,True,False,True,2,Bing 中文联想、Google Web 联想,vpn软件,VPN产品,3,2,vpn软件下载,
vpn配置购买,VPN核心,配置排障,A,75,True,False,True,2,Bing 中文联想、Google Web 联想,vpn配置,VPN技术,3,2,vpn 配置 购买、vpn配置购买,
vpn配置链接,VPN核心,配置排障,A,75,True,False,True,2,Bing 中文联想、Google/YouTube 联想,vpn配置,VPN技术,3,2,vpn配置链接,
wireguard客户端,VPN协议与技术,下载安装,A,70,False,False,True,2,Bing 中文联想、Google Web 联想,wireguard,VPN协议,3,2,wireguard 客户端,
免费加速器vpn下载,VPN核心,下载安装,A,100,True,False,True,2,Bing 中文联想、Google Web 联想,免费加速器、免费加速器vpn,二级扩展、快手样本-加速器,3,4,免费加速器vpn下载,
回国加速器vpn,跨境与海外网络,跨境外贸,A,100,True,False,True,2,Bing 中文联想、Google Web 联想,回国加速器,跨境网络,3,2,回国加速器vpn,
海外ip代理免费,跨境与海外网络,跨境外贸,A,96,True,False,True,2,Bing 中文联想、百度联想,海外ip,代理IP,3,2,海外ip代理 免费、海外ip代理免费,
海外加速器vpn,跨境与海外网络,跨境外贸,A,100,True,False,True,2,Bing 中文联想、Google Web 联想,海外加速器,跨境外贸,3,2,海外加速器vpn,
海外网络测速,跨境与海外网络,跨境外贸,A,96,True,False,True,2,Bing 中文联想、Google Web 联想,海外网络,跨境外贸,3,2,海外网络测速,
科学上网教程,VPN核心,配置排障,A,75,True,True,True,2,Bing 中文联想、Google/YouTube 联想,科学上网,快手样本-关联表达,3,2,科学上网教程,
魔法上网推荐,VPN核心,选型购买,A,75,True,False,True,2,Bing 中文联想、Google Web 联想,魔法上网,快手样本-关联表达,3,2,魔法上网推荐,
google vpn怎么用,VPN核心,配置排障,A,74,True,False,True,2,Google Web 联想、Google/YouTube 联想,vpn怎么用,VPN核心,4,2,google vpn怎么用,
ipsec vpn原理,VPN协议与技术,科普原理,A,74,True,False,True,2,Bing 中文联想、Google Web 联想,ipsec vpn、vpn原理,VPN协议、快手样本-VPN科普,4,2,ipsec vpn原理,
sd-wan跨境专线,跨境与海外网络,企业办公,A,95,True,False,True,2,Bing 中文联想、Google Web 联想,sd-wan,企业办公,4,2,sd-wan跨境专线,
ssl vpn是什么,VPN协议与技术,科普原理,A,74,True,False,True,2,Bing 中文联想、Google Web 联想,ssl vpn,VPN协议,4,2,ssl vpn是什么,
vpn协议推荐,VPN协议与技术,选型购买,A,74,True,False,True,2,Bing 中文联想、Google Web 联想,vpn协议,VPN技术,4,2,vpn协议推荐,
vpn安卓安装包,VPN核心,下载安装,A,74,True,False,True,2,Bing 中文联想、Google Web 联想,vpn安卓,VPN产品,4,2,vpn安卓安装包,
vpn推荐知乎,VPN核心,选型购买,A,74,True,False,True,2,Bing 中文联想、Google Web 联想,vpn推荐,VPN产品,4,2,vpn 推荐 知 乎、vpn推荐知乎,
vpn电脑下载,VPN核心,下载安装,A,74,True,False,True,2,Bing 中文联想、Google Web 联想,vpn电脑,VPN产品,4,2,vpn电脑下载,
vpn电脑版推荐,VPN核心,选型购买,A,74,True,False,True,2,Bing 中文联想、Google Web 联想,vpn电脑、vpn电脑版,VPN产品、二级扩展,4,3,vpn电脑版推荐,
vpn软件免费下载,VPN核心,下载安装,A,74,True,False,True,2,Bing 中文联想、Google Web 联想,vpn软件,VPN产品,4,2,vpn软件免费下载,
vpn连接软件,VPN核心,配置排障,A,74,True,False,True,2,Bing 中文联想、Google Web 联想,vpn连接,VPN技术,4,2,vpn连接软件,
vpn配置软件,VPN核心,配置排障,A,74,True,False,True,2,Bing 中文联想、Google Web 联想,vpn配置,VPN技术,4,2,vpn配置软件,
回国加速器游戏,跨境与海外网络,跨境外贸,A,85,True,False,True,2,Bing 中文联想、Google Web 联想,回国加速器,跨境网络,4,2,回国加速器游戏,
海外ip地址查询,跨境与海外网络,跨境外贸,A,95,True,False,True,2,Bing 中文联想、Google Web 联想,海外ip,代理IP,4,2,海外ip地址查询,
海外加速器下载,跨境与海外网络,跨境外贸,A,95,True,False,True,2,Bing 中文联想、Google Web 联想,海外加速器,跨境外贸,4,2,海外加速器下载,
独立ip的vpn,代理与IP,代理与IP,A,100,True,False,True,2,Bing 中文联想、Google Web 联想,独立ip、独立ip vpn,二级扩展、代理IP,4,2,独立ip的vpn,
科学上网梯子,VPN核心,泛需求,A,74,True,True,True,2,Bing 中文联想、Google Web 联想,科学上网,快手样本-关联表达,4,2,科学上网梯子,
ipsec vpn是什么,VPN协议与技术,科普原理,A,73,True,False,True,2,Bing 中文联想、Google Web 联想,ipsec vpn,VPN协议,5,2,ipsec vpn 是什么、ipsec vpn是什么,
proton vpn怎么用,VPN核心,配置排障,A,73,True,False,True,2,Google Web 联想、Google/YouTube 联想,vpn怎么用,VPN核心,5,2,proton vpn怎么用,
vpn安卓推荐,VPN核心,选型购买,A,73,True,False,True,2,Google Web 联想、Google/YouTube 联想,vpn安卓,VPN产品,5,2,vpn安卓推荐,
vpn客户端工具,VPN核心,下载安装,A,73,True,False,True,2,Bing 中文联想、Google Web 联想,vpn客户端,VPN产品,5,2,vpn 客户 端 工具、vpn客户端工具,
海外ip地址,跨境与海外网络,跨境外贸,A,94,True,False,True,2,Bing 中文联想、Google Web 联想,海外ip,代理IP,5,2,海外ip地址,
ipsec vpn服务器,VPN协议与技术,代理与IP,A,72,True,False,True,2,Bing 中文联想、Google Web 联想,ipsec vpn,VPN协议,6,2,ipsec vpn 服务器,
vpn免费电脑,VPN核心,下载安装,A,72,True,False,True,2,Bing 中文联想、Google/YouTube 联想,vpn免费,VPN产品,6,2,vpn免费电脑,
vpn推荐2026,VPN核心,选型购买,A,72,True,False,True,2,Bing 中文联想、Google Web 联想,vpn推荐,VPN产品,6,2,vpn 推荐 2026、vpn推荐2026,
vpn是什么原理,VPN核心,科普原理,A,72,True,False,True,2,Bing 中文联想、Google Web 联想,vpn是什么,VPN核心,6,2,vpn是什么原理,
住宅ip vpn,代理与IP,代理与IP,A,100,True,False,True,2,Bing 中文联想、Google Web 联想,住宅ip,代理IP,6,2,住宅ip vpn,
小米海外应用商店,跨境与海外网络,跨境外贸,A,93,True,False,True,2,Bing 中文联想、百度联想,海外应用商店,快手样本-海外访问,6,2,小米海外应用商店,
海外加速器推荐,跨境与海外网络,跨境外贸,A,93,True,False,True,2,Bing 中文联想、Google Web 联想,海外加速器,跨境外贸,6,2,海外加速器推荐,
科学上网推荐,VPN核心,选型购买,A,72,True,True,True,2,Bing 中文联想、Google Web 联想,科学上网,快手样本-关联表达,6,2,科学上网推荐,
oppo海外应用商店,跨境与海外网络,跨境外贸,A,92,True,False,True,2,Bing 中文联想、百度联想,海外应用商店,快手样本-海外访问,7,2,OPPO海外应用商店、oppo海外应用商店,
vpn加速器试用,VPN核心,泛需求,A,100,True,False,True,2,Bing 中文联想、Google Web 联想,vpn加速器,VPN产品,7,2,vpn 加速器 试用、vpn加速器试用,
vpn连接器,VPN核心,配置排障,A,71,True,False,True,2,Bing 中文联想、Google Web 联想,vpn连接,VPN技术,7,2,vpn连接器,
虚拟专用网络搭建,VPN核心,配置排障,A,71,True,False,True,2,Bing 中文联想、百度联想,虚拟专用网络,VPN核心,7,2,虚拟专用网络搭建,
华为海外应用商店,跨境与海外网络,跨境外贸,A,91,True,False,True,2,Bing 中文联想、百度联想,海外应用商店,快手样本-海外访问,8,2,华为海外应用商店,
vpn下载ios,VPN核心,下载安装,A,70,True,False,True,2,Bing 中文联想、Google Web 联想,vpn下载,VPN产品,9,2,vpn下载ios,
vpn加速器电脑,VPN核心,下载安装,A,100,True,False,True,2,Bing 中文联想、Google Web 联想,vpn加速器,VPN产品,9,2,vpn加速器电脑,
海外留学生网络卡顿,跨境与海外网络,跨境外贸,A,94,True,False,True,1,快手视频样本词根,海外留学生网络卡顿,快手样本-海外访问,0,1,海外留学生网络卡顿,
海外网络卡顿,跨境与海外网络,跨境外贸,A,94,True,False,True,1,快手视频样本词根,海外网络卡顿,快手样本-海外访问,0,1,海外网络卡顿,
翻墙会被抓吗,VPN核心,泛需求,A,73,True,True,True,1,快手视频样本词根,翻墙会被抓吗,快手样本-VPN法律,0,1,翻墙会被抓吗,
vpn gate教学,VPN核心,泛需求,A,72,True,False,True,1,Google/YouTube 联想,vpn加速器免费,二级扩展,1,1,vpn gate 教学,
vpn推荐安卓,VPN核心,选型购买,A,72,True,False,True,1,Google/YouTube 联想,vpn推荐,VPN产品,1,1,vpn推荐安卓,
vpn推荐机场,VPN核心,选型购买,A,72,True,True,True,1,Google Web 联想,vpn推荐,VPN产品,1,1,vpn 推荐 机场,
vpn是什么意思,VPN核心,科普原理,A,72,True,False,True,1,Bing 中文联想,vpn、vpn是什么,VPN核心,1,2,vpn是什么意思,
vpn路由器推荐ptt,VPN核心,选型购买,A,72,True,False,True,1,Google Web 联想,vpn路由器、vpn路由器推荐,VPN技术、二级扩展,1,2,vpn 路由器 推荐 ptt,
亚马逊多店铺防关联,跨境与海外网络,跨境外贸,A,93,True,False,True,1,Bing 中文联想,多店铺防关联,跨境店群,1,1,亚马逊多店铺防关联,
北京大学校园网vpn,VPN核心,泛需求,A,100,True,False,True,1,5118公开长尾词索引,vpn,VPN核心,1,1,北京大学校园网vpn,
海外ip怎么改,跨境与海外网络,跨境外贸,A,93,True,False,True,1,百度联想,海外ip,代理IP,1,1,海外ip怎么改,
海外留学生网络卡顿怎么办,跨境与海外网络,跨境外贸,A,93,True,False,True,1,百度联想,海外留学生网络卡顿,快手样本-海外访问,1,1,海外留学生网络卡顿怎么办,
海外网络哪里找,跨境与海外网络,跨境外贸,A,93,True,False,True,1,百度联想,海外网络、海外网络卡顿,快手样本-海外访问、跨境外贸,1,2,海外网络哪里找,
电脑翻墙会被网警抓吗,VPN核心,下载安装,A,72,True,True,True,1,Bing 中文联想,翻墙会被抓吗,快手样本-VPN法律,1,1,电脑翻墙会被网警抓吗,
翻墙能干嘛,VPN核心,泛需求,A,72,True,True,True,1,Google/YouTube 联想,网络用语梯子,快手样本-关联表达,1,1,翻墙能干嘛,
ipsec vpn搭建教程,VPN协议与技术,配置排障,A,71,True,False,True,1,Bing 中文联想,ipsec vpn搭建,二级扩展,2,1,ipsec vpn搭建教程,
leaf vpn安全吗,VPN核心,科普原理,A,71,True,False,True,1,Google/YouTube 联想,vpn安全吗,VPN核心,2,1,leaf vpn安全吗,
mac vpn客户端,VPN核心,下载安装,A,71,True,False,True,1,Google/YouTube 联想,vpn客户端,VPN产品,2,1,mac vpn客户端,
openvpn下载官网,VPN协议与技术,下载安装,A,71,True,False,True,1,Bing 中文联想,openvpn,VPN协议,2,1,openvpn下载官网,
proton vpn免费安全吗,VPN核心,科普原理,A,71,True,False,True,1,Bing 中文联想,proton vpn安全吗,二级扩展,2,1,proton vpn免费安全吗,
ssl vpn客户端mac,VPN协议与技术,下载安装,A,71,True,False,True,1,Google Web 联想,ssl vpn,VPN协议,2,1,ssl vpn 客户 端 mac,
vpn.安全吗,VPN核心,科普原理,A,71,True,False,True,1,Bing 中文联想,vpn法律风险、vpn行政处罚、用vpn会被抓吗,快手样本-VPN法律,2,3,vpn.安全吗,
vpn免费安卓下载,VPN核心,下载安装,A,71,True,False,True,1,Google/YouTube 联想,vpn安卓下载,二级扩展,2,1,vpn免費安卓下载,
vpn免费节点分享,VPN核心,代理与IP,A,71,True,True,True,1,Bing 中文联想,vpn免费节点,二级扩展,2,1,vpn免费节点分享,
vpn加速器免费下载,VPN核心,下载安装,A,100,True,False,True,1,Bing 中文联想,vpn加速器、vpn加速器免费,VPN产品、二级扩展,2,2,vpn加速器免费下载,
vpn加速器推荐梯子免费,VPN核心,选型购买,A,100,True,True,True,1,Bing 中文联想,vpn加速器推荐,二级扩展,2,1,vpn加速器推荐梯子免费,
vpn和加速器的区别,VPN核心,科普原理,A,100,True,False,True,1,Google/YouTube 联想,vpn和翻墙的区别,快手样本-VPN科普,2,1,vpn和加速器的区别,
vpn哪个好用知乎,VPN核心,选型购买,A,71,True,False,True,1,Bing 中文联想,vpn哪个好、vpn哪个好用,VPN核心、二级扩展,2,2,vpn哪个好用 知乎,
vpn安卓下载免费,VPN核心,下载安装,A,71,True,False,True,1,Bing 中文联想,vpn安卓、vpn安卓下载,VPN产品、二级扩展,2,2,vpn安卓下载免费,
vpn安卓免费下载,VPN核心,下载安装,A,71,True,False,True,1,Bing 中文联想,vpn安卓、vpn安卓免费,VPN产品、二级扩展,2,2,vpn安卓免费下载,
vpn怎么用iphone,VPN核心,配置排障,A,71,True,False,True,1,Google Web 联想,vpn怎么用,VPN核心,2,1,vpn 怎么 用 iphone,
vpn怎么用手机,VPN核心,配置排障,A,71,True,False,True,1,Bing 中文联想,vpn怎么用,VPN核心,2,1,vpn怎么用手机,
vpn怎么设置,VPN核心,配置排障,A,71,True,False,True,1,Google/YouTube 联想,vpn怎么用,VPN核心,2,1,vpn怎么设置,
vpn手机免费下载,VPN核心,下载安装,A,71,True,False,True,1,Bing 中文联想,vpn手机免费,二级扩展,2,1,vpn手机免费下载,
vpn推荐中国,VPN核心,选型购买,A,71,True,False,True,1,Google Web 联想,vpn推荐,VPN产品,2,1,vpn推荐中国,
vpn推荐免费,VPN核心,选型购买,A,71,True,False,True,1,Bing 中文联想,vpn推荐,VPN产品,2,1,vpn推荐免费,
vpn是什么怎样使用,VPN核心,科普原理,A,71,True,False,True,1,Google Web 联想,vpn是什么,VPN核心,2,1,vpn 是 什么 怎样 使用,
vpn是法律风险的吗,VPN核心,泛需求,A,71,True,False,True,1,Bing 中文联想,vpn法律风险,快手样本-VPN法律,2,1,vpn是法律风险的吗,
vpn服务器地址怎么填,VPN核心,配置排障,A,71,True,False,True,1,Bing 中文联想,vpn服务器、vpn服务器地址,VPN技术、二级扩展,2,2,vpn服务器地址怎么填,
vpn稳定推荐,VPN核心,选型购买,A,71,True,False,True,1,Google/YouTube 联想,vpn加速器推荐、vpn哪个好用,二级扩展,2,2,vpn稳定推荐,
vpn节点订阅免费,VPN核心,代理与IP,A,71,True,True,True,1,Bing 中文联想,vpn节点订阅,二级扩展,2,1,vpn节点订阅免费,
vpn节点购买网站,VPN核心,选型购买,A,71,True,True,True,1,Bing 中文联想,vpn节点购买,二级扩展,2,1,vpn节点购买网站,
vpn节点超时是什么原因,VPN核心,科普原理,A,71,True,True,True,1,Bing 中文联想,vpn节点超时,快手样本-VPN排障,2,1,vpn节点超时是什么原因,
vpn苹果手机怎么用,VPN核心,配置排障,A,71,True,False,True,1,Bing 中文联想,vpn苹果、vpn苹果手机,VPN产品、二级扩展,2,2,vpn苹果手机怎么用,
vpn设置教程,VPN核心,配置排障,A,71,True,False,True,1,Bing 中文联想,vpn设置,VPN技术,2,1,vpn设置教程,
vpn路由器是什么,VPN核心,科普原理,A,71,True,False,True,1,Bing 中文联想,vpn路由器,VPN技术,2,1,vpn路由器是什么,
vpn路由器翻墙,VPN核心,泛需求,A,71,True,True,True,1,Google/YouTube 联想,vpn路由器、vpn路由器设置,VPN技术、二级扩展,2,2,vpn路由器翻墙,
vpn软件推荐安卓,VPN核心,选型购买,A,71,True,False,True,1,Bing 中文联想,vpn软件推荐,二级扩展,2,1,vpn软件推荐安卓,
vpn违法吗vpn的优缺点分析,VPN核心,泛需求,A,71,True,False,True,1,Bing 中文联想,vpn违法吗,快手样本-VPN法律,2,1,vpn违法吗 vpn的优缺点分析,
vpn速度慢怎么解决,VPN核心,配置排障,A,71,True,False,True,1,Bing 中文联想,vpn速度慢,快手样本-VPN排障,2,1,vpn速度慢怎么解决,
wireguard下载,VPN协议与技术,下载安装,A,71,True,False,True,1,Bing 中文联想,wireguard,VPN协议,2,1,wireguard下载,
wireguard被网管查到了,VPN协议与技术,泛需求,A,71,True,False,True,1,百度联想,wireguard,VPN协议,2,1,Wireguard被网管查到了,
免费加速器vpn梯子,VPN核心,泛需求,A,100,True,True,True,1,Bing 中文联想,免费加速器、免费加速器vpn,二级扩展、快手样本-加速器,2,2,免费加速器vpn梯子,
免费的vpn软件,VPN核心,下载安装,A,71,True,False,True,1,Google/YouTube 联想,免费加速器vpn,二级扩展,2,1,免费的vpn软件,
回国加速器免费永久版,跨境与海外网络,跨境外贸,A,92,True,False,True,1,Bing 中文联想,回国加速器、回国加速器免费,二级扩展、跨境网络,2,2,回国加速器免费永久版,
常德首例一男子通过vpn翻墙访问境外网站被行政处罚,VPN核心,泛需求,A,100,True,True,True,1,Bing 中文联想,vpn行政处罚,快手样本-VPN法律,2,1,常德首例一男子通过vpn翻墙访问境外网站被行政处罚,
快连vpn安全吗,VPN核心,科普原理,A,71,True,False,True,1,Bing 中文联想,vpn安全吗,VPN核心,2,1,快连vpn安全吗,
手机vpn设置图解,VPN核心,配置排障,A,71,True,False,True,1,Bing 中文联想,手机vpn设置,快手样本-VPN设置,2,1,手机vpn设置图解,
搭建vpn服务器推荐,VPN核心,配置排障,A,71,True,False,True,1,Bing 中文联想,vpn服务器推荐,二级扩展,2,1,搭建vpn服务器推荐,
校园网vpn连不上,VPN核心,配置排障,A,100,True,False,True,1,Bing 中文联想,校园网vpn,快手样本-校园网,2,1,校园网vpn连不上,
海外ip代理,跨境与海外网络,跨境外贸,A,92,True,False,True,1,Bing 中文联想,海外ip,代理IP,2,1,海外ip代理,
海外ip地址生成器,跨境与海外网络,跨境外贸,A,92,True,False,True,1,百度联想,海外ip,代理IP,2,1,海外ip地址生成器,
海外应用商店安卓版下载,跨境与海外网络,跨境外贸,A,92,True,False,True,1,百度联想,海外应用商店,快手样本-海外访问,2,1,海外应用商店安卓版下载,
海外留学生网络卡顿原因,跨境与海外网络,跨境外贸,A,92,True,False,True,1,百度联想,海外留学生网络卡顿,快手样本-海外访问,2,1,海外留学生网络卡顿原因,
海外网络专线,跨境与海外网络,跨境外贸,A,92,True,False,True,1,Bing 中文联想,海外网络,跨境外贸,2,1,海外网络专线,
海外网络专线多少钱,跨境与海外网络,跨境外贸,A,92,True,False,True,1,百度联想,海外网络卡顿,快手样本-海外访问,2,1,海外网络专线多少钱,
海外网络怎么用,跨境与海外网络,跨境外贸,A,92,True,False,True,1,百度联想,海外网络,跨境外贸,2,1,海外网络怎么用,
海外网络环境vivo,跨境与海外网络,跨境外贸,A,92,True,False,True,1,百度联想,海外网络环境,二级扩展,2,1,海外网络环境vivo,
海外网络环境搭建,跨境与海外网络,跨境外贸,A,92,True,False,True,1,Bing 中文联想,海外网络、海外网络环境,二级扩展、跨境外贸,2,2,海外网络环境搭建,
海外网络电视直播app,跨境与海外网络,跨境外贸,A,92,True,False,True,1,Google Web 联想,海外网络,跨境外贸,2,1,海外网络电视直播app,
火箭加速器vpn,VPN核心,泛需求,A,100,True,False,True,1,Bing 中文联想,火箭加速器,快手样本-加速器品牌,2,1,火箭加速器vpn,
电脑vpn翻墙,VPN核心,下载安装,A,71,True,True,True,1,Google/YouTube 联想,网络加速器,二级扩展、网络加速,2,2,电脑vpn翻墙,
科学上网路由器,VPN核心,泛需求,A,71,True,True,True,1,Google/YouTube 联想,科学上网,快手样本-关联表达,2,1,科学上网路由器,
翻墙会被警察抓吗,VPN核心,泛需求,A,71,True,True,True,1,Bing 中文联想,翻墙会被抓吗,快手样本-VPN法律,2,1,翻墙会被警察抓吗,
翻墙软件和vpn的区别,VPN核心,下载安装,A,71,True,True,True,1,Bing 中文联想,vpn和翻墙的区别,快手样本-VPN科普,2,1,翻墙软件和vpn的区别,
翻墙软件猫咪,VPN核心,下载安装,A,71,True,True,True,1,Bing 中文联想,翻墙,快手样本-关联表达,2,1,翻墙软件猫咪,
翻墙违法吗翻墙的风险和后果,VPN核心,泛需求,A,71,True,True,True,1,Bing 中文联想,翻墙违法吗,快手样本-VPN法律,2,1,翻墙违法吗 翻墙的风险和后果,
苹果手机vpn设置技巧,VPN核心,配置排障,A,71,True,False,True,1,Bing 中文联想,苹果手机vpn设置,快手样本-VPN设置,2,1,苹果手机vpn设置技巧,
虚拟专用网络vpn,VPN核心,泛需求,A,71,True,False,True,1,Bing 中文联想,虚拟专用网络,VPN核心,2,1,虚拟专用网络 vpn,
虚拟专用网络工具,VPN核心,泛需求,A,71,True,False,True,1,百度联想,虚拟专用网络,VPN核心,2,1,虚拟专用网络工具,
虚拟私人网络什么意思,VPN核心,科普原理,A,71,True,False,True,1,百度联想,虚拟私人网络,VPN核心,2,1,虚拟私人网络什么意思,
虚拟私人网络搭建,VPN核心,配置排障,A,71,True,False,True,1,Bing 中文联想,虚拟私人网络,VPN核心,2,1,虚拟私人网络搭建,
路由器vpn推荐,VPN核心,选型购买,A,71,True,False,True,1,Bing 中文联想,vpn路由器推荐,二级扩展,2,1,路由器vpn推荐,
路由器设置vpn,VPN核心,配置排障,A,71,True,False,True,1,Bing 中文联想,vpn路由器设置,二级扩展,2,1,路由器设置vpn,
远程办公vpn下载,企业网络,企业办公,A,71,True,False,True,1,Bing 中文联想,远程办公vpn,企业办公,2,1,远程办公vpn下载,
连接vpn后无法上网,VPN核心,配置排障,A,71,True,False,True,1,Bing 中文联想,vpn连接后无法上网,二级扩展,2,1,连接vpn后无法上网,
魔法上网工具,VPN核心,泛需求,A,71,True,False,True,1,Bing 中文联想,魔法上网,快手样本-关联表达,2,1,魔法上网工具,
iphone vpn设置教程,VPN核心,配置排障,A,70,True,False,True,1,Google/YouTube 联想,vpn设置,VPN技术,3,1,iphone vpn设置教程,
ipsec vpn搭建过程,VPN协议与技术,配置排障,A,70,True,False,True,1,Bing 中文联想,ipsec vpn搭建,二级扩展,3,1,ipsec vpn搭建过程,
macos vpn客户端,VPN核心,下载安装,A,70,True,False,True,1,Google/YouTube 联想,vpn客户端,VPN产品,3,1,macos vpn客户端,
openvpn服务器搭建,VPN协议与技术,配置排障,A,70,True,False,True,1,Google/YouTube 联想,openvpn,VPN协议,3,1,openvpn服务器搭建,
proton vpn国内怎么用安全吗,VPN核心,配置排障,A,70,True,False,True,1,Bing 中文联想,proton vpn安全吗,二级扩展,3,1,proton vpn国内怎么用安全吗,
ssl vpn fortigate 7.6,VPN协议与技术,泛需求,A,70,True,False,True,1,Google/YouTube 联想,ssl vpn,VPN协议,3,1,ssl vpn fortigate 7.6,
ssl vpn客户端,VPN协议与技术,下载安装,A,70,True,False,True,1,Google Web 联想,ssl vpn,VPN协议,3,1,ssl vpn 客户端,
star vpn怎么用,VPN核心,配置排障,A,70,True,False,True,1,Google/YouTube 联想,vpn怎么用,VPN核心,3,1,star vpn怎么用,
vpn.为什么,VPN核心,泛需求,A,70,True,False,True,1,Bing 中文联想,vpn和翻墙的区别、用vpn会被抓吗,快手样本-VPN法律、快手样本-VPN科普,3,2,vpn.为什么,
vpn代理服务器的推荐,代理与IP,选型购买,A,100,True,False,True,1,Bing 中文联想,vpn服务器推荐,二级扩展,3,1,vpn代理服务器的推荐,
vpn免费节点安全,VPN核心,代理与IP,A,70,True,True,True,1,Bing 中文联想,vpn免费节点,二级扩展,3,1,vpn免费节点安全,
vpn加速器推荐pc,VPN核心,选型购买,A,100,True,False,True,1,Bing 中文联想,vpn加速器推荐,二级扩展,3,1,vpn加速器推荐pc,
vpn协议v2ray,VPN协议与技术,科普原理,A,70,True,False,True,1,Google Web 联想,vpn协议,VPN技术,3,1,vpn 协议 v2ray,
vpn协议哪个好,VPN协议与技术,选型购买,A,70,True,False,True,1,Bing 中文联想,vpn协议,VPN技术,3,1,vpn协议哪个好,
vpn哪个好用安全,VPN核心,选型购买,A,70,True,False,True,1,Bing 中文联想,vpn哪个好用,二级扩展,3,1,vpn哪个好用安全,
vpn在西安的法律风险,VPN核心,泛需求,A,70,True,False,True,1,Bing 中文联想,vpn法律风险,快手样本-VPN法律,3,1,vpn在西安的法律风险,
vpn安卓下载apk,VPN核心,下载安装,A,70,True,False,True,1,Bing 中文联想,vpn安卓下载,二级扩展,3,1,vpn安卓下载apk,
vpn安卓免费版,VPN核心,下载安装,A,70,True,False,True,1,Bing 中文联想,vpn安卓免费,二级扩展,3,1,vpn安卓免费版,
vpn客户端安卓,VPN核心,下载安装,A,70,True,False,True,1,Google Web 联想,vpn客户端,VPN产品,3,1,vpn 客户 端 安卓,
vpn客户端软件,VPN核心,下载安装,A,70,True,False,True,1,Bing 中文联想,vpn客户端,VPN产品,3,1,vpn客户端软件,
vpn怎么用dcard,VPN核心,配置排障,A,70,True,False,True,1,Google Web 联想,vpn怎么用,VPN核心,3,1,vpn怎么用 dcard,
vpn怎么用电脑,VPN核心,配置排障,A,70,True,False,True,1,Bing 中文联想,vpn怎么用,VPN核心,3,1,vpn怎么用电脑,
vpn手机免费版,VPN核心,下载安装,A,70,True,False,True,1,Bing 中文联想,vpn手机免费,二级扩展,3,1,vpn手机免费版,
vpn是什么意思和怎么用,VPN核心,配置排障,A,70,True,False,True,1,Bing 中文联想,vpn是什么,VPN核心,3,1,vpn是什么意思和怎么用,
vpn服务器地址大全,VPN核心,泛需求,A,70,True,False,True,1,Bing 中文联想,vpn服务器、vpn服务器地址,VPN技术、二级扩展,3,2,vpn服务器地址大全,
vpn独立ip,VPN核心,代理与IP,A,70,True,False,True,1,Bing 中文联想,独立ip vpn,二级扩展,3,1,vpn独立ip,
vpn节点订阅购买,VPN核心,选型购买,A,70,True,True,True,1,Bing 中文联想,vpn节点订阅,二级扩展,3,1,vpn节点订阅购买,
vpn节点购买平台,VPN核心,选型购买,A,70,True,True,True,1,Bing 中文联想,vpn节点购买,二级扩展,3,1,vpn节点购买平台,
vpn节点超时怎么办,VPN核心,配置排障,A,70,True,True,True,1,Bing 中文联想,vpn节点超时,快手样本-VPN排障,3,1,vpn节点超时怎么办,
vpn苹果手机免费,VPN核心,下载安装,A,70,True,False,True,1,Bing 中文联想,vpn苹果手机,二级扩展,3,1,vpn苹果手机免费,
vpn设置方法,VPN核心,配置排障,A,70,True,False,True,1,Bing 中文联想,vpn设置,VPN技术,3,1,vpn设置方法,
vpn软件推荐稳定,VPN核心,选型购买,A,70,True,False,True,1,Bing 中文联想,vpn软件推荐,二级扩展,3,1,vpn软件推荐稳定,
vpn违法吗vpn的影响和意义,VPN核心,泛需求,A,70,True,False,True,1,Bing 中文联想,vpn违法吗,快手样本-VPN法律,3,1,vpn违法吗 vpn的影响和意义,
vpn速度慢怎么办,VPN核心,配置排障,A,70,True,False,True,1,Bing 中文联想,vpn速度慢,快手样本-VPN排障,3,1,vpn速度慢怎么办,
vpn配置文件github,VPN核心,配置排障,A,70,True,False,True,1,Google Web 联想,vpn配置、vpn配置文件,VPN技术、二级扩展,3,2,vpn 配置 文件 github,
vpn配置文件购买,VPN核心,配置排障,A,70,True,False,True,1,Bing 中文联想,vpn配置、vpn配置文件,VPN技术、二级扩展,3,2,vpn配置文件购买,
whoscall vpn安全吗,VPN核心,科普原理,A,70,True,False,True,1,Google Web 联想,vpn安全吗,VPN核心,3,1,whoscall vpn安全吗,
wireguard异地组网,VPN协议与技术,企业办公,A,99,False,False,True,1,Google/YouTube 联想,异地组网,企业办公,3,1,wireguard 异地组网,
企业vpn推荐,企业网络,企业办公,A,70,True,False,True,1,Google Web 联想,企业vpn,企业办公,3,1,企业vpn推荐,
企业vpn软件,企业网络,企业办公,A,70,True,False,True,1,Bing 中文联想,企业vpn,企业办公,3,1,企业vpn软件,
便宜vpn推荐,VPN核心,选型购买,A,70,True,False,True,1,Bing 中文联想,vpn推荐便宜,二级扩展,3,1,便宜vpn推荐,
回国vpn免费,VPN核心,泛需求,A,70,True,False,True,1,Google/YouTube 联想,回国加速器,跨境网络,3,2,回国vpn免費、回国vpn免费,
回国加速器免费电脑,跨境与海外网络,跨境外贸,A,91,True,False,True,1,Bing 中文联想,回国加速器、回国加速器免费,二级扩展、跨境网络,3,2,回国加速器免费 电脑,
回国加速器推荐,跨境与海外网络,跨境外贸,A,91,True,False,True,1,Bing 中文联想,回国加速器,跨境网络,3,1,回国加速器推荐,
如何更改vpn,VPN核心,配置排障,A,70,True,False,True,1,Google/YouTube 联想,vpn修改,快手样本-VPN设置,3,1,如何更改vpn,
手机vpn设置技巧,VPN核心,配置排障,A,70,True,False,True,1,Bing 中文联想,手机vpn设置,快手样本-VPN设置,3,1,手机vpn设置技巧,
校园网vpn怎么挂,VPN核心,配置排障,A,100,True,False,True,1,Bing 中文联想,校园网vpn,快手样本-校园网,3,1,校园网vpn怎么挂,
校园网翻墙,VPN核心,泛需求,A,100,True,True,True,1,Google/YouTube 联想,校园网vpn,快手样本-校园网,3,1,校园网翻墙,
海外ip购买,跨境与海外网络,跨境外贸,A,91,True,False,True,1,Bing 中文联想,海外ip,代理IP,3,1,海外ip购买,
海外加速器哪个好,跨境与海外网络,跨境外贸,A,91,True,False,True,1,Google Web 联想,海外加速器,跨境外贸,3,1,海外加速器哪个好,
海外应用商店大全,跨境与海外网络,跨境外贸,A,91,True,False,True,1,百度联想,海外应用商店,快手样本-海外访问,3,1,海外应用商店大全,
海外应用商店有哪些,跨境与海外网络,跨境外贸,A,91,True,False,True,1,Bing 中文联想,海外应用商店,快手样本-海外访问,3,1,海外应用商店有哪些,
海外网络平台,跨境与海外网络,跨境外贸,A,91,True,False,True,1,百度联想,海外网络,跨境外贸,3,1,海外网络平台,
海外网络环境的搭建,跨境与海外网络,跨境外贸,A,91,True,False,True,1,百度联想,海外网络环境,二级扩展,3,1,海外网络环境的搭建,
海外网络转换器多少钱一个,跨境与海外网络,跨境外贸,A,91,True,False,True,1,百度联想,海外网络卡顿,快手样本-海外访问,3,1,海外网络转换器多少钱一个,
电脑连接vpn后无法上网,VPN核心,配置排障,A,70,True,False,True,1,Bing 中文联想,vpn连接后无法上网,二级扩展,3,1,电脑连接vpn后无法上网,
翻墙也上不了x,VPN核心,泛需求,A,70,True,True,True,1,Google Web 联想,翻墙,快手样本-关联表达,3,1,翻墙也上不了x,
翻墙后怎么赚钱,VPN核心,配置排障,A,70,True,True,True,1,Google/YouTube 联想,翻墙,快手样本-关联表达,3,1,翻墙后怎么赚钱,
翻墙看油管会被抓吗,VPN核心,泛需求,A,70,True,True,True,1,Bing 中文联想,翻墙会被抓吗,快手样本-VPN法律,3,1,翻墙看油管会被抓吗,
翻墙违法吗翻墙的道德和责任,VPN核心,泛需求,A,70,True,True,True,1,Bing 中文联想,翻墙违法吗,快手样本-VPN法律,3,1,翻墙违法吗 翻墙的道德和责任,
苹果手机vpn设置视频,VPN核心,配置排障,A,70,True,False,True,1,Bing 中文联想,苹果手机vpn设置,快手样本-VPN设置,3,1,苹果手机vpn设置视频,
虚拟专用网络下载,VPN核心,下载安装,A,70,True,False,True,1,Bing 中文联想,虚拟专用网络,VPN核心,3,1,虚拟专用网络下载,
虚拟专用网络什么意思,VPN核心,科普原理,A,70,True,False,True,1,百度联想,虚拟专用网络,VPN核心,3,1,虚拟专用网络什么意思,
虚拟私人网络vpn,VPN核心,泛需求,A,70,True,False,True,1,Bing 中文联想,虚拟私人网络,VPN核心,3,1,虚拟私人网络 vpn,
虚拟私人网络连接,VPN核心,配置排障,A,70,True,False,True,1,百度联想,虚拟私人网络,VPN核心,3,1,虚拟私人网络连接,
访问外网vpn,VPN核心,泛需求,A,99,False,False,True,1,Bing 中文联想,访问外网,快手样本-关联表达,3,1,访问外网vpn,
路由器vpn设置,VPN核心,配置排障,A,70,True,False,True,1,Bing 中文联想,vpn路由器设置,二级扩展,3,1,路由器vpn设置,
路由器vpn设置推荐,VPN核心,配置排障,A,70,True,False,True,1,Bing 中文联想,vpn路由器推荐,二级扩展,3,1,路由器vpn设置推荐,
路由器翻墙和vpn的区别,VPN核心,科普原理,A,70,True,True,True,1,Bing 中文联想,vpn和翻墙的区别,快手样本-VPN科普,3,1,路由器翻墙和vpn的区别,
远程办公vpn软件,企业网络,企业办公,A,70,True,False,True,1,Bing 中文联想,远程办公vpn,企业办公,3,1,远程办公vpn软件,
飞俊vpn安全吗,VPN核心,科普原理,A,70,True,False,True,1,Bing 中文联想,vpn安全吗,VPN核心,3,1,飞俊vpn安全吗,
魔法上网软件,VPN核心,下载安装,A,70,True,False,True,1,Bing 中文联想,魔法上网,快手样本-关联表达,3,1,魔法上网软件,
sd-wan vs vpn,企业网络,企业办公,A,100,True,False,True,1,Google/YouTube 联想,sd-wan,企业办公,4,1,sd-wan vs vpn,
vivo海外应用商店,跨境与海外网络,跨境外贸,A,90,True,False,True,1,百度联想,海外应用商店,快手样本-海外访问,4,1,vivo海外应用商店,
vpn加速器免费版,VPN核心,泛需求,A,100,True,False,True,1,Bing 中文联想,vpn加速器、vpn加速器免费,VPN产品、二级扩展,4,2,vpn加速器免费版,
vpn加速器推荐游戏,游戏加速,选型购买,A,93,True,False,True,1,Bing 中文联想,vpn加速器推荐,二级扩展,4,1,vpn加速器推荐游戏,
免费加速器vpn梯子下载,VPN核心,下载安装,A,100,True,True,True,1,Bing 中文联想,免费加速器vpn,二级扩展,4,1,免费加速器vpn梯子下载,
加速器排行榜vpn,VPN核心,泛需求,A,100,True,False,True,1,Bing 中文联想,加速器排行榜,快手样本-加速器,4,1,加速器排行榜vpn,
回国加速器下载,跨境与海外网络,跨境外贸,A,90,True,False,True,1,Google Web 联想,回国加速器,跨境网络,4,1,回国加速器下载,
回国加速器免费下载,跨境与海外网络,跨境外贸,A,90,True,False,True,1,Bing 中文联想,回国加速器免费,二级扩展,4,1,回国加速器免费下载,
如何搭建海外网络环境,跨境与海外网络,跨境外贸,A,90,True,False,True,1,Bing 中文联想,海外网络环境,二级扩展,4,1,如何搭建海外网络环境,
校园网vpn评测,VPN核心,泛需求,A,100,True,False,True,1,Bing 中文联想,校园网vpn,快手样本-校园网,4,1,校园网vpn评测,
海外ip价格,跨境与海外网络,跨境外贸,A,90,True,False,True,1,百度联想,海外ip,代理IP,4,1,海外ip价格,
海外网络卡顿怎么解决,跨境与海外网络,跨境外贸,A,90,True,False,True,1,百度联想,海外网络卡顿,快手样本-海外访问,4,1,海外网络卡顿怎么解决,
海外网络如何搭建,跨境与海外网络,跨境外贸,A,90,True,False,True,1,百度联想,海外网络,跨境外贸,4,1,海外网络如何搭建,
海外网络环境搭建需要多久,跨境与海外网络,跨境外贸,A,90,True,False,True,1,百度联想,海外网络环境,二级扩展,4,1,海外网络环境搭建需要多久,
游戏加速器海外版,跨境与海外网络,跨境外贸,A,80,True,False,True,1,Google Web 联想,游戏加速器,游戏加速,4,1,游戏加速器海外版,
网络加速vpn,VPN核心,泛需求,A,98,False,False,True,1,Google Web 联想,网络加速,网络加速,4,1,网络加速vpn,
网络加速器海外直播,跨境与海外网络,跨境外贸,A,90,True,False,True,1,Bing 中文联想,海外直播网络,跨境直播,4,1,网络加速器海外直播,
迅游加速器海外版,跨境与海外网络,跨境外贸,A,90,True,False,True,1,Google Web 联想,迅游加速器,快手样本-加速器品牌,4,1,迅游加速器海外版,
apkpure海外应用商店,跨境与海外网络,跨境外贸,A,89,True,False,True,1,百度联想,海外应用商店,快手样本-海外访问,5,1,APKPure海外应用商店,
vpn加速器免费加速,VPN核心,泛需求,A,100,True,False,True,1,Bing 中文联想,vpn加速器免费,二级扩展,5,1,vpn加速器免费加速,
vpn加速器安卓,VPN核心,下载安装,A,100,True,False,True,1,Google Web 联想,vpn加速器,VPN产品,5,1,vpn加速器安卓,
vpn加速器推荐免费,VPN核心,选型购买,A,100,True,False,True,1,Bing 中文联想,vpn加速器推荐,二级扩展,5,1,vpn加速器推荐免费,
免费加速器vpn梯子手机,VPN核心,下载安装,A,100,True,True,True,1,Bing 中文联想,免费加速器vpn,二级扩展,5,1,免费加速器vpn梯子手机,
回国加速器免费推荐,跨境与海外网络,跨境外贸,A,89,True,False,True,1,Bing 中文联想,回国加速器免费,二级扩展,5,1,回国加速器免费推荐,
回国加速器官网,跨境与海外网络,跨境外贸,A,89,True,False,True,1,Bing 中文联想,回国加速器,跨境网络,5,1,回国加速器官网,
手游加速器海外,跨境与海外网络,跨境外贸,A,79,True,False,True,1,Google Web 联想,手游加速器,快手样本-游戏加速,5,1,手游加速器海外,
搭建海外网络环境,跨境与海外网络,跨境外贸,A,89,True,False,True,1,Bing 中文联想,海外网络环境,二级扩展,5,1,搭建海外网络环境,
校园网vpn软件,VPN核心,下载安装,A,100,True,False,True,1,Bing 中文联想,校园网vpn,快手样本-校园网,5,1,校园网vpn软件,
永久免费加速器vpn安装,VPN核心,下载安装,A,100,True,False,True,1,Bing 中文联想,永久免费加速器,快手样本-加速器,5,1,永久免费加速器vpn安装,
海外ip回国,跨境与海外网络,跨境外贸,A,89,True,False,True,1,百度联想,海外ip,代理IP,5,1,海外ip回国,
海外加速器免费版vpn,跨境与海外网络,跨境外贸,A,100,True,False,True,1,Bing 中文联想,海外加速器,跨境外贸,5,1,海外加速器免费版vpn,
海外网络ip,跨境与海外网络,跨境外贸,A,84,False,False,True,1,百度联想,海外网络,跨境外贸,5,1,海外网络ip,
海外网络卡顿怎么办,跨境与海外网络,跨境外贸,A,89,True,False,True,1,百度联想,海外网络卡顿,快手样本-海外访问,5,1,海外网络卡顿怎么办,
海外网络工具vps专线,跨境与海外网络,跨境外贸,A,89,True,False,True,1,Bing 中文联想,海外网络,跨境外贸,5,1,海外网络工具vps专线,
海外网络环境分析报告,跨境与海外网络,跨境外贸,A,89,True,False,True,1,百度联想,海外网络环境,二级扩展,5,1,海外网络环境分析报告,
海外网络电视,跨境与海外网络,跨境外贸,A,89,True,False,True,1,Google Web 联想,海外网络,跨境外贸,5,1,海外网络电视,
游戏加速器翻墙,游戏加速,游戏娱乐,A,92,True,True,True,1,Google/YouTube 联想,游戏加速器,游戏加速,5,1,游戏加速器翻墙,
跨境专线vpn,跨境与海外网络,跨境外贸,A,100,False,False,True,1,Bing 中文联想,跨境专线,跨境外贸,5,1,跨境专线vpn,
魔法上网加速器,VPN核心,泛需求,A,100,True,False,True,1,Bing 中文联想,魔法上网,快手样本-关联表达,5,1,魔法上网加速器,
vpn免费加速器,VPN核心,泛需求,A,100,True,False,True,1,Bing 中文联想,vpn免费,VPN产品,6,1,vpn免费加速器,
vpn加速器免费排行榜,VPN核心,泛需求,A,100,True,False,True,1,Bing 中文联想,vpn加速器免费,二级扩展,6,1,vpn加速器免费排行榜,
vpn加速器官网,VPN核心,泛需求,A,100,True,False,True,1,Bing 中文联想,vpn加速器,VPN产品,6,1,vpn加速器官网,
vpn加速器推荐国外,VPN核心,选型购买,A,100,True,False,True,1,Bing 中文联想,vpn加速器推荐,二级扩展,6,1,vpn加速器推荐国外,
vpn手机免费加速器,VPN核心,下载安装,A,100,True,False,True,1,Bing 中文联想,vpn手机免费,二级扩展,6,1,vpn手机免费加速器,
免费加速器vpn永久免费,VPN核心,泛需求,A,100,True,False,True,1,Bing 中文联想,免费加速器vpn,二级扩展,6,1,免费加速器vpn永久免费,
全局海外网络环境,跨境与海外网络,跨境外贸,A,88,True,False,True,1,Bing 中文联想,海外网络环境,二级扩展,6,1,全局海外网络环境,
回国加速器免费版,跨境与海外网络,跨境外贸,A,88,True,False,True,1,Bing 中文联想,回国加速器免费,二级扩展,6,1,回国加速器免费版,
回国加速器哪个好用,跨境与海外网络,跨境外贸,A,88,True,False,True,1,Google Web 联想,回国加速器,跨境网络,6,1,回国加速器哪个好用,
回国加速器永久免费版,跨境与海外网络,跨境外贸,A,88,True,False,True,1,Bing 中文联想,回国加速器,跨境网络,6,1,回国加速器永久免费版,
校园网vpn推荐,VPN核心,选型购买,A,100,True,False,True,1,Bing 中文联想,校园网vpn,快手样本-校园网,6,1,校园网vpn推荐,
永久免费加速器vpn推荐,VPN核心,选型购买,A,100,True,False,True,1,Bing 中文联想,永久免费加速器,快手样本-加速器,6,1,永久免费加速器vpn推荐,
海外ip测速,跨境与海外网络,跨境外贸,A,88,True,False,True,1,Google Web 联想,海外ip,代理IP,6,1,海外ip测速,
海外网络卡顿什么原因,跨境与海外网络,跨境外贸,A,88,True,False,True,1,百度联想,海外网络卡顿,快手样本-海外访问,6,1,海外网络卡顿什么原因,
海外网络环境是指什么,跨境与海外网络,跨境外贸,A,88,True,False,True,1,百度联想,海外网络环境,二级扩展,6,1,海外网络环境是指什么,
海外网络重叠率是什么意思,跨境与海外网络,跨境外贸,A,88,True,False,True,1,百度联想,海外网络,跨境外贸,6,1,海外网络重叠率是什么意思,
网络加速器-免费vpn免费代理,代理与IP,代理与IP,A,100,True,False,True,1,Bing 中文联想,网络加速、网络加速器,二级扩展、网络加速,6,3,网络加速器-免费vpn 免费代理,
访问外网的vpn,VPN核心,泛需求,A,100,True,False,True,1,Bing 中文联想,访问外网,快手样本-关联表达,6,1,访问外网的vpn,
跨境网络加速器,跨境与海外网络,跨境外贸,A,88,True,False,True,1,Bing 中文联想,跨境网络,跨境外贸,6,1,跨境网络加速器,
随身wifi翻墙,VPN核心,泛需求,A,100,True,True,True,1,Google/YouTube 联想,随身wifi,快手样本-移动网络,6,1,随身wifi 翻墙,
vpn加速器免费体验,VPN核心,泛需求,A,100,True,False,True,1,Bing 中文联想,vpn加速器免费,二级扩展,7,1,vpn加速器免费体验,
vpn加速器推荐理由,VPN核心,选型购买,A,100,True,False,True,1,Bing 中文联想,vpn加速器推荐,二级扩展,7,1,vpn加速器推荐理由,
免vpn下载海外软件,跨境与海外网络,跨境外贸,A,100,True,False,True,1,Bing 中文联想,海外软件下载,快手样本-海外访问,7,1,免vpn下载海外软件,
回国加速器免费加速,跨境与海外网络,跨境外贸,A,87,True,False,True,1,Bing 中文联想,回国加速器免费,二级扩展,7,1,回国加速器免费加速,
回国加速器有哪些,跨境与海外网络,跨境外贸,A,87,True,False,True,1,Google Web 联想,回国加速器,跨境网络,7,1,回国加速器有哪些,
怎么搭建海外网络环境,跨境与海外网络,跨境外贸,A,87,True,False,True,1,Bing 中文联想,海外网络环境,二级扩展,7,1,怎么搭建海外网络环境,
推特加速器免费版vpn,VPN核心,泛需求,A,100,True,False,True,1,Bing 中文联想,tt加速器,快手样本-加速器品牌,7,1,推特加速器免费版vpn,
校园网vpn优势,VPN核心,泛需求,A,100,True,False,True,1,Bing 中文联想,校园网vpn,快手样本-校园网,7,1,校园网vpn优势,
永久免费加速器vpn更新,VPN核心,泛需求,A,100,True,False,True,1,Bing 中文联想,永久免费加速器,快手样本-加速器,7,1,永久免费加速器vpn更新,
海外ip vpn,跨境与海外网络,跨境外贸,A,100,True,False,True,1,Google Web 联想,海外ip,代理IP,7,1,海外ip vpn,
海外ip代理免费下载,跨境与海外网络,跨境外贸,A,87,True,False,True,1,百度联想,海外ip,代理IP,7,1,海外ip代理免费下载,
海外ip代理池,跨境与海外网络,跨境外贸,A,87,True,False,True,1,Bing 中文联想,海外ip,代理IP,7,1,海外ip代理池,
海外加速器免费试用,跨境与海外网络,跨境外贸,A,87,True,False,True,1,Bing 中文联想,海外加速器,跨境外贸,7,1,海外加速器免费试用,
海外加速器回国,跨境与海外网络,跨境外贸,A,87,True,False,True,1,Google Web 联想,海外加速器,跨境外贸,7,1,海外加速器回国,
海外网咯,跨境与海外网络,跨境外贸,A,82,False,False,True,1,百度联想,海外网络,跨境外贸,7,1,海外网咯,
海外网络节点,跨境与海外网络,跨境外贸,A,87,True,True,True,1,Bing 中文联想,海外网络,跨境外贸,7,1,海外网络节点,
游戏加速器vpn,游戏加速,游戏娱乐,A,90,True,False,True,1,Google Web 联想,游戏加速器,游戏加速,7,1,游戏加速器vpn,
翻墙加速器,VPN核心,泛需求,A,100,True,True,True,1,Google Web 联想,翻墙,快手样本-关联表达,7,1,翻墙加速器,
vpn加速器下载免费,VPN核心,下载安装,A,99,True,False,True,1,Bing 中文联想,vpn加速器,VPN产品,8,1,vpn加速器下载免费,
vpn加速器免费使用,VPN核心,泛需求,A,99,True,False,True,1,Bing 中文联想,vpn加速器免费,二级扩展,8,1,vpn加速器免费使用,
vpn加速器差别,VPN核心,泛需求,A,99,True,False,True,1,Google Web 联想,vpn加速器,VPN产品,8,1,vpn 加速器 差别,
vpn加速器推荐网站,VPN核心,选型购买,A,99,True,False,True,1,Bing 中文联想,vpn加速器推荐,二级扩展,8,1,vpn加速器推荐网站,
vpn电脑加速器,VPN核心,下载安装,A,99,True,False,True,1,Bing 中文联想,vpn电脑,VPN产品,8,1,vpn电脑加速器,
一加海外应用商店,跨境与海外网络,跨境外贸,A,86,True,False,True,1,百度联想,海外应用商店,快手样本-海外访问,8,1,一加海外应用商店,
免费加速器vpn教程,VPN核心,配置排障,A,99,True,False,True,1,Bing 中文联想,免费加速器vpn,二级扩展,8,1,免费加速器vpn教程,
免费加速器翻墙,VPN核心,泛需求,A,99,True,True,True,1,Google Web 联想,免费加速器,快手样本-加速器,8,1,免费加速器翻墙,
免费回国加速器,跨境与海外网络,跨境外贸,A,86,True,False,True,1,Bing 中文联想,回国加速器免费,二级扩展,8,1,免费回国加速器,
回国加速器pc,跨境与海外网络,跨境外贸,A,86,True,False,True,1,Google Web 联想,回国加速器,跨境网络,8,1,回国加速器pc,
回国加速器电脑版,跨境与海外网络,跨境外贸,A,86,True,False,True,1,Bing 中文联想,回国加速器,跨境网络,8,1,回国加速器电脑版,
外网vpn,VPN核心,泛需求,A,94,False,False,True,1,Bing 中文联想,外网,快手样本-关联表达,8,1,外网vpn,
外贸静态ip网络搭建,跨境与海外网络,跨境外贸,A,86,True,False,True,1,Bing 中文联想,外贸网络搭建,二级扩展,8,1,外贸静态ip网络搭建,
怎么配置海外网络环境,跨境与海外网络,跨境外贸,A,86,True,False,True,1,Bing 中文联想,海外网络环境,二级扩展,8,1,怎么配置海外网络环境,
校园网vpn速度,VPN核心,泛需求,A,99,True,False,True,1,Bing 中文联想,校园网vpn,快手样本-校园网,8,1,校园网vpn速度,
永久免费加速器vpn评测,VPN核心,泛需求,A,99,True,False,True,1,Bing 中文联想,永久免费加速器,快手样本-加速器,8,1,永久免费加速器vpn评测,
海外加速器vpn免费下载,跨境与海外网络,跨境外贸,A,100,True,False,True,1,Bing 中文联想,海外加速器,跨境外贸,8,1,海外加速器vpn免费下载,
海外网络是什么网络,跨境与海外网络,跨境外贸,A,86,True,False,True,1,百度联想,海外网络,跨境外贸,8,1,海外网络是什么网络,
海外网络服务,跨境与海外网络,跨境外贸,A,86,True,False,True,1,百度联想,海外网络环境,二级扩展,8,1,海外网络服务,
绿茶加速器vpn国际网络加速,VPN核心,泛需求,A,99,True,False,True,1,Bing 中文联想,国际网络加速,跨境外贸,8,1,绿茶加速器vpn国际网络加速,
虚拟专用网络vpn跨国跨境,跨境与海外网络,跨境外贸,A,100,True,False,True,1,Bing 中文联想,虚拟专用网络,VPN核心,8,1,虚拟专用网络 vpn 跨国 跨境,
sd-wan和vpn的区别,企业网络,企业办公,A,99,True,False,True,1,Bing 中文联想,sd-wan,企业办公,9,1,sd-wan和vpn的区别,
vpn加速器免费版下载,VPN核心,下载安装,A,99,True,False,True,1,Bing 中文联想,vpn加速器免费,二级扩展,9,1,vpn加速器免费版下载,
vpn加速器推荐软件,VPN核心,选型购买,A,99,True,False,True,1,Bing 中文联想,vpn加速器推荐,二级扩展,9,1,vpn加速器推荐软件,
vpn加速器翻墙,VPN核心,泛需求,A,99,True,True,True,1,Google Web 联想,vpn加速器,VPN产品,9,1,vpn加速器翻墙,
vpn手机加速器,VPN核心,下载安装,A,99,True,False,True,1,Bing 中文联想,vpn手机,VPN产品,9,1,vpn手机加速器,
为什么tiktok翻墙也不能看,跨境与海外网络,跨境外贸,A,100,True,True,True,1,Bing 中文联想,tiktok网络环境异常,快手样本-跨境平台,9,1,为什么 tiktok 翻 墙 也不能看,
什么是海外网络,跨境与海外网络,跨境外贸,A,86,True,False,True,1,百度联想,海外网络环境,二级扩展,9,1,什么是海外网络,
免费加速器vpn对比,VPN核心,泛需求,A,99,True,False,True,1,Bing 中文联想,免费加速器vpn,二级扩展,9,1,免费加速器vpn对比,
回国加速器sixfast,跨境与海外网络,跨境外贸,A,86,True,False,True,1,Bing 中文联想,回国加速器,跨境网络,9,1,回国加速器sixfast,
手把手教程用住宅ip搭建海外网络环境,跨境与海外网络,跨境外贸,A,86,True,False,True,1,Bing 中文联想,海外网络环境,二级扩展,9,1,手把手教程用住宅ip搭建海外网络环境,
校园网vpn问题,VPN核心,泛需求,A,99,True,False,True,1,Bing 中文联想,校园网vpn,快手样本-校园网,9,1,校园网vpn问题,
永久免费加速器vpn优缺点,VPN核心,泛需求,A,99,True,False,True,1,Bing 中文联想,永久免费加速器,快手样本-加速器,9,1,永久免费加速器vpn优缺点,
海外网络代理,跨境与海外网络,跨境外贸,A,86,True,False,True,1,Bing 中文联想,海外网络,跨境外贸,9,1,海外网络代理,
海外网络是什么意思,跨境与海外网络,跨境外贸,A,86,True,False,True,1,百度联想,海外网络,跨境外贸,9,1,海外网络是什么意思,
海外网速,跨境与海外网络,跨境外贸,A,81,False,False,True,1,百度联想,海外网络卡顿,快手样本-海外访问,9,1,海外网速,
火箭加速器vpn教程,VPN核心,配置排障,A,99,True,False,True,1,Bing 中文联想,火箭加速器,快手样本-加速器品牌,9,1,火箭加速器vpn教程,
科学上网加速器,VPN核心,泛需求,A,99,True,True,True,1,Bing 中文联想,科学上网,快手样本-关联表达,9,1,科学上网加速器,
buffbuff海外应用商店,跨境与海外网络,跨境外贸,A,86,True,False,True,1,百度联想,海外应用商店,快手样本-海外访问,10,1,Buffbuff海外应用商店,
sd-wan vpn,企业网络,企业办公,A,99,True,False,True,1,Google Web 联想,sd-wan,企业办公,10,1,sd-wan vpn,
vpn加速器免费一小时,VPN核心,泛需求,A,99,True,False,True,1,Bing 中文联想,vpn加速器免费,二级扩展,10,1,vpn加速器免费一小时,
vpn加速器推荐ios,VPN核心,选型购买,A,99,True,False,True,1,Bing 中文联想,vpn加速器推荐,二级扩展,10,1,vpn加速器推荐ios,
vpn加速器测评,VPN核心,泛需求,A,99,True,False,True,1,Bing 中文联想,加速器测评,快手样本-加速器,10,1,vpn加速器测评,
vpn连接后无法访问外网,VPN核心,配置排障,A,99,True,False,True,1,Bing 中文联想,vpn连接,VPN技术,10,1,vpn连接后无法访问外网,
免费加速器vpn评测,VPN核心,泛需求,A,99,True,False,True,1,Bing 中文联想,免费加速器vpn,二级扩展,10,1,免费加速器vpn评测,
国际专线vpn,跨境与海外网络,跨境外贸,A,100,False,False,True,1,Bing 中文联想,国际专线,跨境外贸,10,1,国际专线vpn,
校园网vpn安全,VPN核心,泛需求,A,99,True,False,True,1,Bing 中文联想,校园网vpn,快手样本-校园网,10,1,校园网vpn安全,
永久免费加速器vpn使用教程,VPN核心,配置排障,A,99,True,False,True,1,Bing 中文联想,永久免费加速器,快手样本-加速器,10,1,永久免费加速器vpn使用教程,
海外加速器免费下载,跨境与海外网络,跨境外贸,A,86,True,False,True,1,Bing 中文联想,海外加速器,跨境外贸,10,1,海外加速器免费下载,
海外网络加速工具,跨境与海外网络,跨境外贸,A,86,True,False,True,1,Bing 中文联想,海外网络,跨境外贸,10,1,海外网络加速工具,
火箭加速器vpn评测,VPN核心,泛需求,A,99,True,False,True,1,Bing 中文联想,火箭加速器,快手样本-加速器品牌,10,1,火箭加速器vpn评测,
随身wifi科学上网,VPN核心,泛需求,A,99,True,True,True,1,Google/YouTube 联想,随身wifi,快手样本-移动网络,10,1,随身wifi 科学上网,
vpn免费节点加速器,VPN核心,代理与IP,A,99,True,True,True,1,Bing 中文联想,vpn免费节点,二级扩展,11,1,vpn免费节点加速器,
vpn加速器免费手机版,VPN核心,下载安装,A,99,True,False,True,1,Bing 中文联想,vpn加速器免费,二级扩展,11,1,vpn加速器免费手机版,
vpn加速器推荐mac,VPN核心,选型购买,A,99,True,False,True,1,Bing 中文联想,vpn加速器推荐,二级扩展,11,1,vpn加速器推荐mac,
vpn加速器电脑版,VPN核心,下载安装,A,99,True,False,True,1,Bing 中文联想,vpn加速器,VPN产品,11,1,vpn加速器电脑版,
vpn连接外网,VPN核心,配置排障,A,99,True,False,True,1,Bing 中文联想,vpn连接,VPN技术,11,1,vpn连接外网,
免费加速器vpn优缺点,VPN核心,泛需求,A,99,True,False,True,1,Bing 中文联想,免费加速器vpn,二级扩展,11,1,免费加速器vpn优缺点,
回国加速器网页版,跨境与海外网络,跨境外贸,A,86,True,False,True,1,Bing 中文联想,回国加速器,跨境网络,11,1,回国加速器网页版,
校园网vpn免费吗,VPN核心,泛需求,A,99,True,False,True,1,Bing 中文联想,校园网vpn,快手样本-校园网,11,1,校园网vpn免费吗,
永久免费加速器vpn问题解决,VPN核心,泛需求,A,99,True,False,True,1,Bing 中文联想,永久免费加速器,快手样本-加速器,11,1,永久免费加速器vpn问题解决,
海外加速器试用,跨境与海外网络,跨境外贸,A,86,True,False,True,1,Bing 中文联想,海外加速器,跨境外贸,11,1,海外加速器试用,
vpn加速器免费试用一天,VPN核心,泛需求,A,99,True,False,True,1,Bing 中文联想,vpn加速器免费,二级扩展,12,1,vpn加速器免费试用一天,
vpn加速器推荐2021,VPN核心,选型购买,A,99,True,False,True,1,Bing 中文联想,vpn加速器推荐,二级扩展,12,1,vpn加速器推荐2021,
免费加速器vpn哪个好,VPN核心,选型购买,A,99,True,False,True,1,Bing 中文联想,免费加速器vpn,二级扩展,12,1,免费加速器vpn哪个好,
异地组网vpn,企业网络,企业办公,A,94,False,False,True,1,Bing 中文联想,异地组网,企业办公,12,1,异地组网vpn,
校园网vpn安全性,VPN核心,泛需求,A,99,True,False,True,1,Bing 中文联想,校园网vpn,快手样本-校园网,12,1,校园网vpn安全性,
海外加速器免费加速,跨境与海外网络,跨境外贸,A,86,True,False,True,1,Bing 中文联想,海外加速器,跨境外贸,12,1,海外加速器免费加速,
apn设置,关联网络需求,配置排障,B,67,True,False,True,5,Bing 中文联想、Google Web 联想、Google/YouTube 联想、快手视频样本词根、百度联想,apn设置,快手样本-移动网络,0,5,apn设置,
sd-wan,企业网络,企业办公,B,62,False,False,True,5,Bing 中文联想、Google Web 联想、Google/YouTube 联想、百度联想、项目种子词,sd-wan,企业办公,0,5,sd-wan,
住宅ip,代理与IP,代理与IP,B,62,False,False,True,5,Bing 中文联想、Google Web 联想、Google/YouTube 联想、百度联想、项目种子词,住宅ip,代理IP,0,5,住宅ip,
外网,关联网络需求,泛需求,B,62,False,False,True,5,Bing 中文联想、Google Web 联想、Google/YouTube 联想、快手视频样本词根、百度联想,外网,快手样本-关联表达,0,5,外网,
虚拟局域网,关联网络需求,泛需求,B,67,True,False,True,5,Bing 中文联想、Google Web 联想、Google/YouTube 联想、快手视频样本词根、百度联想,虚拟局域网,快手样本-网络技术,0,5,虚拟局域网,
pubg加速器,网络加速,泛需求,B,62,False,False,True,4,Bing 中文联想、Google Web 联想、Google/YouTube 联想、快手视频样本词根,pubg加速器,快手样本-游戏加速,0,4,pubg加速器,
sase,企业网络,企业办公,B,62,False,False,True,4,Bing 中文联想、Google Web 联想、Google/YouTube 联想、项目种子词,sase,企业办公,0,4,sase,
steam游戏加速器,游戏加速,游戏娱乐,B,57,True,False,True,4,Bing 中文联想、Google Web 联想、Google/YouTube 联想、快手视频样本词根,steam游戏加速器,快手样本-游戏加速,0,4,steam游戏加速器,
telegram一直连接中,关联网络需求,配置排障,B,67,True,False,True,4,Bing 中文联想、Google Web 联想、Google/YouTube 联想、快手视频样本词根,telegram一直连接中,快手样本-跨境平台,0,4,telegram一直连接中,
telegram连接不上,关联网络需求,配置排障,B,67,True,False,True,4,Bing 中文联想、Google Web 联想、Google/YouTube 联想、快手视频样本词根,telegram连接不上,快手样本-跨境平台,0,4,telegram连接不上,
上网卡,关联网络需求,泛需求,B,62,False,False,True,4,Bing 中文联想、Google Web 联想、Google/YouTube 联想、快手视频样本词根,上网卡,快手样本-移动网络,0,4,上网卡,
代理服务器,代理与IP,代理与IP,B,67,True,False,True,4,Bing 中文联想、Google Web 联想、Google/YouTube 联想、项目种子词,代理服务器,代理IP,0,4,代理服务器,
全球节点,关联网络需求,代理与IP,B,62,False,True,True,4,Bing 中文联想、Google Web 联想、Google/YouTube 联想、快手视频样本词根,全球节点,快手样本-节点,0,4,全球节点,
国际服加速器,网络加速,泛需求,B,67,True,False,True,4,Bing 中文联想、Google Web 联想、Google/YouTube 联想、快手视频样本词根,国际服加速器,快手样本-游戏加速,0,4,国际服加速器,
境外网站,关联网络需求,泛需求,B,62,False,False,True,4,Bing 中文联想、Google Web 联想、Google/YouTube 联想、快手视频样本词根,境外网站,快手样本-海外访问,0,4,境外网站,
异地组网,企业网络,企业办公,B,62,False,False,True,4,Bing 中文联想、Google Web 联想、Google/YouTube 联想、项目种子词,异地组网,企业办公,0,4,异地组网,
手机游戏加速器,游戏加速,下载安装,B,57,True,False,True,4,Bing 中文联想、Google Web 联想、Google/YouTube 联想、快手视频样本词根,奇游手游加速器、手机游戏加速器、手游加速器,快手样本-加速器品牌、快手样本-游戏加速,0,6,手机游戏加速器,
手游加速器,游戏加速,游戏娱乐,B,57,True,False,True,4,Bing 中文联想、Google Web 联想、Google/YouTube 联想、快手视频样本词根,手游加速器,快手样本-游戏加速,0,4,手游加速器,
游戏加速器,游戏加速,游戏娱乐,B,57,True,False,True,4,Bing 中文联想、Google Web 联想、Google/YouTube 联想、项目种子词,游戏加速器,游戏加速,0,4,游戏加速器,
独立ip,代理与IP,代理与IP,B,62,False,False,True,4,Bing 中文联想、Google Web 联想、Google/YouTube 联想、项目种子词,独立ip,代理IP,0,4,独立ip,
电脑游戏加速器,游戏加速,下载安装,B,57,True,False,True,4,Bing 中文联想、Google Web 联想、Google/YouTube 联想、快手视频样本词根,电脑游戏加速器,快手样本-游戏加速,0,4,电脑游戏加速器,
网络加速器,网络加速,泛需求,B,67,True,False,True,4,Bing 中文联想、Google Web 联想、Google/YouTube 联想、项目种子词,网络加速、网络加速器,二级扩展、网络加速,0,10,网络加速器,
访问外网,关联网络需求,泛需求,B,62,False,False,True,4,Bing 中文联想、Google Web 联想、Google/YouTube 联想、快手视频样本词根,访问外网,快手样本-关联表达,0,4,访问外网,
迅游加速器,网络加速,泛需求,B,67,True,False,True,4,Bing 中文联想、Google Web 联想、Google/YouTube 联想、快手视频样本词根,迅游加速器,快手样本-加速器品牌,0,4,迅游加速器,
随身wifi,关联网络需求,泛需求,B,62,False,False,True,4,Bing 中文联想、Google Web 联想、Google/YouTube 联想、快手视频样本词根,随身wifi,快手样本-移动网络,0,4,随身wifi,
雷神加速器,网络加速,泛需求,B,67,True,False,True,4,Bing 中文联想、Google Web 联想、Google/YouTube 联想、快手视频样本词根,雷神加速器,快手样本-加速器品牌,0,4,雷神加速器,
静态ip,代理与IP,代理与IP,B,62,False,False,True,4,Bing 中文联想、Google Web 联想、Google/YouTube 联想、项目种子词,静态ip,代理IP,0,4,静态ip,
代理服务器搭建,代理与IP,配置排障,B,66,True,False,True,4,Bing 中文联想、Google Web 联想、Google/YouTube 联想、百度联想,代理服务器、代理服务器搭建,二级扩展、代理IP,1,7,代理服务器搭建,
静态ip怎么设置,代理与IP,配置排障,B,66,True,False,True,4,Bing 中文联想、Google Web 联想、Google/YouTube 联想、百度联想,静态ip、静态ip怎么设置,二级扩展、代理IP,1,6,静态ip怎么设置,
tiktok网络错误,跨境与海外网络,跨境外贸,B,65,False,False,True,4,Bing 中文联想、Google Web 联想、Google/YouTube 联想、百度联想,tiktok网络、tiktok网络环境异常,快手样本-跨境平台、跨境平台,5,4,tiktok 网络错误、tiktok网络错误,
加速器排行榜,网络加速,泛需求,B,62,True,False,True,3,Bing 中文联想、Google Web 联想、快手视频样本词根,加速器排行榜,快手样本-加速器,0,3,加速器排行榜,
加速器测评,网络加速,泛需求,B,62,True,False,True,3,Bing 中文联想、Google Web 联想、快手视频样本词根,加速器测评,快手样本-加速器,0,3,加速器测评,
奇游手游加速器,游戏加速,游戏娱乐,B,55,True,False,True,3,Bing 中文联想、Google Web 联想、快手视频样本词根,奇游手游加速器,快手样本-加速器品牌,0,3,奇游手游加速器,
校园网卡顿,关联网络需求,泛需求,B,62,True,False,True,3,Bing 中文联想、快手视频样本词根、百度联想,校园网卡顿,快手样本-校园网,0,3,校园网卡顿,
海外专线,跨境与海外网络,跨境外贸,B,65,False,False,True,3,Google Web 联想、Google/YouTube 联想、项目种子词,海外专线,跨境外贸,0,3,海外专线,
游戏加速器下载,游戏加速,下载安装,B,55,True,False,True,3,Bing 中文联想、Google Web 联想、快手视频样本词根,游戏加速器、游戏加速器下载,快手样本-加速器、游戏加速,0,4,游戏加速器下载,
网络加速,网络加速,泛需求,B,57,False,False,True,3,Google Web 联想、Google/YouTube 联想、项目种子词,国际网络加速、网络加速,网络加速、跨境外贸,0,4,网络加速,
锁国区,关联网络需求,泛需求,B,57,False,False,True,3,Bing 中文联想、Google Web 联想、快手视频样本词根,锁国区,快手样本-海外访问,0,3,锁国区,
tiktok无网络连接怎么办,跨境与海外网络,跨境外贸,B,69,True,False,True,3,Google Web 联想、Google/YouTube 联想、百度联想,tiktok无网络连接、tiktok无网络连接怎么办、tiktok网络连接不稳定,二级扩展、快手样本-跨境平台,1,6,tiktok无网络连接怎么办,
tiktok无网络连接怎么办安卓,跨境与海外网络,跨境外贸,B,69,True,False,True,3,Bing 中文联想、Google Web 联想、百度联想,tiktok无网络连接、tiktok无网络连接怎么办,二级扩展、快手样本-跨境平台,1,5,tiktok 无 网络 连接 怎么 办 安卓、tiktok无网络连接怎么办安卓,
tiktok网络不稳定怎么解决,跨境与海外网络,跨境外贸,B,69,True,False,True,3,Bing 中文联想、Google Web 联想、百度联想,tiktok网络、tiktok网络不稳定,二级扩展、跨境平台,1,5,tiktok 网络 不 稳定 怎么 解决、tiktok网络不稳定怎么解决,
tiktok网络搭建,跨境与海外网络,跨境外贸,B,64,False,False,True,3,Bing 中文联想、Google Web 联想、Google/YouTube 联想,tiktok网络、tiktok网络搭建,二级扩展、跨境平台,1,6,tiktok网络搭建,
代理服务器软件,代理与IP,下载安装,B,61,True,False,True,3,Bing 中文联想、Google Web 联想、百度联想,代理服务器、代理服务器软件,二级扩展、代理IP,1,6,代理服务器软件,
手游加速器推荐,游戏加速,选型购买,B,55,True,False,True,3,Bing 中文联想、Google Web 联想、Google/YouTube 联想,手游加速器、手游加速器推荐,二级扩展、快手样本-游戏加速,1,6,手游加速器推荐,
海外iphone,跨境与海外网络,跨境外贸,B,64,False,False,True,3,Bing 中文联想、Google/YouTube 联想、百度联想,海外ip、海外iphone,二级扩展、代理IP,1,5,海外iphone,
跨境网络搭建,跨境与海外网络,跨境外贸,B,69,True,False,True,3,Bing 中文联想、Google Web 联想、Google/YouTube 联想,跨境网络、跨境网络搭建,二级扩展、跨境外贸,1,6,跨境网络搭建,
跨境网络服务商,跨境与海外网络,跨境外贸,B,69,True,False,True,3,Bing 中文联想、Google Web 联想、百度联想,跨境网络、跨境网络服务商,二级扩展、跨境外贸,1,5,跨境网络服务商,
tiktok无网络连接安卓,跨境与海外网络,跨境外贸,B,68,True,False,True,3,Bing 中文联想、Google Web 联想、Google/YouTube 联想,tiktok无网络连接,快手样本-跨境平台,2,3,tiktok 无 网络 连接 安卓、tiktok无网络连接安卓,
tiktok无网络连接怎么解决,跨境与海外网络,跨境外贸,B,68,True,False,True,3,Bing 中文联想、Google/YouTube 联想、百度联想,tiktok无网络连接、tiktok无网络连接怎么办、tiktok网络连接不稳定,二级扩展、快手样本-跨境平台,2,5,tiktok无网络连接怎么解决,
tiktok网络连接不稳定怎么解决,跨境与海外网络,跨境外贸,B,68,True,False,True,3,Bing 中文联想、Google Web 联想、百度联想,tiktok网络、tiktok网络连接不稳定,二级扩展、跨境平台,2,5,tiktok网络连接不稳定怎么解决,
住宅ip购买,代理与IP,选型购买,B,60,True,False,True,3,Bing 中文联想、Google Web 联想、Google/YouTube 联想,住宅ip,代理IP,2,3,住宅ip购买,
异地组网方案,企业网络,企业办公,B,60,True,False,True,3,Bing 中文联想、Google Web 联想、Google/YouTube 联想,异地组网,企业办公,2,3,异地组网方案,
异地组网软件,企业网络,企业办公,B,60,True,False,True,3,Bing 中文联想、Google Web 联想、百度联想,异地组网,企业办公,2,3,异地组网软件,
海外iphone設定,跨境与海外网络,跨境外贸,B,68,True,False,True,3,Bing 中文联想、Google Web 联想、Google/YouTube 联想,海外ip、海外iphone,二级扩展、代理IP,2,4,海外 iphone 設定、海外iphone 設定、海外iphone設定,
游戏加速器免费,游戏加速,游戏娱乐,B,55,True,False,True,3,Bing 中文联想、Google Web 联想、Google/YouTube 联想,游戏加速器、迅游加速器,快手样本-加速器品牌、游戏加速,2,4,游戏加速器免費、游戏加速器免费,
独立ip购买,代理与IP,选型购买,B,60,True,False,True,3,Bing 中文联想、Google Web 联想、Google/YouTube 联想,独立ip,代理IP,2,3,独立ip购买,
跨境专线网络,跨境与海外网络,跨境外贸,B,68,True,False,True,3,Bing 中文联想、Google Web 联想、百度联想,跨境专线,跨境外贸,2,3,跨境专线网络,
跨境网络专线,跨境与海外网络,跨境外贸,B,68,True,False,True,3,Bing 中文联想、Google Web 联想、Google/YouTube 联想,跨境网络,跨境外贸,2,3,跨境网络专线,
迅游加速器口令,网络加速,泛需求,B,60,True,False,True,3,Bing 中文联想、Google Web 联想、Google/YouTube 联想,迅游加速器,快手样本-加速器品牌,2,3,迅游加速器口令,
静态ip购买,代理与IP,选型购买,B,60,True,False,True,3,Bing 中文联想、Google Web 联想、Google/YouTube 联想,静态ip,代理IP,2,3,静态ip购买,
tiktok无网络连接ios,跨境与海外网络,跨境外贸,B,67,True,False,True,3,Bing 中文联想、Google Web 联想、Google/YouTube 联想,tiktok无网络连接,快手样本-跨境平台,3,3,tiktok 无 网络 连接 ios、tiktok无网络连接ios,
tiktok网络不稳定怎么办,跨境与海外网络,跨境外贸,B,67,True,False,True,3,Bing 中文联想、Google Web 联想、百度联想,tiktok网络、tiktok网络不稳定,二级扩展、跨境平台,3,3,tiktok网络不稳定怎么办,
代理服务器拒绝连接,代理与IP,配置排障,B,59,True,False,True,3,Bing 中文联想、Google Web 联想、百度联想,代理服务器,代理IP,3,3,代理服务器拒绝连接,
虚拟局域网工具,关联网络需求,泛需求,B,59,True,False,True,3,Bing 中文联想、Google Web 联想、百度联想,虚拟局域网,快手样本-网络技术,3,3,虚拟局域网工具,
虚拟局域网联机,关联网络需求,泛需求,B,59,True,False,True,3,Bing 中文联想、Google Web 联想、百度联想,虚拟局域网,快手样本-网络技术,3,3,虚拟局域网联机,
随身wifi推荐,关联网络需求,选型购买,B,59,True,False,True,3,Bing 中文联想、Google Web 联想、Google/YouTube 联想,随身wifi,快手样本-移动网络,3,3,随身wifi推荐,
代理服务器可能有问题,代理与IP,代理与IP,B,58,True,False,True,3,Bing 中文联想、Google Web 联想、百度联想,代理服务器,代理IP,4,3,代理服务器可能有问题,
住宅ip推荐,代理与IP,选型购买,B,58,True,False,True,3,Bing 中文联想、Google Web 联想、Google/YouTube 联想,住宅ip,代理IP,4,3,住宅ip推荐,
住宅ip机场,代理与IP,代理与IP,B,58,True,True,True,3,Bing 中文联想、Google Web 联想、Google/YouTube 联想,住宅ip,代理IP,4,3,住宅ip机场,
随身wifi刷机,关联网络需求,泛需求,B,58,True,False,True,3,Bing 中文联想、Google Web 联想、Google/YouTube 联想,随身wifi,快手样本-移动网络,4,3,随身wifi刷机,
tiktok无网络连接点击重试,跨境与海外网络,跨境外贸,B,65,True,False,True,3,Bing 中文联想、Google Web 联想、Google/YouTube 联想,tiktok无网络连接,快手样本-跨境平台,5,3,tiktok无网络连接 点击重试,
独立ip机场,代理与IP,代理与IP,B,57,True,True,True,3,Bing 中文联想、Google Web 联想、Google/YouTube 联想,独立ip,代理IP,5,3,独立ip机场,
住宅ip vps,代理与IP,代理与IP,B,55,True,False,True,3,Bing 中文联想、Google Web 联想、Google/YouTube 联想,住宅ip,代理IP,7,3,住宅ip vps,
apex英雄加速器,网络加速,泛需求,B,57,True,False,True,2,Bing 中文联想、快手视频样本词根,apex英雄加速器,快手样本-游戏加速,0,2,apex英雄加速器,
shadowrocket连接不上,关联网络需求,配置排障,B,57,True,False,True,2,Bing 中文联想、快手视频样本词根,shadowrocket连接不上,快手样本-跨境平台,0,2,shadowrocket连接不上,
tt加速器,网络加速,泛需求,B,55,False,False,True,2,Bing 中文联想、快手视频样本词根,tt加速器,快手样本-加速器品牌,0,2,tt加速器,
三角洲日服加速器,网络加速,泛需求,B,57,True,False,True,2,Bing 中文联想、快手视频样本词根,三角洲日服加速器,快手样本-游戏加速,0,2,三角洲日服加速器,
主机游戏加速器,游戏加速,游戏娱乐,B,55,True,False,True,2,Bing 中文联想、快手视频样本词根,主机游戏加速器,快手样本-游戏加速,0,2,主机游戏加速器,
免费加速器,网络加速,泛需求,B,57,True,False,True,2,Bing 中文联想、快手视频样本词根,免费加速器,快手样本-加速器,0,2,免费加速器,
加速器免费时长,网络加速,泛需求,B,57,True,False,True,2,Bing 中文联想、快手视频样本词根,加速器免费时长,快手样本-加速器,0,2,加速器免费时长,
加速器卡顿,网络加速,泛需求,B,57,True,False,True,2,Bing 中文联想、快手视频样本词根,加速器卡顿,快手样本-加速器,0,2,加速器卡顿,
加速器延迟高,网络加速,泛需求,B,57,True,False,True,2,Bing 中文联想、快手视频样本词根,加速器延迟高,快手样本-加速器,0,2,加速器延迟高,
和平精英加速器,网络加速,泛需求,B,57,True,False,True,2,Bing 中文联想、快手视频样本词根,和平精英加速器,快手样本-游戏加速,0,2,和平精英加速器,
国际网络加速,网络加速,泛需求,B,57,True,False,True,2,Bing 中文联想、项目种子词,国际网络加速,跨境外贸,0,2,国际网络加速,
地铁逃生加速器,网络加速,泛需求,B,57,True,False,True,2,Bing 中文联想、快手视频样本词根,地铁逃生加速器,快手样本-游戏加速,0,2,地铁逃生加速器,
对峙2加速器,网络加速,泛需求,B,57,True,False,True,2,Bing 中文联想、快手视频样本词根,对峙2加速器,快手样本-游戏加速,0,2,对峙2加速器,
永久免费加速器,网络加速,泛需求,B,57,True,False,True,2,Bing 中文联想、快手视频样本词根,永久免费加速器,快手样本-加速器,0,2,永久免费加速器,
海外直播网络,跨境与海外网络,跨境外贸,B,65,True,False,True,2,Bing 中文联想、项目种子词,海外直播网络,跨境直播,0,2,海外直播网络,
游戏加速器推荐,游戏加速,选型购买,B,55,True,False,True,2,Bing 中文联想、快手视频样本词根,游戏加速器、游戏加速器推荐,快手样本-加速器、游戏加速,0,3,游戏加速器推荐,
火箭加速器,网络加速,泛需求,B,57,True,False,True,2,Bing 中文联想、快手视频样本词根,火箭加速器,快手样本-加速器品牌,0,2,火箭加速器,
球球大作战加速器,网络加速,泛需求,B,57,True,False,True,2,Bing 中文联想、快手视频样本词根,球球大作战加速器,快手样本-游戏加速,0,2,球球大作战加速器,
网络延迟卡顿,关联网络需求,泛需求,B,57,True,False,True,2,Bing 中文联想、快手视频样本词根,网络延迟卡顿,快手样本-网络排障,0,2,网络延迟卡顿,
联机游戏加速器,游戏加速,游戏娱乐,B,55,True,False,True,2,Bing 中文联想、快手视频样本词根,联机游戏加速器,快手样本-游戏加速,0,2,联机游戏加速器,
荒野乱斗国际服加速器,网络加速,泛需求,B,57,True,False,True,2,Bing 中文联想、快手视频样本词根,荒野乱斗国际服加速器,快手样本-游戏加速,0,2,荒野乱斗国际服加速器,
跨境直播网络,跨境与海外网络,跨境外贸,B,65,True,False,True,2,Google/YouTube 联想、项目种子词,跨境直播网络,跨境直播,0,2,跨境直播网络,
tiktok网络无法连接怎么办,跨境与海外网络,跨境外贸,B,64,True,False,True,2,Bing 中文联想、百度联想,tiktok网络搭建、tiktok网络无法连接,二级扩展,1,3,tiktok网络无法连接怎么办、tiktok网络无法连接怎么办?,
上网卡纯流量卡,关联网络需求,泛需求,B,56,True,False,True,2,Bing 中文联想、百度联想,上网卡,快手样本-移动网络,1,2,上网卡纯流量卡,
亚马逊网络服务,跨境与海外网络,跨境外贸,B,64,True,False,True,2,Bing 中文联想、百度联想,亚马逊网络,跨境平台,1,2,亚马逊网络服务,
亚马逊网络服务公司,跨境与海外网络,企业办公,B,64,True,False,True,2,Bing 中文联想、Google Web 联想,亚马逊网络,跨境平台,1,2,亚马逊网络服务公司,
代理服务器推荐,代理与IP,选型购买,B,56,True,False,True,2,Google Web 联想、Google/YouTube 联想,代理服务器、代理服务器软件,二级扩展、代理IP,1,3,代理服务器推荐,
国际专线网络,跨境与海外网络,跨境外贸,B,64,True,False,True,2,Bing 中文联想、百度联想,国际专线,跨境外贸,1,2,国际专线网络,
异地组网是什么意思,企业网络,企业办公,B,56,True,False,True,2,Bing 中文联想、百度联想,异地组网,企业办公,1,2,异地组网是什么意思,
海外iphone esim,跨境与海外网络,跨境外贸,B,64,True,False,True,2,Bing 中文联想、Google Web 联想,海外iphone,二级扩展,1,2,海外 iphone esim、海外iphone esim,
海外专线电视剧,跨境与海外网络,跨境外贸,B,64,True,False,True,2,Bing 中文联想、百度联想,海外专线,跨境外贸,1,2,海外专线电视剧,
海外直播网络专线,跨境与海外网络,跨境外贸,B,64,True,False,True,2,Bing 中文联想、百度联想,海外直播网络,跨境直播,1,2,海外直播网络专线,
游戏加速器推荐手机,游戏加速,选型购买,B,55,True,False,True,2,Google Web 联想、Google/YouTube 联想,游戏加速器、游戏加速器推荐,快手样本-加速器、游戏加速,1,4,游戏加速器推荐手机,
火箭加速器官网,网络加速,泛需求,B,56,True,False,True,2,Bing 中文联想、Google Web 联想,火箭加速器,快手样本-加速器品牌,1,2,火箭加速器官网,
独立ip是什么意思,代理与IP,科普原理,B,56,True,False,True,2,Bing 中文联想、百度联想,独立ip,代理IP,1,2,独立ip是什么意思,
跨境网络搭建教程,跨境与海外网络,跨境外贸,B,64,True,False,True,2,Bing 中文联想、百度联想,跨境网络、跨境网络搭建,二级扩展、跨境外贸,1,4,跨境网络搭建教程,
防关联浏览器,代理与IP,代理与IP,B,56,True,False,True,2,Bing 中文联想、Google Web 联想,防关联,跨境店群,1,2,防关联浏览器,
pubg加速器免费,网络加速,泛需求,B,55,True,False,True,2,Bing 中文联想、Google/YouTube 联想,pubg加速器,快手样本-游戏加速,2,2,pubg加速器免费,
pubg加速器推荐,网络加速,选型购买,B,55,True,False,True,2,Bing 中文联想、Google Web 联想,pubg加速器,快手样本-游戏加速,2,2,pubg 加速器 推荐、pubg加速器推荐,
sase下载,企业网络,企业办公,B,55,True,False,True,2,Bing 中文联想、Google Web 联想,sase,企业办公,2,2,sase 下载、sase下载,
sd-wan搭建,企业网络,企业办公,B,55,True,False,True,2,Google Web 联想、Google/YouTube 联想,sd-wan,企业办公,2,2,sd-wan搭建,
sd-wan是什么,企业网络,企业办公,B,55,True,False,True,2,Google Web 联想、百度联想,sd-wan,企业办公,2,2,sd-wan是什么,
sd-wan组网,企业网络,企业办公,B,55,True,False,True,2,Bing 中文联想、Google Web 联想,sd-wan,企业办公,2,2,sd-wan组网,
telegram连接不上代理,代理与IP,配置排障,B,55,True,False,True,2,Bing 中文联想、Google Web 联想,telegram连接不上,快手样本-跨境平台,2,2,telegram连接不上代理,
tiktok网络搭建教程,跨境与海外网络,跨境外贸,B,63,True,False,True,2,Google/YouTube 联想、百度联想,tiktok网络、tiktok网络搭建,二级扩展、跨境平台,2,3,TikTok网络搭建教程、tiktok网络搭建教程,
代理服务器搭建教程,代理与IP,配置排障,B,55,True,False,True,2,Bing 中文联想、百度联想,代理服务器搭建,二级扩展,2,2,代理服务器搭建教程,
代理服务器设置,代理与IP,配置排障,B,55,True,False,True,2,Bing 中文联想、Google Web 联想,代理服务器,代理IP,2,2,代理服务器设置,
代理服务器软件下载,代理与IP,下载安装,B,55,True,False,True,2,Bing 中文联想、百度联想,代理服务器软件,二级扩展,2,2,代理服务器软件下载,
住宅ip检测,代理与IP,代理与IP,B,55,True,False,True,2,Bing 中文联想、Google Web 联想,住宅ip,代理IP,2,2,住宅ip检测,
免费加速器游戏,游戏加速,游戏娱乐,B,55,True,False,True,2,Google Web 联想、Google/YouTube 联想,免费加速器,快手样本-加速器,2,2,免费加速器游戏,
内网穿透是什么意思,企业网络,企业办公,B,55,True,False,True,2,Bing 中文联想、百度联想,内网穿透,企业办公,2,2,内网穿透是什么意思,
国际专线价格,跨境与海外网络,跨境外贸,B,63,True,False,True,2,Bing 中文联想、Google Web 联想,国际专线,跨境外贸,2,2,国际专线价格,
国际专线物流,跨境与海外网络,跨境外贸,B,63,True,False,True,2,Bing 中文联想、百度联想,国际专线,跨境外贸,2,2,国际专线物流,
境外网站导航,关联网络需求,泛需求,B,55,True,False,True,2,Bing 中文联想、Google Web 联想,境外网站,快手样本-海外访问,2,2,境外网站导航,
外贸网络搭建教程,跨境与海外网络,跨境外贸,B,63,True,False,True,2,Bing 中文联想、百度联想,外贸网络、外贸网络搭建,二级扩展、跨境外贸,2,4,外贸网络搭建教程,
手机游戏加速器免费,游戏加速,下载安装,B,55,True,False,True,2,Bing 中文联想、Google Web 联想,手机游戏加速器,快手样本-游戏加速,2,2,手机游戏加速器免费,
手游加速器免费,游戏加速,游戏娱乐,B,55,True,False,True,2,Bing 中文联想、Google Web 联想,手游加速器,快手样本-游戏加速,2,2,手游加速器免费,
校园网卡顿解决方法,关联网络需求,泛需求,B,55,True,False,True,2,Bing 中文联想、百度联想,校园网卡顿,快手样本-校园网,2,2,校园网卡顿解决方法,
海外专线ip,跨境与海外网络,跨境外贸,B,58,False,False,True,2,Bing 中文联想、百度联想,海外专线,跨境外贸,2,2,海外专线IP、海外专线ip,
海外专线服务器,跨境与海外网络,跨境外贸,B,63,True,False,True,2,Bing 中文联想、百度联想,海外专线,跨境外贸,2,2,海外专线服务器,
网络加速器下载,网络加速,下载安装,B,55,True,False,True,2,Bing 中文联想、Google Web 联想,网络加速、网络加速器,二级扩展、网络加速,2,6,网络加速器下载,
虚拟局域网软件,关联网络需求,下载安装,B,55,True,False,True,2,Bing 中文联想、Google Web 联想,虚拟局域网,快手样本-网络技术,2,2,虚拟局域网软件,
跨境专线价格,跨境与海外网络,跨境外贸,B,63,True,False,True,2,Bing 中文联想、Google Web 联想,跨境专线,跨境外贸,2,2,跨境专线价格,
跨境电商网络专线,跨境与海外网络,跨境外贸,B,63,True,False,True,2,Bing 中文联想、百度联想,跨境电商网络,跨境外贸,2,2,跨境电商网络专线,
跨境电商网络搭建教程,跨境与海外网络,跨境外贸,B,63,True,False,True,2,Bing 中文联想、百度联想,跨境电商网络、跨境电商网络环境搭建、跨境网络搭建,二级扩展、快手样本-跨境电商、跨境外贸,2,5,跨境电商网络搭建教程,
随身wifi破解,关联网络需求,泛需求,B,55,True,True,True,2,Google Web 联想、Google/YouTube 联想,随身wifi,快手样本-移动网络,2,2,随身wifi破解,
雷神加速器口令,网络加速,泛需求,B,55,True,False,True,2,Bing 中文联想、Google Web 联想,雷神加速器,快手样本-加速器品牌,2,2,雷神加速器口令,
静态ip怎么设置路由器,代理与IP,配置排障,B,55,True,False,True,2,Bing 中文联想、百度联想,静态ip怎么设置,二级扩展,2,2,静态ip怎么设置路由器,
tiktok无法连接网络怎么解决,跨境与海外网络,跨境外贸,B,62,True,False,True,2,Bing 中文联想、百度联想,tiktok网络无法连接,二级扩展,3,2,tiktok无法连接网络怎么解决,
tiktok显示无网络连接怎么办,跨境与海外网络,跨境外贸,B,62,True,False,True,2,Bing 中文联想、百度联想,tiktok无网络连接、tiktok无网络连接怎么办,二级扩展、快手样本-跨境平台,3,3,TikTok显示无网络连接怎么办、tiktok显示无网络连接怎么办,
tiktok网络连接不稳定无法注册,跨境与海外网络,跨境外贸,B,62,True,False,True,2,Bing 中文联想、百度联想,tiktok网络、tiktok网络无法连接、tiktok网络连接不稳定,二级扩展、跨境平台,3,4,tiktok网络连接不稳定无法注册,
tiktok网络连接不稳定苹果手机,跨境与海外网络,跨境外贸,B,62,True,False,True,2,Bing 中文联想、百度联想,tiktok网络连接不稳定,二级扩展,3,2,tiktok网络连接不稳定苹果手机,
亚马逊网络星期一,跨境与海外网络,跨境外贸,B,62,True,False,True,2,Bing 中文联想、百度联想,亚马逊网络,跨境平台,3,2,亚马逊网络星期一,
国际专线iplc access,跨境与海外网络,跨境外贸,B,62,True,False,True,2,Bing 中文联想、Google Web 联想,国际专线,跨境外贸,3,2,国际专线 iplc access,
外贸网络怎么搭建,跨境与海外网络,跨境外贸,B,62,True,False,True,2,Bing 中文联想、百度联想,外贸网络、外贸网络搭建,二级扩展、跨境外贸,3,3,外贸网络怎么搭建,
迅游加速器兑换码,网络加速,泛需求,B,55,True,False,True,2,Bing 中文联想、Google Web 联想,迅游加速器,快手样本-加速器品牌,3,2,迅游加速器兑换码,
openvpn download,VPN协议与技术,泛需求,B,69,False,False,True,2,Bing 中文联想、Google Web 联想,openvpn,VPN协议,4,2,openvpn download,
openvpn gui,VPN协议与技术,泛需求,B,69,False,False,True,2,Bing 中文联想、Google Web 联想,openvpn,VPN协议,4,2,openvpn gui,
tiktok网络连接不稳定登录不上,跨境与海外网络,跨境外贸,B,61,True,False,True,2,Bing 中文联想、百度联想,tiktok网络、tiktok网络连接不稳定,二级扩展、跨境平台,4,3,tiktok网络连接不稳定登录不上,
vpn安卓手机,VPN核心,下载安装,B,69,False,False,True,2,Bing 中文联想、Google/YouTube 联想,vpn安卓,VPN产品,4,2,vpn安卓手机,
vpn苹果版,VPN核心,下载安装,B,69,False,False,True,2,Bing 中文联想、Google Web 联想,vpn苹果,VPN产品,4,2,vpn苹果版,
亚马逊网络书店排行榜,跨境与海外网络,跨境外贸,B,61,True,False,True,2,Bing 中文联想、百度联想,亚马逊网络,跨境平台,4,2,亚马逊网络书店排行榜,
国际专线宽带,跨境与海外网络,跨境外贸,B,61,True,False,True,2,Bing 中文联想、百度联想,国际专线,跨境外贸,4,2,国际专线宽带,
海外专线价格,跨境与海外网络,跨境外贸,B,61,True,False,True,2,Bing 中文联想、百度联想,海外专线,跨境外贸,4,2,海外专线价格,
海外软件下载中心,跨境与海外网络,跨境外贸,B,61,True,False,True,2,Bing 中文联想、百度联想,海外软件下载,快手样本-海外访问,4,2,海外软件下载中心,
翻墙后,VPN核心,泛需求,B,69,False,True,True,2,Google Web 联想、Google/YouTube 联想,翻墙,快手样本-关联表达,4,2,翻墙后,
游戏加速器台湾,游戏加速,游戏娱乐,B,55,True,False,True,2,Google Web 联想、Google/YouTube 联想,游戏加速器,游戏加速,5,2,游戏加速器台湾,
科学上网vpn,VPN核心,泛需求,B,68,False,True,True,2,Bing 中文联想、Google Web 联想,科学上网,快手样本-关联表达,5,2,科学上网vpn,
跨境电商网络营销模式,跨境与海外网络,跨境外贸,B,60,True,False,True,2,Bing 中文联想、百度联想,跨境电商网络,跨境外贸,5,2,跨境电商网络营销模式,
迅游加速器价格,网络加速,选型购买,B,55,True,False,True,2,Bing 中文联想、Google Web 联想,迅游加速器,快手样本-加速器品牌,5,2,迅游加速器价格,
vpn安卓版,VPN核心,下载安装,B,67,False,False,True,2,Bing 中文联想、Google Web 联想,vpn安卓,VPN产品,6,2,vpn安卓版,
vpn手机软件,VPN核心,下载安装,B,67,False,False,True,2,Bing 中文联想、Google Web 联想,vpn手机,VPN产品,6,2,vpn手机软件,
vpn电脑软件,VPN核心,下载安装,B,67,False,False,True,2,Bing 中文联想、Google/YouTube 联想,vpn电脑,VPN产品,6,2,vpn电脑软件,
vpn节点测试,VPN核心,代理与IP,B,67,False,True,True,2,Bing 中文联想、Google Web 联想,vpn节点,VPN技术,6,2,vpn节点测试,
wireguard mac,VPN协议与技术,泛需求,B,67,False,False,True,2,Bing 中文联想、Google Web 联想,wireguard,VPN协议,6,2,wireguard mac,
wireguard windows,VPN协议与技术,泛需求,B,67,False,False,True,2,Bing 中文联想、Google Web 联想,wireguard,VPN协议,6,2,wireguard windows,
如何搭建外贸网络,跨境与海外网络,跨境外贸,B,59,True,False,True,2,Bing 中文联想、百度联想,外贸网络、外贸网络搭建,二级扩展、跨境外贸,6,2,如何搭建外贸网络,
翻墙app,VPN核心,下载安装,B,67,False,True,True,2,Google Web 联想、Google/YouTube 联想,翻墙,快手样本-关联表达,6,2,翻墙app,
迅游加速器国际版,网络加速,泛需求,B,55,True,False,True,2,Bing 中文联想、Google Web 联想,迅游加速器,快手样本-加速器品牌,6,2,迅游加速器国际版,
openvpn client,VPN协议与技术,泛需求,B,66,False,False,True,2,Bing 中文联想、Google Web 联想,openvpn,VPN协议,7,2,openvpn client,
为什么tiktok无网络连接,跨境与海外网络,跨境外贸,B,58,True,False,True,2,Bing 中文联想、百度联想,tiktok无网络连接,快手样本-跨境平台,7,2,为什么tiktok无网络连接,
迅游加速器下载,网络加速,下载安装,B,55,True,False,True,2,Bing 中文联想、Google Web 联想,迅游加速器,快手样本-加速器品牌,7,2,迅游加速器下载,
wireguard github,VPN协议与技术,泛需求,B,65,False,False,True,2,Bing 中文联想、Google Web 联想,wireguard,VPN协议,9,2,wireguard github,
跨境网络怎么搭建,跨境与海外网络,跨境外贸,B,57,True,False,True,2,Bing 中文联想、百度联想,跨境网络、跨境网络搭建,二级扩展、跨境外贸,9,2,跨境网络怎么搭建,
ios加速器测评,网络加速,泛需求,B,55,True,False,True,1,快手视频样本词根,ios加速器测评,快手样本-加速器,0,1,ios加速器测评,
tiktok网络环境异常,跨境与海外网络,跨境外贸,B,60,True,False,True,1,快手视频样本词根,tiktok网络环境异常,快手样本-跨境平台,0,1,tiktok网络环境异常,
加速器直装,网络加速,泛需求,B,55,True,False,True,1,快手视频样本词根,加速器直装,快手样本-加速器,0,1,加速器直装,
氧化物生存岛加速器,网络加速,泛需求,B,55,True,False,True,1,快手视频样本词根,氧化物生存岛加速器,快手样本-游戏加速,0,1,氧化物生存岛加速器,
apex英雄加速器优惠,网络加速,泛需求,B,55,True,False,True,1,Bing 中文联想,apex英雄加速器,快手样本-游戏加速,1,1,apex英雄加速器优惠,
ios 16.5.1加速器,网络加速,泛需求,B,55,True,False,True,1,Bing 中文联想,ios加速器测评,快手样本-加速器,1,1,ios 16.5.1 加速器,
tiktok no internet connection怎么解决,跨境与海外网络,跨境外贸,B,59,True,False,True,1,Bing 中文联想,tiktok无网络连接怎么办、tiktok网络环境异常,二级扩展、快手样本-跨境平台,1,2,tiktok no internet connection怎么解决,
tiktok搭建网络环境,跨境与海外网络,跨境外贸,B,59,True,False,True,1,Google/YouTube 联想,tiktok网络环境异常、跨境电商网络环境,快手样本-跨境平台、快手样本-跨境电商,1,2,tiktok 搭建 网络环境,
tiktok无网络连接的解决方法,跨境与海外网络,跨境外贸,B,59,True,False,True,1,百度联想,tiktok无网络连接、tiktok无网络连接怎么办,二级扩展、快手样本-跨境平台,1,2,tiktok无网络连接的解决方法,
tiktok网络异常处理方法,跨境与海外网络,跨境外贸,B,59,True,False,True,1,百度联想,tiktok网络环境异常,快手样本-跨境平台,1,1,tiktok网络异常处理方法,
tiktok网络搭建需要下载什么软件,跨境与海外网络,跨境外贸,B,59,True,False,True,1,百度联想,tiktok网络搭建,二级扩展,1,1,tiktok网络搭建需要下载什么软件,
vpn不能用,VPN核心,泛需求,B,67,False,False,True,1,Google/YouTube 联想,vpn修改,快手样本-VPN设置,1,1,vpn不能用,
vpn不限速,VPN核心,泛需求,B,67,False,False,True,1,Google/YouTube 联想,三角洲日服加速器,快手样本-游戏加速,1,1,vpn不限速,
vpn修改定位,VPN核心,泛需求,B,67,False,False,True,1,Google Web 联想,vpn修改,快手样本-VPN设置,1,1,vpn修改定位,
vpn和代理,代理与IP,代理与IP,B,67,False,False,True,1,Google/YouTube 联想,vpn和翻墙的区别,快手样本-VPN科普,1,1,vpn和代理,
vpn被抓,VPN核心,泛需求,B,67,False,False,True,1,Google/YouTube 联想,vpn行政处罚,快手样本-VPN法律,1,1,vpn被抓,
vpn风险,VPN核心,泛需求,B,67,False,False,True,1,Google/YouTube 联想,vpn法律风险,快手样本-VPN法律,1,1,vpn风险,
亚马逊教程,跨境与海外网络,跨境外贸,B,59,True,False,True,1,Google/YouTube 联想,亚马逊网络,跨境平台,1,1,亚马逊 教程,
亚马逊网络书店,跨境与海外网络,跨境外贸,B,59,True,False,True,1,百度联想,亚马逊网络,跨境平台,1,1,亚马逊网络书店,
加速器延迟高怎么办,网络加速,配置排障,B,55,True,False,True,1,Bing 中文联想,加速器延迟高,快手样本-加速器,1,1,加速器延迟高怎么办,
国际网络加速器,网络加速,泛需求,B,55,True,False,True,1,Bing 中文联想,国际网络加速,跨境外贸,1,1,国际网络加速器,
外贸网络搭建步骤图解,跨境与海外网络,跨境外贸,B,59,True,False,True,1,百度联想,外贸网络、外贸网络搭建,二级扩展、跨境外贸,1,2,外贸网络搭建步骤图解,
天天加速器,网络加速,泛需求,B,55,True,False,True,1,Google Web 联想,tt加速器,快手样本-加速器品牌,1,1,天天加速器,
海外iphoneid购买,跨境与海外网络,跨境外贸,B,59,True,False,True,1,百度联想,海外iphone,二级扩展,1,1,海外iphoneid购买,
海外专线宽带,跨境与海外网络,跨境外贸,B,59,True,False,True,1,百度联想,海外专线,跨境外贸,1,1,海外专线宽带,
海外节点搭建,跨境与海外网络,跨境外贸,B,59,True,True,True,1,Google/YouTube 联想,海外网络环境,二级扩展,1,1,海外节点搭建,
海外软件下载平台,跨境与海外网络,跨境外贸,B,59,True,False,True,1,Bing 中文联想,海外软件下载,快手样本-海外访问,1,1,海外软件下载平台,
游戏加速器推荐dcard,游戏加速,选型购买,B,55,True,False,True,1,Google Web 联想,游戏加速器、游戏加速器推荐,快手样本-加速器、游戏加速,1,2,游戏加速器推荐dcard,
球球大作战加速器直装免费,网络加速,泛需求,B,55,True,False,True,1,Bing 中文联想,加速器直装,快手样本-加速器,1,1,球球大作战加速器直装免费,
翻墙梯子,VPN核心,泛需求,B,67,False,True,True,1,Bing 中文联想,翻墙,快手样本-关联表达,1,1,翻墙梯子,
跨境电商平台搭建,跨境与海外网络,跨境外贸,B,59,True,False,True,1,百度联想,跨境电商网络环境搭建,二级扩展、快手样本-跨境电商,1,2,跨境电商平台搭建,
跨境电商网络专线多少钱,跨境与海外网络,跨境外贸,B,59,True,False,True,1,百度联想,跨境电商网络,跨境外贸,1,1,跨境电商网络专线多少钱,
跨境电商网络环境怎么解决,跨境与海外网络,跨境外贸,B,59,True,False,True,1,百度联想,跨境电商网络环境,快手样本-跨境电商,1,1,跨境电商网络环境怎么解决,
跨境直播网络专线,跨境与海外网络,跨境外贸,B,59,True,False,True,1,百度联想,跨境直播网络,跨境直播,1,1,跨境直播网络专线,
跨境直播网络搭建,跨境与海外网络,跨境外贸,B,59,True,False,True,1,Bing 中文联想,跨境直播网络,跨境直播,1,1,跨境直播网络搭建,
跨境网络服务商去哪找,跨境与海外网络,跨境外贸,B,59,True,False,True,1,百度联想,跨境网络服务商,二级扩展,1,1,跨境网络服务商去哪找,
apex英雄加速器安装,网络加速,下载安装,B,55,True,False,True,1,Bing 中文联想,apex英雄加速器,快手样本-游戏加速,2,1,apex英雄加速器安装,
app store加速器哪个好,网络加速,选型购买,B,55,True,False,True,1,Bing 中文联想,ios加速器测评,快手样本-加速器,2,1,app store 加速器 哪个好,
openvpn搭建,VPN协议与技术,配置排障,B,66,False,False,True,1,Google/YouTube 联想,openvpn,VPN协议,2,1,openvpn搭建,
sslvpn,VPN核心,泛需求,B,66,False,False,True,1,Bing 中文联想,ssl vpn,VPN协议,2,1,sslvpn,
steam游戏加速器免费,游戏加速,游戏娱乐,B,55,True,False,True,1,Bing 中文联想,steam游戏加速器,快手样本-游戏加速,2,1,steam游戏加速器免费,
tiktok无网络连接怎么办苹果,跨境与海外网络,跨境外贸,B,58,True,False,True,1,百度联想,tiktok无网络连接、tiktok无网络连接怎么办,二级扩展、快手样本-跨境平台,2,2,tiktok无网络连接怎么办苹果,
tiktok网络不稳定登录不上,跨境与海外网络,跨境外贸,B,58,True,False,True,1,百度联想,tiktok网络、tiktok网络不稳定,二级扩展、跨境平台,2,2,tiktok网络不稳定登录不上,
tiktok网络怎么解决,跨境与海外网络,跨境外贸,B,58,True,False,True,1,百度联想,tiktok网络,跨境平台,2,1,tiktok网络怎么解决,
tiktok网络搭建多少钱,跨境与海外网络,跨境外贸,B,58,True,False,True,1,百度联想,tiktok网络搭建,二级扩展,2,1,TikTok网络搭建多少钱,
tiktok网络搭建详细流程,跨境与海外网络,跨境外贸,B,58,True,False,True,1,Bing 中文联想,tiktok网络搭建,二级扩展,2,1,tiktok网络搭建详细流程,
tiktok网络无法连接解决方法,跨境与海外网络,跨境外贸,B,58,True,False,True,1,百度联想,tiktok网络无法连接,二级扩展,2,1,tiktok网络无法连接解决方法,
tiktok网络状态不佳,跨境与海外网络,跨境外贸,B,58,True,False,True,1,百度联想,tiktok网络环境异常,快手样本-跨境平台,2,1,tiktok网络状态不佳,
tt加速器官网首页,网络加速,泛需求,B,55,True,False,True,1,Bing 中文联想,tt加速器,快手样本-加速器品牌,2,1,tt加速器官网首页,
vpn协议对比,VPN协议与技术,科普原理,B,66,False,False,True,1,Google Web 联想,vpn协议,VPN技术,2,1,vpn协议对比,
vpn协议类型,VPN协议与技术,科普原理,B,66,False,False,True,1,Bing 中文联想,vpn协议,VPN技术,2,1,vpn协议类型,
vpn搭建,VPN核心,配置排障,B,66,False,False,True,1,Google/YouTube 联想,vpn,VPN核心,2,1,vpn搭建,
vpn是什麼,VPN核心,泛需求,B,66,False,False,True,1,Google/YouTube 联想,vpn是什么,VPN核心,2,1,vpn是什麼,
vpn科普,VPN核心,泛需求,B,66,False,False,True,1,Google/YouTube 联想,三角洲日服加速器,快手样本-游戏加速,2,1,vpn科普,
vpn网站,VPN核心,泛需求,B,66,False,False,True,1,Google/YouTube 联想,vpn服务器地址,二级扩展,2,1,vpn网站,
vpn路由,VPN核心,泛需求,B,66,False,False,True,1,Google/YouTube 联想,vpn路由器、vpn路由器推荐,VPN技术、二级扩展,2,2,vpn 路由、vpn路由,
wireguard搭建,VPN协议与技术,配置排障,B,66,False,False,True,1,Google/YouTube 联想,wireguard,VPN协议,2,1,wireguard 搭建,
三角洲日服免费加速器,网络加速,泛需求,B,55,True,False,True,1,Bing 中文联想,三角洲日服加速器,快手样本-游戏加速,2,1,三角洲日服免费加速器,
中华电信海外专线,跨境与海外网络,跨境外贸,B,58,True,False,True,1,Google Web 联想,海外专线,跨境外贸,2,1,中华电信 海外专线,
主机游戏加速器免费,游戏加速,游戏娱乐,B,55,True,False,True,1,Bing 中文联想,主机游戏加速器,快手样本-游戏加速,2,1,主机游戏加速器免费,
免费加速器永久免费,网络加速,泛需求,B,55,True,False,True,1,Bing 中文联想,免费加速器,快手样本-加速器,2,1,免费加速器永久免费,
全球节点加速器,网络加速,代理与IP,B,55,True,True,True,1,Bing 中文联想,全球节点,快手样本-节点,2,1,全球节点加速器,
加速器免费时长口令,网络加速,泛需求,B,55,True,False,True,1,Bing 中文联想,加速器免费时长,快手样本-加速器,2,1,加速器免费时长口令,
加速器排行榜免费,网络加速,泛需求,B,55,True,False,True,1,Bing 中文联想,加速器排行榜,快手样本-加速器,2,1,加速器排行榜免费,
加速器测评推荐,网络加速,选型购买,B,55,True,False,True,1,Bing 中文联想,加速器测评,快手样本-加速器,2,1,加速器测评推荐,
和平精英加速器免费版,网络加速,泛需求,B,55,True,False,True,1,Bing 中文联想,和平精英加速器,快手样本-游戏加速,2,1,和平精英加速器免费版,
国外玩国内游戏用什么加速器,游戏加速,游戏娱乐,B,55,True,False,True,1,Google/YouTube 联想,海外加速器,跨境外贸,2,1,国外玩国内游戏用什么加速器,
国际服加速器永久免费,网络加速,泛需求,B,55,True,False,True,1,Bing 中文联想,国际服加速器,快手样本-游戏加速,2,1,国际服加速器永久免费,
地铁逃生pubg加速器,网络加速,泛需求,B,55,True,False,True,1,Bing 中文联想,地铁逃生加速器,快手样本-游戏加速,2,1,地铁逃生pubg加速器,
外网加速器,网络加速,泛需求,B,55,True,False,True,1,Bing 中文联想,外网,快手样本-关联表达,2,1,外网加速器,
外贸网络专线,跨境与海外网络,跨境外贸,B,58,True,False,True,1,Bing 中文联想,外贸网络,跨境外贸,2,1,外贸网络专线,
外贸网络搭建流程,跨境与海外网络,跨境外贸,B,58,True,False,True,1,百度联想,外贸网络,跨境外贸,2,1,外贸网络搭建流程,
奇游手游加速器官网,游戏加速,游戏娱乐,B,55,True,False,True,1,Bing 中文联想,奇游手游加速器,快手样本-加速器品牌,2,1,奇游手游加速器官网,
对峙2加速器推荐,网络加速,选型购买,B,55,True,False,True,1,Bing 中文联想,对峙2加速器,快手样本-游戏加速,2,1,对峙2加速器推荐,
手机游戏加速器台湾,游戏加速,下载安装,B,55,True,False,True,1,Google Web 联想,手机游戏加速器,快手样本-游戏加速,2,1,手机游戏加速器台湾,
手游加速器台湾,游戏加速,游戏娱乐,B,55,True,False,True,1,Google Web 联想,手游加速器,快手样本-游戏加速,2,1,手游加速器台湾,
手游加速器推荐免费,游戏加速,选型购买,B,55,True,False,True,1,Bing 中文联想,手游加速器、手游加速器推荐,二级扩展、快手样本-游戏加速,2,2,手游加速器推荐免费,
海外app下载平台,跨境与海外网络,跨境外贸,B,58,True,False,True,1,Bing 中文联想,海外app下载,快手样本-海外访问,2,1,海外app下载平台,
海外app下载排行榜最新,跨境与海外网络,跨境外贸,B,58,True,False,True,1,百度联想,海外app下载,快手样本-海外访问,2,1,海外app下载排行榜最新,
海外iphone id,跨境与海外网络,跨境外贸,B,58,True,False,True,1,百度联想,海外iphone,二级扩展,2,1,海外iphone id,
海外iphone中国esim,跨境与海外网络,跨境外贸,B,58,True,False,True,1,Google Web 联想,海外iphone,二级扩展,2,1,海外iphone 中国esim,
海外iphone購入,跨境与海外网络,跨境外贸,B,58,True,False,True,1,Bing 中文联想,海外iphone,二级扩展,2,1,海外iphone 購入,
海外直播平台,跨境与海外网络,跨境外贸,B,58,True,False,True,1,Google/YouTube 联想,海外直播网络,跨境直播,2,1,海外直播平台,
海外直播网络搭建方法,跨境与海外网络,跨境外贸,B,58,True,False,True,1,百度联想,海外直播网络,跨境直播,2,1,海外直播网络搭建方法,
海外软件下载app,跨境与海外网络,跨境外贸,B,58,True,False,True,1,百度联想,海外软件下载,快手样本-海外访问,2,1,海外软件下载app,
游戏加速器下载地址,游戏加速,下载安装,B,55,True,False,True,1,Bing 中文联想,游戏加速器下载,快手样本-加速器,2,1,游戏加速器下载地址,
游戏加速器推荐免费,游戏加速,选型购买,B,55,True,False,True,1,Bing 中文联想,游戏加速器推荐,快手样本-加速器,2,1,游戏加速器推荐免费,
游戏加速器搭建,游戏加速,配置排障,B,55,True,False,True,1,Google/YouTube 联想,游戏加速器,游戏加速,2,1,游戏加速器搭建,
游戏加速器永久免费版,游戏加速,游戏娱乐,B,55,True,False,True,1,Bing 中文联想,游戏加速器,游戏加速,2,1,游戏加速器永久免费版,
球球大作战加速器ios,网络加速,泛需求,B,55,True,False,True,1,Bing 中文联想,球球大作战加速器,快手样本-游戏加速,2,1,球球大作战加速器ios,
电脑游戏加速器免费,游戏加速,下载安装,B,55,True,False,True,1,Bing 中文联想,电脑游戏加速器,快手样本-游戏加速,2,1,电脑游戏加速器免费,
翻墙机场,VPN核心,泛需求,B,66,False,True,True,1,Google Web 联想,翻墙,快手样本-关联表达,2,1,翻墙机场,
翻墙被抓,VPN核心,泛需求,B,66,False,True,True,1,Google/YouTube 联想,翻墙,快手样本-关联表达,2,1,翻墙被抓,
联机游戏需要加速器吗,游戏加速,游戏娱乐,B,55,True,False,True,1,Bing 中文联想,联机游戏加速器,快手样本-游戏加速,2,1,联机游戏需要加速器吗,
荒野乱斗国际服要加速器吗,网络加速,泛需求,B,55,True,False,True,1,Bing 中文联想,荒野乱斗国际服加速器,快手样本-游戏加速,2,1,荒野乱斗国际服要加速器吗,
访问外网的加速器,网络加速,泛需求,B,55,True,False,True,1,Bing 中文联想,访问外网,快手样本-关联表达,2,1,访问外网的加速器,
跨境专线搭建,跨境与海外网络,跨境外贸,B,58,True,False,True,1,Google/YouTube 联想,跨境专线,跨境外贸,2,1,跨境专线搭建,
跨境电商如何搭建网络环境,跨境与海外网络,跨境外贸,B,58,True,False,True,1,Bing 中文联想,跨境电商网络环境、跨境电商网络环境搭建、跨境网络搭建,二级扩展、快手样本-跨境电商,2,4,跨境电商如何搭建网络环境,
跨境电商网络搭建,跨境与海外网络,跨境外贸,B,58,True,False,True,1,Bing 中文联想,跨境电商网络、跨境网络搭建,二级扩展、跨境外贸,2,2,跨境电商网络搭建,
跨境电商网络环境保姆级教程,跨境与海外网络,跨境外贸,B,58,True,False,True,1,百度联想,跨境电商网络环境,快手样本-跨境电商,2,1,跨境电商网络环境保姆级教程,
跨境电商节点搭建,跨境与海外网络,跨境外贸,B,58,True,True,True,1,Google/YouTube 联想,跨境电商网络、跨境电商网络环境、跨境电商网络环境搭建,二级扩展、快手样本-跨境电商、跨境外贸,2,4,跨境电商节点搭建,
跨境直播网络怎么解决,跨境与海外网络,跨境外贸,B,58,True,False,True,1,百度联想,跨境直播网络,跨境直播,2,1,跨境直播网络怎么解决,
跨境直播网络问题,跨境与海外网络,跨境外贸,B,58,True,False,True,1,Bing 中文联想,跨境直播网络,跨境直播,2,1,跨境直播网络问题,
跨境网络工具有哪些,跨境与海外网络,跨境外贸,B,58,True,False,True,1,百度联想,跨境网络,跨境外贸,2,1,跨境网络工具有哪些,
跨境网络搭建怎么解决,跨境与海外网络,跨境外贸,B,58,True,False,True,1,百度联想,跨境网络搭建,二级扩展,2,1,跨境网络搭建怎么解决,
跨境网络服务商怎么选,跨境与海外网络,跨境外贸,B,58,True,False,True,1,百度联想,跨境网络服务商,二级扩展,2,1,跨境网络服务商怎么选,
跨境网络服务商推荐,跨境与海外网络,跨境外贸,B,58,True,False,True,1,Bing 中文联想,跨境网络服务商,二级扩展,2,1,跨境网络服务商推荐,
迅游加速器mac,网络加速,泛需求,B,55,True,False,True,1,Google Web 联想,迅游加速器,快手样本-加速器品牌,2,1,迅游加速器mac,
迅游加速器官网首页,网络加速,泛需求,B,55,True,False,True,1,Bing 中文联想,迅游加速器,快手样本-加速器品牌,2,1,迅游加速器官网首页,
雷神加速器cdkey,网络加速,泛需求,B,55,True,False,True,1,Bing 中文联想,雷神加速器,快手样本-加速器品牌,2,1,雷神加速器cdkey,
雷神加速器卡顿,网络加速,泛需求,B,55,True,False,True,1,Bing 中文联想,加速器卡顿,快手样本-加速器,2,1,雷神加速器卡顿,
apex英雄加速器对比,网络加速,泛需求,B,55,True,False,True,1,Bing 中文联想,apex英雄加速器,快手样本-游戏加速,3,1,apex英雄加速器对比,
mod.io加速器,网络加速,泛需求,B,55,True,False,True,1,Bing 中文联想,ios加速器测评,快手样本-加速器,3,1,mod.io加速器,
pubg加速器免费版,网络加速,泛需求,B,55,True,False,True,1,Bing 中文联想,pubg加速器,快手样本-游戏加速,3,1,pubg加速器免费版,
pubg加速器台湾,网络加速,泛需求,B,55,True,False,True,1,Google Web 联想,pubg加速器,快手样本-游戏加速,3,1,pubg 加速器 台湾,
pubg地铁逃生加速器,网络加速,泛需求,B,55,True,False,True,1,Bing 中文联想,地铁逃生加速器,快手样本-游戏加速,3,1,pubg地铁逃生加速器,
steam游戏加速器推荐,游戏加速,选型购买,B,55,True,False,True,1,Bing 中文联想,steam游戏加速器,快手样本-游戏加速,3,1,steam游戏加速器推荐,
tiktok无网络连接怎么办安卓机,跨境与海外网络,跨境外贸,B,57,True,False,True,1,百度联想,tiktok无网络连接怎么办,二级扩展,3,1,tiktok无网络连接怎么办安卓机,
tiktok网络不稳定注册不了,跨境与海外网络,跨境外贸,B,57,True,False,True,1,百度联想,tiktok网络不稳定,二级扩展,3,1,tiktok网络不稳定注册不了,
tiktok网络异常最简单三个步骤,跨境与海外网络,跨境外贸,B,57,True,False,True,1,百度联想,tiktok网络环境异常,快手样本-跨境平台,3,1,tiktok网络异常最简单三个步骤,
tiktok网络无法连接到服务器,跨境与海外网络,跨境外贸,B,57,True,False,True,1,百度联想,tiktok网络无法连接,二级扩展,3,1,tiktok网络无法连接到服务器,
tiktok网络环境搭建,跨境与海外网络,跨境外贸,B,57,True,False,True,1,Bing 中文联想,tiktok网络、tiktok网络搭建,二级扩展、跨境平台,3,2,tiktok网络环境搭建,
uu加速器卡顿,网络加速,泛需求,B,55,True,False,True,1,Bing 中文联想,加速器卡顿,快手样本-加速器,3,1,uu加速器卡顿,
vpn修改器,VPN核心,泛需求,B,65,False,False,True,1,Bing 中文联想,vpn修改,快手样本-VPN设置,3,1,vpn修改器,
vpn原理图,VPN核心,科普原理,B,65,False,False,True,1,Bing 中文联想,vpn原理,快手样本-VPN科普,3,1,vpn原理图,
vpn原理图解,VPN核心,科普原理,B,65,False,False,True,1,Google Web 联想,vpn原理,快手样本-VPN科普,3,1,vpn 原理 图解,
vpn对比,VPN核心,泛需求,B,65,False,False,True,1,Google/YouTube 联想,vpn哪个好,VPN核心,3,1,vpn对比,
vpn软件安卓,VPN核心,下载安装,B,65,False,False,True,1,Google/YouTube 联想,vpn软件,VPN产品,3,1,vpn软件安卓,
vpn软路由,VPN核心,泛需求,B,65,False,False,True,1,Google/YouTube 联想,vpn路由器推荐,二级扩展,3,1,vpn软路由,
www.tiktok.com打不开,跨境与海外网络,跨境外贸,B,57,True,False,True,1,Bing 中文联想,tiktok无网络连接怎么办、tiktok网络环境异常,二级扩展、快手样本-跨境平台,3,2,www.tiktok.com 打不开,
中国人寿海外app下载,跨境与海外网络,跨境外贸,B,57,True,False,True,1,百度联想,海外app下载,快手样本-海外访问,3,1,中国人寿海外app下载,
中国程序员在国内为海外软件公司工作105.8万元工资被罚没,跨境与海外网络,企业办公,B,57,True,False,True,1,Bing 中文联想,国外软件不能用,快手样本-海外访问,3,1,中国程序员在国内为海外软件公司工作 105.8万元工资被罚没,
主机游戏加速器推荐,游戏加速,选型购买,B,55,True,False,True,1,Bing 中文联想,主机游戏加速器,快手样本-游戏加速,3,1,主机游戏加速器推荐,
亚马逊网络红人营销,跨境与海外网络,跨境外贸,B,57,True,False,True,1,百度联想,亚马逊网络,跨境平台,3,1,亚马逊网络红人营销,
什么是vpn,VPN核心,泛需求,B,65,False,False,True,1,Google/YouTube 联想,vpn是什么,VPN核心,3,1,什么是vpn,
加速器延迟高好低好,网络加速,泛需求,B,55,True,False,True,1,Bing 中文联想,加速器延迟高,快手样本-加速器,3,1,加速器延迟高好低好,
加速器排行榜免费游戏网游手游网络游戏加速器推荐,游戏加速,选型购买,B,55,True,False,True,1,Bing 中文联想,手游加速器推荐,二级扩展,3,1,加速器排行榜免费游戏网游手游网络游戏加速器推荐,
加速器排行榜官网,网络加速,泛需求,B,55,True,False,True,1,Bing 中文联想,加速器排行榜,快手样本-加速器,3,1,加速器排行榜官网,
加速器测评博客,网络加速,泛需求,B,55,True,False,True,1,Bing 中文联想,加速器测评,快手样本-加速器,3,1,加速器测评博客,
和平精英加速器电脑版,网络加速,下载安装,B,55,True,False,True,1,Bing 中文联想,和平精英加速器,快手样本-游戏加速,3,1,和平精英加速器电脑版,
国际专线快递,跨境与海外网络,跨境外贸,B,57,True,False,True,1,百度联想,国际专线,跨境外贸,3,1,国际专线快递,
国际服加速器免费,网络加速,泛需求,B,55,True,False,True,1,Bing 中文联想,国际服加速器,快手样本-游戏加速,3,1,国际服加速器免费,
国际网络加速器下载,网络加速,下载安装,B,55,True,False,True,1,Bing 中文联想,国际网络加速,跨境外贸,3,1,国际网络加速器下载,
外贸网络推广,跨境与海外网络,跨境外贸,B,57,True,False,True,1,百度联想,外贸网络,跨境外贸,3,1,外贸网络推广,
外贸网络搭建ip,跨境与海外网络,跨境外贸,B,57,True,False,True,1,百度联想,外贸网络搭建,二级扩展,3,1,外贸网络搭建ip,
外贸网络搭建ip怎么购买的,跨境与海外网络,跨境外贸,B,57,True,False,True,1,Bing 中文联想,外贸网络、外贸网络搭建,二级扩展、跨境外贸,3,2,外贸网络搭建ip怎么购买的,
奇游手游加速器下载,游戏加速,下载安装,B,55,True,False,True,1,Bing 中文联想,奇游手游加速器,快手样本-加速器品牌,3,1,奇游手游加速器下载,
对峙2免费加速器,网络加速,泛需求,B,55,True,False,True,1,Bing 中文联想,对峙2加速器,快手样本-游戏加速,3,1,对峙2免费加速器,
战网国际服加速器下载,网络加速,下载安装,B,55,True,False,True,1,Bing 中文联想,国际服下载加速,快手样本-游戏加速,3,1,战网国际服加速器下载,
手机游戏加速器10倍速度,游戏加速,下载安装,B,55,True,False,True,1,Bing 中文联想,手机游戏加速器,快手样本-游戏加速,3,1,手机游戏加速器10倍速度,
手机游戏加速器有用吗,游戏加速,下载安装,B,55,True,False,True,1,Google Web 联想,手机游戏加速器,快手样本-游戏加速,3,1,手机游戏加速器有用吗,
推特加速器免费,网络加速,泛需求,B,55,True,False,True,1,Bing 中文联想,tt加速器,快手样本-加速器品牌,3,1,推特加速器免费,
永久免费加速器下载,网络加速,下载安装,B,55,True,False,True,1,Bing 中文联想,永久免费加速器,快手样本-加速器,3,1,永久免费加速器下载,
海外app下载网站,跨境与海外网络,跨境外贸,B,57,True,False,True,1,Bing 中文联想,海外app下载,快手样本-海外访问,3,1,海外app下载网站,
海外iphone国内保修吗,跨境与海外网络,跨境外贸,B,57,True,False,True,1,百度联想,海外iphone,二级扩展,3,1,海外iphone国内保修吗,
海外iphone技适,跨境与海外网络,跨境外贸,B,57,True,False,True,1,Google Web 联想,海外iphone,二级扩展,3,1,海外iphone 技适,
海外专线ip多少钱一条,跨境与海外网络,跨境外贸,B,57,True,False,True,1,百度联想,海外专线,跨境外贸,3,1,海外专线ip多少钱一条,
海外专线电视剧蜜语纪,跨境与海外网络,跨境外贸,B,57,True,False,True,1,Bing 中文联想,海外专线,跨境外贸,3,1,海外专线电视剧蜜语纪,
海外留学生网站,跨境与海外网络,跨境外贸,B,57,True,False,True,1,百度联想,海外留学生网络卡顿,快手样本-海外访问,3,1,海外留学生网站,
海外直播网络专线价格,跨境与海外网络,跨境外贸,B,57,True,False,True,1,百度联想,海外直播网络,跨境直播,3,1,海外直播网络专线价格,
海外软件下载安装,跨境与海外网络,跨境外贸,B,57,True,False,True,1,百度联想,海外软件下载,快手样本-海外访问,3,1,海外软件下载安装,
海外软件下载慢,跨境与海外网络,跨境外贸,B,57,True,False,True,1,Bing 中文联想,海外软件下载,快手样本-海外访问,3,1,海外软件下载慢,
游戏加速器下载教程,游戏加速,配置排障,B,55,True,False,True,1,Bing 中文联想,游戏加速器下载,快手样本-加速器,3,1,游戏加速器下载教程,
游戏加速器推荐巴哈,游戏加速,选型购买,B,55,True,False,True,1,Google Web 联想,游戏加速器推荐,快手样本-加速器,3,1,游戏加速器推荐巴哈,
游戏加速器推荐网站,游戏加速,选型购买,B,55,True,False,True,1,Bing 中文联想,游戏加速器推荐,快手样本-加速器,3,1,游戏加速器推荐网站,
游戏加速器游戏联机平台远程游戏贝锐蒲公英官网,企业网络,企业办公,B,55,True,False,True,1,Bing 中文联想,联机游戏加速器,快手样本-游戏加速,3,1,游戏加速器游戏联机平台远程游戏贝锐蒲公英官网,
火箭加速器下载,网络加速,下载安装,B,55,True,False,True,1,Bing 中文联想,火箭加速器,快手样本-加速器品牌,3,1,火箭加速器下载,
球球大作战加速器辅助电脑版,网络加速,下载安装,B,55,True,False,True,1,Bing 中文联想,球球大作战加速器,快手样本-游戏加速,3,1,球球大作战加速器辅助电脑版,
电子商务 -跨境电商,跨境与海外网络,跨境外贸,B,57,True,False,True,1,Bing 中文联想,跨境电商网络环境、跨境电商网络环境搭建,二级扩展、快手样本-跨境电商,3,3,电子商务 -跨境电商,
电脑游戏加速器永久免费版,游戏加速,下载安装,B,55,True,False,True,1,Bing 中文联想,电脑游戏加速器,快手样本-游戏加速,3,1,电脑游戏加速器永久免费版,
网络加速器免费,网络加速,泛需求,B,55,True,False,True,1,Bing 中文联想,网络加速、网络加速器,二级扩展、网络加速,3,3,网络加速器免费,
翻墙猫,VPN核心,泛需求,B,65,False,True,True,1,Bing 中文联想,翻墙,快手样本-关联表达,3,1,翻墙猫,
荒野乱斗国际服需要加速器吗,网络加速,泛需求,B,55,True,False,True,1,Bing 中文联想,荒野乱斗国际服加速器,快手样本-游戏加速,3,1,荒野乱斗国际服需要加速器吗,
行政处罚vpn,VPN核心,泛需求,B,65,False,False,True,1,Bing 中文联想,vpn行政处罚,快手样本-VPN法律,3,1,行政处罚vpn,
跨境专线物流,跨境与海外网络,跨境外贸,B,57,True,False,True,1,百度联想,跨境专线,跨境外贸,3,1,跨境专线物流,
跨境专线网络独享,跨境与海外网络,跨境外贸,B,57,True,False,True,1,Bing 中文联想,跨境专线,跨境外贸,3,1,跨境专线网络 独享,
跨境电商网络怎么解决,跨境与海外网络,跨境外贸,B,57,True,False,True,1,Bing 中文联想,跨境电商网络,跨境外贸,3,1,跨境电商网络怎么解决,
跨境电商网络搭建大概要花费多少钱,跨境与海外网络,跨境外贸,B,57,True,False,True,1,百度联想,跨境电商网络、跨境电商网络环境搭建、跨境网络搭建,二级扩展、快手样本-跨境电商、跨境外贸,3,4,跨境电商网络搭建大概要花费多少钱,
跨境电商网络环境软件,跨境与海外网络,跨境外贸,B,57,True,False,True,1,百度联想,跨境电商网络环境,快手样本-跨境电商,3,1,跨境电商网络环境软件,
跨境电商英文网络直播中的中国文化传播研究,跨境与海外网络,跨境外贸,B,57,True,False,True,1,Bing 中文联想,跨境直播网络,跨境直播,3,1,跨境电商英文网络直播中的中国文化传播研究,
跨境直播网络测试,跨境与海外网络,跨境外贸,B,57,True,False,True,1,百度联想,跨境直播网络,跨境直播,3,1,跨境直播网络测试,
跨境网络<独享>,跨境与海外网络,跨境外贸,B,57,True,False,True,1,百度联想,跨境网络服务商,二级扩展,3,1,跨境网络<独享>,
跨境网络专线服务商,跨境与海外网络,跨境外贸,B,57,True,False,True,1,Bing 中文联想,跨境网络、跨境网络服务商,二级扩展、跨境外贸,3,2,跨境网络专线服务商,
跨境网络搭建成都公司,跨境与海外网络,企业办公,B,57,True,False,True,1,百度联想,跨境网络搭建,二级扩展,3,1,跨境网络搭建成都公司,
雷神加速器linux,网络加速,泛需求,B,55,True,False,True,1,Google Web 联想,雷神加速器,快手样本-加速器品牌,3,1,雷神加速器 linux,
雷神加速器免费时长,网络加速,泛需求,B,55,True,False,True,1,Bing 中文联想,加速器免费时长,快手样本-加速器,3,1,雷神加速器免费时长,
雷神加速器官网首页电脑版,网络加速,下载安装,B,55,True,False,True,1,Bing 中文联想,雷神加速器,快手样本-加速器品牌,3,1,雷神加速器官网首页电脑版,
apex英雄加速器教程,网络加速,配置排障,B,55,True,False,True,1,Bing 中文联想,apex英雄加速器,快手样本-游戏加速,4,1,apex英雄加速器教程,
express vpn怎么用,VPN核心,配置排障,B,69,True,False,True,1,Google Web 联想,vpn怎么用,VPN核心,4,1,express vpn怎么用,
ipsec vpn fortigate,VPN协议与技术,代理与IP,B,69,True,False,True,1,Google/YouTube 联想,ipsec vpn,VPN协议,4,1,ipsec vpn fortigate,
ipsec vpn服务器搭建,VPN协议与技术,配置排障,B,69,True,False,True,1,Bing 中文联想,ipsec vpn搭建,二级扩展,4,1,ipsec vpn服务器搭建,
kk加速器打开后卡顿,网络加速,泛需求,B,55,True,False,True,1,Bing 中文联想,加速器卡顿,快手样本-加速器,4,1,kk加速器打开后卡顿,
lol国际服加速器下载,网络加速,下载安装,B,55,True,False,True,1,Bing 中文联想,国际服下载加速,快手样本-游戏加速,4,1,lol国际服加速器下载,
openvpn手机使用教程,VPN协议与技术,配置排障,B,69,True,False,True,1,Google/YouTube 联想,openvpn,VPN协议,4,1,openvpn手机使用教程,
openwrt vpn设置,VPN核心,配置排障,B,69,True,False,True,1,Google/YouTube 联想,vpn设置,VPN技术,4,1,openwrt vpn设置,
oppo应用商店海外版,跨境与海外网络,跨境外贸,B,56,True,False,True,1,Bing 中文联想,海外应用商店,快手样本-海外访问,4,1,oppo应用商店海外版,
proton vpn免费版安全吗,VPN核心,科普原理,B,69,True,False,True,1,Bing 中文联想,proton vpn安全吗,二级扩展,4,1,proton vpn免费版安全吗,
protonvpn电脑版,VPN核心,下载安装,B,64,False,False,True,1,Google/YouTube 联想,vpn电脑版,二级扩展,4,1,protonvpn电脑版,
pubg加速器哪个好用,网络加速,选型购买,B,55,True,False,True,1,Bing 中文联想,pubg加速器,快手样本-游戏加速,4,1,pubg加速器哪个好用,
radmin vpn安全吗,VPN核心,科普原理,B,69,True,False,True,1,Google Web 联想,vpn安全吗,VPN核心,4,1,radmin vpn安全吗,
ssl vpn hillstone,VPN协议与技术,泛需求,B,69,True,False,True,1,Google/YouTube 联想,ssl vpn,VPN协议,4,1,ssl vpn hillstone,
steam游戏加速器永久免费版,游戏加速,游戏娱乐,B,55,True,False,True,1,Bing 中文联想,steam游戏加速器,快手样本-游戏加速,4,1,steam游戏加速器永久免费版,
tiktok直播网络搭建,跨境与海外网络,跨境外贸,B,56,True,False,True,1,Bing 中文联想,tiktok网络搭建,二级扩展,4,1,tiktok直播网络搭建,
tiktok网络不稳定ios,跨境与海外网络,跨境外贸,B,56,True,False,True,1,Bing 中文联想,tiktok网络不稳定,二级扩展,4,1,tiktok网络不稳定ios,
tiktok网络不稳定怎么办苹果,跨境与海外网络,跨境外贸,B,56,True,False,True,1,百度联想,tiktok网络不稳定,二级扩展,4,1,tiktok网络不稳定怎么办苹果,
tiktok网络异常解决方法,跨境与海外网络,跨境外贸,B,56,True,False,True,1,百度联想,tiktok网络、tiktok网络环境异常,快手样本-跨境平台、跨境平台,4,2,tiktok网络异常解决方法,
tiktok网络无法连接ios,跨境与海外网络,跨境外贸,B,56,True,False,True,1,百度联想,tiktok网络无法连接,二级扩展,4,1,tiktok网络无法连接ios,
tiktok网络服务商,跨境与海外网络,跨境外贸,B,56,True,False,True,1,百度联想,tiktok网络,跨境平台,4,1,tiktok网络服务商,
tiktok网络连接不上怎么办,跨境与海外网络,跨境外贸,B,56,True,False,True,1,百度联想,tiktok网络、tiktok网络搭建,二级扩展、跨境平台,4,2,tiktok网络连接不上怎么办,
uu加速器主机加速器支持的游戏,游戏加速,游戏娱乐,B,55,True,False,True,1,Bing 中文联想,主机游戏加速器,快手样本-游戏加速,4,1,uu加速器主机加速器支持的游戏,
uu加速器免费时长,网络加速,泛需求,B,55,True,False,True,1,Bing 中文联想,加速器免费时长,快手样本-加速器,4,1,uu加速器免费时长,
uu加速器延迟高,网络加速,泛需求,B,55,True,False,True,1,Bing 中文联想,加速器延迟高,快手样本-加速器,4,1,uu加速器延迟高,
vpn、怎么用,VPN核心,配置排障,B,69,True,False,True,1,Bing 中文联想,用vpn会被抓吗,快手样本-VPN法律,4,1,vpn、怎么用,
vpn下载电脑版,VPN核心,下载安装,B,69,True,False,True,1,Google Web 联想,vpn下载,VPN产品,4,1,vpn 下载 电脑 版,
vpn介绍,VPN核心,泛需求,B,64,False,False,True,1,Google/YouTube 联想,vpn哪个好,VPN核心,4,1,vpn介绍,
vpn修改id,VPN核心,泛需求,B,69,True,False,True,1,Bing 中文联想,vpn修改,快手样本-VPN设置,4,1,vpn修改id,
vpn免费机场,VPN核心,泛需求,B,69,True,True,True,1,Google/YouTube 联想,vpn免费,VPN产品,4,1,vpn免费机场,
vpn免费节点排行,VPN核心,代理与IP,B,69,True,True,True,1,Bing 中文联想,vpn免费节点,二级扩展,4,1,vpn免费节点排行,
vpn原理简介,VPN核心,科普原理,B,64,False,False,True,1,Bing 中文联想,vpn原理,快手样本-VPN科普,4,1,vpn原理简介,
vpn哪个好用评测,VPN核心,选型购买,B,69,True,False,True,1,Bing 中文联想,vpn哪个好用,二级扩展,4,1,vpn哪个好用评测,
vpn哪个好评,VPN核心,选型购买,B,69,True,False,True,1,Bing 中文联想,vpn哪个好,VPN核心,4,1,vpn哪个好评,
vpn安卓下载安装,VPN核心,下载安装,B,69,True,False,True,1,Bing 中文联想,vpn安卓下载,二级扩展,4,1,vpn安卓下载安装,
vpn安卓免费推荐,VPN核心,选型购买,B,69,True,False,True,1,Bing 中文联想,vpn安卓免费,二级扩展,4,1,vpn安卓免费推荐,
vpn安卓版下载,VPN核心,下载安装,B,69,True,False,True,1,Bing 中文联想,vpn安卓,VPN产品,4,1,vpn安卓版下载,
vpn客户端windows,VPN核心,下载安装,B,69,True,False,True,1,Google Web 联想,vpn客户端,VPN产品,4,1,vpn 客户 端 windows,
vpn怎么用啊,VPN核心,配置排障,B,69,True,False,True,1,Bing 中文联想,vpn怎么用,VPN核心,4,1,vpn怎么用啊,
vpn手机免费试用,VPN核心,下载安装,B,69,True,False,True,1,Bing 中文联想,vpn手机免费,二级扩展,4,1,vpn手机免费试用,
vpn手机安卓,VPN核心,下载安装,B,64,False,False,True,1,Google/YouTube 联想,vpn手机,VPN产品,4,1,vpn手机安卓,
vpn手机能用电脑不能用,VPN核心,下载安装,B,69,True,False,True,1,Google Web 联想,vpn手机,VPN产品,4,1,vpn手机能用电脑不能用,
vpn推荐手机,VPN核心,选型购买,B,69,True,False,True,1,Google/YouTube 联想,vpn推荐,VPN产品,4,1,vpn推荐手机,
vpn推荐支付宝,VPN核心,选型购买,B,69,True,False,True,1,Google Web 联想,vpn推荐,VPN产品,4,1,vpn 推荐 支付宝,
vpn是什么iphone,VPN核心,科普原理,B,69,True,False,True,1,Google Web 联想,vpn是什么,VPN核心,4,1,vpn 是 什么 iphone,
vpn是什么意思和设置方法,VPN核心,配置排障,B,69,True,False,True,1,Bing 中文联想,vpn是什么,VPN核心,4,1,vpn是什么意思和设置方法,
vpn服务器地址教程,VPN核心,配置排障,B,69,True,False,True,1,Bing 中文联想,vpn服务器地址,二级扩展,4,1,vpn服务器地址教程,
vpn火箭,VPN核心,泛需求,B,64,False,False,True,1,Google/YouTube 联想,vpn加速器,VPN产品,4,1,vpn火箭,
vpn热点,VPN核心,泛需求,B,64,False,False,True,1,Google/YouTube 联想,vpn下载,VPN产品,4,1,vpn热点,
vpn电脑版本,VPN核心,下载安装,B,64,False,False,True,1,Bing 中文联想,vpn电脑、vpn电脑版,VPN产品、二级扩展,4,2,vpn电脑版本,
vpn节点免费,VPN核心,代理与IP,B,69,True,True,True,1,Bing 中文联想,vpn节点,VPN技术,4,1,vpn节点免费,
vpn节点订阅地址,VPN核心,代理与IP,B,69,True,True,True,1,Bing 中文联想,vpn节点订阅,二级扩展,4,1,vpn节点订阅地址,
vpn节点购买技巧,VPN核心,选型购买,B,69,True,True,True,1,Bing 中文联想,vpn节点购买,二级扩展,4,1,vpn节点购买技巧,
vpn节点超时是什么意思,VPN核心,科普原理,B,69,True,True,True,1,Bing 中文联想,vpn节点超时,快手样本-VPN排障,4,1,vpn节点超时是什么意思,
vpn苹果手机下载,VPN核心,下载安装,B,69,True,False,True,1,Bing 中文联想,vpn苹果手机,二级扩展,4,1,vpn苹果手机下载,
vpn设置代理,代理与IP,配置排障,B,69,True,False,True,1,Bing 中文联想,vpn设置,VPN技术,4,1,vpn设置代理,
vpn路由器大陸,VPN核心,泛需求,B,69,True,False,True,1,Google/YouTube 联想,vpn路由器,VPN技术,4,1,vpn 路由器 大陸,
vpn路由器比较,VPN核心,泛需求,B,69,True,False,True,1,Bing 中文联想,vpn路由器,VPN技术,4,1,vpn路由器比较,
vpn软件ios,VPN核心,下载安装,B,69,True,False,True,1,Google/YouTube 联想,vpn软件,VPN产品,4,1,vpn软件ios,
vpn软件库,VPN核心,下载安装,B,64,False,False,True,1,Google Web 联想,vpn软件,VPN产品,4,1,vpn软件库,
vpn软件推荐苹果,VPN核心,选型购买,B,69,True,False,True,1,Bing 中文联想,vpn软件推荐,二级扩展,4,1,vpn软件推荐苹果,
vpn违法吗vpn的评测和推荐,VPN核心,选型购买,B,69,True,False,True,1,Bing 中文联想,vpn违法吗,快手样本-VPN法律,4,1,vpn违法吗 vpn的评测和推荐,
vpn速度慢的原因,VPN核心,泛需求,B,69,True,False,True,1,Bing 中文联想,vpn速度慢,快手样本-VPN排障,4,1,vpn 速度慢的原因,
vpn配置教程,VPN核心,配置排障,B,69,True,False,True,1,Bing 中文联想,vpn配置,VPN技术,4,1,vpn配置教程,
vpn配置文件是什么,VPN核心,配置排障,B,69,True,False,True,1,Bing 中文联想,vpn配置文件,二级扩展,4,1,vpn配置文件是什么,
wi-fi加速器评测,网络加速,泛需求,B,55,True,False,True,1,Bing 中文联想,ios加速器测评,快手样本-加速器,4,1,wi-fi加速器评测,
windows vpn客户端,VPN核心,下载安装,B,69,True,False,True,1,Google/YouTube 联想,vpn客户端,VPN产品,4,1,windows vpn客户端,
中华电信企业vpn,企业网络,企业办公,B,69,True,False,True,1,Google Web 联想,企业vpn,企业办公,4,1,中华电信 企业vpn,
云服务器搭建vpn推荐,VPN核心,配置排障,B,69,True,False,True,1,Bing 中文联想,vpn服务器推荐,二级扩展,4,1,云服务器搭建vpn推荐,
互联网+跨境电子商务,跨境与海外网络,跨境外贸,B,56,True,False,True,1,Bing 中文联想,跨境电商网络环境、跨境电商网络环境搭建,二级扩展、快手样本-跨境电商,4,3,互联网+跨境电子商务,
企业vpn申请,企业网络,企业办公,B,69,True,False,True,1,Bing 中文联想,企业vpn,企业办公,4,1,企业vpn申请,
使用vpn后的法律风险,VPN核心,泛需求,B,69,True,False,True,1,Bing 中文联想,vpn法律风险,快手样本-VPN法律,4,1,使用vpn后的法律风险,
使用vpn行政处罚,VPN核心,泛需求,B,69,True,False,True,1,Bing 中文联想,vpn行政处罚,快手样本-VPN法律,4,1,使用vpn行政处罚,
便宜的vpn推荐,VPN核心,选型购买,B,69,True,False,True,1,Bing 中文联想,vpn推荐便宜,二级扩展,4,1,便宜的vpn推荐,
免费的手游加速器推荐,游戏加速,选型购买,B,55,True,False,True,1,Bing 中文联想,手游加速器推荐,二级扩展,4,1,免费的手游加速器推荐,
和平精英加速器下载,网络加速,下载安装,B,55,True,False,True,1,Bing 中文联想,和平精英加速器,快手样本-游戏加速,4,1,和平精英加速器下载,
国寿海外app下载,跨境与海外网络,跨境外贸,B,56,True,False,True,1,百度联想,海外app下载,快手样本-海外访问,4,1,国寿海外APP下载,
国际专线运单查询,跨境与海外网络,跨境外贸,B,56,True,False,True,1,Google Web 联想,国际专线,跨境外贸,4,1,国际专线运单查询,
国际专线采购公告,跨境与海外网络,跨境外贸,B,56,True,False,True,1,Bing 中文联想,国际专线,跨境外贸,4,1,国际专线采购公告,
国际服加速器推荐,网络加速,选型购买,B,55,True,False,True,1,Bing 中文联想,国际服加速器,快手样本-游戏加速,4,1,国际服加速器推荐,
境外网站加速器,网络加速,泛需求,B,55,True,False,True,1,Bing 中文联想,境外网站,快手样本-海外访问,4,1,境外网站加速器,
外贸网络搭建那家最便宜,跨境与海外网络,跨境外贸,B,56,True,False,True,1,百度联想,外贸网络搭建,二级扩展,4,1,外贸网络搭建那家最便宜,
外贸路由器,跨境与海外网络,跨境外贸,B,56,True,False,True,1,Google/YouTube 联想,外贸网络搭建,二级扩展,4,1,外贸路由器,
奇游手游加速器官网下载,游戏加速,下载安装,B,55,True,False,True,1,Bing 中文联想,奇游手游加速器,快手样本-加速器品牌,4,1,奇游手游加速器官网下载,
安卓手机tiktok无网络连接怎么办,跨境与海外网络,跨境外贸,B,56,True,False,True,1,Bing 中文联想,tiktok无网络连接怎么办,二级扩展,4,1,安卓手机tiktok无网络连接怎么办,
对峙2要加速器吗,网络加速,泛需求,B,55,True,False,True,1,Bing 中文联想,对峙2加速器,快手样本-游戏加速,4,1,对峙2要加速器吗,
小米路由器vpn设置,VPN核心,配置排障,B,69,True,False,True,1,Bing 中文联想,vpn路由器设置,二级扩展,4,1,小米路由器vpn设置,
快连vpn是安全的吗,VPN核心,泛需求,B,69,True,False,True,1,Bing 中文联想,vpn安全吗,VPN核心,4,1,快连vpn是安全的吗,
手机vpn设置推荐,VPN核心,配置排障,B,69,True,False,True,1,Bing 中文联想,手机vpn设置,快手样本-VPN设置,4,1,手机vpn设置推荐,
手机游戏加速器推荐,游戏加速,选型购买,B,55,True,False,True,1,Bing 中文联想,手机游戏加速器,快手样本-游戏加速,4,1,手机游戏加速器推荐,
手机连接vpn后无法上网,VPN核心,配置排障,B,69,True,False,True,1,Bing 中文联想,vpn连接后无法上网,二级扩展,4,1,手机连接vpn后无法上网,
手游加速器哪个好用,游戏加速,选型购买,B,55,True,False,True,1,Bing 中文联想,手游加速器,快手样本-游戏加速,4,1,手游加速器哪个好用,
梯子vpn免费,VPN核心,泛需求,B,69,True,True,True,1,Google Web 联想,梯子,快手样本-关联表达,4,1,梯子vpn免费,
永久免费加速器电脑版,网络加速,下载安装,B,55,True,False,True,1,Bing 中文联想,永久免费加速器,快手样本-加速器,4,1,永久免费加速器电脑版,
海外app下载软件,跨境与海外网络,跨境外贸,B,56,True,False,True,1,Bing 中文联想,海外app下载,快手样本-海外访问,4,1,海外app下载软件,
海外iphone听国内音乐,跨境与海外网络,跨境外贸,B,56,True,False,True,1,百度联想,海外iphone,二级扩展,4,1,海外iphone听国内音乐,
海外iphone账号,跨境与海外网络,跨境外贸,B,56,True,False,True,1,Bing 中文联想,海外iphone,二级扩展,4,1,海外iphone账号,
海外专线电视剧逐玉,跨境与海外网络,跨境外贸,B,56,True,False,True,1,Bing 中文联想,海外专线,跨境外贸,4,1,海外专线电视剧逐玉,
海外直播网络搭建,跨境与海外网络,跨境外贸,B,56,True,False,True,1,百度联想,海外直播网络,跨境直播,4,1,海外直播网络搭建,
海外软件下载工具,跨境与海外网络,跨境外贸,B,56,True,False,True,1,百度联想,海外软件下载,快手样本-海外访问,4,1,海外软件下载工具,
游戏加速器下载软件,游戏加速,下载安装,B,55,True,False,True,1,Bing 中文联想,游戏加速器下载,快手样本-加速器,4,1,游戏加速器下载软件,
游戏加速器推荐ptt,游戏加速,选型购买,B,55,True,False,True,1,Google Web 联想,游戏加速器推荐,快手样本-加速器,4,1,游戏加速器推荐ptt,
游戏加速器推荐软件,游戏加速,选型购买,B,55,True,False,True,1,Bing 中文联想,游戏加速器推荐,快手样本-加速器,4,1,游戏加速器推荐软件,
游戏加速器测评,游戏加速,游戏娱乐,B,55,True,False,True,1,Bing 中文联想,加速器测评,快手样本-加速器,4,1,游戏加速器测评,
独立ip加速器,代理与IP,代理与IP,B,55,True,False,True,1,Bing 中文联想,独立ip,代理IP,4,1,独立ip加速器,
球球大作战加速器脚本,网络加速,泛需求,B,55,True,False,True,1,Bing 中文联想,球球大作战加速器,快手样本-游戏加速,4,1,球球大作战加速器脚本,
电脑游戏加速器推荐,游戏加速,选型购买,B,55,True,False,True,1,Bing 中文联想,电脑游戏加速器,快手样本-游戏加速,4,1,电脑游戏加速器推荐,
科学上网安装包,VPN核心,下载安装,B,69,True,True,True,1,Bing 中文联想,科学上网,快手样本-关联表达,4,1,科学上网安装包,
突突加速器,网络加速,泛需求,B,55,True,False,True,1,Bing 中文联想,tt加速器,快手样本-加速器品牌,4,1,突突加速器,
网络加速器香港,网络加速,泛需求,B,55,True,False,True,1,Google Web 联想,网络加速、网络加速器,二级扩展、网络加速,4,3,网络加速器香港,
翻墙和vpn的区别,VPN核心,科普原理,B,69,True,True,True,1,Bing 中文联想,vpn和翻墙的区别,快手样本-VPN科普,4,1,翻墙和vpn的区别,
翻墙被抓会留案底吗,VPN核心,泛需求,B,69,True,True,True,1,Bing 中文联想,翻墙会被抓吗,快手样本-VPN法律,4,1,翻墙被抓会留案底吗,
翻墙违法吗翻墙的利弊和影响,VPN核心,泛需求,B,69,True,True,True,1,Bing 中文联想,翻墙违法吗,快手样本-VPN法律,4,1,翻墙违法吗 翻墙的利弊和影响,
苹果手机vpn设置常见问题,VPN核心,配置排障,B,69,True,False,True,1,Bing 中文联想,苹果手机vpn设置,快手样本-VPN设置,4,1,苹果手机vpn设置常见问题,
蒲公英游戏联机加速器,游戏加速,游戏娱乐,B,55,True,False,True,1,Bing 中文联想,联机游戏加速器,快手样本-游戏加速,4,1,蒲公英游戏联机加速器,
虚拟专用网络vpn下载,VPN核心,下载安装,B,69,True,False,True,1,Bing 中文联想,虚拟专用网络,VPN核心,4,1,虚拟专用网络 vpn下载,
虚拟专用网络免费,VPN核心,泛需求,B,69,True,False,True,1,百度联想,虚拟专用网络,VPN核心,4,1,虚拟专用网络免费,
虚拟私人网络ip,VPN核心,代理与IP,B,69,True,False,True,1,百度联想,虚拟私人网络,VPN核心,4,1,虚拟私人网络ip,
虚拟私人网络下载,VPN核心,下载安装,B,69,True,False,True,1,Bing 中文联想,虚拟私人网络,VPN核心,4,1,虚拟私人网络下载,
跨境专线 · sla保障套餐,跨境与海外网络,跨境外贸,B,56,True,False,True,1,Google Web 联想,跨境专线,跨境外贸,4,1,跨境专线 · sla保障套餐,
跨境专线怎么开通,跨境与海外网络,跨境外贸,B,56,True,False,True,1,百度联想,跨境专线,跨境外贸,4,1,跨境专线怎么开通,
跨境电商直播网络,跨境与海外网络,跨境外贸,B,56,True,False,True,1,Bing 中文联想,跨境直播网络,跨境直播,4,1,跨境电商直播网络,
跨境电商网站建设,跨境与海外网络,跨境外贸,B,56,True,False,True,1,百度联想,跨境电商网络环境搭建,二级扩展、快手样本-跨境电商,4,2,跨境电商网站建设,
跨境电商网络服务,跨境与海外网络,跨境外贸,B,56,True,False,True,1,Bing 中文联想,跨境电商网络、跨境网络服务商,二级扩展、跨境外贸,4,2,跨境电商网络服务,
跨境电商网络环境tiktok,跨境与海外网络,跨境外贸,B,56,True,False,True,1,百度联想,跨境电商网络环境,快手样本-跨境电商,4,1,跨境电商网络环境tiktok,
跨境直播网络专线头像图,跨境与海外网络,跨境外贸,B,56,True,False,True,1,百度联想,跨境直播网络,跨境直播,4,1,跨境直播网络专线头像图,
跨境网络专线运营商,跨境与海外网络,跨境外贸,B,56,True,False,True,1,百度联想,跨境网络,跨境外贸,4,1,跨境网络专线运营商,
跨境网络工具,跨境与海外网络,跨境外贸,B,56,True,False,True,1,Bing 中文联想,跨境网络,跨境外贸,4,1,跨境网络工具,
跨境网络搭建浏流程,跨境与海外网络,跨境外贸,B,56,True,False,True,1,百度联想,跨境网络搭建,二级扩展,4,1,跨境网络搭建浏流程,
跨境网络服务商有哪些,跨境与海外网络,跨境外贸,B,56,True,False,True,1,百度联想,跨境网络服务商,二级扩展,4,1,跨境网络服务商有哪些,
路由器设置vpn推荐,VPN核心,配置排障,B,69,True,False,True,1,Bing 中文联想,vpn路由器推荐,二级扩展,4,1,路由器设置vpn推荐,
雷神加速器客服,网络加速,泛需求,B,55,True,False,True,1,Bing 中文联想,雷神加速器,快手样本-加速器品牌,4,1,雷神加速器客服,
雷神加速器折扣码,网络加速,泛需求,B,55,True,False,True,1,Google Web 联想,雷神加速器,快手样本-加速器品牌,4,1,雷神加速器折扣码,
apex英雄加速器评测,网络加速,泛需求,B,55,True,False,True,1,Bing 中文联想,apex英雄加速器,快手样本-游戏加速,5,1,apex英雄加速器评测,
google vpn下载,VPN核心,下载安装,B,68,True,False,True,1,Google/YouTube 联想,vpn下载,VPN产品,5,1,google vpn下载,
ios vpn客户端,VPN核心,下载安装,B,68,True,False,True,1,Google/YouTube 联想,vpn客户端,VPN产品,5,1,ios vpn客户端,
ios vpn配置,VPN核心,配置排障,B,68,True,False,True,1,Google/YouTube 联想,vpn配置,VPN技术,5,1,ios vpn配置,
ip-vpn方式,VPN核心,代理与IP,B,68,True,False,True,1,Bing 中文联想,独立ip vpn,二级扩展,5,1,ip-vpn方式,
ipsec vpn nat traversal,VPN协议与技术,代理与IP,B,68,True,False,True,1,Google/YouTube 联想,ipsec vpn,VPN协议,5,1,ipsec vpn nat traversal,
ipsec vpn和ssl vpn区别,VPN协议与技术,科普原理,B,68,True,False,True,1,Bing 中文联想,ipsec vpn,VPN协议,5,1,ipsec vpn和ssl vpn区别,
nord vpn安全吗,VPN核心,科普原理,B,68,True,False,True,1,Google Web 联想,vpn安全吗,VPN核心,5,1,nord vpn安全吗,
oblivion vpn连接不上,VPN核心,配置排障,B,68,True,False,True,1,Google/YouTube 联想,vpn连接,VPN技术,5,1,oblivion vpn连接不上,
openvpn mac,VPN协议与技术,泛需求,B,63,False,False,True,1,Google Web 联想,openvpn,VPN协议,5,1,openvpn mac,
openvpn官网,VPN协议与技术,泛需求,B,63,False,False,True,1,Bing 中文联想,openvpn,VPN协议,5,1,openvpn官网,
pioneer vpn安全吗,VPN核心,科普原理,B,68,True,False,True,1,Google/YouTube 联想,vpn安全吗,VPN核心,5,1,pioneer vpn安全吗,
proton vpn for pc功能介绍,VPN核心,泛需求,B,68,True,False,True,1,Bing 中文联想,proton vpn安全吗,二级扩展,5,1,proton vpn for pc功能介绍,
ps5 vpn设置,VPN核心,配置排障,B,68,True,False,True,1,Google/YouTube 联想,vpn设置,VPN技术,5,1,ps5 vpn设置,
radmin vpn原理,VPN核心,科普原理,B,68,True,False,True,1,Google Web 联想,vpn原理,快手样本-VPN科普,5,1,radmin vpn原理,
ssl vpn configuration in fortigate firewall,VPN协议与技术,泛需求,B,68,True,False,True,1,Google/YouTube 联想,ssl vpn,VPN协议,5,1,ssl vpn configuration in fortigate firewall,
sslvpn下载官网,VPN核心,下载安装,B,68,True,False,True,1,Bing 中文联想,ssl vpn,VPN协议,5,1,sslvpn下载官网,
steam游戏加速器免费对比,游戏加速,游戏娱乐,B,55,True,False,True,1,Bing 中文联想,steam游戏加速器,快手样本-游戏加速,5,1,steam游戏加速器免费对比,
thunder vpn电脑版,VPN核心,下载安装,B,68,True,False,True,1,Google Web 联想,vpn电脑版,二级扩展,5,1,thunder vpn电脑版,
"tiktok无网络连接,请连接到互联网",跨境与海外网络,跨境外贸,B,55,True,False,True,1,百度联想,tiktok无网络连接,快手样本-跨境平台,5,1,"tiktok无网络连接,请连接到互联网",
tiktok注册网络不稳定怎么解决,跨境与海外网络,跨境外贸,B,55,True,False,True,1,百度联想,tiktok网络搭建,二级扩展,5,1,tiktok注册网络不稳定怎么解决,
tiktok海外直播网络专线,跨境与海外网络,跨境外贸,B,55,True,False,True,1,Bing 中文联想,海外直播网络,跨境直播,5,1,tiktok海外直播网络专线,
tiktok网络不稳定如何解决,跨境与海外网络,跨境外贸,B,55,True,False,True,1,百度联想,tiktok网络不稳定,二级扩展,5,1,tiktok网络不稳定如何解决,
tiktok网络连接不稳定无法登陆,跨境与海外网络,跨境外贸,B,55,True,False,True,1,百度联想,tiktok网络连接不稳定,二级扩展,5,1,tiktok网络连接不稳定无法登陆,
tt加速器口令,网络加速,泛需求,B,55,True,False,True,1,Bing 中文联想,tt加速器,快手样本-加速器品牌,5,1,tt加速器口令,
vpn 2026年电信速度很慢,VPN核心,泛需求,B,68,True,False,True,1,Bing 中文联想,vpn速度慢,快手样本-VPN排障,5,1,vpn 2026年电信速度很慢,
vpn.na的隐私政策,VPN核心,泛需求,B,68,True,False,True,1,Bing 中文联想,vpn行政处罚,快手样本-VPN法律,5,1,vpn.na的隐私政策,
vpn.必须用,VPN核心,泛需求,B,63,False,False,True,1,Bing 中文联想,vpn法律风险、用vpn会被抓吗,快手样本-VPN法律,5,2,vpn.必须用,
vpn。有什么风险,VPN核心,泛需求,B,68,True,False,True,1,Bing 中文联想,vpn法律风险,快手样本-VPN法律,5,1,vpn。有什么风险,
vpn下载apk,VPN核心,下载安装,B,68,True,False,True,1,Google Web 联想,vpn下载,VPN产品,5,1,vpn 下载 apk,
vpn下载手机,VPN核心,下载安装,B,68,True,False,True,1,Bing 中文联想,vpn下载,VPN产品,5,1,vpn下载手机,
vpn修改协议,VPN协议与技术,科普原理,B,63,False,False,True,1,Bing 中文联想,vpn修改,快手样本-VPN设置,5,1,vpn修改协议,
vpn免费版,VPN核心,泛需求,B,68,True,False,True,1,Bing 中文联想,vpn免费,VPN产品,5,1,vpn免费版,
vpn免费线上,VPN核心,泛需求,B,68,True,False,True,1,Google Web 联想,vpn免费,VPN产品,5,1,vpn 免费 线上,
vpn免费节点教程,VPN核心,配置排障,B,68,True,True,True,1,Bing 中文联想,vpn免费节点,二级扩展,5,1,vpn免费节点教程,
vpn协议有哪些,VPN协议与技术,科普原理,B,68,True,False,True,1,Google Web 联想,vpn协议,VPN技术,5,1,vpn协议有哪些,
vpn协议的定义,VPN协议与技术,科普原理,B,68,True,False,True,1,Bing 中文联想,vpn协议,VPN技术,5,1,vpn协议的定义,
vpn原理和分类,VPN核心,科普原理,B,68,True,False,True,1,Bing 中文联想,vpn原理,快手样本-VPN科普,5,1,vpn原理和分类,
vpn哪个好用又安全,VPN核心,选型购买,B,68,True,False,True,1,Bing 中文联想,vpn哪个好用,二级扩展,5,1,vpn哪个好用又安全,
vpn哪个好稳定,VPN核心,选型购买,B,68,True,False,True,1,Bing 中文联想,vpn哪个好,VPN核心,5,1,vpn哪个好稳定,
vpn如何搭建,VPN核心,配置排障,B,68,True,False,True,1,Google/YouTube 联想,vpn服务器,VPN技术,5,1,vpn如何搭建,
vpn安卓下载最新,VPN核心,下载安装,B,68,True,False,True,1,Bing 中文联想,vpn安卓下载,二级扩展,5,1,vpn安卓下载最新,
vpn安卓免费试用,VPN核心,下载安装,B,68,True,False,True,1,Bing 中文联想,vpn安卓免费,二级扩展,5,1,vpn安卓免费试用,
vpn客户端下载电脑,VPN核心,下载安装,B,68,True,False,True,1,Bing 中文联想,vpn客户端,VPN产品,5,1,vpn客户端下载电脑,
vpn怎么用不了,VPN核心,配置排障,B,68,True,False,True,1,Bing 中文联想,vpn怎么用,VPN核心,5,1,vpn怎么用不了,
vpn怎么选,VPN核心,配置排障,B,68,True,False,True,1,Google/YouTube 联想,vpn哪个好,VPN核心,5,1,vpn怎么选,
vpn手机免费软件,VPN核心,下载安装,B,68,True,False,True,1,Bing 中文联想,vpn手机免费,二级扩展,5,1,vpn手机免费软件,
vpn手机版下载,VPN核心,下载安装,B,68,True,False,True,1,Bing 中文联想,vpn手机,VPN产品,5,1,vpn手机版下载,
vpn手机设定,VPN核心,下载安装,B,63,False,False,True,1,Google Web 联想,vpn手机,VPN产品,5,1,vpn 手机设定,
vpn推荐下载,VPN核心,选型购买,B,68,True,False,True,1,Bing 中文联想,vpn推荐,VPN产品,5,1,vpn推荐下载,
vpn推荐大陆,VPN核心,选型购买,B,68,True,False,True,1,Google/YouTube 联想,vpn推荐,VPN产品,5,1,vpn推荐大陆,
vpn是什么怎么关,VPN核心,配置排障,B,68,True,False,True,1,Google Web 联想,vpn是什么,VPN核心,5,1,vpn 是 什么 怎么 关,
vpn是什么牌子,VPN核心,科普原理,B,68,True,False,True,1,Bing 中文联想,vpn是什么,VPN核心,5,1,vpn是什么牌子,
vpn服务器地址更换,VPN核心,泛需求,B,68,True,False,True,1,Bing 中文联想,vpn服务器地址,二级扩展,5,1,vpn服务器地址更换,
vpn电脑版对比,VPN核心,下载安装,B,68,True,False,True,1,Bing 中文联想,vpn电脑版,二级扩展,5,1,vpn电脑版对比,
vpn节点全部超时,VPN核心,代理与IP,B,68,True,True,True,1,Bing 中文联想,vpn节点、vpn节点超时,VPN技术、快手样本-VPN排障,5,2,vpn节点全部超时,
vpn节点纯净度,VPN核心,代理与IP,B,68,True,True,True,1,Google Web 联想,vpn节点,VPN技术,5,1,vpn节点纯净度,
vpn节点订阅网站,VPN核心,代理与IP,B,68,True,True,True,1,Bing 中文联想,vpn节点订阅,二级扩展,5,1,vpn节点订阅网站,
vpn节点购买攻略,VPN核心,选型购买,B,68,True,True,True,1,Bing 中文联想,vpn节点购买,二级扩展,5,1,vpn节点购买攻略,
vpn苹果手机推荐,VPN核心,选型购买,B,68,True,False,True,1,Bing 中文联想,vpn苹果手机,二级扩展,5,1,vpn苹果手机推荐,
vpn设置流程,VPN核心,配置排障,B,68,True,False,True,1,Bing 中文联想,vpn设置,VPN技术,5,1,vpn设置流程,
vpn路由器对比,VPN核心,泛需求,B,68,True,False,True,1,Bing 中文联想,vpn路由器,VPN技术,5,1,vpn路由器对比,
vpn软件开发,VPN核心,下载安装,B,63,False,False,True,1,Google/YouTube 联想,vpn软件,VPN产品,5,1,vpn软件开发,
vpn软件推荐ios,VPN核心,选型购买,B,68,True,False,True,1,Bing 中文联想,vpn软件推荐,二级扩展,5,1,vpn软件推荐ios,
vpn违法吗如何安全使用vpn,VPN核心,配置排障,B,68,True,False,True,1,Bing 中文联想,vpn违法吗,快手样本-VPN法律,5,1,vpn违法吗 如何安全使用vpn,
vpn连接失败,VPN核心,配置排障,B,68,True,False,True,1,Bing 中文联想,vpn连接,VPN技术,5,1,vpn连接失败,
vpn配置所使用的vpn app尚未安装,VPN核心,配置排障,B,68,True,False,True,1,Google Web 联想,vpn配置,VPN技术,5,1,vpn配置所使用的vpn app尚未安装,
vpn配置文件的位置,VPN核心,配置排障,B,68,True,False,True,1,Bing 中文联想,vpn配置文件,二级扩展,5,1,vpn配置文件的位置,
wireguard openwrt,VPN协议与技术,泛需求,B,63,False,False,True,1,Google/YouTube 联想,wireguard,VPN协议,5,1,wireguard openwrt,
wireguard官网,VPN协议与技术,泛需求,B,63,False,False,True,1,Bing 中文联想,wireguard,VPN协议,5,1,wireguard官网,
下载tiktok后网络无法连接,跨境与海外网络,跨境外贸,B,55,True,False,True,1,Bing 中文联想,tiktok网络无法连接,二级扩展,5,1,下载tiktok后网络无法连接,
为什么tiktok网络无法连接,跨境与海外网络,跨境外贸,B,55,True,False,True,1,百度联想,tiktok网络无法连接,二级扩展,5,1,为什么tiktok网络无法连接,
互联网/跨境电商资讯,跨境与海外网络,跨境外贸,B,55,True,False,True,1,Bing 中文联想,跨境电商网络环境、跨境电商网络环境搭建,二级扩展、快手样本-跨境电商,5,3,互联网/跨境电商资讯,
亚马逊网络服务aws,跨境与海外网络,跨境外贸,B,55,True,False,True,1,Bing 中文联想,亚马逊网络,跨境平台,5,1,亚马逊网络服务 aws,
企业vpn解决方案,企业网络,企业办公,B,68,True,False,True,1,Bing 中文联想,企业vpn,企业办公,5,1,企业vpn解决方案,
便宜好用的vpn推荐,VPN核心,选型购买,B,68,True,False,True,1,Bing 中文联想,vpn推荐便宜,二级扩展,5,1,便宜好用的vpn推荐,
做外贸怎么搭建网络,跨境与海外网络,跨境外贸,B,55,True,False,True,1,Bing 中文联想,外贸网络搭建,二级扩展,5,1,做外贸怎么搭建网络,
免费主机游戏加速器,游戏加速,游戏娱乐,B,55,True,False,True,1,Bing 中文联想,主机游戏加速器,快手样本-游戏加速,5,1,免费主机游戏加速器,
免费加速器下载,网络加速,下载安装,B,55,True,False,True,1,Bing 中文联想,免费加速器,快手样本-加速器,5,1,免费加速器下载,
免费加速器手机,网络加速,下载安装,B,55,True,False,True,1,Google Web 联想,免费加速器,快手样本-加速器,5,1,免费加速器手机,
免费时长加速器,网络加速,泛需求,B,55,True,False,True,1,Bing 中文联想,加速器免费时长,快手样本-加速器,5,1,免费时长加速器,
加速器排行榜前十名,网络加速,泛需求,B,55,True,False,True,1,Bing 中文联想,加速器排行榜,快手样本-加速器,5,1,加速器排行榜前十名,
原神国际服加速器,网络加速,泛需求,B,55,True,False,True,1,Bing 中文联想,国际服加速器,快手样本-游戏加速,5,1,原神国际服加速器,
和平精英加速器推荐,网络加速,选型购买,B,55,True,False,True,1,Bing 中文联想,和平精英加速器,快手样本-游戏加速,5,1,和平精英加速器推荐,
回国vpn推荐,VPN核心,选型购买,B,68,True,False,True,1,Google/YouTube 联想,回国加速器,跨境网络,5,1,回国vpn推荐,
国内手机怎么连接跨境网络,跨境与海外网络,跨境外贸,B,55,True,False,True,1,百度联想,跨境网络,跨境外贸,5,1,国内手机怎么连接跨境网络,
国际专线多少钱,跨境与海外网络,跨境外贸,B,55,True,False,True,1,百度联想,国际专线,跨境外贸,5,1,国际专线多少钱,
国际专线网络价格,跨境与海外网络,跨境外贸,B,55,True,False,True,1,Bing 中文联想,国际专线,跨境外贸,5,1,国际专线网络价格,
国际专线英文,跨境与海外网络,跨境外贸,B,55,True,False,True,1,Google Web 联想,国际专线,跨境外贸,5,1,国际专线 英文,
外贸网络代理,跨境与海外网络,跨境外贸,B,55,True,False,True,1,百度联想,外贸网络,跨境外贸,5,1,外贸网络代理,
外贸网络搭建方案,跨境与海外网络,跨境外贸,B,55,True,False,True,1,百度联想,外贸网络搭建,二级扩展,5,1,外贸网络搭建方案,
外贸网络节点,跨境与海外网络,跨境外贸,B,55,True,True,True,1,Bing 中文联想,外贸网络,跨境外贸,5,1,外贸网络节点,
奇游加速器、苹果版,网络加速,下载安装,B,55,True,False,True,1,Bing 中文联想,ios加速器测评,快手样本-加速器,5,1,奇游加速器、苹果版,
奇游手游加速器官网正版下载,游戏加速,下载安装,B,55,True,False,True,1,Bing 中文联想,奇游手游加速器,快手样本-加速器品牌,5,1,奇游手游加速器官网正版下载,
如何在路由器上设置vpn,VPN核心,配置排障,B,68,True,False,True,1,Bing 中文联想,vpn路由器设置,二级扩展,5,1,如何在路由器上设置vpn,
如何搭建tiktok专线网络,跨境与海外网络,跨境外贸,B,55,True,False,True,1,Bing 中文联想,tiktok网络搭建,二级扩展,5,1,如何搭建tiktok专线网络,
安卓手机连接vpn后无法上网,VPN核心,配置排障,B,68,True,False,True,1,Bing 中文联想,vpn连接后无法上网,二级扩展,5,1,安卓手机连接vpn后无法上网,
对峙2需要加速器吗,网络加速,泛需求,B,55,True,False,True,1,Bing 中文联想,对峙2加速器,快手样本-游戏加速,5,1,对峙2需要加速器吗,
小米应用商店海外版,跨境与海外网络,跨境外贸,B,55,True,False,True,1,Bing 中文联想,海外应用商店,快手样本-海外访问,5,1,小米应用商店海外版,
快喵vpn安全吗,VPN核心,科普原理,B,68,True,False,True,1,Bing 中文联想,vpn安全吗,VPN核心,5,1,快喵vpn安全吗,
手机vpn设置步骤,VPN核心,配置排障,B,68,True,False,True,1,Bing 中文联想,手机vpn设置,快手样本-VPN设置,5,1,手机vpn设置步骤,
手机游戏加速器永久免费版,游戏加速,下载安装,B,55,True,False,True,1,Bing 中文联想,手机游戏加速器,快手样本-游戏加速,5,1,手机游戏加速器永久免费版,
手游加速器全局,游戏加速,游戏娱乐,B,55,True,False,True,1,Bing 中文联想,手游加速器,快手样本-游戏加速,5,1,手游加速器全局,
挂了梯子tiktok无网络连接怎么办,跨境与海外网络,跨境外贸,B,55,True,True,True,1,Bing 中文联想,tiktok无网络连接怎么办,二级扩展,5,1,挂了梯子tiktok无网络连接怎么办,
搭建ipsec vpn,VPN协议与技术,配置排障,B,68,True,False,True,1,Bing 中文联想,ipsec vpn搭建,二级扩展,5,1,搭建ipsec vpn,
无需加速器的联机游戏,游戏加速,游戏娱乐,B,55,True,False,True,1,Bing 中文联想,联机游戏加速器,快手样本-游戏加速,5,1,无需加速器的联机游戏,
海外app store下载,跨境与海外网络,跨境外贸,B,55,True,False,True,1,Bing 中文联想,海外app下载,快手样本-海外访问,5,1,海外app store下载,
海外app下载商店,跨境与海外网络,跨境外贸,B,55,True,False,True,1,百度联想,海外app下载,快手样本-海外访问,5,1,海外APP下载商店,
海外iphoneid注册,跨境与海外网络,跨境外贸,B,55,True,False,True,1,百度联想,海外iphone,二级扩展,5,1,海外iphoneid注册,
海外iphone買取,跨境与海外网络,跨境外贸,B,55,True,False,True,1,Bing 中文联想,海外iphone,二级扩展,5,1,海外iphone 買取,
海外专线电视剧免费播放,跨境与海外网络,跨境外贸,B,55,True,False,True,1,百度联想,海外专线,跨境外贸,5,1,海外专线电视剧免费播放,
海外专线网络,跨境与海外网络,跨境外贸,B,55,True,False,True,1,Bing 中文联想,海外专线,跨境外贸,5,1,海外专线网络,
海外留学生网的服务内容,跨境与海外网络,跨境外贸,B,55,True,False,True,1,百度联想,海外留学生网络卡顿,快手样本-海外访问,5,1,海外留学生网的服务内容,
海外直播网络怎么弄,跨境与海外网络,跨境外贸,B,55,True,False,True,1,百度联想,海外直播网络,跨境直播,5,1,海外直播网络怎么弄,
海外软件下载排行榜,跨境与海外网络,跨境外贸,B,55,True,False,True,1,百度联想,海外软件下载,快手样本-海外访问,5,1,海外软件下载排行榜,
海外软件下载网站,跨境与海外网络,跨境外贸,B,55,True,False,True,1,Bing 中文联想,海外软件下载,快手样本-海外访问,5,1,海外软件下载网站,
游戏加速器下载手机版,游戏加速,下载安装,B,55,True,False,True,1,Bing 中文联想,游戏加速器下载,快手样本-加速器,5,1,游戏加速器下载手机版,
游戏加速器哪个好不卡顿,游戏加速,选型购买,B,55,True,False,True,1,Bing 中文联想,加速器卡顿,快手样本-加速器,5,1,游戏加速器哪个好不卡顿,
游戏加速器排行榜,游戏加速,游戏娱乐,B,55,True,False,True,1,Bing 中文联想,游戏加速器,游戏加速,5,1,游戏加速器排行榜,
游戏加速器推荐高速,游戏加速,选型购买,B,55,True,False,True,1,Bing 中文联想,游戏加速器推荐,快手样本-加速器,5,1,游戏加速器推荐高速,
火箭加速器免费,网络加速,泛需求,B,55,True,False,True,1,Bing 中文联想,火箭加速器,快手样本-加速器品牌,5,1,火箭加速器免费,
球球大作战加速器安卓,网络加速,下载安装,B,55,True,False,True,1,Bing 中文联想,球球大作战加速器,快手样本-游戏加速,5,1,球球大作战加速器安卓,
电脑游戏加速器哪个最好用,游戏加速,选型购买,B,55,True,False,True,1,Bing 中文联想,电脑游戏加速器,快手样本-游戏加速,5,1,电脑游戏加速器哪个最好用,
网络加速器推荐,网络加速,选型购买,B,55,True,False,True,1,Bing 中文联想,网络加速、网络加速器,二级扩展、网络加速,5,3,网络加速器推荐,
翻墙不干坏事会被抓吗,VPN核心,泛需求,B,68,True,True,True,1,Bing 中文联想,翻墙会被抓吗,快手样本-VPN法律,5,1,翻墙不干坏事会被抓吗,
翻墙后看什么,VPN核心,泛需求,B,68,True,True,True,1,Google Web 联想,翻墙,快手样本-关联表达,5,1,翻墙后看什么,
翻墙的梯子和vpn的区别,VPN核心,科普原理,B,68,True,True,True,1,Bing 中文联想,vpn和翻墙的区别,快手样本-VPN科普,5,1,翻墙的梯子和vpn的区别,
翻墙软件小猫,VPN核心,下载安装,B,68,True,True,True,1,Bing 中文联想,翻墙,快手样本-关联表达,5,1,翻墙软件 小猫,
翻墙违法吗翻墙的历史和现状,VPN核心,泛需求,B,68,True,True,True,1,Bing 中文联想,翻墙违法吗,快手样本-VPN法律,5,1,翻墙违法吗 翻墙的历史和现状,
腾讯云服务器vpn推荐,VPN核心,选型购买,B,68,True,False,True,1,Bing 中文联想,vpn服务器推荐,二级扩展,5,1,腾讯云服务器vpn推荐,
苹果手机vpn设置最佳方案,VPN核心,配置排障,B,68,True,False,True,1,Bing 中文联想,苹果手机vpn设置,快手样本-VPN设置,5,1,苹果手机vpn设置最佳方案,
虚拟专用网络ip地址,VPN核心,代理与IP,B,68,True,False,True,1,百度联想,虚拟专用网络,VPN核心,5,1,虚拟专用网络ip地址,
虚拟专用网络优势,VPN核心,泛需求,B,68,True,False,True,1,Bing 中文联想,虚拟专用网络,VPN核心,5,1,虚拟专用网络优势,
虚拟私人网络下载安装,VPN核心,下载安装,B,68,True,False,True,1,Bing 中文联想,虚拟私人网络,VPN核心,5,1,虚拟私人网络下载安装,
虚拟私人网络付费使用法规,VPN核心,泛需求,B,68,True,False,True,1,百度联想,虚拟私人网络,VPN核心,5,1,虚拟私人网络付费使用法规,
访问外网加速器推荐,网络加速,选型购买,B,55,True,False,True,1,Bing 中文联想,访问外网,快手样本-关联表达,5,1,访问外网加速器推荐,
跨境专线中继服务,跨境与海外网络,跨境外贸,B,55,True,False,True,1,Google Web 联想,跨境专线,跨境外贸,5,1,跨境专线中继服务,
跨境专线多少钱,跨境与海外网络,跨境外贸,B,55,True,False,True,1,百度联想,跨境专线,跨境外贸,5,1,跨境专线多少钱,
跨境电商2.0,跨境与海外网络,跨境外贸,B,55,True,False,True,1,Bing 中文联想,跨境电商网络环境、跨境电商网络环境搭建,二级扩展、快手样本-跨境电商,5,3,跨境电商2.0,
跨境电商平台建设步骤,跨境与海外网络,跨境外贸,B,55,True,False,True,1,百度联想,跨境电商网络环境搭建,二级扩展、快手样本-跨境电商,5,2,跨境电商平台建设步骤,
跨境电商网络服务商,跨境与海外网络,跨境外贸,B,55,True,False,True,1,Bing 中文联想,跨境网络服务商,二级扩展,5,1,跨境电商网络服务商,
跨境电商网络环境服务商有哪些,跨境与海外网络,跨境外贸,B,55,True,False,True,1,百度联想,跨境电商网络环境,快手样本-跨境电商,5,1,跨境电商网络环境服务商有哪些,
跨境电商网络直播带货的机遇与挑战,跨境与海外网络,跨境外贸,B,55,True,False,True,1,Bing 中文联想,跨境直播网络,跨境直播,5,1,跨境电商网络直播带货的机遇与挑战,
跨境直播网络用什么设备,跨境与海外网络,跨境外贸,B,55,True,False,True,1,百度联想,跨境直播网络,跨境直播,5,1,跨境直播网络用什么设备,
跨境网络搭建费用,跨境与海外网络,跨境外贸,B,55,True,False,True,1,百度联想,跨境网络搭建,二级扩展,5,1,跨境网络搭建费用,
跨境网络服务商是指,跨境与海外网络,跨境外贸,B,55,True,False,True,1,百度联想,跨境网络服务商,二级扩展,5,1,跨境网络服务商是指,
路由器vpn设置推荐软件,VPN核心,配置排障,B,68,True,False,True,1,Bing 中文联想,vpn路由器推荐,二级扩展,5,1,路由器vpn设置推荐软件,
迅游加速器价格测评,网络加速,选型购买,B,55,True,False,True,1,Bing 中文联想,加速器测评,快手样本-加速器,5,1,迅游加速器价格测评,
迅游加速器官网首页电脑版,网络加速,下载安装,B,55,True,False,True,1,Bing 中文联想,迅游加速器,快手样本-加速器品牌,5,1,迅游加速器官网首页电脑版,
逆水寒手游加速器推荐,游戏加速,选型购买,B,55,True,False,True,1,Bing 中文联想,手游加速器推荐,二级扩展,5,1,逆水寒手游加速器推荐,
雷神加速器cdk,网络加速,泛需求,B,55,True,False,True,1,Bing 中文联想,雷神加速器,快手样本-加速器品牌,5,1,雷神加速器cdk,
雷神加速器延迟高,网络加速,泛需求,B,55,True,False,True,1,Bing 中文联想,加速器延迟高,快手样本-加速器,5,1,雷神加速器延迟高,
雷神加速器自动暂停,网络加速,泛需求,B,55,True,False,True,1,Google Web 联想,雷神加速器,快手样本-加速器品牌,5,1,雷神加速器自动暂停,
1111 vpn连接不上,VPN核心,配置排障,B,67,True,False,True,1,Google/YouTube 联想,vpn连接,VPN技术,6,1,1111 vpn连接不上,
apex开了加速器延迟还是高,网络加速,泛需求,B,55,True,False,True,1,Bing 中文联想,加速器延迟高,快手样本-加速器,6,1,apex开了加速器延迟还是高,
apex英雄加速器怎么用,网络加速,配置排障,B,55,True,False,True,1,Bing 中文联想,apex英雄加速器,快手样本-游戏加速,6,1,apex英雄加速器怎么用,
astrill vpn下载,VPN核心,下载安装,B,67,True,False,True,1,Google/YouTube 联想,vpn下载,VPN产品,6,1,astrill vpn下载,
clash vpn怎么用,VPN核心,配置排障,B,67,True,False,True,1,Google/YouTube 联想,vpn怎么用,VPN核心,6,1,clash vpn怎么用,
ip-vpn是什么,VPN核心,科普原理,B,67,True,False,True,1,Bing 中文联想,vpn和翻墙的区别,快手样本-VPN科普,6,1,ip-vpn是什么,
ipsec vpn explained,VPN协议与技术,代理与IP,B,67,True,False,True,1,Google/YouTube 联想,ipsec vpn,VPN协议,6,1,ipsec vpn explained,
l2tp ipsec vpn搭建,VPN协议与技术,配置排障,B,67,True,False,True,1,Bing 中文联想,ipsec vpn搭建,二级扩展,6,1,l2tp ipsec vpn搭建,
leaf vpn配置,VPN核心,配置排障,B,67,True,False,True,1,Google/YouTube 联想,vpn配置,VPN技术,6,1,leaf vpn配置,
mpls vpn原理,VPN核心,科普原理,B,67,True,False,True,1,Google Web 联想,vpn原理,快手样本-VPN科普,6,1,mpls vpn原理,
nord vpn推荐服务器,VPN核心,选型购买,B,67,True,False,True,1,Bing 中文联想,vpn服务器推荐,二级扩展,6,1,nord vpn推荐服务器,
openvpn openwrt,VPN协议与技术,泛需求,B,62,False,False,True,1,Google/YouTube 联想,openvpn,VPN协议,6,1,openvpn openwrt,
openvpn官网地址,VPN协议与技术,泛需求,B,62,False,False,True,1,Bing 中文联想,openvpn,VPN协议,6,1,openvpn官网地址,
openwrt vpn服务器,VPN核心,泛需求,B,67,True,False,True,1,Google/YouTube 联想,vpn服务器,VPN技术,6,1,openwrt vpn服务器,
proton vpn‌下载,VPN核心,下载安装,B,67,True,False,True,1,Bing 中文联想,proton vpn安全吗,二级扩展,6,1,proton vpn‌下载,
pubg加速器选哪个区服,网络加速,泛需求,B,55,True,False,True,1,Bing 中文联想,pubg加速器,快手样本-游戏加速,6,1,pubg加速器选哪个区服,
radmin vpn怎么用,VPN核心,配置排障,B,67,True,False,True,1,Google Web 联想,vpn怎么用,VPN核心,6,1,radmin vpn怎么用,
ssl vpn connection is down forticlient,VPN协议与技术,泛需求,B,67,True,False,True,1,Google/YouTube 联想,ssl vpn,VPN协议,6,1,ssl vpn connection is down forticlient,
ssl vpn客户端下载,VPN协议与技术,下载安装,B,67,True,False,True,1,Bing 中文联想,ssl vpn,VPN协议,6,1,ssl vpn客户端下载,
steam游戏加速器免费试用,游戏加速,游戏娱乐,B,55,True,False,True,1,Bing 中文联想,steam游戏加速器,快手样本-游戏加速,6,1,steam游戏加速器免费试用,
surfshark vpn电脑版,VPN核心,下载安装,B,67,True,False,True,1,Google Web 联想,vpn电脑版,二级扩展,6,1,surfshark vpn电脑版,
thunder vpn安全吗,VPN核心,科普原理,B,67,True,False,True,1,Google Web 联想,vpn安全吗,VPN核心,6,1,thunder vpn安全吗,
tt加速器下载,网络加速,下载安装,B,55,True,False,True,1,Bing 中文联想,tt加速器,快手样本-加速器品牌,6,1,tt加速器下载,
vpn ip-vpn,VPN核心,代理与IP,B,67,True,False,True,1,Bing 中文联想,独立ip vpn,二级扩展,6,1,vpn ip-vpn,
vpn下载windows,VPN核心,下载安装,B,67,True,False,True,1,Google Web 联想,vpn下载,VPN产品,6,1,vpn 下载 windows,
vpn下载推荐,VPN核心,选型购买,B,67,True,False,True,1,Bing 中文联想,vpn下载,VPN产品,6,1,vpn下载推荐,
vpn下载速度慢,VPN核心,下载安装,B,67,True,False,True,1,Bing 中文联想,vpn速度慢,快手样本-VPN排障,6,1,vpn下载速度慢,
vpn便宜推荐,VPN核心,选型购买,B,67,True,False,True,1,Bing 中文联想,vpn推荐便宜,二级扩展,6,1,vpn便宜推荐,
vpn修改流量,VPN核心,泛需求,B,62,False,False,True,1,Bing 中文联想,vpn修改,快手样本-VPN设置,6,1,vpn修改流量,
vpn免费台湾,VPN核心,泛需求,B,67,True,False,True,1,Google Web 联想,vpn免费,VPN产品,6,1,vpn 免费 台湾,
vpn免费节点测试,VPN核心,代理与IP,B,67,True,True,True,1,Bing 中文联想,vpn免费节点,二级扩展,6,1,vpn免费节点测试,
vpn协议的性能,VPN协议与技术,科普原理,B,67,True,False,True,1,Bing 中文联想,vpn协议,VPN技术,6,1,vpn协议的性能,
vpn原理和协议,VPN协议与技术,科普原理,B,67,True,False,True,1,Bing 中文联想,vpn原理,快手样本-VPN科普,6,1,vpn原理和协议,
vpn哪个好下载,VPN核心,选型购买,B,67,True,False,True,1,Bing 中文联想,vpn哪个好,VPN核心,6,1,vpn哪个好下载,
vpn哪个好用又稳定,VPN核心,选型购买,B,67,True,False,True,1,Bing 中文联想,vpn哪个好用,二级扩展,6,1,vpn哪个好用又稳定,
vpn安卓免费软件,VPN核心,下载安装,B,67,True,False,True,1,Bing 中文联想,vpn安卓免费,二级扩展,6,1,vpn安卓免费软件,
vpn客户端安装,VPN核心,下载安装,B,67,True,False,True,1,Bing 中文联想,vpn客户端,VPN产品,6,1,vpn客户端安装,
vpn怎么用游戏,游戏加速,配置排障,B,57,True,False,True,1,Bing 中文联想,vpn怎么用,VPN核心,6,1,vpn怎么用游戏,
vpn所有节点超时,VPN核心,代理与IP,B,67,True,True,True,1,Bing 中文联想,vpn节点超时,快手样本-VPN排障,6,1,vpn所有节点超时,
vpn手机端,VPN核心,下载安装,B,62,False,False,True,1,Bing 中文联想,vpn手机,VPN产品,6,1,vpn手机端,
vpn推荐2025,VPN核心,选型购买,B,67,True,False,True,1,Google/YouTube 联想,vpn推荐,VPN产品,6,1,vpn推荐2025,
vpn是什么、有什么风险,VPN核心,科普原理,B,67,True,False,True,1,Bing 中文联想,vpn和翻墙的区别、vpn法律风险,快手样本-VPN法律、快手样本-VPN科普,6,2,vpn是什么、有什么风险,
vpn是什么品牌,VPN核心,科普原理,B,67,True,False,True,1,Bing 中文联想,vpn是什么,VPN核心,6,1,vpn是什么品牌,
vpn服务器免费,VPN核心,泛需求,B,67,True,False,True,1,Google Web 联想,vpn服务器,VPN技术,6,1,vpn 服务器 免费,
vpn服务器地址更新,VPN核心,泛需求,B,67,True,False,True,1,Bing 中文联想,vpn服务器地址,二级扩展,6,1,vpn服务器地址更新,
vpn节点二维码,VPN核心,代理与IP,B,67,True,True,True,1,Google/YouTube 联想,vpn节点,VPN技术,6,1,vpn节点二维码,
vpn节点订阅推荐,VPN核心,选型购买,B,67,True,True,True,1,Bing 中文联想,vpn节点订阅,二级扩展,6,1,vpn节点订阅推荐,
vpn节点购买教程,VPN核心,配置排障,B,67,True,True,True,1,Bing 中文联想,vpn节点购买,二级扩展,6,1,vpn节点购买教程,
vpn苹果手机版,VPN核心,下载安装,B,67,True,False,True,1,Bing 中文联想,vpn苹果手机,二级扩展,6,1,vpn苹果手机版,
vpn苹果教程,VPN核心,配置排障,B,67,True,False,True,1,Bing 中文联想,vpn苹果,VPN产品,6,1,vpn苹果教程,
vpn虚拟私人网络,VPN核心,泛需求,B,67,True,False,True,1,Bing 中文联想,虚拟私人网络,VPN核心,6,1,vpn虚拟私人网络,
vpn设置安卓,VPN核心,配置排障,B,67,True,False,True,1,Bing 中文联想,vpn设置,VPN技术,6,1,vpn设置安卓,
vpn软件排名,VPN核心,下载安装,B,62,False,False,True,1,Google Web 联想,vpn软件,VPN产品,6,1,vpn软件排名,
vpn软件排行,VPN核心,下载安装,B,62,False,False,True,1,Bing 中文联想,vpn软件,VPN产品,6,1,vpn软件排行,
vpn软件推荐mac,VPN核心,选型购买,B,67,True,False,True,1,Bing 中文联想,vpn软件推荐,二级扩展,6,1,vpn软件推荐mac,
vpn违法吗vpn的合法用途和风险,VPN核心,泛需求,B,67,True,False,True,1,Bing 中文联想,vpn违法吗,快手样本-VPN法律,6,1,vpn违法吗 vpn的合法用途和风险,
vpn配置文件的作用,VPN核心,配置排障,B,67,True,False,True,1,Bing 中文联想,vpn配置文件,二级扩展,6,1,vpn配置文件的作用,
windows vpn设置,VPN核心,配置排障,B,67,True,False,True,1,Google/YouTube 联想,vpn设置,VPN技术,6,1,windows vpn设置,
wireguard翻墙,VPN协议与技术,泛需求,B,62,False,True,True,1,Google/YouTube 联想,wireguard,VPN协议,6,1,wireguard 翻墙,
不用加速器的联机游戏,游戏加速,游戏娱乐,B,55,True,False,True,1,Bing 中文联想,联机游戏加速器,快手样本-游戏加速,6,1,不用加速器的联机游戏,
为了安全通常把vpn放在后面,VPN核心,泛需求,B,67,True,False,True,1,Bing 中文联想,vpn行政处罚、用vpn会被抓吗,快手样本-VPN法律,6,2,为了安全 通常把vpn 放在 后面,
企业vpn的优势,企业网络,企业办公,B,67,True,False,True,1,Bing 中文联想,企业vpn,企业办公,6,1,企业vpn的优势,
免费vpn回国,VPN核心,泛需求,B,67,True,False,True,1,Google/YouTube 联想,回国加速器,跨境网络,6,1,免费vpn回国,
免费加速器推荐,网络加速,选型购买,B,55,True,False,True,1,Bing 中文联想,免费加速器,快手样本-加速器,6,1,免费加速器推荐,
免费加速器测评,网络加速,泛需求,B,55,True,False,True,1,Bing 中文联想,加速器测评,快手样本-加速器,6,1,免费加速器测评,
免费加速器试用,网络加速,泛需求,B,55,True,False,True,1,Google Web 联想,免费加速器,快手样本-加速器,6,1,免费加速器试用,
免费手游加速器推荐,游戏加速,选型购买,B,55,True,False,True,1,Bing 中文联想,手游加速器推荐,二级扩展,6,1,免费手游加速器推荐,
加速器排行榜网站,网络加速,泛需求,B,55,True,False,True,1,Bing 中文联想,加速器排行榜,快手样本-加速器,6,1,加速器排行榜网站,
和平精英加速器哪个好,网络加速,选型购买,B,55,True,False,True,1,Bing 中文联想,和平精英加速器,快手样本-游戏加速,6,1,和平精英加速器哪个好,
国际网络加速器免费,网络加速,泛需求,B,55,True,False,True,1,Bing 中文联想,国际网络加速,跨境外贸,6,1,国际网络加速器免费,
奇游手游加速器下载官网,游戏加速,下载安装,B,55,True,False,True,1,Bing 中文联想,奇游手游加速器,快手样本-加速器品牌,6,1,奇游手游加速器下载官网,
好用的、vpn,VPN核心,选型购买,B,62,False,False,True,1,Bing 中文联想,vpn法律风险、用vpn会被抓吗,快手样本-VPN法律,6,2,好用的、vpn,
安卓vpn下载,VPN核心,下载安装,B,67,True,False,True,1,Bing 中文联想,vpn安卓下载,二级扩展,6,1,安卓vpn下载,
对峙2用什么加速器,网络加速,泛需求,B,55,True,False,True,1,Bing 中文联想,对峙2加速器,快手样本-游戏加速,6,1,对峙2用什么加速器,
小牛加速器可以解决卡顿,网络加速,泛需求,B,55,True,False,True,1,Bing 中文联想,加速器卡顿,快手样本-加速器,6,1,小牛加速器可以解决卡顿,
小米路由器设置vpn,VPN核心,配置排障,B,67,True,False,True,1,Bing 中文联想,vpn路由器设置,二级扩展,6,1,小米路由器设置vpn,
手机vpn设置视频,VPN核心,配置排障,B,67,True,False,True,1,Bing 中文联想,手机vpn设置,快手样本-VPN设置,6,1,手机vpn设置视频,
手机游戏加速器下载,游戏加速,下载安装,B,55,True,False,True,1,Bing 中文联想,手机游戏加速器,快手样本-游戏加速,6,1,手机游戏加速器下载,
手游加速器免费对比,游戏加速,游戏娱乐,B,55,True,False,True,1,Bing 中文联想,手游加速器,快手样本-游戏加速,6,1,手游加速器免费对比,
手游加速器巴哈,游戏加速,游戏娱乐,B,55,True,False,True,1,Google Web 联想,手游加速器,快手样本-游戏加速,6,1,手游加速器 巴哈,
游戏加速器下载排行榜,游戏加速,下载安装,B,55,True,False,True,1,Bing 中文联想,游戏加速器下载,快手样本-加速器,6,1,游戏加速器下载排行榜,
游戏加速器原理,游戏加速,科普原理,B,55,True,False,True,1,Bing 中文联想,游戏加速器,游戏加速,6,1,游戏加速器原理,
游戏加速器推荐优惠券,游戏加速,选型购买,B,55,True,False,True,1,Bing 中文联想,游戏加速器推荐,快手样本-加速器,6,1,游戏加速器推荐优惠券,
游戏加速器有用吗,游戏加速,游戏娱乐,B,55,True,False,True,1,Google Web 联想,游戏加速器,游戏加速,6,1,游戏加速器有用吗,
火箭加速器电脑版,网络加速,下载安装,B,55,True,False,True,1,Bing 中文联想,火箭加速器,快手样本-加速器品牌,6,1,火箭加速器电脑版,
球球大作战加速器吐球下载,网络加速,下载安装,B,55,True,False,True,1,Bing 中文联想,球球大作战加速器,快手样本-游戏加速,6,1,球球大作战加速器吐球下载,
电脑游戏加速器排行榜,游戏加速,下载安装,B,55,True,False,True,1,Bing 中文联想,电脑游戏加速器,快手样本-游戏加速,6,1,电脑游戏加速器排行榜,
翻墙路由器,VPN核心,泛需求,B,67,True,True,True,1,Google/YouTube 联想,翻墙,快手样本-关联表达,6,1,翻墙路由器,
翻墙软件和vpn的关系,VPN核心,下载安装,B,67,True,True,True,1,Bing 中文联想,翻墙,快手样本-关联表达,6,1,翻墙软件和vpn的关系,
翻墙违法吗翻墙的未来和展望,VPN核心,泛需求,B,67,True,True,True,1,Bing 中文联想,翻墙违法吗,快手样本-VPN法律,6,1,翻墙违法吗 翻墙的未来和展望,
苹果手机vpn设置注意事项,VPN核心,配置排障,B,67,True,False,True,1,Bing 中文联想,苹果手机vpn设置,快手样本-VPN设置,6,1,苹果手机vpn设置注意事项,
虚拟专用网络比较,VPN核心,泛需求,B,67,True,False,True,1,Bing 中文联想,虚拟专用网络,VPN核心,6,1,虚拟专用网络比较,
虚拟专用网络的主要作用是什么,VPN核心,科普原理,B,67,True,False,True,1,百度联想,虚拟专用网络,VPN核心,6,1,虚拟专用网络的主要作用是什么,
虚拟私人网络服务,VPN核心,泛需求,B,67,True,False,True,1,百度联想,虚拟私人网络,VPN核心,6,1,虚拟私人网络服务,
路由器挂vpn的推荐软件,VPN核心,选型购买,B,67,True,False,True,1,Bing 中文联想,vpn路由器推荐,二级扩展,6,1,路由器挂vpn的推荐软件,
迅游加速器官网下载,网络加速,下载安装,B,55,True,False,True,1,Bing 中文联想,迅游加速器,快手样本-加速器品牌,6,1,迅游加速器官网下载,
连接vpn后无法上网如何修复,VPN核心,配置排障,B,67,True,False,True,1,Bing 中文联想,vpn连接后无法上网,二级扩展,6,1,连接vpn后无法上网如何修复,
雷神加速器switch,网络加速,泛需求,B,55,True,False,True,1,Google Web 联想,雷神加速器,快手样本-加速器品牌,6,1,雷神加速器 switch,
雷神加速器免费时长cdk,网络加速,泛需求,B,55,True,False,True,1,Bing 中文联想,加速器免费时长,快手样本-加速器,6,1,雷神加速器免费时长cdk,
雷神加速器官网,网络加速,泛需求,B,55,True,False,True,1,Bing 中文联想,雷神加速器,快手样本-加速器品牌,6,1,雷神加速器 官网,
雷神加速器怎么加速主机游戏,游戏加速,配置排障,B,55,True,False,True,1,Bing 中文联想,主机游戏加速器,快手样本-游戏加速,6,1,雷神加速器怎么加速主机游戏,
鸣潮国际服加速器,网络加速,泛需求,B,55,True,False,True,1,Bing 中文联想,国际服加速器,快手样本-游戏加速,6,1,鸣潮国际服加速器,
ak加速器免费时长,网络加速,泛需求,B,55,True,False,True,1,Bing 中文联想,加速器免费时长,快手样本-加速器,7,1,ak加速器免费时长,
dnf韩服手游加速器推荐,游戏加速,选型购买,B,55,True,False,True,1,Bing 中文联想,手游加速器推荐,二级扩展,7,1,dnf韩服手游加速器推荐,
github.io加速器,网络加速,泛需求,B,55,True,False,True,1,Bing 中文联想,ios加速器测评,快手样本-加速器,7,1,github.io加速器,
ikev2 ipsec vpn搭建,VPN协议与技术,配置排障,B,66,True,False,True,1,Bing 中文联想,ipsec vpn搭建,二级扩展,7,1,ikev2 ipsec vpn搭建,
ios vpn怎么用,VPN核心,配置排障,B,66,True,False,True,1,Google Web 联想,vpn怎么用,VPN核心,7,1,ios vpn怎么用,
ipsec vpn configuration,VPN协议与技术,代理与IP,B,66,True,False,True,1,Google/YouTube 联想,ipsec vpn,VPN协议,7,1,ipsec vpn configuration,
openvpn安卓下载,VPN协议与技术,下载安装,B,66,True,False,True,1,Google Web 联想,openvpn,VPN协议,7,1,openvpn 安卓 下载,
openvpn教程,VPN协议与技术,配置排障,B,66,True,False,True,1,Google/YouTube 联想,openvpn,VPN协议,7,1,openvpn教程,
proton vpn电脑版,VPN核心,下载安装,B,66,True,False,True,1,Google Web 联想,vpn电脑版,二级扩展,7,1,proton vpn电脑版,
protonvpn下载,VPN核心,下载安装,B,66,True,False,True,1,Google/YouTube 联想,vpn下载,VPN产品,7,1,protonvpn下载,
protonvpn连接不上,VPN核心,配置排障,B,66,True,False,True,1,Google/YouTube 联想,vpn连接,VPN技术,7,1,protonvpn连接不上,
pubg加速器免费版哪个好,网络加速,选型购买,B,55,True,False,True,1,Bing 中文联想,pubg加速器,快手样本-游戏加速,7,1,pubg加速器免费版哪个好,
ssl vpn fortigate شرح,VPN协议与技术,泛需求,B,66,True,False,True,1,Google/YouTube 联想,ssl vpn,VPN协议,7,1,ssl vpn fortigate شرح,
ssl vpn ipsec vpn比较,VPN协议与技术,代理与IP,B,66,True,False,True,1,Google Web 联想,ssl vpn,VPN协议,7,1,ssl vpn ipsec vpn 比较,
ssl vpn诊断修复工具,VPN协议与技术,泛需求,B,66,True,False,True,1,Bing 中文联想,ssl vpn,VPN协议,7,1,ssl vpn诊断修复工具,
steam游戏加速器推荐免费,游戏加速,选型购买,B,55,True,False,True,1,Bing 中文联想,steam游戏加速器,快手样本-游戏加速,7,1,steam游戏加速器推荐免费,
urban vpn安全吗,VPN核心,科普原理,B,66,True,False,True,1,Google Web 联想,vpn安全吗,VPN核心,7,1,urban vpn安全吗,
uu加速器云游戏主机版,游戏加速,游戏娱乐,B,55,True,False,True,1,Bing 中文联想,主机游戏加速器,快手样本-游戏加速,7,1,uu加速器云游戏主机版,
vpn.必须的原因,VPN核心,泛需求,B,66,True,False,True,1,Bing 中文联想,vpn法律风险、用vpn会被抓吗,快手样本-VPN法律,7,2,vpn.必须的原因,
vpngate,VPN核心,泛需求,B,61,False,False,True,1,Google Web 联想,vpn,VPN核心,7,1,vpngate,
vpn下载安装,VPN核心,下载安装,B,66,True,False,True,1,Bing 中文联想,vpn下载,VPN产品,7,1,vpn下载安装,
vpn修改规则,VPN核心,泛需求,B,61,False,False,True,1,Bing 中文联想,vpn修改,快手样本-VPN设置,7,1,vpn修改规则,
vpn免费搭建,VPN核心,配置排障,B,66,True,False,True,1,Google/YouTube 联想,vpn免费,VPN产品,7,1,vpn免费搭建,
vpn免费梯子,VPN核心,泛需求,B,66,True,True,True,1,Bing 中文联想,vpn免费,VPN产品,7,1,vpn免费梯子,
vpn免费节点获取,VPN核心,代理与IP,B,66,True,True,True,1,Bing 中文联想,vpn免费节点,二级扩展,7,1,vpn免费节点获取,
vpn协议的比较,VPN协议与技术,科普原理,B,66,True,False,True,1,Bing 中文联想,vpn协议,VPN技术,7,1,vpn协议的比较,
vpn原理和应用,VPN核心,科普原理,B,66,True,False,True,1,Bing 中文联想,vpn原理,快手样本-VPN科普,7,1,vpn原理和应用,
vpn哪个好安全,VPN核心,选型购买,B,66,True,False,True,1,Bing 中文联想,vpn哪个好,VPN核心,7,1,vpn哪个好安全,
vpn哪个好用排行榜,VPN核心,选型购买,B,66,True,False,True,1,Bing 中文联想,vpn哪个好用,二级扩展,7,1,vpn哪个好用排行榜,
vpn安卓免费版下载,VPN核心,下载安装,B,66,True,False,True,1,Bing 中文联想,vpn安卓免费,二级扩展,7,1,vpn安卓免费版下载,
vpn怎么用火狐,VPN核心,配置排障,B,66,True,False,True,1,Bing 中文联想,vpn怎么用,VPN核心,7,1,vpn怎么用火狐,
vpn手机免费ios,VPN核心,下载安装,B,66,True,False,True,1,Bing 中文联想,vpn手机免费,二级扩展,7,1,vpn手机免费ios,
vpn手机推荐,VPN核心,选型购买,B,66,True,False,True,1,Google Web 联想,vpn手机,VPN产品,7,1,vpn手机推荐,
vpn推荐中国免费,VPN核心,选型购买,B,66,True,False,True,1,Google/YouTube 联想,vpn推荐,VPN产品,7,1,vpn推荐中国免费,
vpn推荐贴吧,VPN核心,选型购买,B,66,True,False,True,1,Bing 中文联想,vpn推荐,VPN产品,7,1,vpn推荐贴吧,
vpn是什么功能,VPN核心,科普原理,B,66,True,False,True,1,Google Web 联想,vpn是什么,VPN核心,7,1,vpn 是 什么 功能,
vpn服务器列表,VPN核心,泛需求,B,66,True,False,True,1,Google Web 联想,vpn服务器,VPN技术,7,1,vpn 服务器 列表,
vpn服务器名称或地址怎么填,VPN核心,配置排障,B,66,True,False,True,1,Bing 中文联想,vpn服务器,VPN技术,7,1,vpn服务器名称或地址怎么填,
vpn服务器地址测试,VPN核心,泛需求,B,66,True,False,True,1,Bing 中文联想,vpn服务器地址,二级扩展,7,1,vpn服务器地址测试,
vpn机场推荐,VPN核心,选型购买,B,66,True,True,True,1,Google/YouTube 联想,vpn,VPN核心,7,1,vpn机场推荐,
vpn电脑版教程,VPN核心,配置排障,B,66,True,False,True,1,Bing 中文联想,vpn电脑版,二级扩展,7,1,vpn电脑版教程,
vpn电脑设置,VPN核心,配置排障,B,66,True,False,True,1,Google/YouTube 联想,vpn电脑,VPN产品,7,1,vpn电脑设置,
vpn节点全超时,VPN核心,代理与IP,B,66,True,True,True,1,Bing 中文联想,vpn节点超时,快手样本-VPN排障,7,1,vpn节点全超时,
vpn节点订阅链接,VPN核心,代理与IP,B,66,True,True,True,1,Bing 中文联想,vpn节点订阅,二级扩展,7,1,vpn节点订阅链接,
vpn节点购买方法,VPN核心,选型购买,B,66,True,True,True,1,Bing 中文联想,vpn节点购买,二级扩展,7,1,vpn节点购买方法,
vpn苹果app,VPN核心,下载安装,B,66,True,False,True,1,Bing 中文联想,vpn苹果,VPN产品,7,1,vpn苹果app,
vpn苹果手机设置,VPN核心,配置排障,B,66,True,False,True,1,Bing 中文联想,vpn苹果手机,二级扩展,7,1,vpn苹果手机设置,
vpn设置电脑,VPN核心,配置排障,B,66,True,False,True,1,Bing 中文联想,vpn设置,VPN技术,7,1,vpn设置电脑,
vpn路由器設定,VPN核心,泛需求,B,66,True,False,True,1,Google/YouTube 联想,vpn路由器,VPN技术,7,1,vpn路由器設定,
vpn路由器评测,VPN核心,泛需求,B,66,True,False,True,1,Bing 中文联想,vpn路由器,VPN技术,7,1,vpn路由器评测,
vpn软件免费电脑,VPN核心,下载安装,B,66,True,False,True,1,Bing 中文联想,vpn软件,VPN产品,7,1,vpn软件免费电脑,
vpn软件推荐排行榜,VPN核心,选型购买,B,66,True,False,True,1,Bing 中文联想,vpn软件推荐,二级扩展,7,1,vpn软件推荐排行榜,
vpn违法吗vpn的安装和设置教程,VPN核心,配置排障,B,66,True,False,True,1,Bing 中文联想,vpn违法吗,快手样本-VPN法律,7,1,vpn违法吗 vpn的安装和设置教程,
vpn连接超时,VPN核心,配置排障,B,66,True,False,True,1,Bing 中文联想,vpn连接,VPN技术,7,1,vpn连接超时,
vpn配置工具,VPN核心,配置排障,B,66,True,False,True,1,Bing 中文联想,vpn配置,VPN技术,7,1,vpn配置工具,
vpn配置文件的修改,VPN核心,配置排障,B,66,True,False,True,1,Bing 中文联想,vpn配置文件,二级扩展,7,1,vpn配置文件的修改,
win11 vpn设置,VPN核心,配置排障,B,66,True,False,True,1,Google/YouTube 联想,vpn设置,VPN技术,7,1,win11 vpn设置,
不需要加速器的联机游戏,游戏加速,游戏娱乐,B,55,True,False,True,1,Bing 中文联想,联机游戏加速器,快手样本-游戏加速,7,1,不需要加速器的联机游戏,
企业vpn搭建优势,企业网络,企业办公,B,66,True,False,True,1,Bing 中文联想,企业vpn,企业办公,7,1,企业vpn搭建优势,
免费加速器ptt,网络加速,泛需求,B,55,True,False,True,1,Google Web 联想,免费加速器,快手样本-加速器,7,1,免费加速器ptt,
免费加速器梯子,网络加速,泛需求,B,55,True,True,True,1,Bing 中文联想,免费加速器,快手样本-加速器,7,1,免费加速器梯子,
加速器排行榜兑换码,网络加速,泛需求,B,55,True,False,True,1,Bing 中文联想,加速器排行榜,快手样本-加速器,7,1,加速器排行榜兑换码,
华硕路由器vpn设置,VPN核心,配置排障,B,66,True,False,True,1,Bing 中文联想,vpn路由器设置,二级扩展,7,1,华硕路由器vpn设置,
和平精英加速器有用吗,网络加速,泛需求,B,55,True,False,True,1,Bing 中文联想,和平精英加速器,快手样本-游戏加速,7,1,和平精英加速器有用吗,
国际网络加速器推荐,网络加速,选型购买,B,55,True,False,True,1,Bing 中文联想,国际网络加速,跨境外贸,7,1,国际网络加速器推荐,
奇游手游加速器官网优惠,游戏加速,游戏娱乐,B,55,True,False,True,1,Bing 中文联想,奇游手游加速器,快手样本-加速器品牌,7,1,奇游手游加速器官网优惠,
好用便宜的vpn推荐,VPN核心,选型购买,B,66,True,False,True,1,Bing 中文联想,vpn推荐便宜,二级扩展,7,1,好用便宜的vpn推荐,
手机vpn设置软件,VPN核心,配置排障,B,66,True,False,True,1,Bing 中文联想,手机vpn设置,快手样本-VPN设置,7,1,手机vpn设置软件,
手机游戏加速器免费推荐,游戏加速,选型购买,B,55,True,False,True,1,Bing 中文联想,手机游戏加速器,快手样本-游戏加速,7,1,手机游戏加速器免费推荐,
手游加速器免费评测,游戏加速,游戏娱乐,B,55,True,False,True,1,Bing 中文联想,手游加速器,快手样本-游戏加速,7,1,手游加速器免费评测,
搭建vpn服务器的软件推荐,VPN核心,配置排障,B,66,True,False,True,1,Bing 中文联想,vpn服务器推荐,二级扩展,7,1,搭建vpn服务器的软件推荐,
无畏契约国际服加速器,网络加速,泛需求,B,55,True,False,True,1,Bing 中文联想,国际服加速器,快手样本-游戏加速,7,1,无畏契约国际服加速器,
游戏加速器下载电脑版,游戏加速,下载安装,B,55,True,False,True,1,Bing 中文联想,游戏加速器下载,快手样本-加速器,7,1,游戏加速器下载电脑版,
游戏加速器可以当梯子用吗,游戏加速,游戏娱乐,B,55,True,True,True,1,Bing 中文联想,游戏加速器,游戏加速,7,1,游戏加速器可以当梯子用吗,
游戏加速器手机,游戏加速,下载安装,B,55,True,False,True,1,Google/YouTube 联想,游戏加速器,游戏加速,7,1,游戏加速器手机,
游戏加速器推荐低延迟,游戏加速,选型购买,B,55,True,False,True,1,Bing 中文联想,游戏加速器推荐,快手样本-加速器,7,1,游戏加速器推荐低延迟,
火箭加速器官网下载,网络加速,下载安装,B,55,True,False,True,1,Bing 中文联想,火箭加速器,快手样本-加速器品牌,7,1,火箭加速器官网下载,
球球大作战加速器ios免费,网络加速,泛需求,B,55,True,False,True,1,Bing 中文联想,球球大作战加速器,快手样本-游戏加速,7,1,球球大作战加速器ios免费,
电脑游戏加速器免费永久,游戏加速,下载安装,B,55,True,False,True,1,Bing 中文联想,电脑游戏加速器,快手样本-游戏加速,7,1,电脑游戏加速器免费永久,
科学上网github,VPN核心,泛需求,B,61,False,True,True,1,Google Web 联想,科学上网,快手样本-关联表达,7,1,科学上网github,
科学上网节点,VPN核心,代理与IP,B,66,True,True,True,1,Google/YouTube 联想,科学上网,快手样本-关联表达,7,1,科学上网节点,
绿茶vpn安全吗,VPN核心,科普原理,B,66,True,False,True,1,Bing 中文联想,vpn安全吗,VPN核心,7,1,绿茶vpn安全吗,
网络加速器试用,网络加速,泛需求,B,55,True,False,True,1,Bing 中文联想,网络加速、网络加速器,二级扩展、网络加速,7,3,网络加速器试用,
翻墙必看,VPN核心,泛需求,B,61,False,True,True,1,Google/YouTube 联想,翻墙,快手样本-关联表达,7,1,翻墙必看,
翻墙是什么意思,VPN核心,科普原理,B,66,True,True,True,1,Bing 中文联想,翻墙,快手样本-关联表达,7,1,翻墙是什么意思,
翻墙违法吗翻墙的权利和自由,VPN核心,泛需求,B,66,True,True,True,1,Bing 中文联想,翻墙违法吗,快手样本-VPN法律,7,1,翻墙违法吗 翻墙的权利和自由,
腾讯加速器为什么会卡顿,网络加速,泛需求,B,55,True,False,True,1,Bing 中文联想,加速器卡顿,快手样本-加速器,7,1,腾讯加速器为什么会卡顿,
苹果手机vpn设置图解,VPN核心,配置排障,B,66,True,False,True,1,Bing 中文联想,苹果手机vpn设置,快手样本-VPN设置,7,1,苹果手机vpn设置图解,
虚拟私人网络有哪些,VPN核心,泛需求,B,66,True,False,True,1,百度联想,虚拟私人网络,VPN核心,7,1,虚拟私人网络有哪些,
路由器设置vpn的推荐品牌,VPN核心,配置排障,B,66,True,False,True,1,Bing 中文联想,vpn路由器推荐,二级扩展,7,1,路由器设置vpn的推荐品牌,
软路由vpn服务器,VPN核心,泛需求,B,66,True,False,True,1,Google/YouTube 联想,vpn服务器,VPN技术,7,1,软路由 vpn服务器,
迅游加速器官网,网络加速,泛需求,B,55,True,False,True,1,Google Web 联想,迅游加速器,快手样本-加速器品牌,7,1,迅游加速器官网,
迅游加速器延迟高,网络加速,泛需求,B,55,True,False,True,1,Bing 中文联想,加速器延迟高,快手样本-加速器,7,1,迅游加速器延迟高,
连接vpn后无法上网如何检查,VPN核心,配置排障,B,66,True,False,True,1,Bing 中文联想,vpn连接后无法上网,二级扩展,7,1,连接vpn后无法上网如何检查,
连接vpn后速度慢,VPN核心,配置排障,B,66,True,False,True,1,Bing 中文联想,vpn速度慢,快手样本-VPN排障,7,1,连接vpn后速度慢,
通过网络使用虚拟私人网络,VPN核心,泛需求,B,66,True,False,True,1,Bing 中文联想,虚拟私人网络,VPN核心,7,1,通过网络使用虚拟私人网络,
雷神加速器apk,网络加速,泛需求,B,55,True,False,True,1,Google Web 联想,雷神加速器,快手样本-加速器品牌,7,1,雷神加速器apk,
雷神加速器测评,网络加速,泛需求,B,55,True,False,True,1,Bing 中文联想,加速器测评,快手样本-加速器,7,1,雷神加速器测评,
魔法上网vpn,VPN核心,泛需求,B,61,False,False,True,1,Bing 中文联想,魔法上网,快手样本-关联表达,7,1,魔法上网vpn,
🥈 proton vpn下载,VPN核心,下载安装,B,66,True,False,True,1,Bing 中文联想,proton vpn安全吗,二级扩展,7,1,🥈 proton vpn下载,
2026年便宜好用的翻墙vpn机场推荐评测,VPN核心,选型购买,B,65,True,True,True,1,Bing 中文联想,vpn推荐便宜,二级扩展,8,1,2026年便宜好用的翻墙vpn机场推荐评测,
apex英雄需要加速器吗,网络加速,泛需求,B,55,True,False,True,1,Bing 中文联想,apex英雄加速器,快手样本-游戏加速,8,1,apex英雄需要加速器吗,
express vpn安全吗,VPN核心,科普原理,B,65,True,False,True,1,Google Web 联想,vpn安全吗,VPN核心,8,1,express vpn安全吗,
ip-vpn通信,VPN核心,代理与IP,B,65,True,False,True,1,Bing 中文联想,独立ip vpn,二级扩展,8,1,ip-vpn通信,
ipsec vpn configuration in fortigate firewall,VPN协议与技术,代理与IP,B,65,True,False,True,1,Google/YouTube 联想,ipsec vpn,VPN协议,8,1,ipsec vpn configuration in fortigate firewall,
ipsec vpn fortigate设定,VPN协议与技术,代理与IP,B,65,True,False,True,1,Google Web 联想,ipsec vpn,VPN协议,8,1,ipsec vpn fortigate 设定,
ipsec vpn客户端,VPN协议与技术,下载安装,B,65,True,False,True,1,Bing 中文联想,ipsec vpn,VPN协议,8,1,ipsec vpn客户端,
mac vpn设置,VPN核心,配置排障,B,65,True,False,True,1,Google/YouTube 联想,vpn设置,VPN技术,8,1,mac vpn设置,
mac连接vpn后无法上网,VPN核心,配置排障,B,65,True,False,True,1,Bing 中文联想,vpn连接后无法上网,二级扩展,8,1,mac连接vpn后无法上网,
openvpn connect下载,VPN协议与技术,下载安装,B,65,True,False,True,1,Google Web 联想,openvpn,VPN协议,8,1,openvpn connect 下载,
openvpn怎么用,VPN协议与技术,配置排障,B,65,True,False,True,1,Google Web 联想,vpn怎么用,VPN核心,8,1,open vpn怎么用,
openvpn节点,VPN协议与技术,代理与IP,B,60,False,True,True,1,Google/YouTube 联想,openvpn,VPN协议,8,1,openvpn节点,
proton vpn for pc评测,VPN核心,泛需求,B,65,True,False,True,1,Bing 中文联想,proton vpn安全吗,二级扩展,8,1,proton vpn for pc评测,
proton vpn速度慢,VPN核心,泛需求,B,65,True,False,True,1,Bing 中文联想,vpn速度慢,快手样本-VPN排障,8,1,proton vpn速度慢,
pubg加速器哪个好评,网络加速,选型购买,B,55,True,False,True,1,Bing 中文联想,pubg加速器,快手样本-游戏加速,8,1,pubg加速器哪个好评,
ssl vpn remote access fortigate,VPN协议与技术,泛需求,B,65,True,False,True,1,Google/YouTube 联想,ssl vpn,VPN协议,8,1,ssl vpn remote access fortigate,
ssl vpn配置,VPN协议与技术,配置排障,B,65,True,False,True,1,Bing 中文联想,ssl vpn,VPN协议,8,1,ssl vpn配置,
steam游戏加速器免费优惠券,游戏加速,游戏娱乐,B,55,True,False,True,1,Bing 中文联想,steam游戏加速器,快手样本-游戏加速,8,1,steam游戏加速器免费优惠券,
steam联机游戏加速器,游戏加速,游戏娱乐,B,55,True,False,True,1,Bing 中文联想,联机游戏加速器,快手样本-游戏加速,8,1,steam联机游戏加速器,
tt加速器兑换码,网络加速,泛需求,B,55,True,False,True,1,Bing 中文联想,tt加速器,快手样本-加速器品牌,8,1,tt加速器兑换码,
uu主机加速器支持的游戏,游戏加速,游戏娱乐,B,55,True,False,True,1,Bing 中文联想,主机游戏加速器,快手样本-游戏加速,8,1,uu主机加速器支持的游戏,
vpn cat,VPN核心,泛需求,B,60,False,False,True,1,Bing 中文联想,vpn,VPN核心,8,1,vpn cat,
vpn hotspot,VPN核心,泛需求,B,60,False,False,True,1,Google Web 联想,vpn,VPN核心,8,1,vpn hotspot,
vpn.必须知道,VPN核心,泛需求,B,60,False,False,True,1,Bing 中文联想,vpn法律风险,快手样本-VPN法律,8,1,vpn.必须知道,
vpn.是什么,VPN核心,科普原理,B,65,True,False,True,1,Bing 中文联想,vpn和翻墙的区别,快手样本-VPN科普,8,1,vpn.是什么,
vpn下载安卓免费,VPN核心,下载安装,B,65,True,False,True,1,Google Web 联想,vpn下载,VPN产品,8,1,vpn下载安卓免费,
vpn下载电脑版官网,VPN核心,下载安装,B,65,True,False,True,1,Bing 中文联想,vpn下载,VPN产品,8,1,vpn下载电脑版官网,
vpn修改设置,VPN核心,配置排障,B,65,True,False,True,1,Bing 中文联想,vpn修改,快手样本-VPN设置,8,1,vpn修改设置,
vpn免费windows,VPN核心,泛需求,B,65,True,False,True,1,Google/YouTube 联想,vpn免费,VPN产品,8,1,vpn免费windows,
vpn免费节点速度,VPN核心,代理与IP,B,65,True,True,True,1,Bing 中文联想,vpn免费节点,二级扩展,8,1,vpn免费节点速度,
vpn免费软件,VPN核心,下载安装,B,65,True,False,True,1,Bing 中文联想,vpn免费,VPN产品,8,1,vpn免费软件,
vpn协议的测试,VPN协议与技术,科普原理,B,65,True,False,True,1,Bing 中文联想,vpn协议,VPN技术,8,1,vpn协议的测试,
vpn原理和技术,VPN核心,科普原理,B,65,True,False,True,1,Bing 中文联想,vpn原理,快手样本-VPN科普,8,1,vpn原理和技术,
vpn哪个好服务,VPN核心,选型购买,B,65,True,False,True,1,Bing 中文联想,vpn哪个好,VPN核心,8,1,vpn哪个好服务,
vpn哪个好用不被封,VPN核心,选型购买,B,65,True,False,True,1,Bing 中文联想,vpn哪个好用,二级扩展,8,1,vpn哪个好用不被封,
vpn安卓免费使用下载,VPN核心,下载安装,B,65,True,False,True,1,Bing 中文联想,vpn安卓免费,二级扩展,8,1,vpn安卓免费使用下载,
vpn客户端教程,VPN核心,配置排障,B,65,True,False,True,1,Bing 中文联想,vpn客户端,VPN产品,8,1,vpn客户端教程,
vpn怎么用mac,VPN核心,配置排障,B,65,True,False,True,1,Bing 中文联想,vpn怎么用,VPN核心,8,1,vpn怎么用mac,
vpn所有节点都超时,VPN核心,代理与IP,B,65,True,True,True,1,Bing 中文联想,vpn节点超时,快手样本-VPN排障,8,1,vpn所有节点都超时,
vpn手机ios,VPN核心,下载安装,B,65,True,False,True,1,Bing 中文联想,vpn手机,VPN产品,8,1,vpn手机ios,
vpn推荐clash,VPN核心,选型购买,B,65,True,False,True,1,Google Web 联想,vpn推荐,VPN产品,8,1,vpn 推荐 clash,
vpn推荐windows,VPN核心,选型购买,B,65,True,False,True,1,Google/YouTube 联想,vpn推荐,VPN产品,8,1,vpn推荐windows,
vpn是什么单位,VPN核心,科普原理,B,65,True,False,True,1,Bing 中文联想,vpn是什么,VPN核心,8,1,vpn是什么单位,
vpn服务器地址澳门,VPN核心,泛需求,B,65,True,False,True,1,Bing 中文联想,vpn服务器地址,二级扩展,8,1,vpn服务器地址澳门,
vpn电脑版设置,VPN核心,配置排障,B,65,True,False,True,1,Bing 中文联想,vpn电脑版,二级扩展,8,1,vpn电脑版设置,
vpn节点直播,VPN核心,代理与IP,B,60,False,True,True,1,Google/YouTube 联想,vpn节点,VPN技术,8,1,vpn节点直播,
vpn节点购买比较,VPN核心,选型购买,B,65,True,True,True,1,Bing 中文联想,vpn节点购买,二级扩展,8,1,vpn节点购买比较,
vpn苹果手机软件,VPN核心,下载安装,B,65,True,False,True,1,Bing 中文联想,vpn苹果手机,二级扩展,8,1,vpn苹果手机软件,
vpn苹果版推荐,VPN核心,选型购买,B,65,True,False,True,1,Bing 中文联想,vpn苹果,VPN产品,8,1,vpn苹果版推荐,
vpn订阅节点,VPN核心,代理与IP,B,60,False,True,True,1,Bing 中文联想,vpn节点订阅,二级扩展,8,1,vpn订阅节点,
vpn设置评测,VPN核心,配置排障,B,65,True,False,True,1,Bing 中文联想,vpn设置,VPN技术,8,1,vpn设置评测,
vpn路由器安装,VPN核心,下载安装,B,65,True,False,True,1,Bing 中文联想,vpn路由器,VPN技术,8,1,vpn路由器安装,
vpn软件哪个好,VPN核心,选型购买,B,65,True,False,True,1,Bing 中文联想,vpn软件,VPN产品,8,1,vpn软件哪个好,
vpn软件推荐2021,VPN核心,选型购买,B,65,True,False,True,1,Bing 中文联想,vpn软件推荐,二级扩展,8,1,vpn软件推荐2021,
vpn软件有哪些,VPN核心,下载安装,B,65,True,False,True,1,Google Web 联想,vpn软件,VPN产品,8,1,vpn软件有哪些,
vpn违法吗vpn的替代方案和建议,VPN核心,泛需求,B,65,True,False,True,1,Bing 中文联想,vpn违法吗,快手样本-VPN法律,8,1,vpn违法吗 vpn的替代方案和建议,
vpn连接不上是什么原因,VPN核心,配置排障,B,65,True,False,True,1,Bing 中文联想,vpn连接,VPN技术,8,1,vpn连接不上是什么原因,
vpn配置文件的备份,VPN核心,配置排障,B,65,True,False,True,1,Bing 中文联想,vpn配置文件,二级扩展,8,1,vpn配置文件的备份,
wireguard组网,VPN协议与技术,企业办公,B,60,False,False,True,1,Google/YouTube 联想,wireguard,VPN协议,8,1,wireguard 组网,
三角洲国际服加速器,网络加速,泛需求,B,55,True,False,True,1,Bing 中文联想,国际服加速器,快手样本-游戏加速,8,1,三角洲国际服加速器,
为什么加速器显示延迟低实际很高,网络加速,泛需求,B,55,True,False,True,1,Bing 中文联想,加速器延迟高,快手样本-加速器,8,1,为什么加速器显示延迟低实际很高,
企业vpn搭建方案,企业网络,企业办公,B,65,True,False,True,1,Bing 中文联想,企业vpn,企业办公,8,1,企业vpn搭建方案,
假如使用一个虚拟私人网络,VPN核心,泛需求,B,65,True,False,True,1,Bing 中文联想,虚拟私人网络,VPN核心,8,1,假如使用一个虚拟私人网络,
免费加速器、推荐,网络加速,选型购买,B,55,True,False,True,1,Bing 中文联想,ios加速器测评,快手样本-加速器,8,1,免费加速器、推荐,
免费加速器电脑,网络加速,下载安装,B,55,True,False,True,1,Bing 中文联想,免费加速器,快手样本-加速器,8,1,免费加速器电脑,
免费手机游戏加速器,游戏加速,下载安装,B,55,True,False,True,1,Bing 中文联想,手机游戏加速器,快手样本-游戏加速,8,1,免费手机游戏加速器,
全球节点免费加速器,网络加速,代理与IP,B,55,True,True,True,1,Bing 中文联想,全球节点,快手样本-节点,8,1,全球节点免费加速器,
加速器排行榜官网教程,网络加速,配置排障,B,55,True,False,True,1,Bing 中文联想,加速器排行榜,快手样本-加速器,8,1,加速器排行榜官网教程,
和平精英pc端加速器,网络加速,泛需求,B,55,True,False,True,1,Bing 中文联想,和平精英加速器,快手样本-游戏加速,8,1,和平精英pc端加速器,
奇游手游加速器官网教程,游戏加速,配置排障,B,55,True,False,True,1,Bing 中文联想,奇游手游加速器,快手样本-加速器品牌,8,1,奇游手游加速器官网教程,
小黑盒加速器免费时长,网络加速,泛需求,B,55,True,False,True,1,Bing 中文联想,加速器免费时长,快手样本-加速器,8,1,小黑盒加速器免费时长,
快连vpn安卓下载,VPN核心,下载安装,B,65,True,False,True,1,Bing 中文联想,vpn安卓下载,二级扩展,8,1,快连vpn安卓下载,
怎么搭建ipsec vpn,VPN协议与技术,配置排障,B,65,True,False,True,1,Bing 中文联想,ipsec vpn搭建,二级扩展,8,1,怎么搭建ipsec vpn,
手机vpn设置常见问题,VPN核心,配置排障,B,65,True,False,True,1,Bing 中文联想,手机vpn设置,快手样本-VPN设置,8,1,手机vpn设置常见问题,
手机免费vpn,VPN核心,下载安装,B,65,True,False,True,1,Bing 中文联想,vpn手机免费,二级扩展,8,1,手机免费vpn,
手游加速器免费优惠券,游戏加速,游戏娱乐,B,55,True,False,True,1,Bing 中文联想,手游加速器,快手样本-游戏加速,8,1,手游加速器免费优惠券,
服务器安装vpn的软件推荐,VPN核心,选型购买,B,65,True,False,True,1,Bing 中文联想,vpn服务器推荐,二级扩展,8,1,服务器安装vpn的软件推荐,
梯子加速器,网络加速,泛需求,B,55,True,True,True,1,Bing 中文联想,梯子,快手样本-关联表达,8,1,梯子加速器,
游戏加速器下载哪个好,游戏加速,选型购买,B,55,True,False,True,1,Bing 中文联想,游戏加速器下载,快手样本-加速器,8,1,游戏加速器下载哪个好,
游戏加速器推荐手机版,游戏加速,选型购买,B,55,True,False,True,1,Bing 中文联想,游戏加速器推荐,快手样本-加速器,8,1,游戏加速器推荐手机版,
火箭加速器官方,网络加速,泛需求,B,55,True,False,True,1,Bing 中文联想,火箭加速器,快手样本-加速器品牌,8,1,火箭加速器官方,
球球大作战加速器辅助ios,网络加速,泛需求,B,55,True,False,True,1,Bing 中文联想,球球大作战加速器,快手样本-游戏加速,8,1,球球大作战加速器辅助ios,
电脑游戏加速器哪个好用,游戏加速,选型购买,B,55,True,False,True,1,Bing 中文联想,电脑游戏加速器,快手样本-游戏加速,8,1,电脑游戏加速器哪个好用,
科学上网工具推荐,VPN核心,选型购买,B,65,True,True,True,1,Google Web 联想,科学上网,快手样本-关联表达,8,1,科学上网工具推荐,
科学上网搭建,VPN核心,配置排障,B,65,True,True,True,1,Google/YouTube 联想,科学上网,快手样本-关联表达,8,1,科学上网搭建,
给梨加速器测评,网络加速,泛需求,B,55,True,False,True,1,Bing 中文联想,加速器测评,快手样本-加速器,8,1,给梨加速器测评,
网络加速器原理,网络加速,科普原理,B,55,True,False,True,1,Bing 中文联想,网络加速器,二级扩展、网络加速,8,2,网络加速器原理,
翻墙安全,VPN核心,泛需求,B,60,False,True,True,1,Google/YouTube 联想,翻墙,快手样本-关联表达,8,1,翻墙安全,
翻墙男,VPN核心,泛需求,B,60,False,True,True,1,Bing 中文联想,翻墙,快手样本-关联表达,8,1,翻墙男,
翻墙者,VPN核心,泛需求,B,60,False,True,True,1,Google Web 联想,翻墙,快手样本-关联表达,8,1,翻墙者,
翻墙违法吗翻墙的目的和意义,VPN核心,泛需求,B,65,True,True,True,1,Bing 中文联想,翻墙违法吗,快手样本-VPN法律,8,1,翻墙违法吗 翻墙的目的和意义,
苹果手机vpn设置推荐,VPN核心,配置排障,B,65,True,False,True,1,Bing 中文联想,苹果手机vpn设置,快手样本-VPN设置,8,1,苹果手机vpn设置推荐,
虚拟专用网络app免费,VPN核心,下载安装,B,65,True,False,True,1,百度联想,虚拟专用网络,VPN核心,8,1,虚拟专用网络app免费,
虚拟私人网络怎么用,VPN核心,配置排障,B,65,True,False,True,1,百度联想,虚拟私人网络,VPN核心,8,1,虚拟私人网络怎么用,
路由器怎么设置vpn,VPN核心,配置排障,B,65,True,False,True,1,Bing 中文联想,vpn路由器设置,二级扩展,8,1,路由器怎么设置vpn,
路由器设置vpn的推荐软件,VPN核心,配置排障,B,65,True,False,True,1,Bing 中文联想,vpn路由器推荐,二级扩展,8,1,路由器设置vpn的推荐软件,
迅游加速器openwrt,网络加速,泛需求,B,55,True,False,True,1,Google Web 联想,迅游加速器,快手样本-加速器品牌,8,1,迅游加速器openwrt,
迅游加速器官网首页下载,网络加速,下载安装,B,55,True,False,True,1,Bing 中文联想,迅游加速器,快手样本-加速器品牌,8,1,迅游加速器官网首页下载,
迅游加速器打开游戏卡顿,游戏加速,游戏娱乐,B,55,True,False,True,1,Bing 中文联想,加速器卡顿,快手样本-加速器,8,1,迅游加速器打开游戏卡顿,
逆水寒手游血河加速器推荐,游戏加速,选型购买,B,55,True,False,True,1,Bing 中文联想,手游加速器推荐,二级扩展,8,1,逆水寒手游血河加速器推荐,
闪连vpn安全吗,VPN核心,科普原理,B,65,True,False,True,1,Bing 中文联想,vpn安全吗,VPN核心,8,1,闪连vpn安全吗,
雷神加速器下载,网络加速,下载安装,B,55,True,False,True,1,Bing 中文联想,雷神加速器,快手样本-加速器品牌,8,1,雷神加速器下载,
雷神加速器路由器,网络加速,泛需求,B,55,True,False,True,1,Google Web 联想,雷神加速器,快手样本-加速器品牌,8,1,雷神加速器 路由器,
魔法上网是什么意思,VPN核心,科普原理,B,65,True,False,True,1,Bing 中文联想,魔法上网,快手样本-关联表达,8,1,魔法上网是什么意思,
apex延迟高可以用加速器吗,网络加速,泛需求,B,55,True,False,True,1,Bing 中文联想,加速器延迟高,快手样本-加速器,9,1,apex延迟高可以用加速器吗,
apex英雄免费加速器,网络加速,泛需求,B,55,True,False,True,1,Bing 中文联想,apex英雄加速器,快手样本-游戏加速,9,1,apex英雄免费加速器,
golink手游加速器全球手游主机游戏一键加速,游戏加速,游戏娱乐,B,55,True,False,True,1,Bing 中文联想,主机游戏加速器,快手样本-游戏加速,9,1,golink手游加速器全球手游主机游戏一键加速,
ipsec vpn client,VPN协议与技术,代理与IP,B,65,True,False,True,1,Bing 中文联想,ipsec vpn,VPN协议,9,1,ipsec vpn client,
ipsec vpn configuration in mikrotik,VPN协议与技术,代理与IP,B,65,True,False,True,1,Google/YouTube 联想,ipsec vpn,VPN协议,9,1,ipsec vpn configuration in mikrotik,
ipsec vpn server docker,VPN协议与技术,代理与IP,B,65,True,False,True,1,Google Web 联想,ipsec vpn,VPN协议,9,1,ipsec vpn server docker,
openvpn cloud,VPN协议与技术,泛需求,B,60,False,False,True,1,Bing 中文联想,openvpn,VPN协议,9,1,openvpn cloud,
openvpn分流,VPN协议与技术,泛需求,B,60,False,False,True,1,Google/YouTube 联想,openvpn,VPN协议,9,1,openvpn分流,
proton vpn for pc设置,VPN核心,配置排障,B,65,True,False,True,1,Bing 中文联想,proton vpn安全吗,二级扩展,9,1,proton vpn for pc设置,
proton vpn设置,VPN核心,配置排障,B,65,True,False,True,1,Google/YouTube 联想,vpn设置,VPN技术,9,1,proton vpn设置,
pubg加速器哪个好稳定,网络加速,选型购买,B,55,True,False,True,1,Bing 中文联想,pubg加速器,快手样本-游戏加速,9,1,pubg加速器哪个好稳定,
ssl vpn explained,VPN协议与技术,泛需求,B,65,True,False,True,1,Google/YouTube 联想,ssl vpn,VPN协议,9,1,ssl vpn explained,
ssl vpn mac,VPN协议与技术,泛需求,B,65,True,False,True,1,Google Web 联想,ssl vpn,VPN协议,9,1,ssl vpn mac,
sslvpn xjtu edu cn,VPN核心,泛需求,B,65,True,False,True,1,Bing 中文联想,ssl vpn,VPN协议,9,1,sslvpn xjtu edu cn,
steam游戏加速器免费安全吗,游戏加速,科普原理,B,55,True,False,True,1,Bing 中文联想,steam游戏加速器,快手样本-游戏加速,9,1,steam游戏加速器免费安全吗,
steam联机游戏需要加速器吗,游戏加速,游戏娱乐,B,55,True,False,True,1,Bing 中文联想,联机游戏加速器,快手样本-游戏加速,9,1,steam联机游戏需要加速器吗,
surfshark vpn怎么用,VPN核心,配置排障,B,65,True,False,True,1,Google Web 联想,vpn怎么用,VPN核心,9,1,surfshark vpn怎么用,
touch vpn安全吗,VPN核心,科普原理,B,65,True,False,True,1,Google Web 联想,vpn安全吗,VPN核心,9,1,touch vpn安全吗,
tt加速器官网下载,网络加速,下载安装,B,55,True,False,True,1,Bing 中文联想,tt加速器,快手样本-加速器品牌,9,1,tt加速器官网下载,
vpn07,VPN核心,泛需求,B,60,False,False,True,1,Bing 中文联想,vpn,VPN核心,9,1,vpn07,
vpn、什么意思,VPN核心,科普原理,B,65,True,False,True,1,Bing 中文联想,vpn和翻墙的区别,快手样本-VPN科普,9,1,vpn、什么意思,
vpn下载官网,VPN核心,下载安装,B,65,True,False,True,1,Bing 中文联想,vpn下载,VPN产品,9,1,vpn下载官网,
vpn修改ip段,VPN核心,代理与IP,B,65,True,False,True,1,Bing 中文联想,vpn修改,快手样本-VPN设置,9,1,vpn修改ip段,
vpn免费电脑版,VPN核心,下载安装,B,65,True,False,True,1,Google Web 联想,vpn免费,VPN产品,9,1,vpn 免费 电脑 版,
vpn免费节点推荐,VPN核心,选型购买,B,65,True,True,True,1,Bing 中文联想,vpn免费节点,二级扩展,9,1,vpn免费节点推荐,
vpn全部节点超时,VPN核心,代理与IP,B,65,True,True,True,1,Bing 中文联想,vpn节点超时,快手样本-VPN排障,9,1,vpn全部节点超时,
vpn协议的种类,VPN协议与技术,科普原理,B,65,True,False,True,1,Bing 中文联想,vpn协议,VPN技术,9,1,vpn协议的种类,
vpn原理和架构,VPN核心,科普原理,B,65,True,False,True,1,Bing 中文联想,vpn原理,快手样本-VPN科普,9,1,vpn原理和架构,
vpn哪个好注册,VPN核心,选型购买,B,65,True,False,True,1,Bing 中文联想,vpn哪个好,VPN核心,9,1,vpn哪个好注册,
vpn哪个好用有优惠,VPN核心,选型购买,B,65,True,False,True,1,Bing 中文联想,vpn哪个好用,二级扩展,9,1,vpn哪个好用有优惠,
vpn安卓手机下载,VPN核心,下载安装,B,65,True,False,True,1,Bing 中文联想,vpn安卓,VPN产品,9,1,vpn安卓手机下载,
vpn客户端问题,VPN核心,下载安装,B,65,True,False,True,1,Bing 中文联想,vpn客户端,VPN产品,9,1,vpn客户端问题,
vpn怎么用速度快,VPN核心,配置排障,B,65,True,False,True,1,Bing 中文联想,vpn怎么用,VPN核心,9,1,vpn怎么用速度快,
vpn意思是虚拟私人网络,VPN核心,泛需求,B,65,True,False,True,1,Bing 中文联想,虚拟私人网络,VPN核心,9,1,vpn意思是虚拟私人网络,
vpn推荐lihkg,VPN核心,选型购买,B,65,True,False,True,1,Google Web 联想,vpn推荐,VPN产品,9,1,vpn 推荐 lihkg,
vpn推荐、,VPN核心,选型购买,B,65,True,False,True,1,Bing 中文联想,vpn推荐,VPN产品,9,1,vpn推荐、,
vpn推荐最新,VPN核心,选型购买,B,65,True,False,True,1,Google/YouTube 联想,vpn推荐,VPN产品,9,1,vpn推荐最新,
vpn是什么的缩写,VPN核心,科普原理,B,65,True,False,True,1,Bing 中文联想,vpn是什么,VPN核心,9,1,vpn是什么的缩写,
vpn服务器地址中国,VPN核心,泛需求,B,65,True,False,True,1,Bing 中文联想,vpn服务器地址,二级扩展,9,1,vpn服务器地址中国,
vpn服务器软件,VPN核心,下载安装,B,65,True,False,True,1,Bing 中文联想,vpn服务器,VPN技术,9,1,vpn服务器软件,
vpn电脑版试用,VPN核心,下载安装,B,65,True,False,True,1,Bing 中文联想,vpn电脑版,二级扩展,9,1,vpn电脑版试用,
vpn电脑端下载,VPN核心,下载安装,B,65,True,False,True,1,Bing 中文联想,vpn电脑,VPN产品,9,1,vpn电脑端下载,
vpn节点提取,VPN核心,代理与IP,B,60,False,True,True,1,Google/YouTube 联想,vpn节点,VPN技术,9,1,vpn节点提取,
vpn节点检测,VPN核心,代理与IP,B,60,False,True,True,1,Bing 中文联想,vpn节点,VPN技术,9,1,vpn节点检测,
vpn节点测速,VPN核心,代理与IP,B,60,False,True,True,1,Google Web 联想,vpn节点,VPN技术,9,1,vpn节点测速,
vpn节点购买渠道,VPN核心,选型购买,B,65,True,True,True,1,Bing 中文联想,vpn节点购买,二级扩展,9,1,vpn节点购买渠道,
vpn苹果安装包,VPN核心,下载安装,B,65,True,False,True,1,Bing 中文联想,vpn苹果,VPN产品,9,1,vpn苹果安装包,
vpn苹果手机端,VPN核心,下载安装,B,65,True,False,True,1,Bing 中文联想,vpn苹果手机,二级扩展,9,1,vpn 苹果手机端,
vpn设置详解,VPN核心,配置排障,B,65,True,False,True,1,Bing 中文联想,vpn设置,VPN技术,9,1,vpn设置详解,
vpn路由器哪个好,VPN核心,选型购买,B,65,True,False,True,1,Bing 中文联想,vpn路由器,VPN技术,9,1,vpn路由器哪个好,
vpn软件免费下载手机版,VPN核心,下载安装,B,65,True,False,True,1,Bing 中文联想,vpn软件,VPN产品,9,1,vpn软件免费下载手机版,
vpn软件推荐linux,VPN核心,选型购买,B,65,True,False,True,1,Bing 中文联想,vpn软件推荐,二级扩展,9,1,vpn软件推荐linux,
vpn违法吗vpn的最新动态和政策,VPN核心,泛需求,B,65,True,False,True,1,Bing 中文联想,vpn违法吗,快手样本-VPN法律,9,1,vpn违法吗 vpn的最新动态和政策,
vpn配置文件的导出,VPN核心,配置排障,B,65,True,False,True,1,Bing 中文联想,vpn配置文件,二级扩展,9,1,vpn配置文件的导出,
web.vpn安全吗,VPN核心,科普原理,B,65,True,False,True,1,Bing 中文联想,用vpn会被抓吗,快手样本-VPN法律,9,1,web.vpn安全吗,
win10 vpn服务器推荐,VPN核心,选型购买,B,65,True,False,True,1,Bing 中文联想,vpn服务器推荐,二级扩展,9,1,win10 vpn服务器推荐,
wireguard macos,VPN协议与技术,泛需求,B,60,False,False,True,1,Google Web 联想,wireguard,VPN协议,9,1,wireguard macos,
wireguard warp,VPN协议与技术,泛需求,B,60,False,False,True,1,Google/YouTube 联想,wireguard,VPN协议,9,1,wireguard warp,
企业vpn搭建案例,企业网络,企业办公,B,65,True,False,True,1,Bing 中文联想,企业vpn,企业办公,9,1,企业vpn搭建案例,
便宜好用vpn推荐,VPN核心,选型购买,B,65,True,False,True,1,Bing 中文联想,vpn推荐便宜,二级扩展,9,1,便宜好用vpn推荐,
免费vpn节点订阅,VPN核心,代理与IP,B,65,True,True,True,1,Bing 中文联想,vpn节点订阅,二级扩展,9,1,免费vpn节点订阅,
免费加速器steam,网络加速,泛需求,B,55,True,False,True,1,Bing 中文联想,免费加速器,快手样本-加速器,9,1,免费加速器steam,
冒险岛国际服加速器,网络加速,泛需求,B,55,True,False,True,1,Bing 中文联想,国际服加速器,快手样本-游戏加速,9,1,冒险岛国际服加速器,
加速器回国免费,网络加速,泛需求,B,55,True,False,True,1,Bing 中文联想,回国加速器免费,二级扩展,9,1,加速器回国免费,
加速器排行榜官网更新,网络加速,泛需求,B,55,True,False,True,1,Bing 中文联想,加速器排行榜,快手样本-加速器,9,1,加速器排行榜官网更新,
古怪加速器测评,网络加速,泛需求,B,55,True,False,True,1,Bing 中文联想,加速器测评,快手样本-加速器,9,1,古怪加速器测评,
可以访问国际网络的加速器,网络加速,泛需求,B,55,True,False,True,1,Bing 中文联想,国际网络加速,跨境外贸,9,1,可以访问国际网络的加速器,
和平精英模拟器加速器,网络加速,泛需求,B,55,True,False,True,1,Bing 中文联想,和平精英加速器,快手样本-游戏加速,9,1,和平精英模拟器加速器,
奇游手游加速器官网活动,游戏加速,游戏娱乐,B,55,True,False,True,1,Bing 中文联想,奇游手游加速器,快手样本-加速器品牌,9,1,奇游手游加速器官网活动,
安卓免费vpn,VPN核心,下载安装,B,65,True,False,True,1,Bing 中文联想,vpn安卓免费,二级扩展,9,1,安卓免费vpn,
宝可梦冠军手游加速器推荐,游戏加速,选型购买,B,55,True,False,True,1,Bing 中文联想,手游加速器推荐,二级扩展,9,1,宝可梦冠军手游加速器推荐,
小米路由器vpn怎么设置,VPN核心,配置排障,B,65,True,False,True,1,Bing 中文联想,vpn路由器设置,二级扩展,9,1,小米路由器vpn怎么设置,
手机vpn免费,VPN核心,下载安装,B,65,True,False,True,1,Bing 中文联想,vpn手机免费,二级扩展,9,1,手机vpn免费,
手机vpn设置注意事项,VPN核心,配置排障,B,65,True,False,True,1,Bing 中文联想,手机vpn设置,快手样本-VPN设置,9,1,手机vpn设置注意事项,
手游加速器免费使用教程,游戏加速,配置排障,B,55,True,False,True,1,Bing 中文联想,手游加速器,快手样本-游戏加速,9,1,手游加速器免费使用教程,
搭建ipsec vpn服务器,VPN协议与技术,配置排障,B,65,True,False,True,1,Bing 中文联想,ipsec vpn搭建,二级扩展,9,1,搭建ipsec vpn服务器,
游戏加速器下载免费版,游戏加速,下载安装,B,55,True,False,True,1,Bing 中文联想,游戏加速器下载,快手样本-加速器,9,1,游戏加速器下载免费版,
游戏加速器推荐电脑版,游戏加速,选型购买,B,55,True,False,True,1,Bing 中文联想,游戏加速器推荐,快手样本-加速器,9,1,游戏加速器推荐电脑版,
游戏加速器永久免费版手机,游戏加速,下载安装,B,55,True,False,True,1,Bing 中文联想,手机游戏加速器,快手样本-游戏加速,9,1,游戏加速器永久免费版手机,
游戏加速器英文,游戏加速,游戏娱乐,B,55,True,False,True,1,Google Web 联想,游戏加速器,游戏加速,9,1,游戏加速器英文,
球球大作战加速器苹果,网络加速,下载安装,B,55,True,False,True,1,Bing 中文联想,球球大作战加速器,快手样本-游戏加速,9,1,球球大作战加速器苹果,
电脑怎么用加速器解决卡顿,网络加速,配置排障,B,55,True,False,True,1,Bing 中文联想,加速器卡顿,快手样本-加速器,9,1,电脑怎么用加速器解决卡顿,
电脑游戏加速器哪个好,游戏加速,选型购买,B,55,True,False,True,1,Bing 中文联想,电脑游戏加速器,快手样本-游戏加速,9,1,电脑游戏加速器哪个好,
科学上网路由器推荐,VPN核心,选型购买,B,65,True,True,True,1,Google/YouTube 联想,科学上网,快手样本-关联表达,9,1,科学上网路由器推荐,
绿茶vpn下载安卓,VPN核心,下载安装,B,65,True,False,True,1,Bing 中文联想,vpn安卓下载,二级扩展,9,1,绿茶vpn下载安卓,
网络加速器免费版,网络加速,泛需求,B,55,True,False,True,1,Bing 中文联想,网络加速、网络加速器,二级扩展、网络加速,9,3,网络加速器免费版,
翻墙机场推荐,VPN核心,选型购买,B,65,True,True,True,1,Google Web 联想,翻墙,快手样本-关联表达,9,1,翻墙机场推荐,
翻墙梯子推荐,VPN核心,选型购买,B,65,True,True,True,1,Bing 中文联想,翻墙,快手样本-关联表达,9,1,翻墙梯子推荐,
翻墙软件vpn,VPN核心,下载安装,B,60,False,True,True,1,Google/YouTube 联想,翻墙,快手样本-关联表达,9,1,翻墙软件vpn,
翻墙违法吗知乎,VPN核心,泛需求,B,65,True,True,True,1,Bing 中文联想,翻墙违法吗,快手样本-VPN法律,9,1,翻墙违法吗知乎,
苹果手机vpn设置方法,VPN核心,配置排障,B,65,True,False,True,1,Bing 中文联想,苹果手机vpn设置,快手样本-VPN设置,9,1,苹果手机vpn设置方法,
虚拟专用网络下载安装免费,VPN核心,下载安装,B,65,True,False,True,1,Bing 中文联想,虚拟专用网络,VPN核心,9,1,虚拟专用网络下载安装免费,
虚拟专用网络服务,VPN核心,泛需求,B,65,True,False,True,1,百度联想,虚拟专用网络,VPN核心,9,1,虚拟专用网络服务,
虚拟私人网络软件入门教程,VPN核心,配置排障,B,65,True,False,True,1,百度联想,虚拟私人网络,VPN核心,9,1,虚拟私人网络软件入门教程,
路由器搭建vpn的软件推荐,VPN核心,配置排障,B,65,True,False,True,1,Bing 中文联想,vpn路由器推荐,二级扩展,9,1,路由器搭建vpn的软件推荐,
迅游加速器免费时长,网络加速,泛需求,B,55,True,False,True,1,Bing 中文联想,加速器免费时长,快手样本-加速器,9,1,迅游加速器免费时长,
连接vpn之后速度慢,VPN核心,配置排障,B,65,True,False,True,1,Bing 中文联想,vpn速度慢,快手样本-VPN排障,9,1,连接vpn之后速度慢,
连接vpn后无法上网如何排除故障,VPN核心,配置排障,B,65,True,False,True,1,Bing 中文联想,vpn连接后无法上网,二级扩展,9,1,连接vpn后无法上网如何排除故障,
雷神加速器app,网络加速,下载安装,B,55,True,False,True,1,Google Web 联想,雷神加速器,快手样本-加速器品牌,9,1,雷神加速器app,
雷神加速器、,网络加速,泛需求,B,55,True,False,True,1,Bing 中文联想,雷神加速器,快手样本-加速器品牌,9,1,雷神加速器、,
魔法上网梯子,VPN核心,泛需求,B,65,True,True,True,1,Bing 中文联想,魔法上网,快手样本-关联表达,9,1,魔法上网梯子,
1111 vpn安全吗,VPN核心,科普原理,B,65,True,False,True,1,Google Web 联想,vpn安全吗,VPN核心,10,1,1111 vpn安全吗,
apex英雄不用加速器能玩吗,网络加速,泛需求,B,55,True,False,True,1,Bing 中文联想,apex英雄加速器,快手样本-游戏加速,10,1,apex英雄不用加速器能玩吗,
cs2国际服加速器,网络加速,泛需求,B,55,True,False,True,1,Bing 中文联想,国际服加速器,快手样本-游戏加速,10,1,cs2国际服加速器,
ipsec vpn configuration in palo alto,VPN协议与技术,代理与IP,B,65,True,False,True,1,Google/YouTube 联想,ipsec vpn,VPN协议,10,1,ipsec vpn configuration in palo alto,
ipsec vpn openwrt,VPN协议与技术,代理与IP,B,65,True,False,True,1,Google Web 联想,ipsec vpn,VPN协议,10,1,ipsec vpn openwrt,
ipsec vpn技术规范,VPN协议与技术,代理与IP,B,65,True,False,True,1,Bing 中文联想,ipsec vpn,VPN协议,10,1,ipsec vpn技术规范,
openvpn apk,VPN协议与技术,泛需求,B,60,False,False,True,1,Google Web 联想,openvpn,VPN协议,10,1,openvpn apk,
openvpn gui windows下载,VPN协议与技术,下载安装,B,65,True,False,True,1,Bing 中文联想,openvpn,VPN协议,10,1,openvpn gui windows 下载,
openvpn配置文件,VPN协议与技术,配置排障,B,65,True,False,True,1,Google/YouTube 联想,openvpn,VPN协议,10,1,openvpn配置文件,
pubg加速器哪个好下载,网络加速,选型购买,B,55,True,False,True,1,Bing 中文联想,pubg加速器,快手样本-游戏加速,10,1,pubg加速器哪个好下载,
sophos ssl vpn,VPN协议与技术,泛需求,B,65,True,False,True,1,Google/YouTube 联想,ssl vpn,VPN协议,10,1,sophos ssl vpn,
ssl vpn service,VPN协议与技术,泛需求,B,65,True,False,True,1,Bing 中文联想,ssl vpn,VPN协议,10,1,ssl vpn service,
ssl vpn开源,VPN协议与技术,泛需求,B,65,True,False,True,1,Google Web 联想,ssl vpn,VPN协议,10,1,ssl vpn 开源,
steam游戏加速器免费排行榜,游戏加速,游戏娱乐,B,55,True,False,True,1,Bing 中文联想,steam游戏加速器,快手样本-游戏加速,10,1,steam游戏加速器免费排行榜,
vpn、什么是vpn,VPN核心,泛需求,B,65,True,False,True,1,Bing 中文联想,vpn和翻墙的区别,快手样本-VPN科普,10,1,vpn、什么是vpn,
vpn、哪个好,VPN核心,选型购买,B,65,True,False,True,1,Bing 中文联想,用vpn会被抓吗,快手样本-VPN法律,10,1,vpn、哪个好,
vpn、怎么设置,VPN核心,配置排障,B,65,True,False,True,1,Bing 中文联想,vpn路由器设置,二级扩展,10,1,vpn、怎么设置,
vpn下载地址,VPN核心,下载安装,B,65,True,False,True,1,Bing 中文联想,vpn下载,VPN产品,10,1,vpn下载地址,
vpn修改ip地区,VPN核心,代理与IP,B,65,True,False,True,1,Bing 中文联想,vpn修改,快手样本-VPN设置,10,1,vpn修改ip地区,
vpn免费节点订阅,VPN核心,代理与IP,B,65,True,True,True,1,Bing 中文联想,vpn免费节点,二级扩展,10,1,vpn免费节点订阅,
vpn免费苹果,VPN核心,下载安装,B,65,True,False,True,1,Google/YouTube 联想,vpn免费,VPN产品,10,1,vpn免费苹果,
vpn免费试用一天,VPN核心,泛需求,B,65,True,False,True,1,Google Web 联想,vpn免费,VPN产品,10,1,vpn 免费 试用 一天,
vpn协议的选择,VPN协议与技术,科普原理,B,65,True,False,True,1,Bing 中文联想,vpn协议,VPN技术,10,1,vpn协议的选择,
vpn原理和类型,VPN核心,科普原理,B,65,True,False,True,1,Bing 中文联想,vpn原理,快手样本-VPN科普,10,1,vpn原理和类型,
vpn和远程办公,企业网络,企业办公,B,65,True,False,True,1,Bing 中文联想,远程办公vpn,企业办公,10,1,vpn和远程办公,
vpn哪个好用不被封锁,VPN核心,选型购买,B,65,True,False,True,1,Bing 中文联想,vpn哪个好用,二级扩展,10,1,vpn哪个好用不被封锁,
vpn哪个好评价,VPN核心,选型购买,B,65,True,False,True,1,Bing 中文联想,vpn哪个好,VPN核心,10,1,vpn哪个好评价,
vpn安卓apk,VPN核心,下载安装,B,65,True,False,True,1,Bing 中文联想,vpn安卓,VPN产品,10,1,vpn安卓apk,
vpn客户端下载网站,VPN核心,下载安装,B,65,True,False,True,1,Bing 中文联想,vpn客户端,VPN产品,10,1,vpn客户端下载网站,
vpn怎么用的,VPN核心,配置排障,B,65,True,False,True,1,Bing 中文联想,vpn怎么用,VPN核心,10,1,vpn怎么用的,
vpn手机版免费下载,VPN核心,下载安装,B,65,True,False,True,1,Bing 中文联想,vpn手机,VPN产品,10,1,vpn手机版免费下载,
vpn推荐中国大陆,VPN核心,选型购买,B,65,True,False,True,1,Google/YouTube 联想,vpn推荐,VPN产品,10,1,vpn推荐中国大陆,
vpn推荐电脑,VPN核心,选型购买,B,65,True,False,True,1,Bing 中文联想,vpn推荐,VPN产品,10,1,vpn推荐电脑,
vpn服务器地址设置,VPN核心,配置排障,B,65,True,False,True,1,Bing 中文联想,vpn服务器地址,二级扩展,10,1,vpn服务器地址设置,
vpn服务器是什么,VPN核心,科普原理,B,65,True,False,True,1,Bing 中文联想,vpn服务器,VPN技术,10,1,vpn服务器是什么,
vpn测速,VPN核心,泛需求,B,60,False,False,True,1,Google Web 联想,vpn,VPN核心,10,1,vpn测速,
vpn电脑版下载推荐,VPN核心,选型购买,B,65,True,False,True,1,Bing 中文联想,vpn电脑版,二级扩展,10,1,vpn电脑版下载推荐,
vpn电脑端免费,VPN核心,下载安装,B,65,True,False,True,1,Bing 中文联想,vpn电脑,VPN产品,10,1,vpn电脑端免费,
vpn电脑连不上,VPN核心,配置排障,B,65,True,False,True,1,Google Web 联想,vpn电脑,VPN产品,10,1,vpn电脑连不上,
vpn节点显示超时,VPN核心,代理与IP,B,65,True,True,True,1,Bing 中文联想,vpn节点超时,快手样本-VPN排障,10,1,vpn节点显示超时,
vpn节点网站,VPN核心,代理与IP,B,60,False,True,True,1,Google/YouTube 联想,vpn节点,VPN技术,10,1,vpn节点网站,
vpn节点购买评测,VPN核心,选型购买,B,65,True,True,True,1,Bing 中文联想,vpn节点购买,二级扩展,10,1,vpn节点购买评测,
vpn苹果版哪个好,VPN核心,选型购买,B,65,True,False,True,1,Bing 中文联想,vpn苹果,VPN产品,10,1,vpn苹果版哪个好,
vpn设置问题,VPN核心,配置排障,B,65,True,False,True,1,Bing 中文联想,vpn设置,VPN技术,10,1,vpn设置问题,
vpn路由器的优势,VPN核心,泛需求,B,65,True,False,True,1,Bing 中文联想,vpn路由器,VPN技术,10,1,vpn路由器的优势,
vpn软件免费安卓,VPN核心,下载安装,B,65,True,False,True,1,Bing 中文联想,vpn软件,VPN产品,10,1,vpn软件免费安卓,
vpn软件推荐reddit,VPN核心,选型购买,B,65,True,False,True,1,Bing 中文联想,vpn软件推荐,二级扩展,10,1,vpn软件推荐reddit,
vpn违法吗vpn的相关案例和评价,VPN核心,泛需求,B,65,True,False,True,1,Bing 中文联想,vpn违法吗,快手样本-VPN法律,10,1,vpn违法吗 vpn的相关案例和评价,
vpn配置推荐,VPN核心,配置排障,B,65,True,False,True,1,Bing 中文联想,vpn配置,VPN技术,10,1,vpn配置推荐,
vpn配置文件的恢复,VPN核心,配置排障,B,65,True,False,True,1,Bing 中文联想,vpn配置文件,二级扩展,10,1,vpn配置文件的恢复,
wireguard docker,VPN协议与技术,泛需求,B,60,False,False,True,1,Bing 中文联想,wireguard,VPN协议,10,1,wireguard docker,
wireguard ipv6,VPN协议与技术,代理与IP,B,60,False,False,True,1,Google/YouTube 联想,wireguard,VPN协议,10,1,wireguard ipv6,
‌proton vpn下载,VPN核心,下载安装,B,65,True,False,True,1,Bing 中文联想,proton vpn安全吗,二级扩展,10,1,‌proton vpn下载,
企业vpn搭建步骤,企业网络,企业办公,B,65,True,False,True,1,Bing 中文联想,企业vpn,企业办公,10,1,企业vpn搭建步骤,
免费vpn安卓,VPN核心,下载安装,B,65,True,False,True,1,Bing 中文联想,vpn安卓免费,二级扩展,10,1,免费vpn安卓,
免费vpn订阅节点,VPN核心,代理与IP,B,65,True,True,True,1,Bing 中文联想,vpn节点订阅,二级扩展,10,1,免费vpn订阅节点,
免费加速器官网首页,网络加速,泛需求,B,55,True,False,True,1,Bing 中文联想,免费加速器,快手样本-加速器,10,1,免费加速器官网首页,
免费手机vpn,VPN核心,下载安装,B,65,True,False,True,1,Bing 中文联想,vpn手机免费,二级扩展,10,1,免费手机vpn,
免费游戏、加速器,游戏加速,游戏娱乐,B,55,True,False,True,1,Bing 中文联想,联机游戏加速器,快手样本-游戏加速,10,1,免费游戏、加速器,
加速器排行榜官网比较,网络加速,泛需求,B,55,True,False,True,1,Bing 中文联想,加速器排行榜,快手样本-加速器,10,1,加速器排行榜官网比较,
回国免费加速器,网络加速,泛需求,B,55,True,False,True,1,Bing 中文联想,回国加速器免费,二级扩展,10,1,回国免费加速器,
奇游手游加速器官网充值,游戏加速,游戏娱乐,B,55,True,False,True,1,Bing 中文联想,奇游手游加速器,快手样本-加速器品牌,10,1,奇游手游加速器官网充值,
安卓vpn免费下载,VPN核心,下载安装,B,65,True,False,True,1,Bing 中文联想,vpn安卓下载,二级扩展,10,1,安卓vpn免费下载,
手机vpn设置教程,VPN核心,配置排障,B,65,True,False,True,1,Bing 中文联想,手机vpn设置,快手样本-VPN设置,10,1,手机vpn设置教程,
手游免费加速器推荐,游戏加速,选型购买,B,55,True,False,True,1,Bing 中文联想,手游加速器推荐,二级扩展,10,1,手游免费加速器推荐,
手游加速器apk,游戏加速,游戏娱乐,B,55,True,False,True,1,Bing 中文联想,手游加速器,快手样本-游戏加速,10,1,手游加速器apk,
推特加速器推荐,网络加速,选型购买,B,55,True,False,True,1,Bing 中文联想,tt加速器,快手样本-加速器品牌,10,1,推特加速器推荐,
旋风加速器ios安卓官网,网络加速,下载安装,B,55,True,False,True,1,Bing 中文联想,ios加速器测评,快手样本-加速器,10,1,旋风加速器 ios 安卓 官网,
游戏加速器哪个好用,游戏加速,选型购买,B,55,True,False,True,1,Bing 中文联想,游戏加速器,游戏加速,10,1,游戏加速器哪个好用,
游戏加速器推荐2021,游戏加速,选型购买,B,55,True,False,True,1,Bing 中文联想,游戏加速器推荐,快手样本-加速器,10,1,游戏加速器推荐2021,
球球大作战加速器制作,网络加速,泛需求,B,55,True,False,True,1,Bing 中文联想,球球大作战加速器,快手样本-游戏加速,10,1,球球大作战加速器制作,
用windows自带的vpn服务器功能,VPN核心,泛需求,B,65,True,False,True,1,Bing 中文联想,vpn服务器推荐,二级扩展,10,1,用 windows 自带的 vpn 服务器功能,
科学上网v2ray,VPN核心,泛需求,B,60,False,True,True,1,Google Web 联想,科学上网,快手样本-关联表达,10,1,科学上网v2ray,
科学上网下载,VPN核心,下载安装,B,65,True,True,True,1,Bing 中文联想,科学上网,快手样本-关联表达,10,1,科学上网下载,
科学上网软路由,VPN核心,泛需求,B,65,True,True,True,1,Google/YouTube 联想,科学上网,快手样本-关联表达,10,1,科学上网软路由,
网络加速器app,网络加速,下载安装,B,55,True,False,True,1,Bing 中文联想,网络加速器,二级扩展、网络加速,10,2,网络加速器app,
网络延迟高怎么办使用网络加速器,网络加速,配置排障,B,55,True,False,True,1,Bing 中文联想,加速器延迟高,快手样本-加速器,10,1,网络延迟高怎么办使用网络加速器,
翻墙是违法的吗,VPN核心,泛需求,B,65,True,True,True,1,Bing 中文联想,翻墙违法吗,快手样本-VPN法律,10,1,翻墙是违法的吗,
翻墙机场gfwairport,VPN核心,泛需求,B,60,False,True,True,1,Bing 中文联想,翻墙,快手样本-关联表达,10,1,翻墙机场 gfwairport,
翻墙软件排行榜,VPN核心,下载安装,B,65,True,True,True,1,Google Web 联想,翻墙,快手样本-关联表达,10,1,翻墙软件排行榜,
苹果手机vpn,VPN核心,下载安装,B,60,False,False,True,1,Bing 中文联想,vpn苹果手机,二级扩展,10,1,苹果手机vpn,
苹果手机vpn设置步骤,VPN核心,配置排障,B,65,True,False,True,1,Bing 中文联想,苹果手机vpn设置,快手样本-VPN设置,10,1,苹果手机vpn设置步骤,
虚拟专用网络是什么,VPN核心,科普原理,B,65,True,False,True,1,Bing 中文联想,虚拟专用网络,VPN核心,10,1,虚拟专用网络是什么,
虚拟专用网络有什么用,VPN核心,泛需求,B,65,True,False,True,1,百度联想,虚拟专用网络,VPN核心,10,1,虚拟专用网络有什么用,
虚拟私人网络pccw,VPN核心,泛需求,B,65,True,False,True,1,百度联想,虚拟私人网络,VPN核心,10,1,虚拟私人网络PCCW,
迅游加速器网吧版,网络加速,泛需求,B,55,True,False,True,1,Bing 中文联想,迅游加速器,快手样本-加速器品牌,10,1,迅游加速器网吧版,
防火墙搭建ipsec vpn,VPN协议与技术,配置排障,B,65,True,False,True,1,Bing 中文联想,ipsec vpn搭建,二级扩展,10,1,防火墙搭建ipsec vpn,
雷神加速器1,网络加速,泛需求,B,55,True,False,True,1,Bing 中文联想,雷神加速器,快手样本-加速器品牌,10,1,雷神加速器1,
静态ip加速器,代理与IP,代理与IP,B,55,True,False,True,1,Bing 中文联想,静态ip,代理IP,10,1,静态ip加速器,
魔法上网下载,VPN核心,下载安装,B,65,True,False,True,1,Bing 中文联想,魔法上网,快手样本-关联表达,10,1,魔法上网下载,
192.168.0.1路由器设置vpn,VPN核心,配置排障,B,65,True,False,True,1,Bing 中文联想,vpn路由器设置,二级扩展,11,1,192.168.0.1 路由器设置vpn,
2. 什么叫vpn它有哪些特点,VPN核心,泛需求,B,65,True,False,True,1,Bing 中文联想,用vpn会被抓吗,快手样本-VPN法律,11,1,2. 什么叫vpn 它有哪些特点,
ip-vpn設定,VPN核心,代理与IP,B,65,True,False,True,1,Bing 中文联想,独立ip vpn,二级扩展,11,1,ip-vpn 設定,
openvpn connect windows 64,VPN协议与技术,泛需求,B,65,True,False,True,1,Bing 中文联想,openvpn,VPN协议,11,1,openvpn connect windows 64,
privadovpn.com隐私政策,VPN核心,泛需求,B,65,True,False,True,1,Bing 中文联想,vpn行政处罚,快手样本-VPN法律,11,1,privadovpn.com隐私政策,
proton vpn pc下载,VPN核心,下载安装,B,65,True,False,True,1,Bing 中文联想,proton vpn安全吗,二级扩展,11,1,proton vpn pc 下载,
pubg加速器哪个好介绍,网络加速,选型购买,B,55,True,False,True,1,Bing 中文联想,pubg加速器,快手样本-游戏加速,11,1,pubg加速器哪个好介绍,
ssl vpn client下载,VPN协议与技术,下载安装,B,65,True,False,True,1,Bing 中文联想,ssl vpn,VPN协议,11,1,ssl vpn client下载,
steam游戏加速器下载,游戏加速,下载安装,B,55,True,False,True,1,Bing 中文联想,steam游戏加速器,快手样本-游戏加速,11,1,steam游戏加速器下载,
tt加速器1,网络加速,泛需求,B,55,True,False,True,1,Bing 中文联想,tt加速器,快手样本-加速器品牌,11,1,tt加速器1,
vpn、vpn的安全性,VPN核心,泛需求,B,65,True,False,True,1,Bing 中文联想,vpn法律风险,快手样本-VPN法律,11,1,vpn、vpn的安全性,
vpn下载电脑免费版,VPN核心,下载安装,B,65,True,False,True,1,Bing 中文联想,vpn下载,VPN产品,11,1,vpn下载电脑免费版,
vpn修改ip国家,VPN核心,代理与IP,B,65,True,False,True,1,Bing 中文联想,vpn修改,快手样本-VPN设置,11,1,vpn修改ip国家,
vpn免费手机,VPN核心,下载安装,B,65,True,False,True,1,Bing 中文联想,vpn免费,VPN产品,11,1,vpn免费手机,
vpn协议的配置,VPN协议与技术,配置排障,B,65,True,False,True,1,Bing 中文联想,vpn协议,VPN技术,11,1,vpn协议的配置,
vpn原理和配置,VPN核心,配置排障,B,65,True,False,True,1,Bing 中文联想,vpn原理,快手样本-VPN科普,11,1,vpn原理和配置,
vpn哪个好用不限流量,VPN核心,选型购买,B,65,True,False,True,1,Bing 中文联想,vpn哪个好用,二级扩展,11,1,vpn哪个好用不限流量,
vpn哪个好评多,VPN核心,选型购买,B,65,True,False,True,1,Bing 中文联想,vpn哪个好,VPN核心,11,1,vpn哪个好评多,
vpn安卓软件,VPN核心,下载安装,B,60,False,False,True,1,Bing 中文联想,vpn安卓,VPN产品,11,1,vpn安卓软件,
vpn客户端linux,VPN核心,下载安装,B,65,True,False,True,1,Bing 中文联想,vpn客户端,VPN产品,11,1,vpn客户端linux,
vpn怎么用chrome,VPN核心,配置排障,B,65,True,False,True,1,Bing 中文联想,vpn怎么用,VPN核心,11,1,vpn怎么用chrome,
vpn手机电脑通用,VPN核心,下载安装,B,65,True,False,True,1,Bing 中文联想,vpn手机,VPN产品,11,1,vpn手机电脑通用,
vpn是什么、有什么区别,VPN核心,科普原理,B,65,True,False,True,1,Bing 中文联想,vpn和翻墙的区别,快手样本-VPN科普,11,1,vpn是什么、有什么区别,
vpn是什么缩写,VPN核心,科普原理,B,65,True,False,True,1,Bing 中文联想,vpn是什么,VPN核心,11,1,vpn是什么缩写,
vpn服务器地址选择,VPN核心,泛需求,B,65,True,False,True,1,Bing 中文联想,vpn服务器地址,二级扩展,11,1,vpn服务器地址选择,
vpn服务器配置,VPN核心,配置排障,B,65,True,False,True,1,Bing 中文联想,vpn服务器,VPN技术,11,1,vpn服务器配置,
vpn电脑版下载教程,VPN核心,配置排障,B,65,True,False,True,1,Bing 中文联想,vpn电脑版,二级扩展,11,1,vpn电脑版下载教程,
vpn节点购买需求,VPN核心,选型购买,B,65,True,True,True,1,Bing 中文联想,vpn节点购买,二级扩展,11,1,vpn节点购买需求,
vpn设置lan,VPN核心,配置排障,B,65,True,False,True,1,Bing 中文联想,vpn设置,VPN技术,11,1,vpn设置lan,
vpn路由器的推荐,VPN核心,选型购买,B,65,True,False,True,1,Bing 中文联想,vpn路由器,VPN技术,11,1,vpn路由器的推荐,
vpn软件下载免费,VPN核心,下载安装,B,65,True,False,True,1,Bing 中文联想,vpn软件,VPN产品,11,1,vpn软件下载免费,
vpn软件推荐window,VPN核心,选型购买,B,65,True,False,True,1,Bing 中文联想,vpn软件推荐,二级扩展,11,1,vpn软件推荐window,
vpn违法吗vpn的种类和选择方法,VPN核心,泛需求,B,65,True,False,True,1,Bing 中文联想,vpn违法吗,快手样本-VPN法律,11,1,vpn违法吗 vpn的种类和选择方法,
vpn配置失败,VPN核心,配置排障,B,65,True,False,True,1,Bing 中文联想,vpn配置,VPN技术,11,1,vpn配置失败,
vpn配置文件的格式,VPN核心,配置排障,B,65,True,False,True,1,Bing 中文联想,vpn配置文件,二级扩展,11,1,vpn配置文件的格式,
windows server vpn服务器,VPN核心,泛需求,B,65,True,False,True,1,Bing 中文联想,vpn服务器推荐,二级扩展,11,1,windows server vpn 服务器,
wireguard apk,VPN协议与技术,泛需求,B,60,False,False,True,1,Bing 中文联想,wireguard,VPN协议,11,1,wireguard apk,
企业vpn搭建难点,企业网络,企业办公,B,65,True,False,True,1,Bing 中文联想,企业vpn,企业办公,11,1,企业vpn搭建难点,
免费加速器排行榜,网络加速,泛需求,B,55,True,False,True,1,Bing 中文联想,免费加速器,快手样本-加速器,11,1,免费加速器排行榜,
加速器 +官网,网络加速,泛需求,B,55,True,False,True,1,Bing 中文联想,ios加速器测评、联机游戏加速器,快手样本-加速器、快手样本-游戏加速,11,2,加速器 +官网,
加速器排行榜官网注册,网络加速,泛需求,B,55,True,False,True,1,Bing 中文联想,加速器排行榜,快手样本-加速器,11,1,加速器排行榜官网注册,
奇游手游加速器官网安装,游戏加速,下载安装,B,55,True,False,True,1,Bing 中文联想,奇游手游加速器,快手样本-加速器品牌,11,1,奇游手游加速器官网安装,
手机vpn设置代理,代理与IP,配置排障,B,65,True,False,True,1,Bing 中文联想,手机vpn设置,快手样本-VPN设置,11,1,手机vpn设置代理,
手游加速器免费加速,游戏加速,游戏娱乐,B,55,True,False,True,1,Bing 中文联想,手游加速器,快手样本-游戏加速,11,1,手游加速器免费加速,
游戏加速器推荐知乎,游戏加速,选型购买,B,55,True,False,True,1,Bing 中文联想,游戏加速器推荐,快手样本-加速器,11,1,游戏加速器推荐知乎,
游戏加速器的原理,游戏加速,科普原理,B,55,True,False,True,1,Bing 中文联想,游戏加速器,游戏加速,11,1,游戏加速器的原理,
火箭加速器官网下载apk,网络加速,下载安装,B,55,True,False,True,1,Bing 中文联想,火箭加速器,快手样本-加速器品牌,11,1,火箭加速器官网下载apk,
球球大作战加速器吐球ios,网络加速,泛需求,B,55,True,False,True,1,Bing 中文联想,球球大作战加速器,快手样本-游戏加速,11,1,球球大作战加速器吐球ios,
科学上网是什么意思,VPN核心,科普原理,B,65,True,True,True,1,Bing 中文联想,科学上网,快手样本-关联表达,11,1,科学上网是什么意思,
网络加速器免费下载,网络加速,下载安装,B,55,True,False,True,1,Bing 中文联想,网络加速器,二级扩展、网络加速,11,2,网络加速器免费下载,
翻墙的梯子有哪些,VPN核心,泛需求,B,65,True,True,True,1,Bing 中文联想,翻墙,快手样本-关联表达,11,1,翻墙的梯子有哪些,
苹果手机vpn设置教程,VPN核心,配置排障,B,65,True,False,True,1,Bing 中文联想,苹果手机vpn设置,快手样本-VPN设置,11,1,苹果手机 vpn 设置教程,
虚拟专用网络许可证,VPN核心,泛需求,B,65,True,False,True,1,Bing 中文联想,虚拟专用网络,VPN核心,11,1,虚拟专用网络许可证,
雷神加速器官网客服,网络加速,泛需求,B,55,True,False,True,1,Bing 中文联想,雷神加速器,快手样本-加速器品牌,11,1,雷神加速器官网客服,
魔法上网是啥意思,VPN核心,泛需求,B,65,True,False,True,1,Bing 中文联想,魔法上网,快手样本-关联表达,11,1,魔法上网是啥意思,
ip-vpn接続,VPN核心,代理与IP,B,65,True,False,True,1,Bing 中文联想,独立ip vpn,二级扩展,12,1,ip-vpn接続,
ipsec vpn端口,VPN协议与技术,代理与IP,B,65,True,False,True,1,Bing 中文联想,ipsec vpn,VPN协议,12,1,ipsec vpn 端口,
proton vpn for pc免费试用,VPN核心,泛需求,B,65,True,False,True,1,Bing 中文联想,proton vpn安全吗,二级扩展,12,1,proton vpn for pc免费试用,
pubg加速器哪个好安全,网络加速,选型购买,B,55,True,False,True,1,Bing 中文联想,pubg加速器,快手样本-游戏加速,12,1,pubg加速器哪个好安全,
ssl vpn connection is down,VPN协议与技术,泛需求,B,65,True,False,True,1,Bing 中文联想,ssl vpn,VPN协议,12,1,ssl vpn connection is down,
steam游戏加速器哪个好用,游戏加速,选型购买,B,55,True,False,True,1,Bing 中文联想,steam游戏加速器,快手样本-游戏加速,12,1,steam游戏加速器哪个好用,
tt加速器口令码,网络加速,泛需求,B,55,True,False,True,1,Bing 中文联想,tt加速器,快手样本-加速器品牌,12,1,tt加速器口令码,
vpn gate,VPN核心,泛需求,B,60,False,False,True,1,Bing 中文联想,vpn,VPN核心,12,1,vpn gate,
vpn、vpn的原理,VPN核心,科普原理,B,65,True,False,True,1,Bing 中文联想,用vpn会被抓吗,快手样本-VPN法律,12,1,vpn、vpn的原理,
vpn修改ip方法,VPN核心,代理与IP,B,65,True,False,True,1,Bing 中文联想,vpn修改,快手样本-VPN设置,12,1,vpn修改ip方法,
vpn免费节点网站,VPN核心,代理与IP,B,65,True,True,True,1,Bing 中文联想,vpn免费节点,二级扩展,12,1,vpn免费节点网站,
vpn协议有哪些特点,VPN协议与技术,科普原理,B,65,True,False,True,1,Bing 中文联想,vpn协议,VPN技术,12,1,vpn协议有哪些特点,
vpn原理与安全,VPN核心,科普原理,B,65,True,False,True,1,Bing 中文联想,vpn原理,快手样本-VPN科普,12,1,vpn原理与安全,
vpn哪个好用免费试用,VPN核心,选型购买,B,65,True,False,True,1,Bing 中文联想,vpn哪个好用,二级扩展,12,1,vpn哪个好用免费试用,
vpn哪个好评高,VPN核心,选型购买,B,65,True,False,True,1,Bing 中文联想,vpn哪个好,VPN核心,12,1,vpn哪个好评高,
vpn客户端下载ios版,VPN核心,下载安装,B,65,True,False,True,1,Bing 中文联想,vpn客户端,VPN产品,12,1,vpn客户端下载ios版,
vpn怎么用ios,VPN核心,配置排障,B,65,True,False,True,1,Bing 中文联想,vpn怎么用,VPN核心,12,1,vpn怎么用ios,
vpn手机app,VPN核心,下载安装,B,65,True,False,True,1,Bing 中文联想,vpn手机,VPN产品,12,1,vpn手机app,
vpn推荐软件,VPN核心,选型购买,B,65,True,False,True,1,Bing 中文联想,vpn推荐,VPN产品,12,1,vpn推荐软件,
vpn是什么格式,VPN核心,科普原理,B,65,True,False,True,1,Bing 中文联想,vpn是什么,VPN核心,12,1,vpn是什么格式,
vpn服务器地址怎么设置,VPN核心,配置排障,B,65,True,False,True,1,Bing 中文联想,vpn服务器地址,二级扩展,12,1,vpn服务器地址怎么设置,
vpn服务器的地址,VPN核心,泛需求,B,65,True,False,True,1,Bing 中文联想,vpn服务器,VPN技术,12,1,vpn 服务器的地址,
vpn电脑版下载方法,VPN核心,下载安装,B,65,True,False,True,1,Bing 中文联想,vpn电脑版,二级扩展,12,1,vpn电脑版下载方法,
vpn节点下载,VPN核心,下载安装,B,65,True,True,True,1,Bing 中文联想,vpn节点,VPN技术,12,1,vpn节点下载,
vpn节点购买优惠,VPN核心,选型购买,B,65,True,True,True,1,Bing 中文联想,vpn节点购买,二级扩展,12,1,vpn节点购买优惠,
vpn苹果版免费试用,VPN核心,下载安装,B,65,True,False,True,1,Bing 中文联想,vpn苹果,VPN产品,12,1,vpn苹果版免费试用,
vpn设置linux,VPN核心,配置排障,B,65,True,False,True,1,Bing 中文联想,vpn设置,VPN技术,12,1,vpn设置linux,
vpn路由器的比较,VPN核心,泛需求,B,65,True,False,True,1,Bing 中文联想,vpn路由器,VPN技术,12,1,vpn路由器的比较,
vpn软件免费苹果,VPN核心,下载安装,B,65,True,False,True,1,Bing 中文联想,vpn软件,VPN产品,12,1,vpn软件免费苹果,
vpn软件推荐youtube,VPN核心,选型购买,B,65,True,False,True,1,Bing 中文联想,vpn软件推荐,二级扩展,12,1,vpn软件推荐youtube,
vpn违法吗中国的法律规定,VPN核心,泛需求,B,65,True,False,True,1,Bing 中文联想,vpn违法吗,快手样本-VPN法律,12,1,vpn违法吗 中国的法律规定,
vpn连接名称是什么,VPN核心,配置排障,B,65,True,False,True,1,Bing 中文联想,vpn连接,VPN技术,12,1,vpn连接名称是什么,
vpn配置url,VPN核心,配置排障,B,65,True,False,True,1,Bing 中文联想,vpn配置,VPN技术,12,1,vpn配置url,
vpn配置文件的示例,VPN核心,配置排障,B,65,True,False,True,1,Bing 中文联想,vpn配置文件,二级扩展,12,1,vpn配置文件的示例,
windows搭建vpn服务器,VPN核心,配置排障,B,65,True,False,True,1,Bing 中文联想,vpn服务器推荐,二级扩展,12,1,windows 搭建 vpn 服务器,
企业vpn的安全性,企业网络,企业办公,B,65,True,False,True,1,Bing 中文联想,企业vpn,企业办公,12,1,企业vpn的安全性,
全球节点加速器免费,网络加速,代理与IP,B,55,True,True,True,1,Bing 中文联想,全球节点,快手样本-节点,12,1,全球节点加速器免费,
加速器排行榜官网2021,网络加速,泛需求,B,55,True,False,True,1,Bing 中文联想,加速器排行榜,快手样本-加速器,12,1,加速器排行榜官网2021,
奇游手游加速器官网客服,游戏加速,游戏娱乐,B,55,True,False,True,1,Bing 中文联想,奇游手游加速器,快手样本-加速器品牌,12,1,奇游手游加速器官网客服,
如何在服务器上搭建vpn,VPN核心,配置排障,B,65,True,False,True,1,Bing 中文联想,vpn路由器设置,二级扩展,12,1,如何 在 服务器 上搭建vpn,
快连游戏加速器2.0,游戏加速,游戏娱乐,B,55,True,False,True,1,Bing 中文联想,联机游戏加速器,快手样本-游戏加速,12,1,快连游戏加速器2.0,
手机vpn设置方法,VPN核心,配置排障,B,65,True,False,True,1,Bing 中文联想,手机vpn设置,快手样本-VPN设置,12,1,手机vpn设置方法,
梯子vpn推荐,VPN核心,选型购买,B,65,True,True,True,1,Bing 中文联想,梯子,快手样本-关联表达,12,1,梯子vpn推荐,
永久免费加速器外网,网络加速,泛需求,B,55,True,False,True,1,Bing 中文联想,永久免费加速器,快手样本-加速器,12,1,永久免费加速器外网,
游戏加速器官网,游戏加速,游戏娱乐,B,55,True,False,True,1,Bing 中文联想,游戏加速器,游戏加速,12,1,游戏加速器官网,
游戏加速器推荐评测,游戏加速,选型购买,B,55,True,False,True,1,Bing 中文联想,游戏加速器推荐,快手样本-加速器,12,1,游戏加速器推荐评测,
火箭加速器官网下载ios,网络加速,下载安装,B,55,True,False,True,1,Bing 中文联想,火箭加速器,快手样本-加速器品牌,12,1,火箭加速器官网下载ios,
球球大作战加速器ios下载,网络加速,下载安装,B,55,True,False,True,1,Bing 中文联想,球球大作战加速器,快手样本-游戏加速,12,1,球球大作战加速器ios下载,
网络加速器免费加速,网络加速,泛需求,B,55,True,False,True,1,Bing 中文联想,网络加速器,二级扩展、网络加速,12,2,网络加速器免费加速,
翻墙好用的免费梯子,VPN核心,选型购买,B,65,True,True,True,1,Bing 中文联想,翻墙,快手样本-关联表达,12,1,翻墙好用的免费梯子,
虚拟专用网络下载免费,VPN核心,下载安装,B,65,True,False,True,1,Bing 中文联想,虚拟专用网络,VPN核心,12,1,虚拟专用网络下载免费,
迅游加速器口令2026,网络加速,泛需求,B,55,True,False,True,1,Bing 中文联想,迅游加速器,快手样本-加速器品牌,12,1,迅游加速器口令2026,
雷神加速器下载最新版,网络加速,下载安装,B,55,True,False,True,1,Bing 中文联想,雷神加速器,快手样本-加速器品牌,12,1,雷神加速器下载最新版,
魔法上网app,VPN核心,下载安装,B,60,False,False,True,1,Bing 中文联想,魔法上网,快手样本-关联表达,12,1,魔法上网app,
外网ip,关联网络需求,代理与IP,C,54,False,False,False,3,Bing 中文联想、Google Web 联想、百度联想,外网,快手样本-关联表达,3,3,外网ip,
外网网站,关联网络需求,泛需求,C,54,False,False,False,3,Bing 中文联想、Google Web 联想、Google/YouTube 联想,外网,快手样本-关联表达,3,3,外网网站,
内网穿透,企业网络,企业办公,C,52,False,False,False,2,百度联想、项目种子词,内网穿透,企业办公,0,2,内网穿透,
游戏网络延迟,游戏加速,游戏娱乐,C,47,True,False,False,2,Bing 中文联想、快手视频样本词根,游戏网络延迟,快手样本-游戏网络,0,2,游戏网络延迟,
游戏网络延迟测试,游戏加速,游戏娱乐,C,46,True,False,False,2,Bing 中文联想、百度联想,游戏网络延迟,快手样本-游戏网络,1,2,游戏网络延迟测试,
游戏网络延迟高怎么解决,游戏加速,配置排障,C,45,True,False,False,2,Bing 中文联想、百度联想,游戏网络延迟,快手样本-游戏网络,2,2,游戏网络延迟高怎么解决,
锁国区的游戏怎么入库,游戏加速,配置排障,C,45,True,False,False,2,Bing 中文联想、百度联想,锁国区,快手样本-海外访问,2,2,锁国区的游戏怎么入库,
sd-wan专线,企业网络,企业办公,C,54,True,False,False,2,Bing 中文联想、Google Web 联想,sd-wan,企业办公,3,2,sd-wan专线,
上网卡是什么,关联网络需求,科普原理,C,54,True,False,False,2,Bing 中文联想、Google Web 联想,上网卡,快手样本-移动网络,3,2,上网卡是什么,
代理服务器搭建工具,代理与IP,配置排障,C,54,True,False,False,2,Bing 中文联想、百度联想,代理服务器搭建,二级扩展,3,2,代理服务器搭建工具,
代理服务器软件哪个好,代理与IP,选型购买,C,54,True,False,False,2,Bing 中文联想、百度联想,代理服务器软件,二级扩展,3,2,代理服务器软件哪个好,
住宅ip代理,代理与IP,代理与IP,C,54,True,False,False,2,Bing 中文联想、Google Web 联想,住宅ip,代理IP,3,2,住宅ip代理,
住宅ip服务器,代理与IP,代理与IP,C,54,True,False,False,2,Bing 中文联想、百度联想,住宅ip,代理IP,3,2,住宅ip服务器,
全球节点测速,关联网络需求,代理与IP,C,54,True,True,False,2,Bing 中文联想、Google Web 联想,全球节点,快手样本-节点,3,2,全球节点测速,
异地组网工具,企业网络,企业办公,C,54,True,False,False,2,Bing 中文联想、Google Web 联想,异地组网,企业办公,3,2,异地组网工具,
独立ip服务器,代理与IP,代理与IP,C,54,True,False,False,2,Bing 中文联想、百度联想,独立ip,代理IP,3,2,独立ip服务器,
静态ip怎么设置dns,代理与IP,配置排障,C,54,True,False,False,2,Bing 中文联想、百度联想,静态ip怎么设置,二级扩展,3,2,静态ip怎么设置dns,
代理服务器地址,代理与IP,代理与IP,C,53,True,False,False,2,Bing 中文联想、Google Web 联想,代理服务器,代理IP,4,2,代理服务器地址,
代理服务器软件推荐,代理与IP,选型购买,C,53,True,False,False,2,Bing 中文联想、百度联想,代理服务器软件,二级扩展,4,2,代理服务器软件推荐,
全球节点测试,关联网络需求,代理与IP,C,53,True,True,False,2,Bing 中文联想、Google Web 联想,全球节点,快手样本-节点,4,2,全球节点测试,
异地组网tailscale,企业网络,企业办公,C,48,False,False,False,2,Bing 中文联想、Google Web 联想,异地组网,企业办公,4,2,异地组网 tailscale、异地组网tailscale,
随身wifi怎么用,关联网络需求,配置排障,C,53,True,False,False,2,Google Web 联想、百度联想,随身wifi,快手样本-移动网络,4,2,随身wifi怎么用,
随身wifi破解无限流量,关联网络需求,泛需求,C,53,True,True,False,2,Google Web 联想、Google/YouTube 联想,随身wifi,快手样本-移动网络,4,2,随身wifi破解无限流量,
静态ip代理,代理与IP,代理与IP,C,53,True,False,False,2,Bing 中文联想、Google Web 联想,静态ip,代理IP,4,2,静态ip代理,
静态ip推荐,代理与IP,选型购买,C,53,True,False,False,2,Google Web 联想、Google/YouTube 联想,静态ip,代理IP,4,2,静态ip推荐,
住宅ip怎么用,代理与IP,配置排障,C,52,True,False,False,2,Google Web 联想、百度联想,住宅ip,代理IP,5,2,住宅ip怎么用,
异地组网路由器,企业网络,企业办公,C,52,True,False,False,2,Bing 中文联想、Google Web 联想,异地组网,企业办公,5,2,异地组网路由器,
游戏网络延迟多少ms算正常,游戏加速,游戏娱乐,C,42,True,False,False,2,Bing 中文联想、百度联想,游戏网络延迟,快手样本-游戏网络,5,2,游戏网络延迟多少ms算正常,
虚拟局域网联机工具,关联网络需求,泛需求,C,52,True,False,False,2,Bing 中文联想、百度联想,虚拟局域网,快手样本-网络技术,5,2,虚拟局域网联机工具,
随身wifi openwrt,关联网络需求,泛需求,C,52,True,False,False,2,Google Web 联想、Google/YouTube 联想,随身wifi,快手样本-移动网络,5,2,随身wifi openwrt,
sase客户端,企业网络,企业办公,C,46,False,False,False,2,Bing 中文联想、百度联想,sase,企业办公,6,2,sase客户端,
代理服务器搭建方法,代理与IP,配置排障,C,51,True,False,False,2,Bing 中文联想、百度联想,代理服务器搭建,二级扩展,6,2,代理服务器搭建方法,
代理服务器软件有哪些,代理与IP,下载安装,C,51,True,False,False,2,Bing 中文联想、百度联想,代理服务器软件,二级扩展,6,2,代理服务器软件有哪些,
内网穿透原理,企业网络,企业办公,C,51,True,False,False,2,Bing 中文联想、百度联想,内网穿透,企业办公,6,2,内网穿透原理,
外网抖音,关联网络需求,泛需求,C,46,False,False,False,2,Bing 中文联想、Google Web 联想,外网,快手样本-关联表达,6,2,外网抖音,
校园网卡顿怎么投诉,关联网络需求,配置排障,C,51,True,False,False,2,Bing 中文联想、百度联想,校园网卡顿,快手样本-校园网,6,2,校园网卡顿怎么投诉,
独立ip节点,代理与IP,代理与IP,C,51,True,True,False,2,Google Web 联想、Google/YouTube 联想,独立ip,代理IP,6,2,独立ip节点,
网络加速服务,网络加速,泛需求,C,51,True,False,False,2,Bing 中文联想、Google Web 联想,网络加速,网络加速,6,2,网络加速服务,
异地组网开源,企业网络,企业办公,C,50,True,False,False,2,Bing 中文联想、Google Web 联想,异地组网,企业办公,7,2,异地组网 开源、异地组网开源,
虚拟局域网的作用,关联网络需求,泛需求,C,50,True,False,False,2,Bing 中文联想、百度联想,虚拟局域网,快手样本-网络技术,7,2,虚拟局域网的作用,
住宅ip机场推荐,代理与IP,选型购买,C,49,True,True,False,2,Bing 中文联想、Google Web 联想,住宅ip,代理IP,8,2,住宅ip机场推荐,
sd-wan技术,企业网络,企业办公,C,49,True,False,False,2,Bing 中文联想、Google Web 联想,sd-wan,企业办公,9,2,sd-wan技术,
住宅ip查询,代理与IP,代理与IP,C,49,True,False,False,2,Bing 中文联想、百度联想,住宅ip,代理IP,9,2,住宅IP查询、住宅ip查询,
外网ip查询,关联网络需求,代理与IP,C,49,True,False,False,2,Bing 中文联想、Google Web 联想,外网,快手样本-关联表达,9,2,外网ip查询,
国区限制,关联网络需求,泛需求,C,47,False,False,False,1,快手视频样本词根,国区限制,快手样本-海外访问,0,1,国区限制,
国外软件不能用,关联网络需求,下载安装,C,52,True,False,False,1,快手视频样本词根,国外软件不能用,快手样本-海外访问,0,1,国外软件不能用,
多店铺防关联,代理与IP,代理与IP,C,52,True,False,False,1,项目种子词,多店铺防关联,跨境店群,0,1,多店铺防关联,
手机卡上外网,关联网络需求,下载安装,C,52,True,False,False,1,快手视频样本词根,手机卡上外网,快手样本-移动网络,0,1,手机卡上外网,
防关联,代理与IP,代理与IP,C,47,False,False,False,1,项目种子词,防关联,跨境店群,0,1,防关联,
随身无线宽带,关联网络需求,泛需求,C,52,True,False,False,1,快手视频样本词根,随身无线宽带,快手样本-移动网络,0,1,随身无线宽带,
高ping,关联网络需求,泛需求,C,47,False,False,False,1,快手视频样本词根,高ping,快手样本-网络排障,0,1,高ping,
sase是什么意思,企业网络,企业办公,C,51,True,False,False,1,百度联想,sase,企业办公,1,1,sase是什么意思,
wallpaper解锁国区限制,关联网络需求,泛需求,C,51,True,False,False,1,Bing 中文联想,国区限制,快手样本-海外访问,1,1,wallpaper解锁国区限制,
内网穿透不良林,企业网络,企业办公,C,51,True,False,False,1,Google/YouTube 联想,内网穿透,企业办公,1,1,内网穿透 不良林,
内网穿透我的世界,企业网络,企业办公,C,51,True,False,False,1,Google Web 联想,内网穿透,企业办公,1,1,内网穿透我的世界,
内网穿透樱花,企业网络,企业办公,C,51,True,False,False,1,Bing 中文联想,内网穿透,企业办公,1,1,内网穿透樱花,
国外软件下载,关联网络需求,下载安装,C,51,True,False,False,1,Google/YouTube 联想,海外软件下载,快手样本-海外访问,1,1,国外软件下载,
国外软件不能用中文吗,关联网络需求,下载安装,C,51,True,False,False,1,百度联想,国外软件不能用,快手样本-海外访问,1,1,国外软件不能用中文吗,
国外软件为什么到中国网络不能用,关联网络需求,下载安装,C,51,True,False,False,1,Bing 中文联想,国外软件不能用,快手样本-海外访问,1,1,国外软件为什么到中国网络不能用,
境外网站违法吗,关联网络需求,泛需求,C,51,True,False,False,1,百度联想,境外网站,快手样本-海外访问,1,1,境外网站违法吗,
多店铺防关联是什么意思,代理与IP,科普原理,C,51,True,False,False,1,百度联想,多店铺防关联,跨境店群,1,1,多店铺防关联是什么意思,
如何下载国外软件,关联网络需求,配置排障,C,51,True,False,False,1,Google/YouTube 联想,国外软件不能用,快手样本-海外访问,1,1,如何下载国外软件,
无线宽带和随身wifi,关联网络需求,泛需求,C,51,True,False,False,1,Bing 中文联想,随身无线宽带,快手样本-移动网络,1,1,无线宽带和随身wifi,
校园网卡顿怎么解决,关联网络需求,配置排障,C,51,True,False,False,1,Bing 中文联想,校园网卡顿,快手样本-校园网,1,1,校园网卡顿怎么解决,
海外直播app,跨境与海外网络,跨境外贸,C,54,False,False,False,1,Google/YouTube 联想,海外直播网络,跨境直播,1,1,海外直播app,
游戏网络延迟多少正常,游戏加速,游戏娱乐,C,41,True,False,False,1,百度联想,游戏网络延迟,快手样本-游戏网络,1,1,游戏网络延迟多少正常,
网络加速怎么设置,网络加速,配置排障,C,51,True,False,False,1,百度联想,网络加速,网络加速,1,1,网络加速怎么设置,
网络延迟,关联网络需求,泛需求,C,46,False,False,False,1,Google/YouTube 联想,游戏网络延迟、网络延迟卡顿,快手样本-游戏网络、快手样本-网络排障,1,2,网络延迟,
网络延迟卡顿怎么解决,关联网络需求,配置排障,C,51,True,False,False,1,百度联想,网络延迟卡顿,快手样本-网络排障,1,1,网络延迟卡顿怎么解决,
访问外网犯法吗,关联网络需求,泛需求,C,51,True,False,False,1,百度联想,访问外网,快手样本-关联表达,1,1,访问外网犯法吗,
锁国区什么意思,关联网络需求,科普原理,C,51,True,False,False,1,百度联想,锁国区,快手样本-海外访问,1,1,锁国区什么意思,
防关联浏览器免费,代理与IP,代理与IP,C,51,True,False,False,1,百度联想,防关联,跨境店群,1,1,防关联浏览器免费,
随身wifi哪个品牌好,关联网络需求,泛需求,C,51,True,False,False,1,百度联想,随身wifi,快手样本-移动网络,1,1,随身wifi哪个品牌好,
随身无线宽带好用吗,关联网络需求,选型购买,C,51,True,False,False,1,百度联想,随身无线宽带,快手样本-移动网络,1,1,随身无线宽带好用吗,
静态ip怎么设置网速快,代理与IP,配置排障,C,51,True,False,False,1,百度联想,静态ip怎么设置,二级扩展,1,1,静态ip怎么设置网速快,
香港手机卡在内地能直接上外网吗,关联网络需求,下载安装,C,51,True,False,False,1,Bing 中文联想,手机卡上外网,快手样本-移动网络,1,1,香港手机卡在内地能直接上外网吗,
高ping战士,关联网络需求,泛需求,C,51,True,False,False,1,百度联想,高ping,快手样本-网络排障,1,1,高ping战士,
apn设置是什么,关联网络需求,配置排障,C,50,True,False,False,1,Bing 中文联想,apn设置,快手样本-移动网络,2,1,apn设置是什么,
apn设置是什么意思,关联网络需求,配置排障,C,50,True,False,False,1,百度联想,apn设置,快手样本-移动网络,2,1,apn设置是什么意思,
sase怎么读,企业网络,企业办公,C,50,True,False,False,1,百度联想,sase,企业办公,2,1,sase怎么读,
shadowrocket一直连接不上,关联网络需求,配置排障,C,50,True,False,False,1,Bing 中文联想,shadowrocket连接不上,快手样本-跨境平台,2,1,shadowrocket一直连接不上,
steam解除国区限制,关联网络需求,泛需求,C,50,True,False,False,1,Bing 中文联想,国区限制,快手样本-海外访问,2,1,steam解除国区限制,
steam锁国区,关联网络需求,泛需求,C,45,False,False,False,1,Google Web 联想,锁国区,快手样本-海外访问,2,1,steam 锁国区,
telegram一直显示连接中,关联网络需求,配置排障,C,50,True,False,False,1,Bing 中文联想,telegram一直连接中,快手样本-跨境平台,2,1,telegram一直显示连接中,
telegram连不上,关联网络需求,配置排障,C,50,True,False,False,1,Google/YouTube 联想,telegram连接不上,快手样本-跨境平台,2,1,telegram连不上,
telegram连接不上网络,关联网络需求,配置排障,C,50,True,False,False,1,Bing 中文联想,telegram连接不上,快手样本-跨境平台,2,1,telegram连接不上网络,
tiktok网络环境,跨境与海外网络,跨境外贸,C,53,False,False,False,1,Google/YouTube 联想,tiktok网络、tiktok网络环境异常,快手样本-跨境平台、跨境平台,2,2,tiktok网络环境,
上网卡台湾,关联网络需求,泛需求,C,50,True,False,False,1,Google Web 联想,上网卡,快手样本-移动网络,2,1,上网卡 台湾,
上网卡怎么办理,关联网络需求,配置排障,C,50,True,False,False,1,百度联想,上网卡,快手样本-移动网络,2,1,上网卡怎么办理,
上网卡香港无限,关联网络需求,泛需求,C,50,True,False,False,1,Google/YouTube 联想,上网卡,快手样本-移动网络,2,1,上网卡 香港 无限,
代理服务器怎么设置,代理与IP,配置排障,C,50,True,False,False,1,百度联想,代理服务器,代理IP,2,1,代理服务器怎么设置,
代理服务器搭建windows,代理与IP,配置排障,C,50,True,False,False,1,Bing 中文联想,代理服务器搭建,二级扩展,2,1,代理服务器搭建 windows,
代理服务器软件免费,代理与IP,下载安装,C,50,True,False,False,1,Bing 中文联想,代理服务器软件,二级扩展,2,1,代理服务器软件 免费,
住宅ip搭建节点,代理与IP,配置排障,C,50,True,True,False,1,Google/YouTube 联想,住宅ip,代理IP,2,1,住宅ip搭建节点,
住宅ip是什么意思,代理与IP,科普原理,C,50,True,False,False,1,百度联想,住宅ip,代理IP,2,1,住宅ip是什么意思,
内网穿透服务,企业网络,企业办公,C,50,True,False,False,1,Bing 中文联想,内网穿透,企业办公,2,1,内网穿透服务,
哪些国家不能访问外网,关联网络需求,泛需求,C,50,True,False,False,1,百度联想,访问外网,快手样本-关联表达,2,1,哪些国家不能访问外网,
国外住宅ip,代理与IP,代理与IP,C,45,False,False,False,1,Google/YouTube 联想,海外网络环境,二级扩展,2,1,国外住宅ip,
国外手机卡在国内能上外网吗,关联网络需求,下载安装,C,50,True,False,False,1,Bing 中文联想,手机卡上外网,快手样本-移动网络,2,1,国外手机卡在国内能上外网吗,
国外软件,关联网络需求,下载安装,C,45,False,False,False,1,Google/YouTube 联想,国外软件不能用,快手样本-海外访问,2,1,国外软件,
国外软件不能用谷歌吗,关联网络需求,下载安装,C,50,True,False,False,1,百度联想,国外软件不能用,快手样本-海外访问,2,1,国外软件不能用谷歌吗,
境外网站大全,关联网络需求,泛需求,C,50,True,False,False,1,Bing 中文联想,境外网站,快手样本-海外访问,2,1,境外网站大全,
境外网站打不开怎么解决,关联网络需求,配置排障,C,50,True,False,False,1,百度联想,境外网站,快手样本-海外访问,2,1,境外网站打不开怎么解决,
外网推特网址,关联网络需求,泛需求,C,50,True,False,False,1,百度联想,外网,快手样本-关联表达,2,1,外网推特网址,
外网测速,关联网络需求,泛需求,C,45,False,False,False,1,Google Web 联想,外网,快手样本-关联表达,2,1,外网测速,
外网赚钱,关联网络需求,泛需求,C,45,False,False,False,1,Google/YouTube 联想,外网,快手样本-关联表达,2,1,外网赚钱,
外贸开发,跨境与海外网络,跨境外贸,C,53,False,False,False,1,Google/YouTube 联想,外贸网络搭建,二级扩展,2,1,外贸开发,
店铺防关联的方法,代理与IP,代理与IP,C,50,True,False,False,1,百度联想,多店铺防关联,跨境店群,2,1,店铺防关联的方法,
异地组网监控设备,企业网络,企业办公,C,50,True,False,False,1,百度联想,异地组网,企业办公,2,1,异地组网监控设备,
暗黑4卡顿与网络延迟,关联网络需求,泛需求,C,50,True,False,False,1,Bing 中文联想,网络延迟卡顿,快手样本-网络排障,2,1,暗黑4卡顿与网络延迟,
校园网,关联网络需求,泛需求,C,45,False,False,False,1,Google/YouTube 联想,校园网vpn,快手样本-校园网,2,1,校园网,
独立ip怎么弄,代理与IP,配置排障,C,50,True,False,False,1,百度联想,独立ip,代理IP,2,1,独立ip怎么弄,
独立ip搭建,代理与IP,配置排障,C,50,True,False,False,1,Google/YouTube 联想,独立ip,代理IP,2,1,独立ip搭建,
网络加速免费版,网络加速,泛需求,C,50,True,False,False,1,Bing 中文联想,网络加速,网络加速,2,1,网络加速免费版,
网络加速工具是什么,网络加速,科普原理,C,50,True,False,False,1,百度联想,网络加速,网络加速,2,1,网络加速工具是什么,
网络延迟卡顿怎么回事,关联网络需求,配置排障,C,50,True,False,False,1,百度联想,网络延迟卡顿,快手样本-网络排障,2,1,网络延迟卡顿怎么回事?,
虚拟局域网怎么搭建,关联网络需求,配置排障,C,50,True,False,False,1,百度联想,虚拟局域网,快手样本-网络技术,2,1,虚拟局域网怎么搭建,
锁国区的游戏,游戏加速,游戏娱乐,C,40,True,False,False,1,百度联想,锁国区,快手样本-海外访问,2,1,锁国区的游戏,
防关联浏览器下载,代理与IP,下载安装,C,50,True,False,False,1,百度联想,防关联,跨境店群,2,1,防关联浏览器下载,
防关联防封号浏览器,代理与IP,代理与IP,C,50,True,False,False,1,Bing 中文联想,防关联,跨境店群,2,1,防关联防封号浏览器,
随身wifi助手,关联网络需求,泛需求,C,50,True,False,False,1,Bing 中文联想,随身wifi,快手样本-移动网络,2,1,随身wifi助手,
随身wifi怎么交费,关联网络需求,配置排障,C,50,True,False,False,1,百度联想,随身wifi,快手样本-移动网络,2,1,随身wifi怎么交费,
随身无线宽带是真的吗,关联网络需求,泛需求,C,50,True,False,False,1,百度联想,随身无线宽带,快手样本-移动网络,2,1,随身无线宽带是真的吗,
静态ip搭建,代理与IP,配置排障,C,50,True,False,False,1,Google/YouTube 联想,静态ip,代理IP,2,1,静态ip搭建,
静态ip是什么意思,代理与IP,科普原理,C,50,True,False,False,1,百度联想,静态ip,代理IP,2,1,静态ip是什么意思,
apn设置什么网速比较快,关联网络需求,配置排障,C,49,True,False,False,1,Bing 中文联想,apn设置,快手样本-移动网络,3,1,apn设置什么网速比较快,
apn设置在哪里设置,关联网络需求,配置排障,C,49,True,False,False,1,百度联想,apn设置,快手样本-移动网络,3,1,apn设置在哪里设置,
sase是什么,企业网络,企业办公,C,49,True,False,False,1,Google Web 联想,sase,企业办公,3,1,sase是什么,
sd-wan介紹,企业网络,企业办公,C,49,True,False,False,1,Google/YouTube 联想,sd-wan,企业办公,3,1,sd-wan 介紹,
sd-wan路由器,企业网络,企业办公,C,49,True,False,False,1,百度联想,sd-wan,企业办公,3,1,sd-wan路由器,
shadowrocket。常见问题,关联网络需求,泛需求,C,44,False,False,False,1,Bing 中文联想,shadowrocket连接不上,快手样本-跨境平台,3,1,shadowrocket。常见问题,
telegram为什么一直显示连接中,关联网络需求,配置排障,C,49,True,False,False,1,Bing 中文联想,telegram一直连接中,快手样本-跨境平台,3,1,telegram为什么一直显示连接中,
telegram连不上网,关联网络需求,配置排障,C,49,True,False,False,1,Google/YouTube 联想,telegram连接不上,快手样本-跨境平台,3,1,telegram连不上网,
tiktok直播网络,跨境与海外网络,跨境外贸,C,52,False,False,False,1,Google/YouTube 联想,跨境直播网络,跨境直播,3,1,tiktok直播网络,
wallpaper解除国区限制,关联网络需求,泛需求,C,49,True,False,False,1,Bing 中文联想,国区限制,快手样本-海外访问,3,1,wallpaper解除国区限制,
上网卡哪里买,关联网络需求,泛需求,C,49,True,False,False,1,Google Web 联想,上网卡,快手样本-移动网络,3,1,上网卡哪里买,
上网卡是什么卡,关联网络需求,科普原理,C,49,True,False,False,1,百度联想,上网卡,快手样本-移动网络,3,1,上网卡是什么卡,
代理服务器免费,代理与IP,代理与IP,C,49,True,False,False,1,Bing 中文联想,代理服务器,代理IP,3,1,代理服务器 免费,
代理服务器搭建优势,代理与IP,配置排障,C,49,True,False,False,1,Bing 中文联想,代理服务器搭建,二级扩展,3,1,代理服务器搭建优势,
全球节点机场,关联网络需求,代理与IP,C,49,True,True,False,1,Bing 中文联想,全球节点,快手样本-节点,3,1,全球节点机场,
内网穿透软件哪个好,企业网络,企业办公,C,49,True,False,False,1,百度联想,内网穿透,企业办公,3,1,内网穿透软件哪个好,
国外网站搜索引擎,关联网络需求,泛需求,C,49,True,False,False,1,百度联想,境外网站,快手样本-海外访问,3,1,国外网站搜索引擎,
境外网站写加班经历,关联网络需求,泛需求,C,49,True,False,False,1,Google Web 联想,境外网站,快手样本-海外访问,3,1,境外网站写加班经历,
境外网站访问工具,关联网络需求,泛需求,C,49,True,False,False,1,Bing 中文联想,境外网站,快手样本-海外访问,3,1,境外网站访问工具,
外网有什么好玩的,关联网络需求,泛需求,C,49,True,False,False,1,Google/YouTube 联想,外网,快手样本-关联表达,3,1,外网有什么好玩的,
外网浏览器,关联网络需求,泛需求,C,49,True,False,False,1,Google Web 联想,外网,快手样本-关联表达,3,1,外网浏览器,
外贸软件,跨境与海外网络,跨境外贸,C,52,False,False,False,1,Google/YouTube 联想,外贸网络、外贸网络搭建,二级扩展、跨境外贸,3,2,外贸软件,
大陆上网卡,关联网络需求,泛需求,C,49,True,False,False,1,Google/YouTube 联想,上网卡,快手样本-移动网络,3,1,大陆 上网卡,
店铺防关联用远程桌面还是远程服务器好,企业网络,企业办公,C,49,True,False,False,1,百度联想,多店铺防关联,跨境店群,3,1,店铺防关联用远程桌面还是远程服务器好,
异地组网怎么设置,企业网络,企业办公,C,49,True,False,False,1,百度联想,异地组网,企业办公,3,1,异地组网怎么设置,
暗黑4卡顿和网络延迟,关联网络需求,泛需求,C,49,True,False,False,1,Bing 中文联想,网络延迟卡顿,快手样本-网络排障,3,1,暗黑4卡顿和网络延迟,
校园网卡顿丢包,关联网络需求,泛需求,C,49,True,False,False,1,Bing 中文联想,校园网卡顿,快手样本-校园网,3,1,校园网卡顿丢包,
校园网卡顿是什么原因,关联网络需求,科普原理,C,49,True,False,False,1,百度联想,校园网卡顿,快手样本-校园网,3,1,校园网卡顿是什么原因,
海外iptv,跨境与海外网络,跨境外贸,C,52,False,False,False,1,Google Web 联想,海外ip,代理IP,3,1,海外iptv,
网络加速开启好还是关闭好,网络加速,配置排障,C,49,True,False,False,1,百度联想,网络加速,网络加速,3,1,网络加速开启好还是关闭好,
网络延迟卡顿什么原因,关联网络需求,泛需求,C,49,True,False,False,1,百度联想,网络延迟卡顿,快手样本-网络排障,3,1,网络延迟卡顿什么原因,
锁国区怎么解决,关联网络需求,配置排障,C,49,True,False,False,1,百度联想,锁国区,快手样本-海外访问,3,1,锁国区怎么解决,
锁国区是什么意思,关联网络需求,科普原理,C,49,True,False,False,1,Bing 中文联想,锁国区,快手样本-海外访问,3,1,锁国区是什么意思,
防关联指纹浏览器,代理与IP,代理与IP,C,49,True,False,False,1,Bing 中文联想,防关联,跨境店群,3,1,防关联指纹浏览器,
防关联是什么,代理与IP,科普原理,C,49,True,False,False,1,百度联想,防关联,跨境店群,3,1,防关联是什么,
随身wifi可靠吗,关联网络需求,泛需求,C,49,True,False,False,1,百度联想,随身wifi,快手样本-移动网络,3,1,随身wifi可靠吗?,
随身wifi哪个牌子好,关联网络需求,泛需求,C,49,True,False,False,1,Bing 中文联想,随身wifi,快手样本-移动网络,3,1,随身wifi哪个牌子好,
随身无线宽带是什么意思,关联网络需求,科普原理,C,49,True,False,False,1,百度联想,随身无线宽带,快手样本-移动网络,3,1,随身无线宽带是什么意思,
静态ip和动态ip的区别,代理与IP,科普原理,C,49,True,False,False,1,Bing 中文联想,静态ip,代理IP,3,1,静态ip和动态ip的区别,
静态ip怎么设置手机,代理与IP,配置排障,C,49,True,False,False,1,百度联想,静态ip怎么设置,二级扩展,3,1,静态ip怎么设置手机,
静态ip软件,代理与IP,下载安装,C,49,True,False,False,1,百度联想,静态ip,代理IP,3,1,静态ip软件,
香港手机卡可以上外网吗,关联网络需求,下载安装,C,49,True,False,False,1,Bing 中文联想,手机卡上外网,快手样本-移动网络,3,1,香港手机卡可以上外网吗,
apn设置成cmtd有什么后果,关联网络需求,配置排障,C,48,True,False,False,1,百度联想,apn设置,快手样本-移动网络,4,1,apn设置成cmtd有什么后果,
apn设置电信,关联网络需求,配置排障,C,48,True,False,False,1,Bing 中文联想,apn设置,快手样本-移动网络,4,1,apn设置电信,
claude国区限制,关联网络需求,泛需求,C,43,False,False,False,1,Bing 中文联想,国区限制,快手样本-海外访问,4,1,claude国区限制,
lucky2上网卡,关联网络需求,泛需求,C,43,False,False,False,1,Google/YouTube 联想,上网卡,快手样本-移动网络,4,1,lucky2 上网卡,
openwrt异地组网,企业网络,企业办公,C,43,False,False,False,1,Google/YouTube 联想,异地组网,企业办公,4,1,openwrt 异地组网,
sd-wan组网方案,企业网络,企业办公,C,48,True,False,False,1,百度联想,sd-wan,企业办公,4,1,sd-wan组网方案,
shadowrocket、配置,关联网络需求,配置排障,C,48,True,False,False,1,Bing 中文联想,shadowrocket连接不上,快手样本-跨境平台,4,1,shadowrocket、配置,
steam国区限制,关联网络需求,泛需求,C,43,False,False,False,1,百度联想,国区限制,快手样本-海外访问,4,1,steam国区限制,
switch代理服务器设置,代理与IP,配置排障,C,48,True,False,False,1,Google/YouTube 联想,代理服务器,代理IP,4,1,switch 代理服务器设置,
telegram一直在连接中,关联网络需求,配置排障,C,48,True,False,False,1,Bing 中文联想,telegram一直连接中,快手样本-跨境平台,4,1,telegram一直在连接中,
telegram网络连接不上,关联网络需求,配置排障,C,48,True,False,False,1,Bing 中文联想,telegram连接不上,快手样本-跨境平台,4,1,telegram网络连接不上,
tiktok环境搭建,跨境与海外网络,跨境外贸,C,51,False,False,False,1,Google/YouTube 联想,跨境电商网络环境,快手样本-跨境电商,4,1,tiktok环境搭建,
上网卡怎么使用,关联网络需求,配置排障,C,48,True,False,False,1,百度联想,上网卡,快手样本-移动网络,4,1,上网卡怎么使用,
上网卡顿怎么解决,关联网络需求,配置排障,C,48,True,False,False,1,Bing 中文联想,上网卡,快手样本-移动网络,4,1,上网卡顿怎么解决,
上网卡香港,关联网络需求,泛需求,C,48,True,False,False,1,Google Web 联想,上网卡,快手样本-移动网络,4,1,上网卡香港,
亚服卡顿与网络延迟的区别,关联网络需求,科普原理,C,48,True,False,False,1,Bing 中文联想,网络延迟卡顿,快手样本-网络排障,4,1,亚服卡顿与网络延迟的区别,
代理服务器搭建原理,代理与IP,配置排障,C,48,True,False,False,1,Bing 中文联想,代理服务器搭建,二级扩展,4,1,代理服务器搭建原理,
代理服务器搭建有哪些工具,代理与IP,配置排障,C,48,True,False,False,1,百度联想,代理服务器搭建,二级扩展,4,1,代理服务器搭建有哪些工具,
代理服务器软件ccproxy,代理与IP,下载安装,C,48,True,False,False,1,Bing 中文联想,代理服务器软件,二级扩展,4,1,代理服务器软件ccproxy,
住宅ip和机房ip,代理与IP,代理与IP,C,48,True,False,False,1,百度联想,住宅ip,代理IP,4,1,住宅ip和机房ip,
内网穿透教程,企业网络,企业办公,C,48,True,False,False,1,百度联想,内网穿透,企业办公,4,1,内网穿透教程,
内网穿透软件推荐,企业网络,企业办公,C,48,True,False,False,1,Bing 中文联想,内网穿透,企业办公,4,1,内网穿透软件推荐,
国外网站官方网址大全,关联网络需求,泛需求,C,48,True,False,False,1,百度联想,境外网站,快手样本-海外访问,4,1,国外网站官方网址大全,
国外软件国内用不了的原因,关联网络需求,下载安装,C,48,True,False,False,1,百度联想,国外软件不能用,快手样本-海外访问,4,1,国外软件国内用不了的原因,
国际网络加速工具,网络加速,泛需求,C,48,True,False,False,1,Bing 中文联想,国际网络加速,跨境外贸,4,1,国际网络加速工具,
境外网站写加班经历中国网民被控寻衅滋事,关联网络需求,泛需求,C,48,True,False,False,1,Google Web 联想,境外网站,快手样本-海外访问,4,1,境外网站写加班经历 中国网民被控寻衅滋事,
外网新闻最新消息,关联网络需求,泛需求,C,48,True,False,False,1,百度联想,外网,快手样本-关联表达,4,1,外网新闻最新消息,
外网软件,关联网络需求,下载安装,C,43,False,False,False,1,Google/YouTube 联想,外网,快手样本-关联表达,4,1,外网软件,
外贸平台,跨境与海外网络,跨境外贸,C,51,False,False,False,1,Google/YouTube 联想,外贸网络,跨境外贸,4,1,外贸平台,
校园网卡顿怎么办,关联网络需求,配置排障,C,48,True,False,False,1,Bing 中文联想,校园网卡顿,快手样本-校园网,4,1,校园网卡顿怎么办,
校园网卡顿解决办法,关联网络需求,泛需求,C,48,True,False,False,1,百度联想,校园网卡顿,快手样本-校园网,4,1,校园网卡顿解决办法,
独立ip多少钱一个月,代理与IP,代理与IP,C,48,True,False,False,1,百度联想,独立ip,代理IP,4,1,独立ip多少钱一个月,
网络加速是啥意思,网络加速,泛需求,C,48,True,False,False,1,百度联想,网络加速,网络加速,4,1,网络加速是啥意思,
网络延迟卡顿怎么办,关联网络需求,配置排障,C,48,True,False,False,1,百度联想,网络延迟卡顿,快手样本-网络排障,4,1,网络延迟卡顿怎么办,
虚拟局域网搭建教程,关联网络需求,配置排障,C,48,True,False,False,1,百度联想,虚拟局域网,快手样本-网络技术,4,1,虚拟局域网搭建教程,
访问外网是违法行为吗,关联网络需求,泛需求,C,48,True,False,False,1,百度联想,访问外网,快手样本-关联表达,4,1,访问外网是违法行为吗,
访问外网的梯子,关联网络需求,泛需求,C,48,True,True,False,1,Bing 中文联想,访问外网,快手样本-关联表达,4,1,访问外网的梯子,
路由器静态ip怎么设置,代理与IP,配置排障,C,48,True,False,False,1,Bing 中文联想,静态ip怎么设置,二级扩展,4,1,路由器静态ip怎么设置,
防关联办法,代理与IP,代理与IP,C,48,True,False,False,1,百度联想,防关联,跨境店群,4,1,防关联办法,
防关联浏览器的优势,代理与IP,代理与IP,C,48,True,False,False,1,Bing 中文联想,防关联,跨境店群,4,1,防关联浏览器的优势,
随身无线宽带哪个最好,关联网络需求,泛需求,C,48,True,False,False,1,百度联想,随身无线宽带,快手样本-移动网络,4,1,随身无线宽带哪个最好,
静态ip怎么设置参数,代理与IP,配置排障,C,48,True,False,False,1,百度联想,静态ip怎么设置,二级扩展,4,1,静态ip怎么设置参数,
静态ip设置,代理与IP,配置排障,C,48,True,False,False,1,Bing 中文联想,静态ip,代理IP,4,1,静态ip设置,
静态ip设置参数,代理与IP,配置排障,C,48,True,False,False,1,百度联想,静态ip,代理IP,4,1,静态ip设置参数,
apn设置联通,关联网络需求,配置排障,C,47,True,False,False,1,Bing 中文联想,apn设置,快手样本-移动网络,5,1,apn设置联通,
istoreos异地组网,企业网络,企业办公,C,42,False,False,False,1,Google/YouTube 联想,异地组网,企业办公,5,1,istoreos 异地组网,
openwrt代理服务器,代理与IP,代理与IP,C,47,True,False,False,1,Google/YouTube 联想,代理服务器,代理IP,5,1,openwrt 代理服务器,
sd-wan介绍,企业网络,企业办公,C,47,True,False,False,1,Google/YouTube 联想,sd-wan,企业办公,5,1,sd-wan 介绍,
sd-wan是个什么技术,企业网络,企业办公,C,47,True,False,False,1,百度联想,sd-wan,企业办公,5,1,sd-wan是个什么技术,
sd-wan服务商,企业网络,企业办公,C,47,True,False,False,1,Google Web 联想,sd-wan,企业办公,5,1,sd-wan 服务商,
shadowrocket .配置,关联网络需求,配置排障,C,47,True,False,False,1,Bing 中文联想,shadowrocket连接不上,快手样本-跨境平台,5,1,shadowrocket .配置,
telegram通话一直连接中,关联网络需求,配置排障,C,47,True,False,False,1,Bing 中文联想,telegram一直连接中,快手样本-跨境平台,5,1,telegram通话一直连接中,
tiktok+绿色,跨境与海外网络,跨境外贸,C,50,False,False,False,1,Bing 中文联想,tiktok网络环境异常,快手样本-跨境平台,5,1,tiktok+绿色,
tiktok搭建网络,跨境与海外网络,跨境外贸,C,50,False,False,False,1,Google/YouTube 联想,跨境电商网络,跨境外贸,5,1,tiktok搭建网络,
tplink路由器异地组网,企业网络,企业办公,C,47,True,False,False,1,百度联想,异地组网,企业办公,5,1,tplink路由器异地组网,
上网卡多少钱,关联网络需求,泛需求,C,47,True,False,False,1,百度联想,上网卡,快手样本-移动网络,5,1,上网卡多少钱,
上网卡实名登记,关联网络需求,泛需求,C,47,True,False,False,1,Google Web 联想,上网卡,快手样本-移动网络,5,1,上网卡实名登记,
上网卡无限流量,关联网络需求,泛需求,C,47,True,False,False,1,Bing 中文联想,上网卡,快手样本-移动网络,5,1,上网卡 无限流量,
代理服务器在哪里找,代理与IP,代理与IP,C,47,True,False,False,1,百度联想,代理服务器,代理IP,5,1,代理服务器在哪里找,
代理服务器搭建方案,代理与IP,配置排障,C,47,True,False,False,1,百度联想,代理服务器搭建,二级扩展,5,1,代理服务器搭建方案,
代理服务器搭建视频,代理与IP,配置排障,C,47,True,False,False,1,Bing 中文联想,代理服务器搭建,二级扩展,5,1,代理服务器搭建视频,
代理服务器软件部署,代理与IP,下载安装,C,47,True,False,False,1,百度联想,代理服务器软件,二级扩展,5,1,代理服务器软件部署,
住宅ip怎么使用,代理与IP,配置排障,C,47,True,False,False,1,Google/YouTube 联想,住宅ip,代理IP,5,1,住宅ip怎么使用,
全球节点订阅,关联网络需求,代理与IP,C,47,True,True,False,1,Bing 中文联想,全球节点,快手样本-节点,5,1,全球节点订阅,
内网穿透cpolar,企业网络,企业办公,C,42,False,False,False,1,Bing 中文联想,内网穿透,企业办公,5,1,内网穿透 cpolar,
内网穿透违法吗,企业网络,企业办公,C,47,True,False,False,1,百度联想,内网穿透,企业办公,5,1,内网穿透违法吗,
台湾上网卡,关联网络需求,泛需求,C,47,True,False,False,1,Google/YouTube 联想,上网卡,快手样本-移动网络,5,1,台湾 上网卡,
国外网站facebook,关联网络需求,泛需求,C,42,False,False,False,1,百度联想,境外网站,快手样本-海外访问,5,1,国外网站facebook,
国际网络加速服务,网络加速,泛需求,C,47,True,False,False,1,Bing 中文联想,国际网络加速,跨境外贸,5,1,国际网络加速服务,
境外网站如何访问,关联网络需求,配置排障,C,47,True,False,False,1,Bing 中文联想,境外网站,快手样本-海外访问,5,1,境外网站如何访问,
外网看中国,关联网络需求,泛需求,C,47,True,False,False,1,Google/YouTube 联想,外网,快手样本-关联表达,5,1,外网看中国,
外网访问是什么意思,关联网络需求,科普原理,C,47,True,False,False,1,百度联想,访问外网,快手样本-关联表达,5,1,外网访问是什么意思,
怎么实现一条网线多个独立ip,代理与IP,配置排障,C,47,True,False,False,1,百度联想,独立ip,代理IP,5,1,怎么实现一条网线多个独立ip,
怎么设置静态ip,代理与IP,配置排障,C,47,True,False,False,1,Bing 中文联想,静态ip怎么设置,二级扩展,5,1,怎么设置静态ip,
怎样解决网络延迟卡顿,关联网络需求,泛需求,C,47,True,False,False,1,百度联想,网络延迟卡顿,快手样本-网络排障,5,1,怎样解决网络延迟卡顿,
校园网卡顿怎么处理,关联网络需求,配置排障,C,47,True,False,False,1,百度联想,校园网卡顿,快手样本-校园网,5,1,校园网卡顿怎么处理,
校园网卡顿怎么设置,关联网络需求,配置排障,C,47,True,False,False,1,Bing 中文联想,校园网卡顿,快手样本-校园网,5,1,校园网卡顿怎么设置,
海外购,跨境与海外网络,跨境外贸,C,50,False,False,False,1,Google/YouTube 联想,海外ip,代理IP,5,1,海外购,
电脑telegram连接不上,关联网络需求,配置排障,C,47,True,False,False,1,Bing 中文联想,telegram连接不上,快手样本-跨境平台,5,1,电脑telegram连接不上,
移动apn设置,关联网络需求,配置排障,C,47,True,False,False,1,百度联想,apn设置,快手样本-移动网络,5,1,移动apn设置,
网络加速工具,网络加速,泛需求,C,47,True,False,False,1,Bing 中文联想,网络加速,网络加速,5,1,网络加速工具,
网络加速开好还是不开好,网络加速,泛需求,C,47,True,False,False,1,百度联想,网络加速,网络加速,5,1,网络加速开好还是不开好,
网络延迟不高但是卡顿,关联网络需求,泛需求,C,47,True,False,False,1,Bing 中文联想,网络延迟卡顿,快手样本-网络排障,5,1,网络延迟不高但是卡顿,
虚拟局域网radmin,关联网络需求,泛需求,C,47,True,False,False,1,Bing 中文联想,虚拟局域网,快手样本-网络技术,5,1,虚拟局域网radmin,
虚拟局域网搭建,关联网络需求,配置排障,C,47,True,False,False,1,Google Web 联想,虚拟局域网,快手样本-网络技术,5,1,虚拟局域网搭建,
防关联ip,代理与IP,代理与IP,C,42,False,False,False,1,百度联想,防关联,跨境店群,5,1,防关联ip,
防关联浏览器的原理,代理与IP,科普原理,C,47,True,False,False,1,Bing 中文联想,防关联,跨境店群,5,1,防关联浏览器的原理,
随身wifi上飞机,关联网络需求,泛需求,C,47,True,False,False,1,Bing 中文联想,随身wifi,快手样本-移动网络,5,1,随身wifi上飞机,
随身wifi助手github,关联网络需求,泛需求,C,47,True,False,False,1,Google Web 联想,随身wifi,快手样本-移动网络,5,1,随身wifi助手github,
随身wifi哪个牌子好信号稳定快,关联网络需求,泛需求,C,47,True,False,False,1,百度联想,随身wifi,快手样本-移动网络,5,1,随身wifi哪个牌子好信号稳定快,
随身无线宽带怎么样,关联网络需求,配置排障,C,47,True,False,False,1,百度联想,随身无线宽带,快手样本-移动网络,5,1,随身无线宽带怎么样,
静态ip怎么使用,代理与IP,配置排障,C,47,True,False,False,1,Google Web 联想,静态ip,代理IP,5,1,静态ip怎么使用,
静态ip怎么用,代理与IP,配置排障,C,47,True,False,False,1,Google/YouTube 联想,静态ip,代理IP,5,1,静态ip怎么用,
静态ip怎么获取,代理与IP,配置排障,C,47,True,False,False,1,百度联想,静态ip,代理IP,5,1,静态ip怎么获取,
静态ip怎么设置linux,代理与IP,配置排障,C,47,True,False,False,1,百度联想,静态ip怎么设置,二级扩展,5,1,静态ip怎么设置linux,
2. 你了解的跨境电商平台都有哪些简要介绍,跨境与海外网络,跨境外贸,C,54,True,False,False,1,Bing 中文联想,跨境电商网络环境、跨境电商网络环境搭建,二级扩展、快手样本-跨境电商,6,3,2. 你了解的跨境电商平台都有哪些 简要介绍,
apn设置为ctnet,关联网络需求,配置排障,C,46,True,False,False,1,Bing 中文联想,apn设置,快手样本-移动网络,6,1,apn设置为ctnet,
clash连接不上telegram,关联网络需求,配置排障,C,46,True,False,False,1,Bing 中文联想,telegram连接不上,快手样本-跨境平台,6,1,clash连接不上telegram,
sd-wan锐捷,企业网络,企业办公,C,46,True,False,False,1,Google/YouTube 联想,sd-wan,企业办公,6,1,sd-wan 锐捷,
steam国区限制取消,关联网络需求,泛需求,C,46,True,False,False,1,Bing 中文联想,国区限制,快手样本-海外访问,6,1,steam国区限制取消,
tiktok下载了为什么没网络连接,跨境与海外网络,跨境外贸,C,54,True,False,False,1,百度联想,tiktok网络搭建,二级扩展,6,1,tiktok下载了为什么没网络连接,
tiktok国际版无法连接网络,跨境与海外网络,跨境外贸,C,54,True,False,False,1,Bing 中文联想,tiktok网络无法连接,二级扩展,6,1,tiktok国际版无法连接网络,
tiktok怎么搭建网络环境,跨境与海外网络,跨境外贸,C,54,True,False,False,1,Bing 中文联想,tiktok网络搭建,二级扩展,6,1,tiktok怎么搭建网络环境,
tiktok无网络怎么办,跨境与海外网络,跨境外贸,C,54,True,False,False,1,百度联想,tiktok无网络连接怎么办,二级扩展,6,1,TikTok无网络怎么办,
tiktok注册网络连接不稳定,跨境与海外网络,跨境外贸,C,54,True,False,False,1,Bing 中文联想,tiktok网络不稳定、tiktok网络连接不稳定,二级扩展,6,2,tiktok注册网络连接不稳定,
tiktok网络连接不稳定怎么办,跨境与海外网络,跨境外贸,C,54,True,False,False,1,Bing 中文联想,tiktok网络连接不稳定,二级扩展,6,1,tiktok网络连接不稳定怎么办,
tiktok网络连接不稳定怎么办苹果,跨境与海外网络,跨境外贸,C,54,True,False,False,1,百度联想,tiktok网络连接不稳定,二级扩展,6,1,tiktok网络连接不稳定怎么办苹果,
tiktok网络问题10最新版本更新内容,跨境与海外网络,跨境外贸,C,54,True,False,False,1,百度联想,tiktok网络环境异常,快手样本-跨境平台,6,1,TikTok网络问题10最新版本更新内容,
tk跨境网络搭建,跨境与海外网络,跨境外贸,C,54,True,False,False,1,Bing 中文联想,跨境网络搭建,二级扩展,6,1,tk跨境网络搭建,
vivo应用商店海外版,跨境与海外网络,跨境外贸,C,54,True,False,False,1,Bing 中文联想,海外应用商店,快手样本-海外访问,6,1,vivo应用商店海外版,
www.tiktok.com关闭了连接,跨境与海外网络,跨境外贸,C,54,True,False,False,1,Bing 中文联想,tiktok无网络连接怎么办、tiktok网络环境异常,二级扩展、快手样本-跨境平台,6,2,www.tiktok.com 关闭了连接,
zerotier异地组网,企业网络,企业办公,C,41,False,False,False,1,百度联想,异地组网,企业办公,6,1,zerotier异地组网,
‎shadowrocket设置,关联网络需求,配置排障,C,46,True,False,False,1,Bing 中文联想,shadowrocket连接不上,快手样本-跨境平台,6,1,‎shadowrocket 设置,
上网卡中国,关联网络需求,泛需求,C,46,True,False,False,1,Google Web 联想,上网卡,快手样本-移动网络,6,1,上网卡 中国,
上网卡托,关联网络需求,泛需求,C,41,False,False,False,1,Bing 中文联想,上网卡,快手样本-移动网络,6,1,上网卡托,
上网卡顿怎么处理,关联网络需求,配置排障,C,46,True,False,False,1,百度联想,上网卡,快手样本-移动网络,6,1,上网卡顿怎么处理,
下载海外软件,跨境与海外网络,跨境外贸,C,54,True,False,False,1,Bing 中文联想,海外软件下载,快手样本-海外访问,6,1,下载海外软件,
中国联通上网卡,关联网络需求,泛需求,C,46,True,False,False,1,Google/YouTube 联想,上网卡,快手样本-移动网络,6,1,中国联通 上网卡,
为什么telegram一直在连接中,关联网络需求,配置排障,C,46,True,False,False,1,Bing 中文联想,telegram一直连接中,快手样本-跨境平台,6,1,为什么telegram一直在连接中,
亚马逊海外购app下载,跨境与海外网络,跨境外贸,C,54,True,False,False,1,Bing 中文联想,海外app下载,快手样本-海外访问,6,1,亚马逊海外购app下载,
亚马逊网络关联,跨境与海外网络,跨境外贸,C,54,True,False,False,1,Bing 中文联想,亚马逊网络,跨境平台,6,1,亚马逊网络关联,
亚马逊网络服务有限责任公司,跨境与海外网络,企业办公,C,54,True,False,False,1,百度联想,亚马逊网络,跨境平台,6,1,亚马逊网络服务有限责任公司,
"代理服务器可能有问题,或地址不正确怎么办",代理与IP,配置排障,C,46,True,False,False,1,百度联想,代理服务器,代理IP,6,1,"代理服务器可能有问题,或地址不正确怎么办",
代理服务器搭建需求,代理与IP,配置排障,C,46,True,False,False,1,Bing 中文联想,代理服务器搭建,二级扩展,6,1,代理服务器搭建需求,
单纯访问外网犯法吗,关联网络需求,泛需求,C,46,True,False,False,1,百度联想,访问外网,快手样本-关联表达,6,1,单纯访问外网犯法吗,
国外网站查资料,关联网络需求,泛需求,C,46,True,False,False,1,百度联想,境外网站,快手样本-海外访问,6,1,国外网站查资料,
国际专线拨打电话也可语音信箱仅留言文字,跨境与海外网络,跨境外贸,C,54,True,False,False,1,Google Web 联想,国际专线,跨境外贸,6,1,国际专线 拨打电话 也可语音信箱 仅留言文字,
境外网站备案,关联网络需求,泛需求,C,46,True,False,False,1,Bing 中文联想,境外网站,快手样本-海外访问,6,1,境外网站备案,
外网app,关联网络需求,下载安装,C,41,False,False,False,1,Google/YouTube 联想,外网,快手样本-关联表达,6,1,外网app,
外网聊天软件app,关联网络需求,下载安装,C,46,True,False,False,1,百度联想,外网,快手样本-关联表达,6,1,外网聊天软件app,
外网视频网站,关联网络需求,泛需求,C,46,True,False,False,1,Bing 中文联想,外网,快手样本-关联表达,6,1,外网视频网站,
外贸网络搭建是什么意思,跨境与海外网络,跨境外贸,C,54,True,False,False,1,百度联想,外贸网络搭建,二级扩展,6,1,外贸网络搭建是什么意思,
外贸网络环境,跨境与海外网络,跨境外贸,C,54,True,False,False,1,Bing 中文联想,外贸网络,跨境外贸,6,1,外贸网络环境,
异地组网和内网穿透的区别,企业网络,企业办公,C,46,True,False,False,1,Bing 中文联想,异地组网,企业办公,6,1,异地组网和内网穿透的区别,
校园网卡顿的原因,关联网络需求,泛需求,C,46,True,False,False,1,百度联想,校园网卡顿,快手样本-校园网,6,1,校园网卡顿的原因,
海外app下载排行,跨境与海外网络,跨境外贸,C,54,True,False,False,1,百度联想,海外app下载,快手样本-海外访问,6,1,海外APP下载排行,
海外iphone国内esim,跨境与海外网络,跨境外贸,C,54,True,False,False,1,百度联想,海外iphone,二级扩展,6,1,海外iphone 国内esim,
海外iphone盗難,跨境与海外网络,跨境外贸,C,54,True,False,False,1,Bing 中文联想,海外iphone,二级扩展,6,1,海外 iphone 盗難,
海外专线电视剧主角,跨境与海外网络,跨境外贸,C,54,True,False,False,1,Bing 中文联想,海外专线,跨境外贸,6,1,海外专线电视剧主角,
海外直播网络怎么连接,跨境与海外网络,跨境外贸,C,54,True,False,False,1,百度联想,海外直播网络,跨境直播,6,1,海外直播网络怎么连接,
海外软件下载平台官网,跨境与海外网络,跨境外贸,C,54,True,False,False,1,百度联想,海外软件下载,快手样本-海外访问,6,1,海外软件下载平台官网,
电脑静态ip怎么设置,代理与IP,配置排障,C,46,True,False,False,1,Bing 中文联想,静态ip怎么设置,二级扩展,6,1,电脑静态ip怎么设置,
登录tiktok无网络连接,跨境与海外网络,跨境外贸,C,54,True,False,False,1,百度联想,tiktok无网络连接,快手样本-跨境平台,6,1,登录tiktok无网络连接,
登录tiktok网络不稳定,跨境与海外网络,跨境外贸,C,54,True,False,False,1,百度联想,tiktok网络不稳定,二级扩展,6,1,登录tiktok网络不稳定,
社媒账号防关联,代理与IP,代理与IP,C,46,True,False,False,1,百度联想,防关联,跨境店群,6,1,社媒账号防关联,
纯净住宅ip,代理与IP,代理与IP,C,41,False,False,False,1,百度联想,住宅ip,代理IP,6,1,纯净住宅ip,
网络加速在哪里设置,网络加速,配置排障,C,46,True,False,False,1,百度联想,网络加速,网络加速,6,1,网络加速在哪里设置,
网络延迟缓慢怎么办,关联网络需求,配置排障,C,46,True,False,False,1,百度联想,网络延迟卡顿,快手样本-网络排障,6,1,网络延迟缓慢怎么办,
联通apn设置,关联网络需求,配置排障,C,46,True,False,False,1,百度联想,apn设置,快手样本-移动网络,6,1,联通apn设置,
苹果手机tiktok显示无网络连接怎么办,跨境与海外网络,跨境外贸,C,54,True,False,False,1,Bing 中文联想,tiktok无网络连接怎么办,二级扩展,6,1,苹果手机tiktok显示无网络连接怎么办,
跨境专线服务,跨境与海外网络,跨境外贸,C,54,True,False,False,1,百度联想,跨境专线,跨境外贸,6,1,跨境专线服务,
跨境专线物流价格,跨境与海外网络,跨境外贸,C,54,True,False,False,1,Bing 中文联想,跨境专线,跨境外贸,6,1,跨境专线物流价格,
跨境国际专线,跨境与海外网络,跨境外贸,C,54,True,False,False,1,百度联想,国际专线,跨境外贸,6,1,跨境国际专线,
跨境电商上网解决方案,跨境与海外网络,跨境外贸,C,54,True,False,False,1,百度联想,跨境电商网络环境搭建,二级扩展、快手样本-跨境电商,6,2,跨境电商上网解决方案,
跨境电商诈骗怎么举报,跨境与海外网络,跨境外贸,C,54,True,False,False,1,百度联想,跨境电商网络环境,快手样本-跨境电商,6,1,跨境电商诈骗怎么举报,
跨境直播网络如何检查网络干不干净,跨境与海外网络,跨境外贸,C,54,True,False,False,1,百度联想,跨境直播网络,跨境直播,6,1,跨境直播网络如何检查网络干不干净,
跨境网络怎么连接,跨境与海外网络,跨境外贸,C,54,True,False,False,1,百度联想,跨境网络,跨境外贸,6,1,跨境网络怎么连接,
跨境网络搭建怎么解决风险,跨境与海外网络,跨境外贸,C,54,True,False,False,1,百度联想,跨境网络搭建,二级扩展,6,1,跨境网络搭建怎么解决风险,
跨境网络服务商名词解释,跨境与海外网络,跨境外贸,C,54,True,False,False,1,百度联想,跨境网络服务商,二级扩展,6,1,跨境网络服务商名词解释,
防关联浏览器的比较,代理与IP,代理与IP,C,46,True,False,False,1,Bing 中文联想,防关联,跨境店群,6,1,防关联浏览器的比较,
随身wifi哪个好,关联网络需求,选型购买,C,46,True,False,False,1,Google Web 联想,随身wifi,快手样本-移动网络,6,1,随身wifi哪个好,
随身wifi那个牌子好用又实惠,关联网络需求,选型购买,C,46,True,False,False,1,百度联想,随身wifi,快手样本-移动网络,6,1,随身wifi那个牌子好用又实惠,
随身无线宽带哪个最划算,关联网络需求,泛需求,C,46,True,False,False,1,百度联想,随身无线宽带,快手样本-移动网络,6,1,随身无线宽带哪个最划算,
青岛打造跨境电商海外仓智慧服务网络赋能外贸企业扬帆出海,跨境与海外网络,企业办公,C,54,True,False,False,1,Bing 中文联想,跨境网络服务商,二级扩展,6,1,青岛打造跨境电商海外仓智慧服务网络赋能外贸企业扬帆出海,
静态ip使用,代理与IP,代理与IP,C,46,True,False,False,1,Google/YouTube 联想,静态ip,代理IP,6,1,静态ip使用,
静态ip地址,代理与IP,代理与IP,C,46,True,False,False,1,Bing 中文联想,静态ip,代理IP,6,1,静态ip地址,
静态ip怎么设置才能上网,代理与IP,配置排障,C,46,True,False,False,1,百度联想,静态ip怎么设置,二级扩展,6,1,静态ip怎么设置才能上网,
静态ip机场,代理与IP,代理与IP,C,46,True,True,False,1,Google Web 联想,静态ip,代理IP,6,1,静态ip机场,
静态ip网站,代理与IP,代理与IP,C,46,True,False,False,1,百度联想,静态ip,代理IP,6,1,静态ip网站,
apn设置移动,关联网络需求,配置排障,C,45,True,False,False,1,Bing 中文联想,apn设置,快手样本-移动网络,7,1,apn设置移动,
frp内网穿透,企业网络,企业办公,C,40,False,False,False,1,百度联想,内网穿透,企业办公,7,1,frp内网穿透,
sd-wan configuration,企业网络,企业办公,C,45,True,False,False,1,Google/YouTube 联想,sd-wan,企业办公,7,1,sd-wan configuration,
sd-wan设备,企业网络,企业办公,C,45,True,False,False,1,Bing 中文联想,sd-wan,企业办公,7,1,sd-wan设备,
shadowrocket.设置,关联网络需求,配置排障,C,45,True,False,False,1,Bing 中文联想,shadowrocket连接不上,快手样本-跨境平台,7,1,shadowrocket.设置,
steam国区限制内容解锁,关联网络需求,泛需求,C,45,True,False,False,1,百度联想,国区限制,快手样本-海外访问,7,1,steam国区限制内容解锁,
telegram desktop连接不上,关联网络需求,配置排障,C,45,True,False,False,1,Bing 中文联想,telegram连接不上,快手样本-跨境平台,7,1,telegram desktop连接不上,
telegram-x怎么设置中文,关联网络需求,配置排障,C,45,True,False,False,1,Bing 中文联想,telegram一直连接中,快手样本-跨境平台,7,1,telegram-x怎么设置中文,
tiktok无法联网,跨境与海外网络,跨境外贸,C,48,False,False,False,1,百度联想,tiktok网络无法连接,二级扩展,7,1,tiktok无法联网,
tiktok没有网络连接的解决办法,跨境与海外网络,跨境外贸,C,53,True,False,False,1,百度联想,tiktok无网络连接怎么办,二级扩展,7,1,tiktok没有网络连接的解决办法,
tiktok登录网络连接不稳定,跨境与海外网络,跨境外贸,C,53,True,False,False,1,Bing 中文联想,tiktok网络不稳定,二级扩展,7,1,tiktok登录网络连接不稳定,
tiktok网络不太稳定,跨境与海外网络,跨境外贸,C,53,True,False,False,1,百度联想,tiktok网络环境异常,快手样本-跨境平台,7,1,tiktok网络不太稳定,
tiktok网络不稳定登陆不上,跨境与海外网络,跨境外贸,C,53,True,False,False,1,百度联想,tiktok网络不稳定,二级扩展,7,1,tiktok网络不稳定登陆不上,
tiktok跨境电商网络搭建,跨境与海外网络,跨境外贸,C,53,True,False,False,1,Bing 中文联想,tiktok网络搭建,二级扩展,7,1,tiktok跨境电商网络搭建,
上网卡哪个又好又便宜,关联网络需求,泛需求,C,45,True,False,False,1,百度联想,上网卡,快手样本-移动网络,7,1,上网卡哪个又好又便宜,
上网卡达人,关联网络需求,泛需求,C,45,True,False,False,1,Google Web 联想,上网卡,快手样本-移动网络,7,1,上网卡达人,
上网卡通,关联网络需求,泛需求,C,40,False,False,False,1,Bing 中文联想,上网卡,快手样本-移动网络,7,1,上网卡通,
亚马逊网络服务(aws),跨境与海外网络,跨境外贸,C,53,True,False,False,1,百度联想,亚马逊网络,跨境平台,7,1,亚马逊网络服务(AWS),
亚马逊网络服务是什么,跨境与海外网络,跨境外贸,C,53,True,False,False,1,Bing 中文联想,亚马逊网络,跨境平台,7,1,亚马逊网络服务是什么,
代理服务器搭建注意事项,代理与IP,配置排障,C,45,True,False,False,1,Bing 中文联想,代理服务器搭建,二级扩展,7,1,代理服务器搭建注意事项,
代理服务器是什么,代理与IP,科普原理,C,45,True,False,False,1,百度联想,代理服务器,代理IP,7,1,代理服务器是什么,
代理服务器购买,代理与IP,选型购买,C,45,True,False,False,1,Google Web 联想,代理服务器,代理IP,7,1,代理服务器购买,
代理服务器软件是什么,代理与IP,下载安装,C,45,True,False,False,1,Bing 中文联想,代理服务器软件,二级扩展,7,1,代理服务器软件是什么,
代理服务器软件有哪些l开头,代理与IP,下载安装,C,45,True,False,False,1,百度联想,代理服务器软件,二级扩展,7,1,代理服务器软件有哪些l开头,
代理服务器部署,代理与IP,代理与IP,C,45,True,False,False,1,百度联想,代理服务器搭建,二级扩展,7,1,代理服务器部署,
全球节点访问测试,关联网络需求,代理与IP,C,45,True,True,False,1,Bing 中文联想,全球节点,快手样本-节点,7,1,全球节点访问测试,
内网穿透推荐,企业网络,企业办公,C,45,True,False,False,1,Bing 中文联想,内网穿透,企业办公,7,1,内网穿透推荐,
国内登陆tiktok网络连接不稳定,跨境与海外网络,跨境外贸,C,53,True,False,False,1,百度联想,tiktok网络连接不稳定,二级扩展,7,1,国内登陆tiktok网络连接不稳定,
国外网站推特,关联网络需求,泛需求,C,45,True,False,False,1,百度联想,境外网站,快手样本-海外访问,7,1,国外网站推特,
国外网速慢怎么解决,关联网络需求,配置排障,C,45,True,False,False,1,百度联想,海外网络卡顿,快手样本-海外访问,7,1,国外网速慢怎么解决,
国外软件连不上网络怎么办,关联网络需求,配置排障,C,45,True,False,False,1,百度联想,国外软件不能用,快手样本-海外访问,7,1,国外软件连不上网络怎么办,
国际专线物流资费,跨境与海外网络,跨境外贸,C,53,True,False,False,1,Bing 中文联想,国际专线,跨境外贸,7,1,国际专线物流资费,
国际跨境网络服务商,跨境与海外网络,跨境外贸,C,53,True,False,False,1,百度联想,跨境网络服务商,二级扩展,7,1,国际跨境网络服务商,
外网怎么连网,关联网络需求,配置排障,C,45,True,False,False,1,百度联想,外网,快手样本-关联表达,7,1,外网怎么连网,
外网梯子,关联网络需求,泛需求,C,40,False,True,False,1,Bing 中文联想,外网,快手样本-关联表达,7,1,外网梯子,
外网视频,关联网络需求,泛需求,C,40,False,False,False,1,Google Web 联想,外网,快手样本-关联表达,7,1,外网视频,
外贸soho网络搭建,跨境与海外网络,跨境外贸,C,53,True,False,False,1,Bing 中文联想,外贸网络搭建,二级扩展,7,1,外贸soho网络搭建,
外贸网络搭建新手必看步骤,跨境与海外网络,跨境外贸,C,53,True,False,False,1,百度联想,外贸网络、外贸网络搭建,二级扩展、跨境外贸,7,2,外贸网络搭建新手必看步骤,
外贸网络服务商,跨境与海外网络,跨境外贸,C,53,True,False,False,1,Bing 中文联想,外贸网络,跨境外贸,7,1,外贸网络服务商,
学生海外留学,跨境与海外网络,跨境外贸,C,53,True,False,False,1,百度联想,海外留学生网络卡顿,快手样本-海外访问,7,1,学生海外留学,
安卓tiktok无法连接网络,跨境与海外网络,跨境外贸,C,53,True,False,False,1,Bing 中文联想,tiktok网络无法连接,二级扩展,7,1,安卓tiktok无法连接网络,
手机静态ip怎么设置,代理与IP,配置排障,C,45,True,False,False,1,Bing 中文联想,静态ip怎么设置,二级扩展,7,1,手机静态ip怎么设置,
无线网静态ip怎么设置,代理与IP,配置排障,C,45,True,False,False,1,百度联想,静态ip怎么设置,二级扩展,7,1,无线网静态ip怎么设置,
无锡公交新世界国际专线,跨境与海外网络,跨境外贸,C,53,True,False,False,1,百度联想,国际专线,跨境外贸,7,1,无锡公交新世界国际专线,
日本上网卡,关联网络需求,泛需求,C,45,True,False,False,1,Google/YouTube 联想,上网卡,快手样本-移动网络,7,1,日本 上网卡,
校园网卡顿向哪个部门投诉,关联网络需求,泛需求,C,45,True,False,False,1,百度联想,校园网卡顿,快手样本-校园网,7,1,校园网卡顿向哪个部门投诉,
校园网卡顿解决方案,关联网络需求,泛需求,C,45,True,False,False,1,Bing 中文联想,校园网卡顿,快手样本-校园网,7,1,校园网卡顿解决方案,
海外app下载大全,跨境与海外网络,跨境外贸,C,53,True,False,False,1,百度联想,海外app下载,快手样本-海外访问,7,1,海外APP下载大全,
海外iphone suica,跨境与海外网络,跨境外贸,C,53,True,False,False,1,Google Web 联想,海外iphone,二级扩展,7,1,海外iphone suica,
海外iphone在国内怎么用双卡,跨境与海外网络,跨境外贸,C,53,True,False,False,1,百度联想,海外iphone,二级扩展,7,1,海外iphone在国内怎么用双卡,
海外iphone設定docomo,跨境与海外网络,跨境外贸,C,53,True,False,False,1,Bing 中文联想,海外iphone,二级扩展,7,1,海外 iphone 設定 docomo,
海外专线ip怎么搭建,跨境与海外网络,跨境外贸,C,53,True,False,False,1,百度联想,海外专线,跨境外贸,7,1,海外专线ip怎么搭建,
海外华人影院app下载,跨境与海外网络,跨境外贸,C,53,True,False,False,1,Bing 中文联想,海外app下载,快手样本-海外访问,7,1,海外华人影院app下载,
海外直播网络连接失败,跨境与海外网络,跨境外贸,C,53,True,False,False,1,百度联想,海外直播网络,跨境直播,7,1,海外直播网络连接失败,
海外稳定网络,跨境与海外网络,跨境外贸,C,53,True,False,False,1,百度联想,海外网络环境,二级扩展,7,1,海外稳定网络,
海外软件下载网站有哪些,跨境与海外网络,跨境外贸,C,53,True,False,False,1,百度联想,海外软件下载,快手样本-海外访问,7,1,海外软件下载网站有哪些,
独立ip主机,代理与IP,代理与IP,C,45,True,False,False,1,百度联想,独立ip,代理IP,7,1,独立ip主机,
电信跨境专线,跨境与海外网络,跨境外贸,C,53,True,False,False,1,百度联想,跨境专线,跨境外贸,7,1,电信跨境专线,
第一狂战士卡赞为什么锁国区,关联网络需求,泛需求,C,45,True,False,False,1,百度联想,锁国区,快手样本-海外访问,7,1,第一狂战士卡赞为什么锁国区,
绿色tiktok+,跨境与海外网络,跨境外贸,C,48,False,False,False,1,Bing 中文联想,tiktok网络环境异常,快手样本-跨境平台,7,1,绿色tiktok+,
网络加速收费吗,网络加速,选型购买,C,45,True,False,False,1,百度联想,网络加速,网络加速,7,1,网络加速收费吗?,
网络延迟kale,关联网络需求,泛需求,C,40,False,False,False,1,百度联想,网络延迟卡顿,快手样本-网络排障,7,1,网络延迟kale,
联通5g接入点apn设置,关联网络需求,配置排障,C,45,True,False,False,1,百度联想,apn设置,快手样本-移动网络,7,1,联通5g接入点apn设置,
蒲公英异地组网,企业网络,企业办公,C,45,True,False,False,1,百度联想,异地组网,企业办公,7,1,蒲公英异地组网,
虚拟局域网是什么,关联网络需求,科普原理,C,45,True,False,False,1,Bing 中文联想,虚拟局域网,快手样本-网络技术,7,1,虚拟局域网是什么,
访问外网的插件,关联网络需求,泛需求,C,45,True,False,False,1,Bing 中文联想,访问外网,快手样本-关联表达,7,1,访问外网的插件,
跨境专线物流优势,跨境与海外网络,跨境外贸,C,53,True,False,False,1,Bing 中文联想,跨境专线,跨境外贸,7,1,跨境专线物流优势,
跨境电商怎么做新手入门,跨境与海外网络,跨境外贸,C,53,True,False,False,1,Bing 中文联想,跨境电商网络环境搭建,二级扩展、快手样本-跨境电商,7,2,跨境 电 商 怎么 做 新手 入门,
跨境电商的流程和步骤,跨境与海外网络,跨境外贸,C,53,True,False,False,1,百度联想,跨境电商网络环境,快手样本-跨境电商,7,1,跨境电商的流程和步骤,
跨境电商网络怎么弄,跨境与海外网络,跨境外贸,C,53,True,False,False,1,百度联想,跨境电商网络,跨境外贸,7,1,跨境电商网络怎么弄,
跨境电商网络设置步骤,跨境与海外网络,跨境外贸,C,53,True,False,False,1,百度联想,跨境电商网络环境搭建,二级扩展、快手样本-跨境电商,7,2,跨境电商网络设置步骤,
跨境直播平台有哪些,跨境与海外网络,跨境外贸,C,53,True,False,False,1,百度联想,跨境直播网络,跨境直播,7,1,跨境直播平台有哪些,
跨境网络搭建方案,跨境与海外网络,跨境外贸,C,53,True,False,False,1,百度联想,跨境网络搭建,二级扩展,7,1,跨境网络搭建方案,
跨境网络购买,跨境与海外网络,跨境外贸,C,53,True,False,False,1,百度联想,跨境网络,跨境外贸,7,1,跨境网络购买,
防关联浏览器哪个好用,代理与IP,选型购买,C,45,True,False,False,1,百度联想,防关联,跨境店群,7,1,防关联浏览器哪个好用,
防关联浏览器的设置,代理与IP,配置排障,C,45,True,False,False,1,Bing 中文联想,防关联,跨境店群,7,1,防关联浏览器的设置,
随身wifi去控,关联网络需求,泛需求,C,45,True,False,False,1,Google/YouTube 联想,随身wifi,快手样本-移动网络,7,1,随身wifi去控,
随身wifi实名认证有风险吗,关联网络需求,泛需求,C,45,True,False,False,1,百度联想,随身wifi,快手样本-移动网络,7,1,随身wifi实名认证有风险吗,
随身wifi网速慢怎么解决,关联网络需求,配置排障,C,45,True,False,False,1,Bing 中文联想,随身wifi,快手样本-移动网络,7,1,随身wifi网速慢怎么解决,
"随身无线宽带怎么办理,大概多少钱",关联网络需求,配置排障,C,45,True,False,False,1,百度联想,随身无线宽带,快手样本-移动网络,7,1,"随身无线宽带怎么办理,大概多少钱",
静态ip和dhcp有什么区别,代理与IP,科普原理,C,45,True,False,False,1,百度联想,静态ip,代理IP,7,1,静态ip和dhcp有什么区别,
静态ip梯子,代理与IP,代理与IP,C,45,True,True,False,1,Google Web 联想,静态ip,代理IP,7,1,静态ip梯子,
顶某国际贸易公司与某跨境电商平台网络服务合同纠纷案,跨境与海外网络,企业办公,C,53,True,False,False,1,Bing 中文联想,跨境网络服务商,二级扩展,7,1,顶某国际贸易公司与某跨境电商平台网络服务合同纠纷案,
香港住宅ip,代理与IP,代理与IP,C,40,False,False,False,1,百度联想,住宅ip,代理IP,7,1,香港住宅ip,
apn设置鉴权方式,关联网络需求,配置排障,C,44,True,False,False,1,Bing 中文联想,apn设置,快手样本-移动网络,8,1,apn设置鉴权方式,
iqiyi海外版app下载,跨境与海外网络,跨境外贸,C,52,True,False,False,1,Bing 中文联想,海外app下载,快手样本-海外访问,8,1,iqiyi海外版app下载,
sd-wan cisco,企业网络,企业办公,C,44,True,False,False,1,Google/YouTube 联想,sd-wan,企业办公,8,1,sd-wan cisco,
sd-wan gartner,企业网络,企业办公,C,44,True,False,False,1,Google Web 联想,sd-wan,企业办公,8,1,sd-wan gartner,
sd-wan是什么意思,企业网络,企业办公,C,44,True,False,False,1,Bing 中文联想,sd-wan,企业办公,8,1,sd-wan是什么意思,
telegram一直连接不上,关联网络需求,配置排障,C,44,True,False,False,1,Bing 中文联想,telegram连接不上,快手样本-跨境平台,8,1,telegram一直连接不上,
tiktok.下载,跨境与海外网络,跨境外贸,C,52,True,False,False,1,Bing 中文联想,tiktok无网络连接怎么办、tiktok网络环境异常,二级扩展、快手样本-跨境平台,8,2,tiktok.下载,
tiktok下载了无网络怎么办,跨境与海外网络,跨境外贸,C,52,True,False,False,1,百度联想,tiktok网络搭建,二级扩展,8,1,tiktok下载了无网络怎么办,
tiktok怎么搭建独享网络环境,跨境与海外网络,跨境外贸,C,52,True,False,False,1,Bing 中文联想,tiktok网络搭建,二级扩展,8,1,tiktok怎么搭建独享网络环境,
tiktok无网络连接原因及解决方法,跨境与海外网络,跨境外贸,C,52,True,False,False,1,百度联想,tiktok无网络连接、tiktok无网络连接怎么办,二级扩展、快手样本-跨境平台,8,2,tiktok无网络连接原因及解决方法,
tiktok网络不稳定怎么弄,跨境与海外网络,跨境外贸,C,52,True,False,False,1,百度联想,tiktok网络不稳定,二级扩展,8,1,tiktok网络不稳定怎么弄,
tiktok网络专线,跨境与海外网络,跨境外贸,C,47,False,False,False,1,Bing 中文联想,tiktok网络,跨境平台,8,1,tiktok网络专线,
tiktok网络解决方案,跨境与海外网络,跨境外贸,C,52,True,False,False,1,百度联想,tiktok网络、tiktok网络环境异常,快手样本-跨境平台、跨境平台,8,2,tiktok网络解决方案,
tiktok网络连接不稳定ipad,跨境与海外网络,跨境外贸,C,52,True,False,False,1,Bing 中文联想,tiktok网络连接不稳定,二级扩展,8,1,tiktok网络连接不稳定 ipad,
tiktok连不上网络,跨境与海外网络,跨境外贸,C,52,True,False,False,1,百度联想,tiktok网络无法连接,二级扩展,8,1,tiktok连不上网络,
web.telegram无法连接,关联网络需求,配置排障,C,44,True,False,False,1,Bing 中文联想,telegram一直连接中,快手样本-跨境平台,8,1,web.telegram无法连接,
‎shadowrocket怎么用,关联网络需求,配置排障,C,44,True,False,False,1,Bing 中文联想,shadowrocket连接不上,快手样本-跨境平台,8,1,‎shadowrocket怎么用,
上网卡装在卡1还是装在卡2上网好,关联网络需求,泛需求,C,44,True,False,False,1,百度联想,上网卡,快手样本-移动网络,8,1,上网卡装在卡1还是装在卡2上网好?,
上网卡通图片,关联网络需求,泛需求,C,44,True,False,False,1,Bing 中文联想,上网卡,快手样本-移动网络,8,1,上网卡通图片,
中国电信跨境专线,跨境与海外网络,跨境外贸,C,52,True,False,False,1,百度联想,跨境专线,跨境外贸,8,1,中国电信跨境专线,
为什么tiktok无法连接网络,跨境与海外网络,跨境外贸,C,52,True,False,False,1,Bing 中文联想,tiktok网络无法连接,二级扩展,8,1,为什么tiktok无法连接网络,
亚马逊网络星期一是哪天,跨境与海外网络,跨境外贸,C,52,True,False,False,1,百度联想,亚马逊网络,跨境平台,8,1,亚马逊网络星期一是哪天,
亚马逊网络服务公共数据集,跨境与海外网络,跨境外贸,C,52,True,False,False,1,Bing 中文联想,亚马逊网络,跨境平台,8,1,亚马逊网络服务公共数据集,
代理服务器v,代理与IP,代理与IP,C,44,True,False,False,1,百度联想,代理服务器搭建,二级扩展,8,1,代理服务器v,
代理服务器有问题怎么解决,代理与IP,配置排障,C,44,True,False,False,1,百度联想,代理服务器,代理IP,8,1,代理服务器有问题怎么解决,
代理服务器软件安卓下载,代理与IP,下载安装,C,44,True,False,False,1,百度联想,代理服务器软件,二级扩展,8,1,代理服务器软件安卓下载,
住宅ip云服务器,代理与IP,代理与IP,C,44,True,False,False,1,百度联想,住宅ip,代理IP,8,1,住宅IP云服务器,
住宅ip链式代理,代理与IP,代理与IP,C,44,True,False,False,1,Google/YouTube 联想,住宅ip,代理IP,8,1,住宅ip链式代理,
内网穿透方案,企业网络,企业办公,C,44,True,False,False,1,Bing 中文联想,内网穿透,企业办公,8,1,内网穿透方案,
内网穿透有什么用,企业网络,企业办公,C,44,True,False,False,1,百度联想,内网穿透,企业办公,8,1,内网穿透有什么用,
华为路由器异地组网,企业网络,企业办公,C,44,True,False,False,1,百度联想,异地组网,企业办公,8,1,华为路由器异地组网,
国外网站交友有哪些,关联网络需求,泛需求,C,44,True,False,False,1,百度联想,境外网站,快手样本-海外访问,8,1,国外网站交友有哪些,
国际专线办理,跨境与海外网络,跨境外贸,C,52,True,False,False,1,百度联想,国际专线,跨境外贸,8,1,国际专线办理,
国际专线机场,跨境与海外网络,跨境外贸,C,52,True,True,False,1,Bing 中文联想,国际专线,跨境外贸,8,1,国际专线机场,
境外网站在公安部备案,关联网络需求,泛需求,C,44,True,False,False,1,Bing 中文联想,境外网站,快手样本-海外访问,8,1,境外网站在公安部备案,
外网吉隆口岸,关联网络需求,泛需求,C,44,True,False,False,1,百度联想,外网,快手样本-关联表达,8,1,外网吉隆口岸,
外贸网络怎么解决,跨境与海外网络,跨境外贸,C,52,True,False,False,1,Bing 中文联想,外贸网络,跨境外贸,8,1,外贸网络怎么解决,
外贸网络搭建流程图,跨境与海外网络,跨境外贸,C,52,True,False,False,1,百度联想,外贸网络搭建,二级扩展,8,1,外贸网络搭建流程图,
小米手机打开tiktok无网络连接,跨境与海外网络,跨境外贸,C,52,True,False,False,1,百度联想,tiktok无网络连接,快手样本-跨境平台,8,1,小米手机打开tiktok无网络连接,
异地组网软件免费,企业网络,企业办公,C,44,True,False,False,1,Bing 中文联想,异地组网,企业办公,8,1,异地组网软件免费,
"校园网卡顿严重,如何优化网络设置或联系维修",关联网络需求,配置排障,C,44,True,False,False,1,百度联想,校园网卡顿,快手样本-校园网,8,1,"校园网卡顿严重,如何优化网络设置或联系维修?",
海外app下载安全方法,跨境与海外网络,跨境外贸,C,52,True,False,False,1,百度联想,海外app下载,快手样本-海外访问,8,1,海外APP下载安全方法,
海外iphone felica,跨境与海外网络,跨境外贸,C,52,True,False,False,1,Google Web 联想,海外iphone,二级扩展,8,1,海外iphone felica,
海外iphone充電,跨境与海外网络,跨境外贸,C,52,True,False,False,1,Bing 中文联想,海外iphone,二级扩展,8,1,海外 iphone 充電,
海外iphone账号共享,跨境与海外网络,跨境外贸,C,52,True,True,False,1,百度联想,海外iphone,二级扩展,8,1,海外iphone账号共享,
海外ipo,跨境与海外网络,跨境外贸,C,47,False,False,False,1,Bing 中文联想,海外ip,代理IP,8,1,海外ipo,
海外留学生在线社交平台,跨境与海外网络,跨境外贸,C,52,True,False,False,1,百度联想,海外留学生网络卡顿,快手样本-海外访问,8,1,海外留学生在线社交平台,
海外直播的10大忠告,跨境与海外网络,跨境外贸,C,52,True,False,False,1,百度联想,海外直播网络,跨境直播,8,1,海外直播的10大忠告,
海外软件下载平台苹果版,跨境与海外网络,跨境外贸,C,52,True,False,False,1,百度联想,海外软件下载,快手样本-海外访问,8,1,海外软件下载平台苹果版,
独立ip梯子,代理与IP,代理与IP,C,44,True,True,False,1,Google Web 联想,独立ip,代理IP,8,1,独立ip梯子,
独立ip浏览器,代理与IP,代理与IP,C,44,True,False,False,1,Bing 中文联想,独立ip,代理IP,8,1,独立ip浏览器,
电信5g接入点apn设置,关联网络需求,配置排障,C,44,True,False,False,1,百度联想,apn设置,快手样本-移动网络,8,1,电信5g接入点apn设置,
电脑怎么设置静态ip,代理与IP,配置排障,C,44,True,False,False,1,Bing 中文联想,静态ip怎么设置,二级扩展,8,1,电脑怎么设置静态ip,
看港澳台海外电视直播软件下载,跨境与海外网络,跨境外贸,C,52,True,False,False,1,Bing 中文联想,海外软件下载,快手样本-海外访问,8,1,看港澳台海外电视直播软件下载,
网络加速什么意思,网络加速,科普原理,C,44,True,False,False,1,百度联想,网络加速,网络加速,8,1,网络加速什么意思,
网络加速软件,网络加速,下载安装,C,44,True,False,False,1,Bing 中文联想,网络加速,网络加速,8,1,网络加速软件,
虚拟局域网vlan,关联网络需求,泛需求,C,44,True,False,False,1,Bing 中文联想,虚拟局域网,快手样本-网络技术,8,1,虚拟局域网vlan,
虚拟局域网的概念,关联网络需求,泛需求,C,44,True,False,False,1,百度联想,虚拟局域网,快手样本-网络技术,8,1,虚拟局域网的概念,
访问外网的软件,关联网络需求,下载安装,C,44,True,False,False,1,Bing 中文联想,访问外网,快手样本-关联表达,8,1,访问外网的软件,
跨境专线物流公司,跨境与海外网络,企业办公,C,52,True,False,False,1,Bing 中文联想,跨境专线,跨境外贸,8,1,跨境专线物流公司,
跨境电商filetype:pdf,跨境与海外网络,跨境外贸,C,52,True,False,False,1,Bing 中文联想,跨境电商网络环境、跨境电商网络环境搭建,二级扩展、快手样本-跨境电商,8,3,跨境电商filetype:pdf,
跨境电商怎么搭建网络,跨境与海外网络,跨境外贸,C,52,True,False,False,1,Bing 中文联想,跨境网络搭建,二级扩展,8,1,跨境电商怎么搭建网络,
跨境电商有哪些平台可以做,跨境与海外网络,跨境外贸,C,52,True,False,False,1,百度联想,跨境电商网络环境,快手样本-跨境电商,8,1,跨境电商有哪些平台可以做,
跨境电商的网络服务商,跨境与海外网络,跨境外贸,C,52,True,False,False,1,百度联想,跨境网络服务商,二级扩展,8,1,跨境电商的网络服务商,
跨境电商系统方案,跨境与海外网络,跨境外贸,C,52,True,False,False,1,百度联想,跨境电商网络环境搭建,二级扩展、快手样本-跨境电商,8,2,跨境电商系统方案,
跨境电商网络营销专家,跨境与海外网络,跨境外贸,C,52,True,False,False,1,Bing 中文联想,跨境电商网络,跨境外贸,8,1,跨境电商网络营销专家,
跨境电商网络营销理论,跨境与海外网络,跨境外贸,C,52,True,False,False,1,百度联想,跨境电商网络,跨境外贸,8,1,跨境电商网络营销理论,
跨境电子商务与传统贸易/境内电商有何不同,跨境与海外网络,跨境外贸,C,52,True,False,False,1,Bing 中文联想,跨境电商网络环境,快手样本-跨境电商,8,1,跨境电子商务与传统贸易/境内电商有何不同,
跨境直播怎么做,跨境与海外网络,跨境外贸,C,52,True,False,False,1,百度联想,跨境直播网络,跨境直播,8,1,跨境直播怎么做,
跨境网络怎么开通,跨境与海外网络,跨境外贸,C,52,True,False,False,1,百度联想,跨境网络,跨境外贸,8,1,跨境网络怎么开通,
跨境网络服务提供商,跨境与海外网络,跨境外贸,C,52,True,False,False,1,Bing 中文联想,跨境网络服务商,二级扩展,8,1,跨境网络服务提供商,
跨境网络连接,跨境与海外网络,跨境外贸,C,52,True,False,False,1,Bing 中文联想,跨境网络,跨境外贸,8,1,跨境网络连接,
钢铁雄心4为什么锁国区,关联网络需求,泛需求,C,44,True,False,False,1,百度联想,锁国区,快手样本-海外访问,8,1,钢铁雄心4为什么锁国区,
锁国区怎么办,关联网络需求,配置排障,C,44,True,False,False,1,Bing 中文联想,锁国区,快手样本-海外访问,8,1,锁国区怎么办,
防关联浏览器哪个好用点,代理与IP,选型购买,C,44,True,False,False,1,百度联想,防关联,跨境店群,8,1,防关联浏览器哪个好用点,
防关联浏览器的评测,代理与IP,代理与IP,C,44,True,False,False,1,Bing 中文联想,防关联,跨境店群,8,1,防关联浏览器的评测,
随身wifi修改密码登录入口,关联网络需求,泛需求,C,44,True,False,False,1,百度联想,随身wifi,快手样本-移动网络,8,1,随身wifi修改密码登录入口,
随身wifi刷openwrt,关联网络需求,泛需求,C,44,True,False,False,1,Google/YouTube 联想,随身wifi,快手样本-移动网络,8,1,随身wifi刷openwrt,
随身wifi好用吗,关联网络需求,选型购买,C,44,True,False,False,1,Bing 中文联想,随身wifi,快手样本-移动网络,8,1,随身wifi好用吗,
随身wifi破解限速,关联网络需求,泛需求,C,44,True,True,False,1,Google Web 联想,随身wifi,快手样本-移动网络,8,1,随身wifi破解限速,
随身无线宽带联系不到卖家不好缴费,关联网络需求,泛需求,C,44,True,False,False,1,百度联想,随身无线宽带,快手样本-移动网络,8,1,随身无线宽带联系不到卖家不好缴费,
静态ip与动态ip有什么区别,代理与IP,科普原理,C,44,True,False,False,1,百度联想,静态ip,代理IP,8,1,静态ip与动态IP有什么区别,
静态ip节点,代理与IP,代理与IP,C,44,True,True,False,1,Google/YouTube 联想,静态ip,代理IP,8,1,静态ip节点,
apn设置cmiot,关联网络需求,配置排障,C,44,True,False,False,1,Bing 中文联想,apn设置,快手样本-移动网络,9,1,apn设置cmiot,
sd-wan viptela,企业网络,企业办公,C,44,True,False,False,1,Google/YouTube 联想,sd-wan,企业办公,9,1,sd-wan viptela,
telegram与telegram x互通吗,关联网络需求,泛需求,C,44,True,False,False,1,Bing 中文联想,telegram一直连接中,快手样本-跨境平台,9,1,telegram 与 telegram x互通吗,
telegram代理连接不上,代理与IP,配置排障,C,44,True,False,False,1,Bing 中文联想,telegram连接不上,快手样本-跨境平台,9,1,telegram代理连接不上,
tiktok无网络连接的原因,跨境与海外网络,跨境外贸,C,52,True,False,False,1,百度联想,tiktok无网络连接怎么办,二级扩展,9,1,tiktok无网络连接的原因,
tiktok网络不稳定什么情况,跨境与海外网络,跨境外贸,C,52,True,False,False,1,百度联想,tiktok网络不稳定,二级扩展,9,1,tiktok网络不稳定什么情况,
tiktok网络异常解除步骤,跨境与海外网络,跨境外贸,C,52,True,False,False,1,百度联想,tiktok网络环境异常,快手样本-跨境平台,9,1,tiktok网络异常解除步骤,
tiktok网络怎么搭建,跨境与海外网络,跨境外贸,C,52,True,False,False,1,Bing 中文联想,tiktok网络搭建,二级扩展,9,1,tiktok网络怎么搭建,
tiktok网络连接不稳定登不上,跨境与海外网络,跨境外贸,C,52,True,False,False,1,百度联想,tiktok网络连接不稳定,二级扩展,9,1,tiktok网络连接不稳定登不上,
tiktok连接不上,跨境与海外网络,跨境外贸,C,52,True,False,False,1,百度联想,tiktok网络无法连接,二级扩展,9,1,tiktok连接不上,
‎shadowrocket怎么使用,关联网络需求,配置排障,C,44,True,False,False,1,Bing 中文联想,shadowrocket连接不上,快手样本-跨境平台,9,1,‎shadowrocket怎么使用,
上网卡和随身wifi哪个好,关联网络需求,选型购买,C,44,True,False,False,1,Bing 中文联想,上网卡,快手样本-移动网络,9,1,上网卡和随身wifi哪个好,
上网卡大陆,关联网络需求,泛需求,C,44,True,False,False,1,Google Web 联想,上网卡,快手样本-移动网络,9,1,上网卡大陆,
上网卡能打电话吗,关联网络需求,泛需求,C,44,True,False,False,1,百度联想,上网卡,快手样本-移动网络,9,1,上网卡能打电话吗,
下载完tiktok无法连接网络,跨境与海外网络,跨境外贸,C,52,True,False,False,1,Bing 中文联想,tiktok网络无法连接,二级扩展,9,1,下载完tiktok无法连接网络,
中国联通跨境专线,跨境与海外网络,跨境外贸,C,52,True,False,False,1,百度联想,跨境专线,跨境外贸,9,1,中国联通跨境专线,
中文+跨境电商,跨境与海外网络,跨境外贸,C,52,True,False,False,1,Bing 中文联想,跨境电商网络环境、跨境电商网络环境搭建,二级扩展、快手样本-跨境电商,9,3,中文+跨境电商,
亚马逊网络书店(amazon)的排行榜,跨境与海外网络,跨境外贸,C,52,True,False,False,1,百度联想,亚马逊网络,跨境平台,9,1,亚马逊网络书店(Amazon)的排行榜,
亚马逊网络开放数据注册表,跨境与海外网络,跨境外贸,C,52,True,False,False,1,Bing 中文联想,亚马逊网络,跨境平台,9,1,亚马逊网络开放数据注册表,
代理服务器可能有问题或地址不对,代理与IP,代理与IP,C,44,True,False,False,1,Bing 中文联想,代理服务器,代理IP,9,1,代理服务器可能有问题或地址不对,
代理服务器可能有问题或地址不正确,代理与IP,代理与IP,C,44,True,False,False,1,Google Web 联想,代理服务器,代理IP,9,1,代理服务器可能有问题 或地址不正确。,
代理服务器安装配置,代理与IP,配置排障,C,44,True,False,False,1,百度联想,代理服务器搭建,二级扩展,9,1,代理服务器安装配置,
代理服务器搭建linux,代理与IP,配置排障,C,44,True,False,False,1,Bing 中文联想,代理服务器搭建,二级扩展,9,1,代理服务器搭建 linux,
代理服务器有问题或者地址有误,代理与IP,代理与IP,C,44,True,False,False,1,百度联想,代理服务器,代理IP,9,1,代理服务器有问题或者地址有误,
代理服务器软件免费windows,代理与IP,下载安装,C,44,True,False,False,1,Bing 中文联想,代理服务器软件,二级扩展,9,1,代理服务器软件 免费 windows,
代理服务器软件美国,代理与IP,下载安装,C,44,True,False,False,1,百度联想,代理服务器软件,二级扩展,9,1,代理服务器软件美国,
住宅ip免费,代理与IP,代理与IP,C,44,True,False,False,1,Google/YouTube 联想,住宅ip,代理IP,9,1,住宅ip免费,
内网穿透花生壳,企业网络,企业办公,C,44,True,False,False,1,Bing 中文联想,内网穿透,企业办公,9,1,内网穿透花生壳,
华为下载海外软件,跨境与海外网络,跨境外贸,C,52,True,False,False,1,Bing 中文联想,海外软件下载,快手样本-海外访问,9,1,华为下载海外软件,
华为应用商店海外版,跨境与海外网络,跨境外贸,C,52,True,False,False,1,Bing 中文联想,海外应用商店,快手样本-海外访问,9,1,华为应用商店海外版,
国外网站油管,关联网络需求,泛需求,C,44,True,False,False,1,百度联想,境外网站,快手样本-海外访问,9,1,国外网站油管,
境外网站是什么意思,关联网络需求,科普原理,C,44,True,False,False,1,Bing 中文联想,境外网站,快手样本-海外访问,9,1,境外网站是什么意思,
外网尼泊尔泥石流视频,关联网络需求,泛需求,C,44,True,False,False,1,百度联想,外网,快手样本-关联表达,9,1,外网尼泊尔泥石流视频,
外网怎么赚钱,关联网络需求,配置排障,C,44,True,False,False,1,Google/YouTube 联想,外网,快手样本-关联表达,9,1,外网怎么赚钱,
外贸网络搭建需要专用网线吗?能不能家庭共用,跨境与海外网络,跨境外贸,C,52,True,False,False,1,百度联想,外贸网络搭建,二级扩展,9,1,外贸网络搭建需要专用网线吗?能不能家庭共用,
外贸网络环境搭建,跨境与海外网络,跨境外贸,C,52,True,False,False,1,Bing 中文联想,外贸网络、外贸网络搭建,二级扩展、跨境外贸,9,2,外贸网络环境搭建,
广电apn设置,关联网络需求,配置排障,C,44,True,False,False,1,百度联想,apn设置,快手样本-移动网络,9,1,广电apn设置,
怎么设置静态ip地址,代理与IP,配置排障,C,44,True,False,False,1,Bing 中文联想,静态ip怎么设置,二级扩展,9,1,怎么设置静态ip地址,
我的世界内网穿透,企业网络,企业办公,C,44,True,False,False,1,百度联想,内网穿透,企业办公,9,1,我的世界内网穿透,
新加坡公民诉某跨境电商平台网络服务合同纠纷案,跨境与海外网络,跨境外贸,C,52,True,False,False,1,Bing 中文联想,跨境网络服务商,二级扩展,9,1,新加坡公民诉某跨境电商平台网络服务合同纠纷案,
校园网卡顿怎么解决电脑,关联网络需求,配置排障,C,44,True,False,False,1,Bing 中文联想,校园网卡顿,快手样本-校园网,9,1,校园网卡顿怎么解决电脑,
校园网卡顿解决方法手机,关联网络需求,下载安装,C,44,True,False,False,1,百度联想,校园网卡顿,快手样本-校园网,9,1,校园网卡顿解决方法手机,
海外iphone sim,跨境与海外网络,跨境外贸,C,52,True,False,False,1,Bing 中文联想,海外iphone,二级扩展,9,1,海外 iphone sim,
海外iphone上市时间,跨境与海外网络,跨境外贸,C,52,True,False,False,1,百度联想,海外iphone,二级扩展,9,1,海外iphone上市时间,
海外专线ip多少钱一个月,跨境与海外网络,跨境外贸,C,52,True,False,False,1,百度联想,海外专线,跨境外贸,9,1,海外专线ip多少钱一个月,
海外专线莫离,跨境与海外网络,跨境外贸,C,52,True,False,False,1,Bing 中文联想,海外专线,跨境外贸,9,1,海外专线莫离,
海外留学生论坛汇总,跨境与海外网络,跨境外贸,C,52,True,False,False,1,百度联想,海外留学生网络卡顿,快手样本-海外访问,9,1,海外留学生论坛汇总,
海外直播平台scrip,跨境与海外网络,跨境外贸,C,52,True,False,False,1,百度联想,海外直播网络,跨境直播,9,1,海外直播平台scrip,
海外看剧app,跨境与海外网络,跨境外贸,C,47,False,False,False,1,百度联想,海外app下载,快手样本-海外访问,9,1,海外看剧app,
海外软件下载的应用商店,跨境与海外网络,跨境外贸,C,52,True,False,False,1,百度联想,海外软件下载,快手样本-海外访问,9,1,海外软件下载的应用商店,
爱壹帆海外追剧网app下载,跨境与海外网络,跨境外贸,C,52,True,False,False,1,Bing 中文联想,海外app下载,快手样本-海外访问,9,1,爱壹帆海外追剧网app下载,
独立ip是什么,代理与IP,科普原理,C,44,True,False,False,1,Bing 中文联想,独立ip,代理IP,9,1,独立ip是什么,
独立ip空间,代理与IP,代理与IP,C,44,True,False,False,1,百度联想,独立ip,代理IP,9,1,独立ip空间,
登录tiktok显示网络连接不稳定,跨境与海外网络,跨境外贸,C,52,True,False,False,1,Bing 中文联想,tiktok网络不稳定,二级扩展,9,1,登录tiktok显示网络连接不稳定,
绝区零steam锁国区,关联网络需求,泛需求,C,44,True,False,False,1,百度联想,锁国区,快手样本-海外访问,9,1,绝区零steam锁国区,
网络加速怎么关闭,网络加速,配置排障,C,44,True,False,False,1,百度联想,网络加速,网络加速,9,1,网络加速怎么关闭,
网络延迟大解决,关联网络需求,泛需求,C,44,True,False,False,1,百度联想,网络延迟卡顿,快手样本-网络排障,9,1,网络延迟大解决,
虚拟局域网zerotier,关联网络需求,泛需求,C,44,True,False,False,1,Bing 中文联想,虚拟局域网,快手样本-网络技术,9,1,虚拟局域网 zerotier,
虚拟局域网的英文缩写,关联网络需求,泛需求,C,44,True,False,False,1,百度联想,虚拟局域网,快手样本-网络技术,9,1,虚拟局域网的英文缩写,
视频监控画面花屏卡顿网络延迟如何解决,关联网络需求,配置排障,C,44,True,False,False,1,Bing 中文联想,网络延迟卡顿,快手样本-网络排障,9,1,视频监控画面花屏卡顿网络延迟如何解决,
访问外网梯子,关联网络需求,泛需求,C,44,True,True,False,1,Bing 中文联想,访问外网,快手样本-关联表达,9,1,访问外网梯子,
跨境专线物流平台,跨境与海外网络,跨境外贸,C,52,True,False,False,1,Bing 中文联想,跨境专线,跨境外贸,9,1,跨境专线物流平台,
跨境服务电商平台,跨境与海外网络,跨境外贸,C,52,True,False,False,1,百度联想,跨境网络服务商,二级扩展,9,1,跨境服务电商平台,
跨境电商、挑战,跨境与海外网络,跨境外贸,C,52,True,False,False,1,Bing 中文联想,跨境电商网络环境搭建,二级扩展、快手样本-跨境电商,9,2,跨境电商、挑战,
跨境电商小白怎么入行,跨境与海外网络,跨境外贸,C,52,True,False,False,1,百度联想,跨境电商网络环境,快手样本-跨境电商,9,1,跨境电商小白怎么入行,
跨境电商建设,跨境与海外网络,跨境外贸,C,52,True,False,False,1,百度联想,跨境电商网络环境搭建,二级扩展、快手样本-跨境电商,9,2,跨境电商建设,
跨境电商网络营销培训,跨境与海外网络,跨境外贸,C,52,True,False,False,1,Bing 中文联想,跨境电商网络,跨境外贸,9,1,跨境电商网络营销培训,
跨境电商网络营销工具,跨境与海外网络,跨境外贸,C,52,True,False,False,1,百度联想,跨境电商网络,跨境外贸,9,1,跨境电商网络营销工具,
跨境直播,跨境与海外网络,跨境外贸,C,47,False,False,False,1,百度联想,跨境直播网络,跨境直播,9,1,跨境直播,
跨境网站建设,跨境与海外网络,跨境外贸,C,52,True,False,False,1,百度联想,跨境网络搭建,二级扩展,9,1,跨境网站建设,
锐捷路由器异地组网,企业网络,企业办公,C,44,True,False,False,1,百度联想,异地组网,企业办公,9,1,锐捷路由器异地组网,
防关联浏览器排行榜,代理与IP,代理与IP,C,44,True,False,False,1,百度联想,防关联,跨境店群,9,1,防关联浏览器排行榜,
防关联浏览器的安全性,代理与IP,代理与IP,C,44,True,False,False,1,Bing 中文联想,防关联,跨境店群,9,1,防关联浏览器的安全性,
随身wifi原理,关联网络需求,科普原理,C,44,True,False,False,1,Bing 中文联想,随身wifi,快手样本-移动网络,9,1,随身wifi原理,
随身wifi多少钱一个月,关联网络需求,泛需求,C,44,True,False,False,1,百度联想,随身wifi,快手样本-移动网络,9,1,随身wifi多少钱一个月,
随身无线宽带路由器怎么用,关联网络需求,配置排障,C,44,True,False,False,1,百度联想,随身无线宽带,快手样本-移动网络,9,1,随身无线宽带路由器怎么用,
静态ip和动态的区别,代理与IP,科普原理,C,44,True,False,False,1,百度联想,静态ip,代理IP,9,1,静态ip和动态的区别,
静态ip小火箭,代理与IP,代理与IP,C,44,True,False,False,1,Google/YouTube 联想,静态ip,代理IP,9,1,静态ip小火箭,
静态ip怎么设置电脑,代理与IP,配置排障,C,44,True,False,False,1,百度联想,静态ip怎么设置,二级扩展,9,1,静态ip怎么设置电脑,
静态ip配置,代理与IP,配置排障,C,44,True,False,False,1,Bing 中文联想,静态ip,代理IP,9,1,静态ip配置,
apn设置dns,关联网络需求,配置排障,C,44,True,False,False,1,Bing 中文联想,apn设置,快手样本-移动网络,10,1,apn设置dns,
shadowrocket、安装,关联网络需求,下载安装,C,44,True,False,False,1,Bing 中文联想,shadowrocket连接不上,快手样本-跨境平台,10,1,shadowrocket、安装,
telegram为什么连接不上,关联网络需求,配置排障,C,44,True,False,False,1,Bing 中文联想,telegram连接不上,快手样本-跨境平台,10,1,telegram为什么连接不上,
temu海外版app下载,跨境与海外网络,跨境外贸,C,52,True,False,False,1,Bing 中文联想,海外app下载,快手样本-海外访问,10,1,temu海外版app下载,
tiktok一直说网络不稳定,跨境与海外网络,跨境外贸,C,52,True,False,False,1,百度联想,tiktok网络环境异常,快手样本-跨境平台,10,1,tiktok一直说网络不稳定,
tiktok显示无法连接网络,跨境与海外网络,跨境外贸,C,52,True,False,False,1,百度联想,tiktok网络无法连接,二级扩展,10,1,TikTok显示无法连接网络,
tiktok网络不稳定怎么注册,跨境与海外网络,跨境外贸,C,52,True,False,False,1,百度联想,tiktok网络不稳定,二级扩展,10,1,tiktok网络不稳定怎么注册,
tiktok网络无连接,跨境与海外网络,跨境外贸,C,52,True,False,False,1,百度联想,tiktok网络搭建,二级扩展,10,1,tiktok网络无连接,
tiktok网络设置,跨境与海外网络,跨境外贸,C,52,True,False,False,1,Google/YouTube 联想,tiktok网络,跨境平台,10,1,tiktok网络设置,
tiktok网络问题,跨境与海外网络,跨境外贸,C,47,False,False,False,1,Google Web 联想,tiktok网络,跨境平台,10,1,tiktok网络问题,
www.tiktok.com pc端,跨境与海外网络,跨境外贸,C,52,True,False,False,1,Bing 中文联想,tiktok网络环境异常,快手样本-跨境平台,10,1,www.tiktok.com pc端,
上网卡和手机卡的区别,关联网络需求,下载安装,C,44,True,False,False,1,百度联想,上网卡,快手样本-移动网络,10,1,上网卡和手机卡的区别,
上网卡怎么用,关联网络需求,配置排障,C,44,True,False,False,1,Google Web 联想,上网卡,快手样本-移动网络,10,1,上网卡怎么用,
上网卡设备,关联网络需求,泛需求,C,44,True,False,False,1,Bing 中文联想,上网卡,快手样本-移动网络,10,1,上网卡设备,
中国广电apn设置,关联网络需求,配置排障,C,44,True,False,False,1,百度联想,apn设置,快手样本-移动网络,10,1,中国广电apn设置,
亚马逊网络关联具体有哪些原因,跨境与海外网络,跨境外贸,C,52,True,False,False,1,百度联想,亚马逊网络,跨境平台,10,1,亚马逊网络关联具体有哪些原因,
亚马逊网络安全,跨境与海外网络,跨境外贸,C,52,True,False,False,1,Bing 中文联想,亚马逊网络,跨境平台,10,1,亚马逊网络安全,
代理服务器ip,代理与IP,代理与IP,C,44,True,False,False,1,Bing 中文联想,代理服务器,代理IP,10,1,代理服务器ip,
代理服务器使用方法,代理与IP,代理与IP,C,44,True,False,False,1,百度联想,代理服务器搭建,二级扩展,10,1,代理服务器使用方法,
代理服务器拒绝连接怎么办,代理与IP,配置排障,C,44,True,False,False,1,百度联想,代理服务器,代理IP,10,1,代理服务器拒绝连接怎么办,
代理服务器软件下载手机版安装,代理与IP,下载安装,C,44,True,False,False,1,百度联想,代理服务器软件,二级扩展,10,1,代理服务器软件下载手机版安装,
代理服务器软件安卓,代理与IP,下载安装,C,44,True,False,False,1,Bing 中文联想,代理服务器软件,二级扩展,10,1,代理服务器软件 安卓,
住宅ip中转,代理与IP,代理与IP,C,44,True,False,False,1,Google/YouTube 联想,住宅ip,代理IP,10,1,住宅ip中转,
全球节点插件,关联网络需求,代理与IP,C,44,True,True,False,1,Bing 中文联想,全球节点,快手样本-节点,10,1,全球节点插件,
内网穿透联机,企业网络,企业办公,C,44,True,False,False,1,Bing 中文联想,内网穿透,企业办公,10,1,内网穿透联机,
国外上网卡,关联网络需求,泛需求,C,44,True,False,False,1,百度联想,海外网络卡顿,快手样本-海外访问,10,1,国外上网卡,
国外网站查询,关联网络需求,泛需求,C,44,True,False,False,1,百度联想,境外网站,快手样本-海外访问,10,1,国外网站查询,
国际专线ip,跨境与海外网络,跨境外贸,C,47,False,False,False,1,百度联想,国际专线,跨境外贸,10,1,国际专线ip,
境外网站地址,关联网络需求,泛需求,C,44,True,False,False,1,Bing 中文联想,境外网站,快手样本-海外访问,10,1,境外网站地址,
外网推特下装正版,关联网络需求,泛需求,C,44,True,False,False,1,百度联想,外网,快手样本-关联表达,10,1,外网推特下装正版,
外网服务器,关联网络需求,泛需求,C,44,True,False,False,1,Bing 中文联想,外网,快手样本-关联表达,10,1,外网服务器,
外网赚钱项目,关联网络需求,泛需求,C,44,True,False,False,1,Google/YouTube 联想,外网,快手样本-关联表达,10,1,外网赚钱项目,
外贸网络销售是做什么的,跨境与海外网络,跨境外贸,C,52,True,False,False,1,百度联想,外贸网络,跨境外贸,10,1,外贸网络销售是做什么的,
手机tiktok无网络连接,跨境与海外网络,跨境外贸,C,52,True,False,False,1,Bing 中文联想,tiktok无网络连接,快手样本-跨境平台,10,1,手机tiktok无网络连接,
手机内网穿透,企业网络,企业办公,C,44,True,False,False,1,百度联想,内网穿透,企业办公,10,1,手机内网穿透,
注册tiktok无网络连接,跨境与海外网络,跨境外贸,C,52,True,False,False,1,百度联想,tiktok无网络连接,快手样本-跨境平台,10,1,注册tiktok无网络连接,
海外iphone air可以用中国esim吗,跨境与海外网络,跨境外贸,C,52,True,False,False,1,百度联想,海外iphone,二级扩展,10,1,海外iphone air可以用中国esim吗,
海外专线电视剧莫离,跨境与海外网络,跨境外贸,C,52,True,False,False,1,Bing 中文联想,海外专线,跨境外贸,10,1,海外专线电视剧莫离,
海外专线逐玉电视剧,跨境与海外网络,跨境外贸,C,52,True,False,False,1,百度联想,海外专线,跨境外贸,10,1,海外专线逐玉电视剧,
海外直播啥意思,跨境与海外网络,跨境外贸,C,52,True,False,False,1,百度联想,海外直播网络,跨境直播,10,1,海外直播啥意思,
海外短剧app,跨境与海外网络,跨境外贸,C,47,False,False,False,1,百度联想,海外app下载,快手样本-海外访问,10,1,海外短剧app,
独立ip云手机,代理与IP,下载安装,C,44,True,False,False,1,百度联想,独立ip,代理IP,10,1,独立ip云手机,
网络加速在哪里关闭,网络加速,配置排障,C,44,True,False,False,1,百度联想,网络加速,网络加速,10,1,网络加速在哪里关闭,
网络延迟lags怎么解决,关联网络需求,配置排障,C,44,True,False,False,1,百度联想,网络延迟卡顿,快手样本-网络排障,10,1,网络延迟lags怎么解决,
虚拟局域网是一种新型局域网吗,关联网络需求,泛需求,C,44,True,False,False,1,百度联想,虚拟局域网,快手样本-网络技术,10,1,虚拟局域网是一种新型局域网吗,
访问外网软件,关联网络需求,下载安装,C,44,True,False,False,1,Bing 中文联想,访问外网,快手样本-关联表达,10,1,访问外网软件,
走向共和海外版68集下载软件,跨境与海外网络,跨境外贸,C,52,True,False,False,1,Bing 中文联想,海外软件下载,快手样本-海外访问,10,1,走向共和海外版68集下载软件,
跨境专线ip,跨境与海外网络,跨境外贸,C,47,False,False,False,1,百度联想,跨境专线,跨境外贸,10,1,跨境专线ip,
跨境专线物流方案,跨境与海外网络,跨境外贸,C,52,True,False,False,1,Bing 中文联想,跨境专线,跨境外贸,10,1,跨境专线物流方案,
跨境电商平台个人开店流程,跨境与海外网络,跨境外贸,C,52,True,False,False,1,百度联想,跨境电商网络环境,快手样本-跨境电商,10,1,跨境电商平台个人开店流程,
跨境电商建站,跨境与海外网络,跨境外贸,C,52,True,False,False,1,百度联想,跨境电商网络环境搭建,二级扩展、快手样本-跨境电商,10,2,跨境电商建站,
跨境电商网络营销方法,跨境与海外网络,跨境外贸,C,52,True,False,False,1,Bing 中文联想,跨境电商网络,跨境外贸,10,1,跨境电商网络营销方法,
跨境电商网络营销渠道,跨境与海外网络,跨境外贸,C,52,True,False,False,1,百度联想,跨境电商网络,跨境外贸,10,1,跨境电商网络营销渠道,
跨境直播电商,跨境与海外网络,跨境外贸,C,52,True,False,False,1,百度联想,跨境直播网络,跨境直播,10,1,跨境直播电商,
跨境网络市场调研的工具,跨境与海外网络,跨境外贸,C,52,True,False,False,1,Bing 中文联想,跨境网络,跨境外贸,10,1,跨境网络市场调研的工具,
跨境网络平台,跨境与海外网络,跨境外贸,C,52,True,False,False,1,百度联想,跨境网络服务商,二级扩展,10,1,跨境网络平台,
跨境网络是什么意思,跨境与海外网络,跨境外贸,C,52,True,False,False,1,百度联想,跨境网络,跨境外贸,10,1,跨境网络是什么意思,
跨境网络解决方案,跨境与海外网络,跨境外贸,C,52,True,False,False,1,百度联想,跨境网络搭建,二级扩展,10,1,跨境网络解决方案,
锁国区特征,关联网络需求,泛需求,C,44,True,False,False,1,Bing 中文联想,锁国区,快手样本-海外访问,10,1,锁国区特征,
锐捷异地组网,企业网络,企业办公,C,44,True,False,False,1,百度联想,异地组网,企业办公,10,1,锐捷异地组网,
防关联浏览器有哪些,代理与IP,代理与IP,C,44,True,False,False,1,百度联想,防关联,跨境店群,10,1,防关联浏览器有哪些,
防关联浏览器的使用方法,代理与IP,代理与IP,C,44,True,False,False,1,Bing 中文联想,防关联,跨境店群,10,1,防关联浏览器的使用方法,
随身wifi助手下载,关联网络需求,下载安装,C,44,True,False,False,1,Bing 中文联想,随身wifi,快手样本-移动网络,10,1,随身wifi助手下载,
随身wifi最建议买三个牌子,关联网络需求,泛需求,C,44,True,False,False,1,百度联想,随身wifi,快手样本-移动网络,10,1,随身wifi最建议买三个牌子,
随身无线宽带怎么收费,关联网络需求,配置排障,C,44,True,False,False,1,百度联想,随身无线宽带,快手样本-移动网络,10,1,随身无线宽带怎么收费,
静态ip和动态ip有什么区别,代理与IP,科普原理,C,44,True,False,False,1,百度联想,静态ip,代理IP,10,1,静态ip和动态IP有什么区别,
静态ip怎么设置?路由器上设置和电脑上设置有什么区别,代理与IP,配置排障,C,44,True,False,False,1,百度联想,静态ip怎么设置,二级扩展,10,1,静态ip怎么设置?路由器上设置和电脑上设置有什么区别?,
静态ip手机,代理与IP,下载安装,C,44,True,False,False,1,Google/YouTube 联想,静态ip,代理IP,10,1,静态ip手机,
静态ip检测,代理与IP,代理与IP,C,44,True,False,False,1,Google Web 联想,静态ip,代理IP,10,1,静态ip检测,
apn设置电信4g,关联网络需求,配置排障,C,44,True,False,False,1,Bing 中文联想,apn设置,快手样本-移动网络,11,1,apn设置电信4g,
telegram.org打不开,关联网络需求,泛需求,C,44,True,False,False,1,Bing 中文联想,telegram一直连接中,快手样本-跨境平台,11,1,telegram.org打不开,
tiktok.网页版,跨境与海外网络,跨境外贸,C,47,False,False,False,1,Bing 中文联想,tiktok网络环境异常,快手样本-跨境平台,11,1,tiktok.网页版,
上网卡实名认证,关联网络需求,泛需求,C,44,True,False,False,1,Bing 中文联想,上网卡,快手样本-移动网络,11,1,上网卡实名认证,
代理服务器是什么意思,代理与IP,科普原理,C,44,True,False,False,1,Bing 中文联想,代理服务器,代理IP,11,1,代理服务器是什么意思,
代理服务器软件开源,代理与IP,下载安装,C,44,True,False,False,1,Bing 中文联想,代理服务器软件,二级扩展,11,1,代理服务器软件 开源,
全球节点购买,关联网络需求,选型购买,C,44,True,True,False,1,Bing 中文联想,全球节点,快手样本-节点,11,1,全球节点购买,
国际专线物流查询,跨境与海外网络,跨境外贸,C,52,True,False,False,1,Bing 中文联想,国际专线,跨境外贸,11,1,国际专线物流查询,
境外网站搭建,关联网络需求,配置排障,C,44,True,False,False,1,Bing 中文联想,境外网站,快手样本-海外访问,11,1,境外网站搭建,
海外专线主角,跨境与海外网络,跨境外贸,C,52,True,False,False,1,Bing 中文联想,海外专线,跨境外贸,11,1,海外专线主角,
虚拟局域网软件推荐,关联网络需求,选型购买,C,44,True,False,False,1,Bing 中文联想,虚拟局域网,快手样本-网络技术,11,1,虚拟局域网软件推荐,
访问外网的原因,关联网络需求,泛需求,C,44,True,False,False,1,Bing 中文联想,访问外网,快手样本-关联表达,11,1,访问外网的原因,
跨境专线物流时效,跨境与海外网络,跨境外贸,C,52,True,False,False,1,Bing 中文联想,跨境专线,跨境外贸,11,1,跨境专线物流时效,
跨境电商平台、行业及市场竞争环境分析,跨境与海外网络,跨境外贸,C,52,True,False,False,1,Bing 中文联想,跨境电商网络环境,快手样本-跨境电商,11,1,跨境 电商平台、行业及市场竞争环境分析,
跨境网络市场调研的建议,跨境与海外网络,跨境外贸,C,52,True,False,False,1,Bing 中文联想,跨境网络,跨境外贸,11,1,跨境网络市场调研的建议,
锁国区政策,关联网络需求,泛需求,C,44,True,False,False,1,Bing 中文联想,锁国区,快手样本-海外访问,11,1,锁国区政策,
防关联浏览器的常见问题,代理与IP,代理与IP,C,44,True,False,False,1,Bing 中文联想,防关联,跨境店群,11,1,防关联浏览器的常见问题,
随身wifi刷机工具,关联网络需求,泛需求,C,44,True,False,False,1,Bing 中文联想,随身wifi,快手样本-移动网络,11,1,随身wifi刷机工具,
apn设置电信5g,关联网络需求,配置排障,C,44,True,False,False,1,Bing 中文联想,apn设置,快手样本-移动网络,12,1,apn设置电信5g,
no internet connection tiktok,跨境与海外网络,跨境外贸,C,52,True,False,False,1,Bing 中文联想,tiktok无网络连接怎么办,二级扩展,12,1,no internet connection tiktok,
shadowrocket配置代理直连,代理与IP,配置排障,C,44,True,False,False,1,Bing 中文联想,shadowrocket连接不上,快手样本-跨境平台,12,1,shadowrocket 配置 代理 直连,
telegram与telegram x,关联网络需求,泛需求,C,44,True,False,False,1,Bing 中文联想,telegram一直连接中,快手样本-跨境平台,12,1,telegram 与 telegram x,
tiktok+在线,跨境与海外网络,跨境外贸,C,47,False,False,False,1,Bing 中文联想,tiktok网络环境异常,快手样本-跨境平台,12,1,tiktok+在线,
上网卡是什么原因,关联网络需求,科普原理,C,44,True,False,False,1,Bing 中文联想,上网卡,快手样本-移动网络,12,1,上网卡是什么原因,
代理服务器地址和端口怎么填,代理与IP,配置排障,C,44,True,False,False,1,Bing 中文联想,代理服务器,代理IP,12,1,代理服务器地址和端口怎么填,
代理服务器搭建步骤,代理与IP,配置排障,C,44,True,False,False,1,Bing 中文联想,代理服务器搭建,二级扩展,12,1,代理服务器搭建步骤,
代理服务器软件windows,代理与IP,下载安装,C,44,True,False,False,1,Bing 中文联想,代理服务器软件,二级扩展,12,1,代理服务器软件 windows,
住宅ip是什么,代理与IP,科普原理,C,44,True,False,False,1,Bing 中文联想,住宅ip,代理IP,12,1,住宅ip是什么,
内网穿透免费不限流量,企业网络,企业办公,C,44,True,False,False,1,Bing 中文联想,内网穿透,企业办公,12,1,内网穿透免费不限流量,
境外网站访问慢,关联网络需求,泛需求,C,44,True,False,False,1,Bing 中文联想,境外网站,快手样本-海外访问,12,1,境外网站访问慢,
虚拟局域网技术,关联网络需求,泛需求,C,44,True,False,False,1,Bing 中文联想,虚拟局域网,快手样本-网络技术,12,1,虚拟局域网技术,
访问外网的好处,关联网络需求,泛需求,C,44,True,False,False,1,Bing 中文联想,访问外网,快手样本-关联表达,12,1,访问外网的好处,
跨境专线物流服务,跨境与海外网络,跨境外贸,C,52,True,False,False,1,Bing 中文联想,跨境专线,跨境外贸,12,1,跨境专线物流服务,
跨境电商+产业带,跨境与海外网络,跨境外贸,C,52,True,False,False,1,Bing 中文联想,跨境电商网络环境搭建,二级扩展、快手样本-跨境电商,12,2,跨境电商+产业带,
锁国区历史,关联网络需求,泛需求,C,44,True,False,False,1,Bing 中文联想,锁国区,快手样本-海外访问,12,1,锁国区历史,
随身wifi工具箱,关联网络需求,泛需求,C,44,True,False,False,1,Bing 中文联想,随身wifi,快手样本-移动网络,12,1,随身wifi工具箱,
静态ip地址和动态ip地址的区别,代理与IP,科普原理,C,44,True,False,False,1,Bing 中文联想,静态ip,代理IP,12,1,静态ip地址和动态ip地址的区别,
