phase,source,source_name,source_url,seed,seed_category,rank,keyword,normalized,collected_at
seed,google_web,Google Web 联想,https://suggestqueries.google.com/complete/search?client=firefox&hl=zh-CN&gl=cn&q=vpn,vpn,VPN核心,1,vpn,vpn,2026-09-08T01:38:00+00:00
seed,google_web,Google Web 联想,https://suggestqueries.google.com/complete/search?client=firefox&hl=zh-CN&gl=cn&q=vpn,vpn,VPN核心,2,vpn免费,vpn免费,2026-09-08T01:38:00+00:00
seed,google_web,Google Web 联想,https://suggestqueries.google.com/complete/search?client=firefox&hl=zh-CN&gl=cn&q=vpn,vpn,VPN核心,3,vpn下载,vpn下载,2026-09-08T01:38:00+00:00
seed,google_web,Google Web 联想,https://suggestqueries.google.com/complete/search?client=firefox&hl=zh-CN&gl=cn&q=vpn,vpn,VPN核心,4,vpn机场,vpn机场,2026-09-08T01:38:00+00:00
seed,google_web,Google Web 联想,https://suggestqueries.google.com/complete/search?client=firefox&hl=zh-CN&gl=cn&q=vpn,vpn,VPN核心,5,vpn节点,vpn节点,2026-09-08T01:38:00+00:00
seed,google_web,Google Web 联想,https://suggestqueries.google.com/complete/search?client=firefox&hl=zh-CN&gl=cn&q=vpn,vpn,VPN核心,6,vpn加速器,vpn加速器,2026-09-08T01:38:00+00:00
seed,google_web,Google Web 联想,https://suggestqueries.google.com/complete/search?client=firefox&hl=zh-CN&gl=cn&q=vpn,vpn,VPN核心,7,vpngate,vpngate,2026-09-08T01:38:00+00:00
seed,google_web,Google Web 联想,https://suggestqueries.google.com/complete/search?client=firefox&hl=zh-CN&gl=cn&q=vpn,vpn,VPN核心,8,vpn hotspot,vpn hotspot,2026-09-08T01:38:00+00:00
seed,google_web,Google Web 联想,https://suggestqueries.google.com/complete/search?client=firefox&hl=zh-CN&gl=cn&q=vpn,vpn,VPN核心,9,vpn软件,vpn软件,2026-09-08T01:38:00+00:00
seed,google_web,Google Web 联想,https://suggestqueries.google.com/complete/search?client=firefox&hl=zh-CN&gl=cn&q=vpn,vpn,VPN核心,10,vpn测速,vpn测速,2026-09-08T01:38:00+00:00
seed,google_youtube,Google/YouTube 联想,https://suggestqueries.google.com/complete/search?client=firefox&hl=zh-CN&gl=cn&ds=yt&q=vpn,vpn,VPN核心,1,vpn,vpn,2026-09-08T01:38:00+00:00
seed,google_youtube,Google/YouTube 联想,https://suggestqueries.google.com/complete/search?client=firefox&hl=zh-CN&gl=cn&ds=yt&q=vpn,vpn,VPN核心,2,vpn搭建,vpn搭建,2026-09-08T01:38:00+00:00
seed,google_youtube,Google/YouTube 联想,https://suggestqueries.google.com/complete/search?client=firefox&hl=zh-CN&gl=cn&ds=yt&q=vpn,vpn,VPN核心,3,vpn节点,vpn节点,2026-09-08T01:38:00+00:00
seed,google_youtube,Google/YouTube 联想,https://suggestqueries.google.com/complete/search?client=firefox&hl=zh-CN&gl=cn&ds=yt&q=vpn,vpn,VPN核心,4,vpn电脑,vpn电脑,2026-09-08T01:38:00+00:00
seed,google_youtube,Google/YouTube 联想,https://suggestqueries.google.com/complete/search?client=firefox&hl=zh-CN&gl=cn&ds=yt&q=vpn,vpn,VPN核心,5,vpn机场,vpn机场,2026-09-08T01:38:00+00:00
seed,google_youtube,Google/YouTube 联想,https://suggestqueries.google.com/complete/search?client=firefox&hl=zh-CN&gl=cn&ds=yt&q=vpn,vpn,VPN核心,6,vpn免费,vpn免费,2026-09-08T01:38:00+00:00
seed,google_youtube,Google/YouTube 联想,https://suggestqueries.google.com/complete/search?client=firefox&hl=zh-CN&gl=cn&ds=yt&q=vpn,vpn,VPN核心,7,vpn机场推荐,vpn机场推荐,2026-09-08T01:38:00+00:00
seed,google_youtube,Google/YouTube 联想,https://suggestqueries.google.com/complete/search?client=firefox&hl=zh-CN&gl=cn&ds=yt&q=vpn,vpn,VPN核心,8,vpn安卓,vpn安卓,2026-09-08T01:38:00+00:00
seed,google_youtube,Google/YouTube 联想,https://suggestqueries.google.com/complete/search?client=firefox&hl=zh-CN&gl=cn&ds=yt&q=vpn,vpn,VPN核心,9,vpn软件,vpn软件,2026-09-08T01:38:00+00:00
seed,google_youtube,Google/YouTube 联想,https://suggestqueries.google.com/complete/search?client=firefox&hl=zh-CN&gl=cn&ds=yt&q=vpn,vpn,VPN核心,10,vpn节点购买,vpn节点购买,2026-09-08T01:38:00+00:00
seed,bing_cn,Bing 中文联想,https://api.bing.com/osjson.aspx?query=vpn&mkt=zh-CN,vpn,VPN核心,1,vpn,vpn,2026-09-08T01:38:00+00:00
seed,bing_cn,Bing 中文联想,https://api.bing.com/osjson.aspx?query=vpn&mkt=zh-CN,vpn,VPN核心,2,vpn下载,vpn下载,2026-09-08T01:38:00+00:00
seed,bing_cn,Bing 中文联想,https://api.bing.com/osjson.aspx?query=vpn&mkt=zh-CN,vpn,VPN核心,3,vpn免费,vpn免费,2026-09-08T01:38:00+00:00
seed,bing_cn,Bing 中文联想,https://api.bing.com/osjson.aspx?query=vpn&mkt=zh-CN,vpn,VPN核心,4,vpn加速器,vpn加速器,2026-09-08T01:38:00+00:00
seed,bing_cn,Bing 中文联想,https://api.bing.com/osjson.aspx?query=vpn&mkt=zh-CN,vpn,VPN核心,5,vpn推荐,vpn推荐,2026-09-08T01:38:00+00:00
seed,bing_cn,Bing 中文联想,https://api.bing.com/osjson.aspx?query=vpn&mkt=zh-CN,vpn,VPN核心,6,vpn是什么意思,vpn是什么意思,2026-09-08T01:38:00+00:00
seed,bing_cn,Bing 中文联想,https://api.bing.com/osjson.aspx?query=vpn&mkt=zh-CN,vpn,VPN核心,7,vpn软件免费,vpn软件免费,2026-09-08T01:38:00+00:00
seed,bing_cn,Bing 中文联想,https://api.bing.com/osjson.aspx?query=vpn&mkt=zh-CN,vpn,VPN核心,8,vpn cat,vpn cat,2026-09-08T01:38:00+00:00
seed,bing_cn,Bing 中文联想,https://api.bing.com/osjson.aspx?query=vpn&mkt=zh-CN,vpn,VPN核心,9,vpn07,vpn07,2026-09-08T01:38:00+00:00
seed,bing_cn,Bing 中文联想,https://api.bing.com/osjson.aspx?query=vpn&mkt=zh-CN,vpn,VPN核心,10,vpn机场,vpn机场,2026-09-08T01:38:00+00:00
seed,bing_cn,Bing 中文联想,https://api.bing.com/osjson.aspx?query=vpn&mkt=zh-CN,vpn,VPN核心,11,vpn加速器下载,vpn加速器下载,2026-09-08T01:38:00+00:00
seed,bing_cn,Bing 中文联想,https://api.bing.com/osjson.aspx?query=vpn&mkt=zh-CN,vpn,VPN核心,12,vpn gate,vpn gate,2026-09-08T01:38:00+00:00
seed,google_web,Google Web 联想,https://suggestqueries.google.com/complete/search?client=firefox&hl=zh-CN&gl=cn&q=vpn%E6%98%AF%E4%BB%80%E4%B9%88,vpn是什么,VPN核心,1,vpn是什么,vpn是什么,2026-09-08T01:38:00+00:00
seed,google_web,Google Web 联想,https://suggestqueries.google.com/complete/search?client=firefox&hl=zh-CN&gl=cn&q=vpn%E6%98%AF%E4%BB%80%E4%B9%88,vpn是什么,VPN核心,2,vpn 是 什么 怎样 使用,vpn是什么怎样使用,2026-09-08T01:38:00+00:00
seed,google_web,Google Web 联想,https://suggestqueries.google.com/complete/search?client=firefox&hl=zh-CN&gl=cn&q=vpn%E6%98%AF%E4%BB%80%E4%B9%88,vpn是什么,VPN核心,3,vpn是什么软件,vpn是什么软件,2026-09-08T01:38:00+00:00
seed,google_web,Google Web 联想,https://suggestqueries.google.com/complete/search?client=firefox&hl=zh-CN&gl=cn&q=vpn%E6%98%AF%E4%BB%80%E4%B9%88,vpn是什么,VPN核心,4,vpn 是 什么 iphone,vpn是什么iphone,2026-09-08T01:38:00+00:00
seed,google_web,Google Web 联想,https://suggestqueries.google.com/complete/search?client=firefox&hl=zh-CN&gl=cn&q=vpn%E6%98%AF%E4%BB%80%E4%B9%88,vpn是什么,VPN核心,5,vpn 是 什么 怎么 关,vpn是什么怎么关,2026-09-08T01:38:00+00:00
seed,google_web,Google Web 联想,https://suggestqueries.google.com/complete/search?client=firefox&hl=zh-CN&gl=cn&q=vpn%E6%98%AF%E4%BB%80%E4%B9%88,vpn是什么,VPN核心,6,vpn是什么原理,vpn是什么原理,2026-09-08T01:38:00+00:00
seed,google_web,Google Web 联想,https://suggestqueries.google.com/complete/search?client=firefox&hl=zh-CN&gl=cn&q=vpn%E6%98%AF%E4%BB%80%E4%B9%88,vpn是什么,VPN核心,7,vpn 是 什么 功能,vpn是什么功能,2026-09-08T01:38:00+00:00
seed,google_youtube,Google/YouTube 联想,https://suggestqueries.google.com/complete/search?client=firefox&hl=zh-CN&gl=cn&ds=yt&q=vpn%E6%98%AF%E4%BB%80%E4%B9%88,vpn是什么,VPN核心,1,vpn是什么,vpn是什么,2026-09-08T01:38:00+00:00
seed,google_youtube,Google/YouTube 联想,https://suggestqueries.google.com/complete/search?client=firefox&hl=zh-CN&gl=cn&ds=yt&q=vpn%E6%98%AF%E4%BB%80%E4%B9%88,vpn是什么,VPN核心,2,vpn是什麼,vpn是什麼,2026-09-08T01:38:00+00:00
seed,google_youtube,Google/YouTube 联想,https://suggestqueries.google.com/complete/search?client=firefox&hl=zh-CN&gl=cn&ds=yt&q=vpn%E6%98%AF%E4%BB%80%E4%B9%88,vpn是什么,VPN核心,3,什么是vpn,什么是vpn,2026-09-08T01:38:00+00:00
seed,bing_cn,Bing 中文联想,https://api.bing.com/osjson.aspx?query=vpn%E6%98%AF%E4%BB%80%E4%B9%88&mkt=zh-CN,vpn是什么,VPN核心,1,vpn是什么意思,vpn是什么意思,2026-09-08T01:38:00+00:00
seed,bing_cn,Bing 中文联想,https://api.bing.com/osjson.aspx?query=vpn%E6%98%AF%E4%BB%80%E4%B9%88&mkt=zh-CN,vpn是什么,VPN核心,2,vpn是什么,vpn是什么,2026-09-08T01:38:00+00:00
seed,bing_cn,Bing 中文联想,https://api.bing.com/osjson.aspx?query=vpn%E6%98%AF%E4%BB%80%E4%B9%88&mkt=zh-CN,vpn是什么,VPN核心,3,vpn是什么意思和怎么用,vpn是什么意思和怎么用,2026-09-08T01:38:00+00:00
seed,bing_cn,Bing 中文联想,https://api.bing.com/osjson.aspx?query=vpn%E6%98%AF%E4%BB%80%E4%B9%88&mkt=zh-CN,vpn是什么,VPN核心,4,vpn是什么意思和设置方法,vpn是什么意思和设置方法,2026-09-08T01:38:00+00:00
seed,bing_cn,Bing 中文联想,https://api.bing.com/osjson.aspx?query=vpn%E6%98%AF%E4%BB%80%E4%B9%88&mkt=zh-CN,vpn是什么,VPN核心,5,vpn是什么牌子,vpn是什么牌子,2026-09-08T01:38:00+00:00
seed,bing_cn,Bing 中文联想,https://api.bing.com/osjson.aspx?query=vpn%E6%98%AF%E4%BB%80%E4%B9%88&mkt=zh-CN,vpn是什么,VPN核心,6,vpn是什么品牌,vpn是什么品牌,2026-09-08T01:38:00+00:00
seed,bing_cn,Bing 中文联想,https://api.bing.com/osjson.aspx?query=vpn%E6%98%AF%E4%BB%80%E4%B9%88&mkt=zh-CN,vpn是什么,VPN核心,7,vpn是什么软件,vpn是什么软件,2026-09-08T01:38:00+00:00
seed,bing_cn,Bing 中文联想,https://api.bing.com/osjson.aspx?query=vpn%E6%98%AF%E4%BB%80%E4%B9%88&mkt=zh-CN,vpn是什么,VPN核心,8,vpn是什么单位,vpn是什么单位,2026-09-08T01:38:00+00:00
seed,bing_cn,Bing 中文联想,https://api.bing.com/osjson.aspx?query=vpn%E6%98%AF%E4%BB%80%E4%B9%88&mkt=zh-CN,vpn是什么,VPN核心,9,vpn是什么的缩写,vpn是什么的缩写,2026-09-08T01:38:00+00:00
seed,bing_cn,Bing 中文联想,https://api.bing.com/osjson.aspx?query=vpn%E6%98%AF%E4%BB%80%E4%B9%88&mkt=zh-CN,vpn是什么,VPN核心,10,vpn是什么原理,vpn是什么原理,2026-09-08T01:38:00+00:00
seed,bing_cn,Bing 中文联想,https://api.bing.com/osjson.aspx?query=vpn%E6%98%AF%E4%BB%80%E4%B9%88&mkt=zh-CN,vpn是什么,VPN核心,11,vpn是什么缩写,vpn是什么缩写,2026-09-08T01:38:00+00:00
seed,bing_cn,Bing 中文联想,https://api.bing.com/osjson.aspx?query=vpn%E6%98%AF%E4%BB%80%E4%B9%88&mkt=zh-CN,vpn是什么,VPN核心,12,vpn是什么格式,vpn是什么格式,2026-09-08T01:38:00+00:00
seed,google_web,Google Web 联想,https://suggestqueries.google.com/complete/search?client=firefox&hl=zh-CN&gl=cn&q=vpn%E6%80%8E%E4%B9%88%E7%94%A8,vpn怎么用,VPN核心,1,vpn怎么用,vpn怎么用,2026-09-08T01:38:00+00:00
seed,google_web,Google Web 联想,https://suggestqueries.google.com/complete/search?client=firefox&hl=zh-CN&gl=cn&q=vpn%E6%80%8E%E4%B9%88%E7%94%A8,vpn怎么用,VPN核心,2,vpn 怎么 用 iphone,vpn怎么用iphone,2026-09-08T01:38:00+00:00
seed,google_web,Google Web 联想,https://suggestqueries.google.com/complete/search?client=firefox&hl=zh-CN&gl=cn&q=vpn%E6%80%8E%E4%B9%88%E7%94%A8,vpn怎么用,VPN核心,3,vpn怎么用 dcard,vpn怎么用dcard,2026-09-08T01:38:00+00:00
seed,google_web,Google Web 联想,https://suggestqueries.google.com/complete/search?client=firefox&hl=zh-CN&gl=cn&q=vpn%E6%80%8E%E4%B9%88%E7%94%A8,vpn怎么用,VPN核心,4,express vpn怎么用,express vpn怎么用,2026-09-08T01:38:00+00:00
seed,google_web,Google Web 联想,https://suggestqueries.google.com/complete/search?client=firefox&hl=zh-CN&gl=cn&q=vpn%E6%80%8E%E4%B9%88%E7%94%A8,vpn怎么用,VPN核心,5,proton vpn怎么用,proton vpn怎么用,2026-09-08T01:38:00+00:00
seed,google_web,Google Web 联想,https://suggestqueries.google.com/complete/search?client=firefox&hl=zh-CN&gl=cn&q=vpn%E6%80%8E%E4%B9%88%E7%94%A8,vpn怎么用,VPN核心,6,radmin vpn怎么用,radmin vpn怎么用,2026-09-08T01:38:00+00:00
seed,google_web,Google Web 联想,https://suggestqueries.google.com/complete/search?client=firefox&hl=zh-CN&gl=cn&q=vpn%E6%80%8E%E4%B9%88%E7%94%A8,vpn怎么用,VPN核心,7,ios vpn怎么用,ios vpn怎么用,2026-09-08T01:38:00+00:00
seed,google_web,Google Web 联想,https://suggestqueries.google.com/complete/search?client=firefox&hl=zh-CN&gl=cn&q=vpn%E6%80%8E%E4%B9%88%E7%94%A8,vpn怎么用,VPN核心,8,open vpn怎么用,openvpn怎么用,2026-09-08T01:38:00+00:00
seed,google_web,Google Web 联想,https://suggestqueries.google.com/complete/search?client=firefox&hl=zh-CN&gl=cn&q=vpn%E6%80%8E%E4%B9%88%E7%94%A8,vpn怎么用,VPN核心,9,surfshark vpn怎么用,surfshark vpn怎么用,2026-09-08T01:38:00+00:00
seed,google_web,Google Web 联想,https://suggestqueries.google.com/complete/search?client=firefox&hl=zh-CN&gl=cn&q=vpn%E6%80%8E%E4%B9%88%E7%94%A8,vpn怎么用,VPN核心,10,google vpn怎么用,google vpn怎么用,2026-09-08T01:38:00+00:00
seed,google_youtube,Google/YouTube 联想,https://suggestqueries.google.com/complete/search?client=firefox&hl=zh-CN&gl=cn&ds=yt&q=vpn%E6%80%8E%E4%B9%88%E7%94%A8,vpn怎么用,VPN核心,1,vpn怎么用,vpn怎么用,2026-09-08T01:38:00+00:00
seed,google_youtube,Google/YouTube 联想,https://suggestqueries.google.com/complete/search?client=firefox&hl=zh-CN&gl=cn&ds=yt&q=vpn%E6%80%8E%E4%B9%88%E7%94%A8,vpn怎么用,VPN核心,2,vpn怎么设置,vpn怎么设置,2026-09-08T01:38:00+00:00
seed,google_youtube,Google/YouTube 联想,https://suggestqueries.google.com/complete/search?client=firefox&hl=zh-CN&gl=cn&ds=yt&q=vpn%E6%80%8E%E4%B9%88%E7%94%A8,vpn怎么用,VPN核心,3,star vpn怎么用,star vpn怎么用,2026-09-08T01:38:00+00:00
seed,google_youtube,Google/YouTube 联想,https://suggestqueries.google.com/complete/search?client=firefox&hl=zh-CN&gl=cn&ds=yt&q=vpn%E6%80%8E%E4%B9%88%E7%94%A8,vpn怎么用,VPN核心,4,google vpn怎么用,google vpn怎么用,2026-09-08T01:38:00+00:00
seed,google_youtube,Google/YouTube 联想,https://suggestqueries.google.com/complete/search?client=firefox&hl=zh-CN&gl=cn&ds=yt&q=vpn%E6%80%8E%E4%B9%88%E7%94%A8,vpn怎么用,VPN核心,5,proton vpn怎么用,proton vpn怎么用,2026-09-08T01:38:00+00:00
seed,google_youtube,Google/YouTube 联想,https://suggestqueries.google.com/complete/search?client=firefox&hl=zh-CN&gl=cn&ds=yt&q=vpn%E6%80%8E%E4%B9%88%E7%94%A8,vpn怎么用,VPN核心,6,clash vpn怎么用,clash vpn怎么用,2026-09-08T01:38:00+00:00
seed,bing_cn,Bing 中文联想,https://api.bing.com/osjson.aspx?query=vpn%E6%80%8E%E4%B9%88%E7%94%A8&mkt=zh-CN,vpn怎么用,VPN核心,1,vpn怎么用,vpn怎么用,2026-09-08T01:38:00+00:00
seed,bing_cn,Bing 中文联想,https://api.bing.com/osjson.aspx?query=vpn%E6%80%8E%E4%B9%88%E7%94%A8&mkt=zh-CN,vpn怎么用,VPN核心,2,vpn怎么用手机,vpn怎么用手机,2026-09-08T01:38:00+00:00
seed,bing_cn,Bing 中文联想,https://api.bing.com/osjson.aspx?query=vpn%E6%80%8E%E4%B9%88%E7%94%A8&mkt=zh-CN,vpn怎么用,VPN核心,3,vpn怎么用电脑,vpn怎么用电脑,2026-09-08T01:38:00+00:00
seed,bing_cn,Bing 中文联想,https://api.bing.com/osjson.aspx?query=vpn%E6%80%8E%E4%B9%88%E7%94%A8&mkt=zh-CN,vpn怎么用,VPN核心,4,vpn怎么用啊,vpn怎么用啊,2026-09-08T01:38:00+00:00
seed,bing_cn,Bing 中文联想,https://api.bing.com/osjson.aspx?query=vpn%E6%80%8E%E4%B9%88%E7%94%A8&mkt=zh-CN,vpn怎么用,VPN核心,5,vpn怎么用不了,vpn怎么用不了,2026-09-08T01:38:00+00:00
seed,bing_cn,Bing 中文联想,https://api.bing.com/osjson.aspx?query=vpn%E6%80%8E%E4%B9%88%E7%94%A8&mkt=zh-CN,vpn怎么用,VPN核心,6,vpn怎么用游戏,vpn怎么用游戏,2026-09-08T01:38:00+00:00
seed,bing_cn,Bing 中文联想,https://api.bing.com/osjson.aspx?query=vpn%E6%80%8E%E4%B9%88%E7%94%A8&mkt=zh-CN,vpn怎么用,VPN核心,7,vpn怎么用火狐,vpn怎么用火狐,2026-09-08T01:38:00+00:00
seed,bing_cn,Bing 中文联想,https://api.bing.com/osjson.aspx?query=vpn%E6%80%8E%E4%B9%88%E7%94%A8&mkt=zh-CN,vpn怎么用,VPN核心,8,vpn怎么用mac,vpn怎么用mac,2026-09-08T01:38:00+00:00
seed,bing_cn,Bing 中文联想,https://api.bing.com/osjson.aspx?query=vpn%E6%80%8E%E4%B9%88%E7%94%A8&mkt=zh-CN,vpn怎么用,VPN核心,9,vpn怎么用速度快,vpn怎么用速度快,2026-09-08T01:38:00+00:00
seed,bing_cn,Bing 中文联想,https://api.bing.com/osjson.aspx?query=vpn%E6%80%8E%E4%B9%88%E7%94%A8&mkt=zh-CN,vpn怎么用,VPN核心,10,vpn怎么用的,vpn怎么用的,2026-09-08T01:38:00+00:00
seed,bing_cn,Bing 中文联想,https://api.bing.com/osjson.aspx?query=vpn%E6%80%8E%E4%B9%88%E7%94%A8&mkt=zh-CN,vpn怎么用,VPN核心,11,vpn怎么用chrome,vpn怎么用chrome,2026-09-08T01:38:00+00:00
seed,bing_cn,Bing 中文联想,https://api.bing.com/osjson.aspx?query=vpn%E6%80%8E%E4%B9%88%E7%94%A8&mkt=zh-CN,vpn怎么用,VPN核心,12,vpn怎么用ios,vpn怎么用ios,2026-09-08T01:38:00+00:00
seed,google_web,Google Web 联想,https://suggestqueries.google.com/complete/search?client=firefox&hl=zh-CN&gl=cn&q=vpn%E5%AE%89%E5%85%A8%E5%90%97,vpn安全吗,VPN核心,1,vpn安全吗,vpn安全吗,2026-09-08T01:38:00+00:00
seed,google_web,Google Web 联想,https://suggestqueries.google.com/complete/search?client=firefox&hl=zh-CN&gl=cn&q=vpn%E5%AE%89%E5%85%A8%E5%90%97,vpn安全吗,VPN核心,2,proton vpn安全吗,proton vpn安全吗,2026-09-08T01:38:00+00:00
seed,google_web,Google Web 联想,https://suggestqueries.google.com/complete/search?client=firefox&hl=zh-CN&gl=cn&q=vpn%E5%AE%89%E5%85%A8%E5%90%97,vpn安全吗,VPN核心,3,whoscall vpn安全吗,whoscall vpn安全吗,2026-09-08T01:38:00+00:00
seed,google_web,Google Web 联想,https://suggestqueries.google.com/complete/search?client=firefox&hl=zh-CN&gl=cn&q=vpn%E5%AE%89%E5%85%A8%E5%90%97,vpn安全吗,VPN核心,4,radmin vpn安全吗,radmin vpn安全吗,2026-09-08T01:38:00+00:00
seed,google_web,Google Web 联想,https://suggestqueries.google.com/complete/search?client=firefox&hl=zh-CN&gl=cn&q=vpn%E5%AE%89%E5%85%A8%E5%90%97,vpn安全吗,VPN核心,5,nord vpn安全吗,nord vpn安全吗,2026-09-08T01:38:00+00:00
seed,google_web,Google Web 联想,https://suggestqueries.google.com/complete/search?client=firefox&hl=zh-CN&gl=cn&q=vpn%E5%AE%89%E5%85%A8%E5%90%97,vpn安全吗,VPN核心,6,thunder vpn安全吗,thunder vpn安全吗,2026-09-08T01:38:00+00:00
seed,google_web,Google Web 联想,https://suggestqueries.google.com/complete/search?client=firefox&hl=zh-CN&gl=cn&q=vpn%E5%AE%89%E5%85%A8%E5%90%97,vpn安全吗,VPN核心,7,urban vpn安全吗,urban vpn安全吗,2026-09-08T01:38:00+00:00
seed,google_web,Google Web 联想,https://suggestqueries.google.com/complete/search?client=firefox&hl=zh-CN&gl=cn&q=vpn%E5%AE%89%E5%85%A8%E5%90%97,vpn安全吗,VPN核心,8,express vpn安全吗,express vpn安全吗,2026-09-08T01:38:00+00:00
seed,google_web,Google Web 联想,https://suggestqueries.google.com/complete/search?client=firefox&hl=zh-CN&gl=cn&q=vpn%E5%AE%89%E5%85%A8%E5%90%97,vpn安全吗,VPN核心,9,touch vpn安全吗,touch vpn安全吗,2026-09-08T01:38:00+00:00
seed,google_web,Google Web 联想,https://suggestqueries.google.com/complete/search?client=firefox&hl=zh-CN&gl=cn&q=vpn%E5%AE%89%E5%85%A8%E5%90%97,vpn安全吗,VPN核心,10,1111 vpn安全吗,1111 vpn安全吗,2026-09-08T01:38:00+00:00
seed,google_youtube,Google/YouTube 联想,https://suggestqueries.google.com/complete/search?client=firefox&hl=zh-CN&gl=cn&ds=yt&q=vpn%E5%AE%89%E5%85%A8%E5%90%97,vpn安全吗,VPN核心,1,vpn安全吗,vpn安全吗,2026-09-08T01:38:00+00:00
seed,google_youtube,Google/YouTube 联想,https://suggestqueries.google.com/complete/search?client=firefox&hl=zh-CN&gl=cn&ds=yt&q=vpn%E5%AE%89%E5%85%A8%E5%90%97,vpn安全吗,VPN核心,2,leaf vpn安全吗,leaf vpn安全吗,2026-09-08T01:38:00+00:00
seed,google_youtube,Google/YouTube 联想,https://suggestqueries.google.com/complete/search?client=firefox&hl=zh-CN&gl=cn&ds=yt&q=vpn%E5%AE%89%E5%85%A8%E5%90%97,vpn安全吗,VPN核心,3,dragon vpn安全吗,dragon vpn安全吗,2026-09-08T01:38:00+00:00
seed,google_youtube,Google/YouTube 联想,https://suggestqueries.google.com/complete/search?client=firefox&hl=zh-CN&gl=cn&ds=yt&q=vpn%E5%AE%89%E5%85%A8%E5%90%97,vpn安全吗,VPN核心,4,proton vpn安全吗,proton vpn安全吗,2026-09-08T01:38:00+00:00
seed,google_youtube,Google/YouTube 联想,https://suggestqueries.google.com/complete/search?client=firefox&hl=zh-CN&gl=cn&ds=yt&q=vpn%E5%AE%89%E5%85%A8%E5%90%97,vpn安全吗,VPN核心,5,pioneer vpn安全吗,pioneer vpn安全吗,2026-09-08T01:38:00+00:00
seed,bing_cn,Bing 中文联想,https://api.bing.com/osjson.aspx?query=vpn%E5%AE%89%E5%85%A8%E5%90%97&mkt=zh-CN,vpn安全吗,VPN核心,1,vpn安全吗,vpn安全吗,2026-09-08T01:38:00+00:00
seed,bing_cn,Bing 中文联想,https://api.bing.com/osjson.aspx?query=vpn%E5%AE%89%E5%85%A8%E5%90%97&mkt=zh-CN,vpn安全吗,VPN核心,2,快连vpn安全吗,快连vpn安全吗,2026-09-08T01:38:00+00:00
seed,bing_cn,Bing 中文联想,https://api.bing.com/osjson.aspx?query=vpn%E5%AE%89%E5%85%A8%E5%90%97&mkt=zh-CN,vpn安全吗,VPN核心,3,飞俊vpn安全吗,飞俊vpn安全吗,2026-09-08T01:38:00+00:00
seed,bing_cn,Bing 中文联想,https://api.bing.com/osjson.aspx?query=vpn%E5%AE%89%E5%85%A8%E5%90%97&mkt=zh-CN,vpn安全吗,VPN核心,4,快连vpn是安全的吗,快连vpn是安全的吗,2026-09-08T01:38:00+00:00
seed,bing_cn,Bing 中文联想,https://api.bing.com/osjson.aspx?query=vpn%E5%AE%89%E5%85%A8%E5%90%97&mkt=zh-CN,vpn安全吗,VPN核心,5,快喵vpn安全吗,快喵vpn安全吗,2026-09-08T01:38:00+00:00
seed,bing_cn,Bing 中文联想,https://api.bing.com/osjson.aspx?query=vpn%E5%AE%89%E5%85%A8%E5%90%97&mkt=zh-CN,vpn安全吗,VPN核心,6,dragon vpn安全吗,dragon vpn安全吗,2026-09-08T01:38:00+00:00
seed,bing_cn,Bing 中文联想,https://api.bing.com/osjson.aspx?query=vpn%E5%AE%89%E5%85%A8%E5%90%97&mkt=zh-CN,vpn安全吗,VPN核心,7,绿茶vpn安全吗,绿茶vpn安全吗,2026-09-08T01:38:00+00:00
seed,bing_cn,Bing 中文联想,https://api.bing.com/osjson.aspx?query=vpn%E5%AE%89%E5%85%A8%E5%90%97&mkt=zh-CN,vpn安全吗,VPN核心,8,闪连vpn安全吗,闪连vpn安全吗,2026-09-08T01:38:00+00:00
seed,bing_cn,Bing 中文联想,https://api.bing.com/osjson.aspx?query=vpn%E5%AE%89%E5%85%A8%E5%90%97&mkt=zh-CN,vpn安全吗,VPN核心,9,proton vpn安全吗,proton vpn安全吗,2026-09-08T01:38:00+00:00
seed,google_web,Google Web 联想,https://suggestqueries.google.com/complete/search?client=firefox&hl=zh-CN&gl=cn&q=vpn%E5%93%AA%E4%B8%AA%E5%A5%BD,vpn哪个好,VPN核心,1,vpn哪个好用,vpn哪个好用,2026-09-08T01:38:00+00:00
seed,google_youtube,Google/YouTube 联想,https://suggestqueries.google.com/complete/search?client=firefox&hl=zh-CN&gl=cn&ds=yt&q=vpn%E5%93%AA%E4%B8%AA%E5%A5%BD,vpn哪个好,VPN核心,1,vpn哪个好用,vpn哪个好用,2026-09-08T01:38:00+00:00
seed,google_youtube,Google/YouTube 联想,https://suggestqueries.google.com/complete/search?client=firefox&hl=zh-CN&gl=cn&ds=yt&q=vpn%E5%93%AA%E4%B8%AA%E5%A5%BD,vpn哪个好,VPN核心,2,vpn哪个好,vpn哪个好,2026-09-08T01:38:00+00:00
seed,google_youtube,Google/YouTube 联想,https://suggestqueries.google.com/complete/search?client=firefox&hl=zh-CN&gl=cn&ds=yt&q=vpn%E5%93%AA%E4%B8%AA%E5%A5%BD,vpn哪个好,VPN核心,3,vpn对比,vpn对比,2026-09-08T01:38:00+00:00
seed,google_youtube,Google/YouTube 联想,https://suggestqueries.google.com/complete/search?client=firefox&hl=zh-CN&gl=cn&ds=yt&q=vpn%E5%93%AA%E4%B8%AA%E5%A5%BD,vpn哪个好,VPN核心,4,vpn介绍,vpn介绍,2026-09-08T01:38:00+00:00
seed,google_youtube,Google/YouTube 联想,https://suggestqueries.google.com/complete/search?client=firefox&hl=zh-CN&gl=cn&ds=yt&q=vpn%E5%93%AA%E4%B8%AA%E5%A5%BD,vpn哪个好,VPN核心,5,vpn怎么选,vpn怎么选,2026-09-08T01:38:00+00:00
seed,bing_cn,Bing 中文联想,https://api.bing.com/osjson.aspx?query=vpn%E5%93%AA%E4%B8%AA%E5%A5%BD&mkt=zh-CN,vpn哪个好,VPN核心,1,vpn哪个好用,vpn哪个好用,2026-09-08T01:38:00+00:00
seed,bing_cn,Bing 中文联想,https://api.bing.com/osjson.aspx?query=vpn%E5%93%AA%E4%B8%AA%E5%A5%BD&mkt=zh-CN,vpn哪个好,VPN核心,2,vpn哪个好,vpn哪个好,2026-09-08T01:38:00+00:00
seed,bing_cn,Bing 中文联想,https://api.bing.com/osjson.aspx?query=vpn%E5%93%AA%E4%B8%AA%E5%A5%BD&mkt=zh-CN,vpn哪个好,VPN核心,3,vpn哪个好用 知乎,vpn哪个好用知乎,2026-09-08T01:38:00+00:00
seed,bing_cn,Bing 中文联想,https://api.bing.com/osjson.aspx?query=vpn%E5%93%AA%E4%B8%AA%E5%A5%BD&mkt=zh-CN,vpn哪个好,VPN核心,4,vpn哪个好评,vpn哪个好评,2026-09-08T01:38:00+00:00
seed,bing_cn,Bing 中文联想,https://api.bing.com/osjson.aspx?query=vpn%E5%93%AA%E4%B8%AA%E5%A5%BD&mkt=zh-CN,vpn哪个好,VPN核心,5,vpn哪个好稳定,vpn哪个好稳定,2026-09-08T01:38:00+00:00
seed,bing_cn,Bing 中文联想,https://api.bing.com/osjson.aspx?query=vpn%E5%93%AA%E4%B8%AA%E5%A5%BD&mkt=zh-CN,vpn哪个好,VPN核心,6,vpn哪个好下载,vpn哪个好下载,2026-09-08T01:38:00+00:00
seed,bing_cn,Bing 中文联想,https://api.bing.com/osjson.aspx?query=vpn%E5%93%AA%E4%B8%AA%E5%A5%BD&mkt=zh-CN,vpn哪个好,VPN核心,7,vpn哪个好安全,vpn哪个好安全,2026-09-08T01:38:00+00:00
seed,bing_cn,Bing 中文联想,https://api.bing.com/osjson.aspx?query=vpn%E5%93%AA%E4%B8%AA%E5%A5%BD&mkt=zh-CN,vpn哪个好,VPN核心,8,vpn哪个好服务,vpn哪个好服务,2026-09-08T01:38:00+00:00
seed,bing_cn,Bing 中文联想,https://api.bing.com/osjson.aspx?query=vpn%E5%93%AA%E4%B8%AA%E5%A5%BD&mkt=zh-CN,vpn哪个好,VPN核心,9,vpn哪个好注册,vpn哪个好注册,2026-09-08T01:38:00+00:00
seed,bing_cn,Bing 中文联想,https://api.bing.com/osjson.aspx?query=vpn%E5%93%AA%E4%B8%AA%E5%A5%BD&mkt=zh-CN,vpn哪个好,VPN核心,10,vpn哪个好评价,vpn哪个好评价,2026-09-08T01:38:00+00:00
seed,bing_cn,Bing 中文联想,https://api.bing.com/osjson.aspx?query=vpn%E5%93%AA%E4%B8%AA%E5%A5%BD&mkt=zh-CN,vpn哪个好,VPN核心,11,vpn哪个好评多,vpn哪个好评多,2026-09-08T01:38:00+00:00
seed,bing_cn,Bing 中文联想,https://api.bing.com/osjson.aspx?query=vpn%E5%93%AA%E4%B8%AA%E5%A5%BD&mkt=zh-CN,vpn哪个好,VPN核心,12,vpn哪个好评高,vpn哪个好评高,2026-09-08T01:38:00+00:00
seed,google_web,Google Web 联想,https://suggestqueries.google.com/complete/search?client=firefox&hl=zh-CN&gl=cn&q=vpn%E8%BD%AF%E4%BB%B6,vpn软件,VPN产品,1,vpn软件,vpn软件,2026-09-08T01:38:00+00:00
seed,google_web,Google Web 联想,https://suggestqueries.google.com/complete/search?client=firefox&hl=zh-CN&gl=cn&q=vpn%E8%BD%AF%E4%BB%B6,vpn软件,VPN产品,2,vpn软件推荐,vpn软件推荐,2026-09-08T01:38:00+00:00
seed,google_web,Google Web 联想,https://suggestqueries.google.com/complete/search?client=firefox&hl=zh-CN&gl=cn&q=vpn%E8%BD%AF%E4%BB%B6,vpn软件,VPN产品,3,vpn软件下载,vpn软件下载,2026-09-08T01:38:00+00:00
seed,google_web,Google Web 联想,https://suggestqueries.google.com/complete/search?client=firefox&hl=zh-CN&gl=cn&q=vpn%E8%BD%AF%E4%BB%B6,vpn软件,VPN产品,4,vpn软件库,vpn软件库,2026-09-08T01:38:00+00:00
seed,google_web,Google Web 联想,https://suggestqueries.google.com/complete/search?client=firefox&hl=zh-CN&gl=cn&q=vpn%E8%BD%AF%E4%BB%B6,vpn软件,VPN产品,5,vpn软件免费,vpn软件免费,2026-09-08T01:38:00+00:00
seed,google_web,Google Web 联想,https://suggestqueries.google.com/complete/search?client=firefox&hl=zh-CN&gl=cn&q=vpn%E8%BD%AF%E4%BB%B6,vpn软件,VPN产品,6,vpn软件排名,vpn软件排名,2026-09-08T01:38:00+00:00
seed,google_web,Google Web 联想,https://suggestqueries.google.com/complete/search?client=firefox&hl=zh-CN&gl=cn&q=vpn%E8%BD%AF%E4%BB%B6,vpn软件,VPN产品,7,vpn软件免费下载,vpn软件免费下载,2026-09-08T01:38:00+00:00
seed,google_web,Google Web 联想,https://suggestqueries.google.com/complete/search?client=firefox&hl=zh-CN&gl=cn&q=vpn%E8%BD%AF%E4%BB%B6,vpn软件,VPN产品,8,vpn软件有哪些,vpn软件有哪些,2026-09-08T01:38:00+00:00
seed,google_youtube,Google/YouTube 联想,https://suggestqueries.google.com/complete/search?client=firefox&hl=zh-CN&gl=cn&ds=yt&q=vpn%E8%BD%AF%E4%BB%B6,vpn软件,VPN产品,1,vpn软件,vpn软件,2026-09-08T01:38:00+00:00
seed,google_youtube,Google/YouTube 联想,https://suggestqueries.google.com/complete/search?client=firefox&hl=zh-CN&gl=cn&ds=yt&q=vpn%E8%BD%AF%E4%BB%B6,vpn软件,VPN产品,2,vpn软件推荐,vpn软件推荐,2026-09-08T01:38:00+00:00
seed,google_youtube,Google/YouTube 联想,https://suggestqueries.google.com/complete/search?client=firefox&hl=zh-CN&gl=cn&ds=yt&q=vpn%E8%BD%AF%E4%BB%B6,vpn软件,VPN产品,3,vpn软件安卓,vpn软件安卓,2026-09-08T01:38:00+00:00
seed,google_youtube,Google/YouTube 联想,https://suggestqueries.google.com/complete/search?client=firefox&hl=zh-CN&gl=cn&ds=yt&q=vpn%E8%BD%AF%E4%BB%B6,vpn软件,VPN产品,4,vpn软件ios,vpn软件ios,2026-09-08T01:38:00+00:00
seed,google_youtube,Google/YouTube 联想,https://suggestqueries.google.com/complete/search?client=firefox&hl=zh-CN&gl=cn&ds=yt&q=vpn%E8%BD%AF%E4%BB%B6,vpn软件,VPN产品,5,vpn软件开发,vpn软件开发,2026-09-08T01:38:00+00:00
seed,bing_cn,Bing 中文联想,https://api.bing.com/osjson.aspx?query=vpn%E8%BD%AF%E4%BB%B6&mkt=zh-CN,vpn软件,VPN产品,1,vpn软件免费,vpn软件免费,2026-09-08T01:38:00+00:00
seed,bing_cn,Bing 中文联想,https://api.bing.com/osjson.aspx?query=vpn%E8%BD%AF%E4%BB%B6&mkt=zh-CN,vpn软件,VPN产品,2,vpn软件,vpn软件,2026-09-08T01:38:00+00:00
seed,bing_cn,Bing 中文联想,https://api.bing.com/osjson.aspx?query=vpn%E8%BD%AF%E4%BB%B6&mkt=zh-CN,vpn软件,VPN产品,3,vpn软件下载,vpn软件下载,2026-09-08T01:38:00+00:00
seed,bing_cn,Bing 中文联想,https://api.bing.com/osjson.aspx?query=vpn%E8%BD%AF%E4%BB%B6&mkt=zh-CN,vpn软件,VPN产品,4,vpn软件免费下载,vpn软件免费下载,2026-09-08T01:38:00+00:00
seed,bing_cn,Bing 中文联想,https://api.bing.com/osjson.aspx?query=vpn%E8%BD%AF%E4%BB%B6&mkt=zh-CN,vpn软件,VPN产品,5,vpn软件推荐,vpn软件推荐,2026-09-08T01:38:00+00:00
seed,bing_cn,Bing 中文联想,https://api.bing.com/osjson.aspx?query=vpn%E8%BD%AF%E4%BB%B6&mkt=zh-CN,vpn软件,VPN产品,6,vpn软件排行,vpn软件排行,2026-09-08T01:38:00+00:00
seed,bing_cn,Bing 中文联想,https://api.bing.com/osjson.aspx?query=vpn%E8%BD%AF%E4%BB%B6&mkt=zh-CN,vpn软件,VPN产品,7,vpn软件免费电脑,vpn软件免费电脑,2026-09-08T01:38:00+00:00
seed,bing_cn,Bing 中文联想,https://api.bing.com/osjson.aspx?query=vpn%E8%BD%AF%E4%BB%B6&mkt=zh-CN,vpn软件,VPN产品,8,vpn软件哪个好,vpn软件哪个好,2026-09-08T01:38:00+00:00
seed,bing_cn,Bing 中文联想,https://api.bing.com/osjson.aspx?query=vpn%E8%BD%AF%E4%BB%B6&mkt=zh-CN,vpn软件,VPN产品,9,vpn软件免费下载手机版,vpn软件免费下载手机版,2026-09-08T01:38:00+00:00
seed,bing_cn,Bing 中文联想,https://api.bing.com/osjson.aspx?query=vpn%E8%BD%AF%E4%BB%B6&mkt=zh-CN,vpn软件,VPN产品,10,vpn软件免费安卓,vpn软件免费安卓,2026-09-08T01:38:00+00:00
seed,bing_cn,Bing 中文联想,https://api.bing.com/osjson.aspx?query=vpn%E8%BD%AF%E4%BB%B6&mkt=zh-CN,vpn软件,VPN产品,11,vpn软件下载免费,vpn软件下载免费,2026-09-08T01:38:00+00:00
seed,bing_cn,Bing 中文联想,https://api.bing.com/osjson.aspx?query=vpn%E8%BD%AF%E4%BB%B6&mkt=zh-CN,vpn软件,VPN产品,12,vpn软件免费苹果,vpn软件免费苹果,2026-09-08T01:38:00+00:00
seed,google_web,Google Web 联想,https://suggestqueries.google.com/complete/search?client=firefox&hl=zh-CN&gl=cn&q=vpn%E5%8A%A0%E9%80%9F%E5%99%A8,vpn加速器,VPN产品,1,vpn加速器,vpn加速器,2026-09-08T01:38:00+00:00
seed,google_web,Google Web 联想,https://suggestqueries.google.com/complete/search?client=firefox&hl=zh-CN&gl=cn&q=vpn%E5%8A%A0%E9%80%9F%E5%99%A8,vpn加速器,VPN产品,2,vpn加速器免费,vpn加速器免费,2026-09-08T01:38:00+00:00
seed,google_web,Google Web 联想,https://suggestqueries.google.com/complete/search?client=firefox&hl=zh-CN&gl=cn&q=vpn%E5%8A%A0%E9%80%9F%E5%99%A8,vpn加速器,VPN产品,3,vpn 加速器 下载,vpn加速器下载,2026-09-08T01:38:00+00:00
seed,google_web,Google Web 联想,https://suggestqueries.google.com/complete/search?client=firefox&hl=zh-CN&gl=cn&q=vpn%E5%8A%A0%E9%80%9F%E5%99%A8,vpn加速器,VPN产品,4,vpn 加速器 推荐,vpn加速器推荐,2026-09-08T01:38:00+00:00
seed,google_web,Google Web 联想,https://suggestqueries.google.com/complete/search?client=firefox&hl=zh-CN&gl=cn&q=vpn%E5%8A%A0%E9%80%9F%E5%99%A8,vpn加速器,VPN产品,5,vpn加速器安卓,vpn加速器安卓,2026-09-08T01:38:00+00:00
seed,google_web,Google Web 联想,https://suggestqueries.google.com/complete/search?client=firefox&hl=zh-CN&gl=cn&q=vpn%E5%8A%A0%E9%80%9F%E5%99%A8,vpn加速器,VPN产品,6,vpn加速器免费试用,vpn加速器免费试用,2026-09-08T01:38:00+00:00
seed,google_web,Google Web 联想,https://suggestqueries.google.com/complete/search?client=firefox&hl=zh-CN&gl=cn&q=vpn%E5%8A%A0%E9%80%9F%E5%99%A8,vpn加速器,VPN产品,7,vpn 加速器 试用,vpn加速器试用,2026-09-08T01:38:00+00:00
seed,google_web,Google Web 联想,https://suggestqueries.google.com/complete/search?client=firefox&hl=zh-CN&gl=cn&q=vpn%E5%8A%A0%E9%80%9F%E5%99%A8,vpn加速器,VPN产品,8,vpn 加速器 差别,vpn加速器差别,2026-09-08T01:38:00+00:00
seed,google_web,Google Web 联想,https://suggestqueries.google.com/complete/search?client=firefox&hl=zh-CN&gl=cn&q=vpn%E5%8A%A0%E9%80%9F%E5%99%A8,vpn加速器,VPN产品,9,vpn加速器翻墙,vpn加速器翻墙,2026-09-08T01:38:00+00:00
seed,google_web,Google Web 联想,https://suggestqueries.google.com/complete/search?client=firefox&hl=zh-CN&gl=cn&q=vpn%E5%8A%A0%E9%80%9F%E5%99%A8,vpn加速器,VPN产品,10,vpn加速器电脑,vpn加速器电脑,2026-09-08T01:38:00+00:00
seed,google_youtube,Google/YouTube 联想,https://suggestqueries.google.com/complete/search?client=firefox&hl=zh-CN&gl=cn&ds=yt&q=vpn%E5%8A%A0%E9%80%9F%E5%99%A8,vpn加速器,VPN产品,1,vpn加速器,vpn加速器,2026-09-08T01:38:00+00:00
seed,google_youtube,Google/YouTube 联想,https://suggestqueries.google.com/complete/search?client=firefox&hl=zh-CN&gl=cn&ds=yt&q=vpn%E5%8A%A0%E9%80%9F%E5%99%A8,vpn加速器,VPN产品,2,vpn加速器推荐,vpn加速器推荐,2026-09-08T01:38:00+00:00
seed,google_youtube,Google/YouTube 联想,https://suggestqueries.google.com/complete/search?client=firefox&hl=zh-CN&gl=cn&ds=yt&q=vpn%E5%8A%A0%E9%80%9F%E5%99%A8,vpn加速器,VPN产品,3,vpn加速器免費,vpn加速器免费,2026-09-08T01:38:00+00:00
seed,google_youtube,Google/YouTube 联想,https://suggestqueries.google.com/complete/search?client=firefox&hl=zh-CN&gl=cn&ds=yt&q=vpn%E5%8A%A0%E9%80%9F%E5%99%A8,vpn加速器,VPN产品,4,vpn火箭,vpn火箭,2026-09-08T01:38:00+00:00
seed,bing_cn,Bing 中文联想,https://api.bing.com/osjson.aspx?query=vpn%E5%8A%A0%E9%80%9F%E5%99%A8&mkt=zh-CN,vpn加速器,VPN产品,1,vpn加速器,vpn加速器,2026-09-08T01:38:00+00:00
seed,bing_cn,Bing 中文联想,https://api.bing.com/osjson.aspx?query=vpn%E5%8A%A0%E9%80%9F%E5%99%A8&mkt=zh-CN,vpn加速器,VPN产品,2,vpn加速器下载,vpn加速器下载,2026-09-08T01:38:00+00:00
seed,bing_cn,Bing 中文联想,https://api.bing.com/osjson.aspx?query=vpn%E5%8A%A0%E9%80%9F%E5%99%A8&mkt=zh-CN,vpn加速器,VPN产品,3,vpn加速器免费,vpn加速器免费,2026-09-08T01:38:00+00:00
seed,bing_cn,Bing 中文联想,https://api.bing.com/osjson.aspx?query=vpn%E5%8A%A0%E9%80%9F%E5%99%A8&mkt=zh-CN,vpn加速器,VPN产品,4,vpn加速器推荐,vpn加速器推荐,2026-09-08T01:38:00+00:00
seed,bing_cn,Bing 中文联想,https://api.bing.com/osjson.aspx?query=vpn%E5%8A%A0%E9%80%9F%E5%99%A8&mkt=zh-CN,vpn加速器,VPN产品,5,vpn加速器免费下载,vpn加速器免费下载,2026-09-08T01:38:00+00:00
seed,bing_cn,Bing 中文联想,https://api.bing.com/osjson.aspx?query=vpn%E5%8A%A0%E9%80%9F%E5%99%A8&mkt=zh-CN,vpn加速器,VPN产品,6,vpn加速器官网,vpn加速器官网,2026-09-08T01:38:00+00:00
seed,bing_cn,Bing 中文联想,https://api.bing.com/osjson.aspx?query=vpn%E5%8A%A0%E9%80%9F%E5%99%A8&mkt=zh-CN,vpn加速器,VPN产品,7,vpn加速器试用,vpn加速器试用,2026-09-08T01:38:00+00:00
seed,bing_cn,Bing 中文联想,https://api.bing.com/osjson.aspx?query=vpn%E5%8A%A0%E9%80%9F%E5%99%A8&mkt=zh-CN,vpn加速器,VPN产品,8,vpn加速器下载免费,vpn加速器下载免费,2026-09-08T01:38:00+00:00
seed,bing_cn,Bing 中文联想,https://api.bing.com/osjson.aspx?query=vpn%E5%8A%A0%E9%80%9F%E5%99%A8&mkt=zh-CN,vpn加速器,VPN产品,9,vpn加速器电脑,vpn加速器电脑,2026-09-08T01:38:00+00:00
seed,bing_cn,Bing 中文联想,https://api.bing.com/osjson.aspx?query=vpn%E5%8A%A0%E9%80%9F%E5%99%A8&mkt=zh-CN,vpn加速器,VPN产品,10,vpn加速器免费版,vpn加速器免费版,2026-09-08T01:38:00+00:00
seed,bing_cn,Bing 中文联想,https://api.bing.com/osjson.aspx?query=vpn%E5%8A%A0%E9%80%9F%E5%99%A8&mkt=zh-CN,vpn加速器,VPN产品,11,vpn加速器电脑版,vpn加速器电脑版,2026-09-08T01:38:00+00:00
seed,bing_cn,Bing 中文联想,https://api.bing.com/osjson.aspx?query=vpn%E5%8A%A0%E9%80%9F%E5%99%A8&mkt=zh-CN,vpn加速器,VPN产品,12,vpn加速器免费试用,vpn加速器免费试用,2026-09-08T01:38:00+00:00
seed,google_web,Google Web 联想,https://suggestqueries.google.com/complete/search?client=firefox&hl=zh-CN&gl=cn&q=vpn%E4%B8%8B%E8%BD%BD,vpn下载,VPN产品,1,vpn下载,vpn下载,2026-09-08T01:38:00+00:00
seed,google_web,Google Web 联想,https://suggestqueries.google.com/complete/search?client=firefox&hl=zh-CN&gl=cn&q=vpn%E4%B8%8B%E8%BD%BD,vpn下载,VPN产品,2,vpn下载免费,vpn下载免费,2026-09-08T01:38:00+00:00
seed,google_web,Google Web 联想,https://suggestqueries.google.com/complete/search?client=firefox&hl=zh-CN&gl=cn&q=vpn%E4%B8%8B%E8%BD%BD,vpn下载,VPN产品,3,vpn下载安卓,vpn下载安卓,2026-09-08T01:38:00+00:00
seed,google_web,Google Web 联想,https://suggestqueries.google.com/complete/search?client=firefox&hl=zh-CN&gl=cn&q=vpn%E4%B8%8B%E8%BD%BD,vpn下载,VPN产品,4,vpn 下载 电脑 版,vpn下载电脑版,2026-09-08T01:38:00+00:00
seed,google_web,Google Web 联想,https://suggestqueries.google.com/complete/search?client=firefox&hl=zh-CN&gl=cn&q=vpn%E4%B8%8B%E8%BD%BD,vpn下载,VPN产品,5,vpn 下载 apk,vpn下载apk,2026-09-08T01:38:00+00:00
seed,google_web,Google Web 联想,https://suggestqueries.google.com/complete/search?client=firefox&hl=zh-CN&gl=cn&q=vpn%E4%B8%8B%E8%BD%BD,vpn下载,VPN产品,6,vpn 下载 windows,vpn下载windows,2026-09-08T01:38:00+00:00
seed,google_web,Google Web 联想,https://suggestqueries.google.com/complete/search?client=firefox&hl=zh-CN&gl=cn&q=vpn%E4%B8%8B%E8%BD%BD,vpn下载,VPN产品,7,vpn下载电脑,vpn下载电脑,2026-09-08T01:38:00+00:00
seed,google_web,Google Web 联想,https://suggestqueries.google.com/complete/search?client=firefox&hl=zh-CN&gl=cn&q=vpn%E4%B8%8B%E8%BD%BD,vpn下载,VPN产品,8,vpn下载安卓免费,vpn下载安卓免费,2026-09-08T01:38:00+00:00
seed,google_web,Google Web 联想,https://suggestqueries.google.com/complete/search?client=firefox&hl=zh-CN&gl=cn&q=vpn%E4%B8%8B%E8%BD%BD,vpn下载,VPN产品,9,vpn下载ios,vpn下载ios,2026-09-08T01:38:00+00:00
seed,google_web,Google Web 联想,https://suggestqueries.google.com/complete/search?client=firefox&hl=zh-CN&gl=cn&q=vpn%E4%B8%8B%E8%BD%BD,vpn下载,VPN产品,10,vpn下载链接,vpn下载链接,2026-09-08T01:38:00+00:00
seed,google_youtube,Google/YouTube 联想,https://suggestqueries.google.com/complete/search?client=firefox&hl=zh-CN&gl=cn&ds=yt&q=vpn%E4%B8%8B%E8%BD%BD,vpn下载,VPN产品,1,vpn下载,vpn下载,2026-09-08T01:38:00+00:00
seed,google_youtube,Google/YouTube 联想,https://suggestqueries.google.com/complete/search?client=firefox&hl=zh-CN&gl=cn&ds=yt&q=vpn%E4%B8%8B%E8%BD%BD,vpn下载,VPN产品,2,vpn下载链接,vpn下载链接,2026-09-08T01:38:00+00:00
seed,google_youtube,Google/YouTube 联想,https://suggestqueries.google.com/complete/search?client=firefox&hl=zh-CN&gl=cn&ds=yt&q=vpn%E4%B8%8B%E8%BD%BD,vpn下载,VPN产品,3,vpn下载安卓,vpn下载安卓,2026-09-08T01:38:00+00:00
seed,google_youtube,Google/YouTube 联想,https://suggestqueries.google.com/complete/search?client=firefox&hl=zh-CN&gl=cn&ds=yt&q=vpn%E4%B8%8B%E8%BD%BD,vpn下载,VPN产品,4,vpn热点,vpn热点,2026-09-08T01:38:00+00:00
seed,google_youtube,Google/YouTube 联想,https://suggestqueries.google.com/complete/search?client=firefox&hl=zh-CN&gl=cn&ds=yt&q=vpn%E4%B8%8B%E8%BD%BD,vpn下载,VPN产品,5,google vpn下载,google vpn下载,2026-09-08T01:38:00+00:00
seed,google_youtube,Google/YouTube 联想,https://suggestqueries.google.com/complete/search?client=firefox&hl=zh-CN&gl=cn&ds=yt&q=vpn%E4%B8%8B%E8%BD%BD,vpn下载,VPN产品,6,astrill vpn下载,astrill vpn下载,2026-09-08T01:38:00+00:00
seed,google_youtube,Google/YouTube 联想,https://suggestqueries.google.com/complete/search?client=firefox&hl=zh-CN&gl=cn&ds=yt&q=vpn%E4%B8%8B%E8%BD%BD,vpn下载,VPN产品,7,protonvpn下载,protonvpn下载,2026-09-08T01:38:00+00:00
seed,bing_cn,Bing 中文联想,https://api.bing.com/osjson.aspx?query=vpn%E4%B8%8B%E8%BD%BD&mkt=zh-CN,vpn下载,VPN产品,1,vpn下载,vpn下载,2026-09-08T01:38:00+00:00
seed,bing_cn,Bing 中文联想,https://api.bing.com/osjson.aspx?query=vpn%E4%B8%8B%E8%BD%BD&mkt=zh-CN,vpn下载,VPN产品,2,vpn下载电脑,vpn下载电脑,2026-09-08T01:38:00+00:00
seed,bing_cn,Bing 中文联想,https://api.bing.com/osjson.aspx?query=vpn%E4%B8%8B%E8%BD%BD&mkt=zh-CN,vpn下载,VPN产品,3,vpn下载免费,vpn下载免费,2026-09-08T01:38:00+00:00
seed,bing_cn,Bing 中文联想,https://api.bing.com/osjson.aspx?query=vpn%E4%B8%8B%E8%BD%BD&mkt=zh-CN,vpn下载,VPN产品,4,vpn下载安卓,vpn下载安卓,2026-09-08T01:38:00+00:00
seed,bing_cn,Bing 中文联想,https://api.bing.com/osjson.aspx?query=vpn%E4%B8%8B%E8%BD%BD&mkt=zh-CN,vpn下载,VPN产品,5,vpn下载手机,vpn下载手机,2026-09-08T01:38:00+00:00
seed,bing_cn,Bing 中文联想,https://api.bing.com/osjson.aspx?query=vpn%E4%B8%8B%E8%BD%BD&mkt=zh-CN,vpn下载,VPN产品,6,vpn下载推荐,vpn下载推荐,2026-09-08T01:38:00+00:00
seed,bing_cn,Bing 中文联想,https://api.bing.com/osjson.aspx?query=vpn%E4%B8%8B%E8%BD%BD&mkt=zh-CN,vpn下载,VPN产品,7,vpn下载安装,vpn下载安装,2026-09-08T01:38:00+00:00
seed,bing_cn,Bing 中文联想,https://api.bing.com/osjson.aspx?query=vpn%E4%B8%8B%E8%BD%BD&mkt=zh-CN,vpn下载,VPN产品,8,vpn下载电脑版官网,vpn下载电脑版官网,2026-09-08T01:38:00+00:00
seed,bing_cn,Bing 中文联想,https://api.bing.com/osjson.aspx?query=vpn%E4%B8%8B%E8%BD%BD&mkt=zh-CN,vpn下载,VPN产品,9,vpn下载官网,vpn下载官网,2026-09-08T01:38:00+00:00
seed,bing_cn,Bing 中文联想,https://api.bing.com/osjson.aspx?query=vpn%E4%B8%8B%E8%BD%BD&mkt=zh-CN,vpn下载,VPN产品,10,vpn下载地址,vpn下载地址,2026-09-08T01:38:00+00:00
seed,bing_cn,Bing 中文联想,https://api.bing.com/osjson.aspx?query=vpn%E4%B8%8B%E8%BD%BD&mkt=zh-CN,vpn下载,VPN产品,11,vpn下载电脑免费版,vpn下载电脑免费版,2026-09-08T01:38:00+00:00
seed,bing_cn,Bing 中文联想,https://api.bing.com/osjson.aspx?query=vpn%E4%B8%8B%E8%BD%BD&mkt=zh-CN,vpn下载,VPN产品,12,vpn下载ios,vpn下载ios,2026-09-08T01:38:00+00:00
seed,google_web,Google Web 联想,https://suggestqueries.google.com/complete/search?client=firefox&hl=zh-CN&gl=cn&q=vpn%E5%85%8D%E8%B4%B9,vpn免费,VPN产品,1,vpn免费,vpn免费,2026-09-08T01:38:00+00:00
seed,google_web,Google Web 联想,https://suggestqueries.google.com/complete/search?client=firefox&hl=zh-CN&gl=cn&q=vpn%E5%85%8D%E8%B4%B9,vpn免费,VPN产品,2,vpn免费节点,vpn免费节点,2026-09-08T01:38:00+00:00
seed,google_web,Google Web 联想,https://suggestqueries.google.com/complete/search?client=firefox&hl=zh-CN&gl=cn&q=vpn%E5%85%8D%E8%B4%B9,vpn免费,VPN产品,3,vpn免费下载,vpn免费下载,2026-09-08T01:38:00+00:00
seed,google_web,Google Web 联想,https://suggestqueries.google.com/complete/search?client=firefox&hl=zh-CN&gl=cn&q=vpn%E5%85%8D%E8%B4%B9,vpn免费,VPN产品,4,vpn免费试用,vpn免费试用,2026-09-08T01:38:00+00:00
seed,google_web,Google Web 联想,https://suggestqueries.google.com/complete/search?client=firefox&hl=zh-CN&gl=cn&q=vpn%E5%85%8D%E8%B4%B9,vpn免费,VPN产品,5,vpn 免费 线上,vpn免费线上,2026-09-08T01:38:00+00:00
seed,google_web,Google Web 联想,https://suggestqueries.google.com/complete/search?client=firefox&hl=zh-CN&gl=cn&q=vpn%E5%85%8D%E8%B4%B9,vpn免费,VPN产品,6,vpn 免费 台湾,vpn免费台湾,2026-09-08T01:38:00+00:00
seed,google_web,Google Web 联想,https://suggestqueries.google.com/complete/search?client=firefox&hl=zh-CN&gl=cn&q=vpn%E5%85%8D%E8%B4%B9,vpn免费,VPN产品,7,vpn 免费 推荐,vpn免费推荐,2026-09-08T01:38:00+00:00
seed,google_web,Google Web 联想,https://suggestqueries.google.com/complete/search?client=firefox&hl=zh-CN&gl=cn&q=vpn%E5%85%8D%E8%B4%B9,vpn免费,VPN产品,8,vpn免费安卓,vpn免费安卓,2026-09-08T01:38:00+00:00
seed,google_web,Google Web 联想,https://suggestqueries.google.com/complete/search?client=firefox&hl=zh-CN&gl=cn&q=vpn%E5%85%8D%E8%B4%B9,vpn免费,VPN产品,9,vpn 免费 电脑 版,vpn免费电脑版,2026-09-08T01:38:00+00:00
seed,google_web,Google Web 联想,https://suggestqueries.google.com/complete/search?client=firefox&hl=zh-CN&gl=cn&q=vpn%E5%85%8D%E8%B4%B9,vpn免费,VPN产品,10,vpn 免费 试用 一天,vpn免费试用一天,2026-09-08T01:38:00+00:00
seed,google_youtube,Google/YouTube 联想,https://suggestqueries.google.com/complete/search?client=firefox&hl=zh-CN&gl=cn&ds=yt&q=vpn%E5%85%8D%E8%B4%B9,vpn免费,VPN产品,1,vpn免费,vpn免费,2026-09-08T01:38:00+00:00
seed,google_youtube,Google/YouTube 联想,https://suggestqueries.google.com/complete/search?client=firefox&hl=zh-CN&gl=cn&ds=yt&q=vpn%E5%85%8D%E8%B4%B9,vpn免费,VPN产品,2,vpn免费节点,vpn免费节点,2026-09-08T01:38:00+00:00
seed,google_youtube,Google/YouTube 联想,https://suggestqueries.google.com/complete/search?client=firefox&hl=zh-CN&gl=cn&ds=yt&q=vpn%E5%85%8D%E8%B4%B9,vpn免费,VPN产品,3,vpn免费推荐,vpn免费推荐,2026-09-08T01:38:00+00:00
seed,google_youtube,Google/YouTube 联想,https://suggestqueries.google.com/complete/search?client=firefox&hl=zh-CN&gl=cn&ds=yt&q=vpn%E5%85%8D%E8%B4%B9,vpn免费,VPN产品,4,vpn免费机场,vpn免费机场,2026-09-08T01:38:00+00:00
seed,google_youtube,Google/YouTube 联想,https://suggestqueries.google.com/complete/search?client=firefox&hl=zh-CN&gl=cn&ds=yt&q=vpn%E5%85%8D%E8%B4%B9,vpn免费,VPN产品,5,vpn免费安卓,vpn免费安卓,2026-09-08T01:38:00+00:00
seed,google_youtube,Google/YouTube 联想,https://suggestqueries.google.com/complete/search?client=firefox&hl=zh-CN&gl=cn&ds=yt&q=vpn%E5%85%8D%E8%B4%B9,vpn免费,VPN产品,6,vpn免费电脑,vpn免费电脑,2026-09-08T01:38:00+00:00
seed,google_youtube,Google/YouTube 联想,https://suggestqueries.google.com/complete/search?client=firefox&hl=zh-CN&gl=cn&ds=yt&q=vpn%E5%85%8D%E8%B4%B9,vpn免费,VPN产品,7,vpn免费搭建,vpn免费搭建,2026-09-08T01:38:00+00:00
seed,google_youtube,Google/YouTube 联想,https://suggestqueries.google.com/complete/search?client=firefox&hl=zh-CN&gl=cn&ds=yt&q=vpn%E5%85%8D%E8%B4%B9,vpn免费,VPN产品,8,vpn免费windows,vpn免费windows,2026-09-08T01:38:00+00:00
seed,google_youtube,Google/YouTube 联想,https://suggestqueries.google.com/complete/search?client=firefox&hl=zh-CN&gl=cn&ds=yt&q=vpn%E5%85%8D%E8%B4%B9,vpn免费,VPN产品,9,vpn免费试用,vpn免费试用,2026-09-08T01:38:00+00:00
seed,google_youtube,Google/YouTube 联想,https://suggestqueries.google.com/complete/search?client=firefox&hl=zh-CN&gl=cn&ds=yt&q=vpn%E5%85%8D%E8%B4%B9,vpn免费,VPN产品,10,vpn免费苹果,vpn免费苹果,2026-09-08T01:38:00+00:00
seed,bing_cn,Bing 中文联想,https://api.bing.com/osjson.aspx?query=vpn%E5%85%8D%E8%B4%B9&mkt=zh-CN,vpn免费,VPN产品,1,vpn免费,vpn免费,2026-09-08T01:38:00+00:00
seed,bing_cn,Bing 中文联想,https://api.bing.com/osjson.aspx?query=vpn%E5%85%8D%E8%B4%B9&mkt=zh-CN,vpn免费,VPN产品,2,vpn免费下载,vpn免费下载,2026-09-08T01:38:00+00:00
seed,bing_cn,Bing 中文联想,https://api.bing.com/osjson.aspx?query=vpn%E5%85%8D%E8%B4%B9&mkt=zh-CN,vpn免费,VPN产品,3,vpn免费试用,vpn免费试用,2026-09-08T01:38:00+00:00
seed,bing_cn,Bing 中文联想,https://api.bing.com/osjson.aspx?query=vpn%E5%85%8D%E8%B4%B9&mkt=zh-CN,vpn免费,VPN产品,4,vpn免费节点,vpn免费节点,2026-09-08T01:38:00+00:00
seed,bing_cn,Bing 中文联想,https://api.bing.com/osjson.aspx?query=vpn%E5%85%8D%E8%B4%B9&mkt=zh-CN,vpn免费,VPN产品,5,vpn免费版,vpn免费版,2026-09-08T01:38:00+00:00
seed,bing_cn,Bing 中文联想,https://api.bing.com/osjson.aspx?query=vpn%E5%85%8D%E8%B4%B9&mkt=zh-CN,vpn免费,VPN产品,6,vpn免费加速器,vpn免费加速器,2026-09-08T01:38:00+00:00
seed,bing_cn,Bing 中文联想,https://api.bing.com/osjson.aspx?query=vpn%E5%85%8D%E8%B4%B9&mkt=zh-CN,vpn免费,VPN产品,7,vpn免费梯子,vpn免费梯子,2026-09-08T01:38:00+00:00
seed,bing_cn,Bing 中文联想,https://api.bing.com/osjson.aspx?query=vpn%E5%85%8D%E8%B4%B9&mkt=zh-CN,vpn免费,VPN产品,8,vpn免费软件,vpn免费软件,2026-09-08T01:38:00+00:00
seed,bing_cn,Bing 中文联想,https://api.bing.com/osjson.aspx?query=vpn%E5%85%8D%E8%B4%B9&mkt=zh-CN,vpn免费,VPN产品,9,vpn免费推荐,vpn免费推荐,2026-09-08T01:38:00+00:00
seed,bing_cn,Bing 中文联想,https://api.bing.com/osjson.aspx?query=vpn%E5%85%8D%E8%B4%B9&mkt=zh-CN,vpn免费,VPN产品,10,vpn免费安卓,vpn免费安卓,2026-09-08T01:38:00+00:00
seed,bing_cn,Bing 中文联想,https://api.bing.com/osjson.aspx?query=vpn%E5%85%8D%E8%B4%B9&mkt=zh-CN,vpn免费,VPN产品,11,vpn免费手机,vpn免费手机,2026-09-08T01:38:00+00:00
seed,bing_cn,Bing 中文联想,https://api.bing.com/osjson.aspx?query=vpn%E5%85%8D%E8%B4%B9&mkt=zh-CN,vpn免费,VPN产品,12,vpn免费电脑,vpn免费电脑,2026-09-08T01:38:00+00:00
seed,google_web,Google Web 联想,https://suggestqueries.google.com/complete/search?client=firefox&hl=zh-CN&gl=cn&q=vpn%E6%8E%A8%E8%8D%90,vpn推荐,VPN产品,1,vpn 推荐 机场,vpn推荐机场,2026-09-08T01:38:00+00:00
seed,google_web,Google Web 联想,https://suggestqueries.google.com/complete/search?client=firefox&hl=zh-CN&gl=cn&q=vpn%E6%8E%A8%E8%8D%90,vpn推荐,VPN产品,2,vpn推荐中国,vpn推荐中国,2026-09-08T01:38:00+00:00
seed,google_web,Google Web 联想,https://suggestqueries.google.com/complete/search?client=firefox&hl=zh-CN&gl=cn&q=vpn%E6%8E%A8%E8%8D%90,vpn推荐,VPN产品,3,vpn 推荐 便宜,vpn推荐便宜,2026-09-08T01:38:00+00:00
seed,google_web,Google Web 联想,https://suggestqueries.google.com/complete/search?client=firefox&hl=zh-CN&gl=cn&q=vpn%E6%8E%A8%E8%8D%90,vpn推荐,VPN产品,4,vpn 推荐 支付宝,vpn推荐支付宝,2026-09-08T01:38:00+00:00
seed,google_web,Google Web 联想,https://suggestqueries.google.com/complete/search?client=firefox&hl=zh-CN&gl=cn&q=vpn%E6%8E%A8%E8%8D%90,vpn推荐,VPN产品,5,vpn推荐 github,vpn推荐github,2026-09-08T01:38:00+00:00
seed,google_web,Google Web 联想,https://suggestqueries.google.com/complete/search?client=firefox&hl=zh-CN&gl=cn&q=vpn%E6%8E%A8%E8%8D%90,vpn推荐,VPN产品,6,vpn 推荐 知 乎,vpn推荐知乎,2026-09-08T01:38:00+00:00
seed,google_web,Google Web 联想,https://suggestqueries.google.com/complete/search?client=firefox&hl=zh-CN&gl=cn&q=vpn%E6%8E%A8%E8%8D%90,vpn推荐,VPN产品,7,vpn 推荐 ios,vpn推荐ios,2026-09-08T01:38:00+00:00
seed,google_web,Google Web 联想,https://suggestqueries.google.com/complete/search?client=firefox&hl=zh-CN&gl=cn&q=vpn%E6%8E%A8%E8%8D%90,vpn推荐,VPN产品,8,vpn 推荐 clash,vpn推荐clash,2026-09-08T01:38:00+00:00
seed,google_web,Google Web 联想,https://suggestqueries.google.com/complete/search?client=firefox&hl=zh-CN&gl=cn&q=vpn%E6%8E%A8%E8%8D%90,vpn推荐,VPN产品,9,vpn 推荐 lihkg,vpn推荐lihkg,2026-09-08T01:38:00+00:00
seed,google_web,Google Web 联想,https://suggestqueries.google.com/complete/search?client=firefox&hl=zh-CN&gl=cn&q=vpn%E6%8E%A8%E8%8D%90,vpn推荐,VPN产品,10,vpn 推荐 2026,vpn推荐2026,2026-09-08T01:38:00+00:00
seed,google_youtube,Google/YouTube 联想,https://suggestqueries.google.com/complete/search?client=firefox&hl=zh-CN&gl=cn&ds=yt&q=vpn%E6%8E%A8%E8%8D%90,vpn推荐,VPN产品,1,vpn推荐安卓,vpn推荐安卓,2026-09-08T01:38:00+00:00
seed,google_youtube,Google/YouTube 联想,https://suggestqueries.google.com/complete/search?client=firefox&hl=zh-CN&gl=cn&ds=yt&q=vpn%E6%8E%A8%E8%8D%90,vpn推荐,VPN产品,2,vpn推荐便宜,vpn推荐便宜,2026-09-08T01:38:00+00:00
seed,google_youtube,Google/YouTube 联想,https://suggestqueries.google.com/complete/search?client=firefox&hl=zh-CN&gl=cn&ds=yt&q=vpn%E6%8E%A8%E8%8D%90,vpn推荐,VPN产品,3,vpn 推荐 ios,vpn推荐ios,2026-09-08T01:38:00+00:00
seed,google_youtube,Google/YouTube 联想,https://suggestqueries.google.com/complete/search?client=firefox&hl=zh-CN&gl=cn&ds=yt&q=vpn%E6%8E%A8%E8%8D%90,vpn推荐,VPN产品,4,vpn推荐手机,vpn推荐手机,2026-09-08T01:38:00+00:00
seed,google_youtube,Google/YouTube 联想,https://suggestqueries.google.com/complete/search?client=firefox&hl=zh-CN&gl=cn&ds=yt&q=vpn%E6%8E%A8%E8%8D%90,vpn推荐,VPN产品,5,vpn推荐大陆,vpn推荐大陆,2026-09-08T01:38:00+00:00
seed,google_youtube,Google/YouTube 联想,https://suggestqueries.google.com/complete/search?client=firefox&hl=zh-CN&gl=cn&ds=yt&q=vpn%E6%8E%A8%E8%8D%90,vpn推荐,VPN产品,6,vpn推荐2025,vpn推荐2025,2026-09-08T01:38:00+00:00
seed,google_youtube,Google/YouTube 联想,https://suggestqueries.google.com/complete/search?client=firefox&hl=zh-CN&gl=cn&ds=yt&q=vpn%E6%8E%A8%E8%8D%90,vpn推荐,VPN产品,7,vpn推荐中国免费,vpn推荐中国免费,2026-09-08T01:38:00+00:00
seed,google_youtube,Google/YouTube 联想,https://suggestqueries.google.com/complete/search?client=firefox&hl=zh-CN&gl=cn&ds=yt&q=vpn%E6%8E%A8%E8%8D%90,vpn推荐,VPN产品,8,vpn推荐windows,vpn推荐windows,2026-09-08T01:38:00+00:00
seed,google_youtube,Google/YouTube 联想,https://suggestqueries.google.com/complete/search?client=firefox&hl=zh-CN&gl=cn&ds=yt&q=vpn%E6%8E%A8%E8%8D%90,vpn推荐,VPN产品,9,vpn推荐最新,vpn推荐最新,2026-09-08T01:38:00+00:00
seed,google_youtube,Google/YouTube 联想,https://suggestqueries.google.com/complete/search?client=firefox&hl=zh-CN&gl=cn&ds=yt&q=vpn%E6%8E%A8%E8%8D%90,vpn推荐,VPN产品,10,vpn推荐中国大陆,vpn推荐中国大陆,2026-09-08T01:38:00+00:00
seed,bing_cn,Bing 中文联想,https://api.bing.com/osjson.aspx?query=vpn%E6%8E%A8%E8%8D%90&mkt=zh-CN,vpn推荐,VPN产品,1,vpn推荐,vpn推荐,2026-09-08T01:38:00+00:00
seed,bing_cn,Bing 中文联想,https://api.bing.com/osjson.aspx?query=vpn%E6%8E%A8%E8%8D%90&mkt=zh-CN,vpn推荐,VPN产品,2,vpn推荐免费,vpn推荐免费,2026-09-08T01:38:00+00:00
seed,bing_cn,Bing 中文联想,https://api.bing.com/osjson.aspx?query=vpn%E6%8E%A8%E8%8D%90&mkt=zh-CN,vpn推荐,VPN产品,3,vpn推荐github,vpn推荐github,2026-09-08T01:38:00+00:00
seed,bing_cn,Bing 中文联想,https://api.bing.com/osjson.aspx?query=vpn%E6%8E%A8%E8%8D%90&mkt=zh-CN,vpn推荐,VPN产品,4,vpn推荐知乎,vpn推荐知乎,2026-09-08T01:38:00+00:00
seed,bing_cn,Bing 中文联想,https://api.bing.com/osjson.aspx?query=vpn%E6%8E%A8%E8%8D%90&mkt=zh-CN,vpn推荐,VPN产品,5,vpn推荐下载,vpn推荐下载,2026-09-08T01:38:00+00:00
seed,bing_cn,Bing 中文联想,https://api.bing.com/osjson.aspx?query=vpn%E6%8E%A8%E8%8D%90&mkt=zh-CN,vpn推荐,VPN产品,6,vpn推荐2026,vpn推荐2026,2026-09-08T01:38:00+00:00
seed,bing_cn,Bing 中文联想,https://api.bing.com/osjson.aspx?query=vpn%E6%8E%A8%E8%8D%90&mkt=zh-CN,vpn推荐,VPN产品,7,vpn推荐贴吧,vpn推荐贴吧,2026-09-08T01:38:00+00:00
seed,bing_cn,Bing 中文联想,https://api.bing.com/osjson.aspx?query=vpn%E6%8E%A8%E8%8D%90&mkt=zh-CN,vpn推荐,VPN产品,8,vpn推荐便宜,vpn推荐便宜,2026-09-08T01:38:00+00:00
seed,bing_cn,Bing 中文联想,https://api.bing.com/osjson.aspx?query=vpn%E6%8E%A8%E8%8D%90&mkt=zh-CN,vpn推荐,VPN产品,9,vpn推荐、,vpn推荐、,2026-09-08T01:38:00+00:00
seed,bing_cn,Bing 中文联想,https://api.bing.com/osjson.aspx?query=vpn%E6%8E%A8%E8%8D%90&mkt=zh-CN,vpn推荐,VPN产品,10,vpn推荐电脑,vpn推荐电脑,2026-09-08T01:38:00+00:00
seed,bing_cn,Bing 中文联想,https://api.bing.com/osjson.aspx?query=vpn%E6%8E%A8%E8%8D%90&mkt=zh-CN,vpn推荐,VPN产品,11,vpn推荐ios,vpn推荐ios,2026-09-08T01:38:00+00:00
seed,bing_cn,Bing 中文联想,https://api.bing.com/osjson.aspx?query=vpn%E6%8E%A8%E8%8D%90&mkt=zh-CN,vpn推荐,VPN产品,12,vpn推荐软件,vpn推荐软件,2026-09-08T01:38:00+00:00
seed,google_web,Google Web 联想,https://suggestqueries.google.com/complete/search?client=firefox&hl=zh-CN&gl=cn&q=vpn%E8%BF%9E%E6%8E%A5,vpn连接,VPN技术,1,vpn 连接 成功 无法 访问 外 网,vpn连接成功无法访问外网,2026-09-08T01:38:00+00:00
seed,google_web,Google Web 联想,https://suggestqueries.google.com/complete/search?client=firefox&hl=zh-CN&gl=cn&q=vpn%E8%BF%9E%E6%8E%A5,vpn连接,VPN技术,2,vpn连接,vpn连接,2026-09-08T01:38:00+00:00
seed,google_web,Google Web 联想,https://suggestqueries.google.com/complete/search?client=firefox&hl=zh-CN&gl=cn&q=vpn%E8%BF%9E%E6%8E%A5,vpn连接,VPN技术,3,vpn连接不上,vpn连接不上,2026-09-08T01:38:00+00:00
seed,google_web,Google Web 联想,https://suggestqueries.google.com/complete/search?client=firefox&hl=zh-CN&gl=cn&q=vpn%E8%BF%9E%E6%8E%A5,vpn连接,VPN技术,4,vpn连接工具,vpn连接工具,2026-09-08T01:38:00+00:00
seed,google_web,Google Web 联想,https://suggestqueries.google.com/complete/search?client=firefox&hl=zh-CN&gl=cn&q=vpn%E8%BF%9E%E6%8E%A5,vpn连接,VPN技术,5,vpn连接后无法上网,vpn连接后无法上网,2026-09-08T01:38:00+00:00
seed,google_web,Google Web 联想,https://suggestqueries.google.com/complete/search?client=firefox&hl=zh-CN&gl=cn&q=vpn%E8%BF%9E%E6%8E%A5,vpn连接,VPN技术,6,vpn连接软件,vpn连接软件,2026-09-08T01:38:00+00:00
seed,google_web,Google Web 联想,https://suggestqueries.google.com/complete/search?client=firefox&hl=zh-CN&gl=cn&q=vpn%E8%BF%9E%E6%8E%A5,vpn连接,VPN技术,7,vpn连接器,vpn连接器,2026-09-08T01:38:00+00:00
seed,google_youtube,Google/YouTube 联想,https://suggestqueries.google.com/complete/search?client=firefox&hl=zh-CN&gl=cn&ds=yt&q=vpn%E8%BF%9E%E6%8E%A5,vpn连接,VPN技术,1,vpn连接成功无法访问外网,vpn连接成功无法访问外网,2026-09-08T01:38:00+00:00
seed,google_youtube,Google/YouTube 联想,https://suggestqueries.google.com/complete/search?client=firefox&hl=zh-CN&gl=cn&ds=yt&q=vpn%E8%BF%9E%E6%8E%A5,vpn连接,VPN技术,2,vpn连接后无法上网,vpn连接后无法上网,2026-09-08T01:38:00+00:00
seed,google_youtube,Google/YouTube 联想,https://suggestqueries.google.com/complete/search?client=firefox&hl=zh-CN&gl=cn&ds=yt&q=vpn%E8%BF%9E%E6%8E%A5,vpn连接,VPN技术,3,vpn连接,vpn连接,2026-09-08T01:38:00+00:00
seed,google_youtube,Google/YouTube 联想,https://suggestqueries.google.com/complete/search?client=firefox&hl=zh-CN&gl=cn&ds=yt&q=vpn%E8%BF%9E%E6%8E%A5,vpn连接,VPN技术,4,vpn连接不上,vpn连接不上,2026-09-08T01:38:00+00:00
seed,google_youtube,Google/YouTube 联想,https://suggestqueries.google.com/complete/search?client=firefox&hl=zh-CN&gl=cn&ds=yt&q=vpn%E8%BF%9E%E6%8E%A5,vpn连接,VPN技术,5,oblivion vpn连接不上,oblivion vpn连接不上,2026-09-08T01:38:00+00:00
seed,google_youtube,Google/YouTube 联想,https://suggestqueries.google.com/complete/search?client=firefox&hl=zh-CN&gl=cn&ds=yt&q=vpn%E8%BF%9E%E6%8E%A5,vpn连接,VPN技术,6,1111 vpn连接不上,1111 vpn连接不上,2026-09-08T01:38:00+00:00
seed,google_youtube,Google/YouTube 联想,https://suggestqueries.google.com/complete/search?client=firefox&hl=zh-CN&gl=cn&ds=yt&q=vpn%E8%BF%9E%E6%8E%A5,vpn连接,VPN技术,7,protonvpn连接不上,protonvpn连接不上,2026-09-08T01:38:00+00:00
seed,bing_cn,Bing 中文联想,https://api.bing.com/osjson.aspx?query=vpn%E8%BF%9E%E6%8E%A5&mkt=zh-CN,vpn连接,VPN技术,1,vpn连接,vpn连接,2026-09-08T01:38:00+00:00
seed,bing_cn,Bing 中文联想,https://api.bing.com/osjson.aspx?query=vpn%E8%BF%9E%E6%8E%A5&mkt=zh-CN,vpn连接,VPN技术,2,vpn连接工具,vpn连接工具,2026-09-08T01:38:00+00:00
seed,bing_cn,Bing 中文联想,https://api.bing.com/osjson.aspx?query=vpn%E8%BF%9E%E6%8E%A5&mkt=zh-CN,vpn连接,VPN技术,3,vpn连接不上,vpn连接不上,2026-09-08T01:38:00+00:00
seed,bing_cn,Bing 中文联想,https://api.bing.com/osjson.aspx?query=vpn%E8%BF%9E%E6%8E%A5&mkt=zh-CN,vpn连接,VPN技术,4,vpn连接软件,vpn连接软件,2026-09-08T01:38:00+00:00
seed,bing_cn,Bing 中文联想,https://api.bing.com/osjson.aspx?query=vpn%E8%BF%9E%E6%8E%A5&mkt=zh-CN,vpn连接,VPN技术,5,vpn连接失败,vpn连接失败,2026-09-08T01:38:00+00:00
seed,bing_cn,Bing 中文联想,https://api.bing.com/osjson.aspx?query=vpn%E8%BF%9E%E6%8E%A5&mkt=zh-CN,vpn连接,VPN技术,6,vpn连接后无法上网,vpn连接后无法上网,2026-09-08T01:38:00+00:00
seed,bing_cn,Bing 中文联想,https://api.bing.com/osjson.aspx?query=vpn%E8%BF%9E%E6%8E%A5&mkt=zh-CN,vpn连接,VPN技术,7,vpn连接超时,vpn连接超时,2026-09-08T01:38:00+00:00
seed,bing_cn,Bing 中文联想,https://api.bing.com/osjson.aspx?query=vpn%E8%BF%9E%E6%8E%A5&mkt=zh-CN,vpn连接,VPN技术,8,vpn连接不上是什么原因,vpn连接不上是什么原因,2026-09-08T01:38:00+00:00
seed,bing_cn,Bing 中文联想,https://api.bing.com/osjson.aspx?query=vpn%E8%BF%9E%E6%8E%A5&mkt=zh-CN,vpn连接,VPN技术,9,vpn连接器,vpn连接器,2026-09-08T01:38:00+00:00
seed,bing_cn,Bing 中文联想,https://api.bing.com/osjson.aspx?query=vpn%E8%BF%9E%E6%8E%A5&mkt=zh-CN,vpn连接,VPN技术,10,vpn连接后无法访问外网,vpn连接后无法访问外网,2026-09-08T01:38:00+00:00
seed,bing_cn,Bing 中文联想,https://api.bing.com/osjson.aspx?query=vpn%E8%BF%9E%E6%8E%A5&mkt=zh-CN,vpn连接,VPN技术,11,vpn连接外网,vpn连接外网,2026-09-08T01:38:00+00:00
seed,bing_cn,Bing 中文联想,https://api.bing.com/osjson.aspx?query=vpn%E8%BF%9E%E6%8E%A5&mkt=zh-CN,vpn连接,VPN技术,12,vpn连接名称是什么,vpn连接名称是什么,2026-09-08T01:38:00+00:00
seed,google_web,Google Web 联想,https://suggestqueries.google.com/complete/search?client=firefox&hl=zh-CN&gl=cn&q=vpn%E9%85%8D%E7%BD%AE,vpn配置,VPN技术,1,vpn配置,vpn配置,2026-09-08T01:38:00+00:00
seed,google_web,Google Web 联想,https://suggestqueries.google.com/complete/search?client=firefox&hl=zh-CN&gl=cn&q=vpn%E9%85%8D%E7%BD%AE,vpn配置,VPN技术,2,vpn配置文件,vpn配置文件,2026-09-08T01:38:00+00:00
seed,google_web,Google Web 联想,https://suggestqueries.google.com/complete/search?client=firefox&hl=zh-CN&gl=cn&q=vpn%E9%85%8D%E7%BD%AE,vpn配置,VPN技术,3,vpn 配置 购买,vpn配置购买,2026-09-08T01:38:00+00:00
seed,google_web,Google Web 联想,https://suggestqueries.google.com/complete/search?client=firefox&hl=zh-CN&gl=cn&q=vpn%E9%85%8D%E7%BD%AE,vpn配置,VPN技术,4,vpn配置软件,vpn配置软件,2026-09-08T01:38:00+00:00
seed,google_web,Google Web 联想,https://suggestqueries.google.com/complete/search?client=firefox&hl=zh-CN&gl=cn&q=vpn%E9%85%8D%E7%BD%AE,vpn配置,VPN技术,5,vpn配置所使用的vpn app尚未安装,vpn配置所使用的vpn app尚未安装,2026-09-08T01:38:00+00:00
seed,google_web,Google Web 联想,https://suggestqueries.google.com/complete/search?client=firefox&hl=zh-CN&gl=cn&q=vpn%E9%85%8D%E7%BD%AE,vpn配置,VPN技术,6,vpn 配置 文件 下载,vpn配置文件下载,2026-09-08T01:38:00+00:00
seed,google_web,Google Web 联想,https://suggestqueries.google.com/complete/search?client=firefox&hl=zh-CN&gl=cn&q=vpn%E9%85%8D%E7%BD%AE,vpn配置,VPN技术,7,vpn 配置 文件 github,vpn配置文件github,2026-09-08T01:38:00+00:00
seed,google_youtube,Google/YouTube 联想,https://suggestqueries.google.com/complete/search?client=firefox&hl=zh-CN&gl=cn&ds=yt&q=vpn%E9%85%8D%E7%BD%AE,vpn配置,VPN技术,1,vpn配置,vpn配置,2026-09-08T01:38:00+00:00
seed,google_youtube,Google/YouTube 联想,https://suggestqueries.google.com/complete/search?client=firefox&hl=zh-CN&gl=cn&ds=yt&q=vpn%E9%85%8D%E7%BD%AE,vpn配置,VPN技术,2,vpn配置文件,vpn配置文件,2026-09-08T01:38:00+00:00
seed,google_youtube,Google/YouTube 联想,https://suggestqueries.google.com/complete/search?client=firefox&hl=zh-CN&gl=cn&ds=yt&q=vpn%E9%85%8D%E7%BD%AE,vpn配置,VPN技术,3,vpn配置链接,vpn配置链接,2026-09-08T01:38:00+00:00
seed,google_youtube,Google/YouTube 联想,https://suggestqueries.google.com/complete/search?client=firefox&hl=zh-CN&gl=cn&ds=yt&q=vpn%E9%85%8D%E7%BD%AE,vpn配置,VPN技术,4,vpn路由器设置,vpn路由器设置,2026-09-08T01:38:00+00:00
seed,google_youtube,Google/YouTube 联想,https://suggestqueries.google.com/complete/search?client=firefox&hl=zh-CN&gl=cn&ds=yt&q=vpn%E9%85%8D%E7%BD%AE,vpn配置,VPN技术,5,ios vpn配置,ios vpn配置,2026-09-08T01:38:00+00:00
seed,google_youtube,Google/YouTube 联想,https://suggestqueries.google.com/complete/search?client=firefox&hl=zh-CN&gl=cn&ds=yt&q=vpn%E9%85%8D%E7%BD%AE,vpn配置,VPN技术,6,leaf vpn配置,leaf vpn配置,2026-09-08T01:38:00+00:00
seed,bing_cn,Bing 中文联想,https://api.bing.com/osjson.aspx?query=vpn%E9%85%8D%E7%BD%AE&mkt=zh-CN,vpn配置,VPN技术,1,vpn配置,vpn配置,2026-09-08T01:38:00+00:00
seed,bing_cn,Bing 中文联想,https://api.bing.com/osjson.aspx?query=vpn%E9%85%8D%E7%BD%AE&mkt=zh-CN,vpn配置,VPN技术,2,vpn配置文件,vpn配置文件,2026-09-08T01:38:00+00:00
seed,bing_cn,Bing 中文联想,https://api.bing.com/osjson.aspx?query=vpn%E9%85%8D%E7%BD%AE&mkt=zh-CN,vpn配置,VPN技术,3,vpn配置文件下载,vpn配置文件下载,2026-09-08T01:38:00+00:00
seed,bing_cn,Bing 中文联想,https://api.bing.com/osjson.aspx?query=vpn%E9%85%8D%E7%BD%AE&mkt=zh-CN,vpn配置,VPN技术,4,vpn配置教程,vpn配置教程,2026-09-08T01:38:00+00:00
seed,bing_cn,Bing 中文联想,https://api.bing.com/osjson.aspx?query=vpn%E9%85%8D%E7%BD%AE&mkt=zh-CN,vpn配置,VPN技术,5,vpn配置购买,vpn配置购买,2026-09-08T01:38:00+00:00
seed,bing_cn,Bing 中文联想,https://api.bing.com/osjson.aspx?query=vpn%E9%85%8D%E7%BD%AE&mkt=zh-CN,vpn配置,VPN技术,6,vpn配置软件,vpn配置软件,2026-09-08T01:38:00+00:00
seed,bing_cn,Bing 中文联想,https://api.bing.com/osjson.aspx?query=vpn%E9%85%8D%E7%BD%AE&mkt=zh-CN,vpn配置,VPN技术,7,vpn配置工具,vpn配置工具,2026-09-08T01:38:00+00:00
seed,bing_cn,Bing 中文联想,https://api.bing.com/osjson.aspx?query=vpn%E9%85%8D%E7%BD%AE&mkt=zh-CN,vpn配置,VPN技术,8,vpn配置链接,vpn配置链接,2026-09-08T01:38:00+00:00
seed,bing_cn,Bing 中文联想,https://api.bing.com/osjson.aspx?query=vpn%E9%85%8D%E7%BD%AE&mkt=zh-CN,vpn配置,VPN技术,9,vpn配置文件购买,vpn配置文件购买,2026-09-08T01:38:00+00:00
seed,bing_cn,Bing 中文联想,https://api.bing.com/osjson.aspx?query=vpn%E9%85%8D%E7%BD%AE&mkt=zh-CN,vpn配置,VPN技术,10,vpn配置推荐,vpn配置推荐,2026-09-08T01:38:00+00:00
seed,bing_cn,Bing 中文联想,https://api.bing.com/osjson.aspx?query=vpn%E9%85%8D%E7%BD%AE&mkt=zh-CN,vpn配置,VPN技术,11,vpn配置失败,vpn配置失败,2026-09-08T01:38:00+00:00
seed,bing_cn,Bing 中文联想,https://api.bing.com/osjson.aspx?query=vpn%E9%85%8D%E7%BD%AE&mkt=zh-CN,vpn配置,VPN技术,12,vpn配置url,vpn配置url,2026-09-08T01:38:00+00:00
seed,google_web,Google Web 联想,https://suggestqueries.google.com/complete/search?client=firefox&hl=zh-CN&gl=cn&q=vpn%E8%AE%BE%E7%BD%AE,vpn设置,VPN技术,1,vpn设置,vpn设置,2026-09-08T01:38:00+00:00
seed,google_web,Google Web 联想,https://suggestqueries.google.com/complete/search?client=firefox&hl=zh-CN&gl=cn&q=vpn%E8%AE%BE%E7%BD%AE,vpn设置,VPN技术,2,iphone vpn设置,iphone vpn设置,2026-09-08T01:38:00+00:00
seed,google_youtube,Google/YouTube 联想,https://suggestqueries.google.com/complete/search?client=firefox&hl=zh-CN&gl=cn&ds=yt&q=vpn%E8%AE%BE%E7%BD%AE,vpn设置,VPN技术,1,vpn设置,vpn设置,2026-09-08T01:38:00+00:00
seed,google_youtube,Google/YouTube 联想,https://suggestqueries.google.com/complete/search?client=firefox&hl=zh-CN&gl=cn&ds=yt&q=vpn%E8%AE%BE%E7%BD%AE,vpn设置,VPN技术,2,iphone vpn设置,iphone vpn设置,2026-09-08T01:38:00+00:00
seed,google_youtube,Google/YouTube 联想,https://suggestqueries.google.com/complete/search?client=firefox&hl=zh-CN&gl=cn&ds=yt&q=vpn%E8%AE%BE%E7%BD%AE,vpn设置,VPN技术,3,iphone vpn设置教程,iphone vpn设置教程,2026-09-08T01:38:00+00:00
seed,google_youtube,Google/YouTube 联想,https://suggestqueries.google.com/complete/search?client=firefox&hl=zh-CN&gl=cn&ds=yt&q=vpn%E8%AE%BE%E7%BD%AE,vpn设置,VPN技术,4,openwrt vpn设置,openwrt vpn设置,2026-09-08T01:38:00+00:00
seed,google_youtube,Google/YouTube 联想,https://suggestqueries.google.com/complete/search?client=firefox&hl=zh-CN&gl=cn&ds=yt&q=vpn%E8%AE%BE%E7%BD%AE,vpn设置,VPN技术,5,ps5 vpn设置,ps5 vpn设置,2026-09-08T01:38:00+00:00
seed,google_youtube,Google/YouTube 联想,https://suggestqueries.google.com/complete/search?client=firefox&hl=zh-CN&gl=cn&ds=yt&q=vpn%E8%AE%BE%E7%BD%AE,vpn设置,VPN技术,6,windows vpn设置,windows vpn设置,2026-09-08T01:38:00+00:00
seed,google_youtube,Google/YouTube 联想,https://suggestqueries.google.com/complete/search?client=firefox&hl=zh-CN&gl=cn&ds=yt&q=vpn%E8%AE%BE%E7%BD%AE,vpn设置,VPN技术,7,win11 vpn设置,win11 vpn设置,2026-09-08T01:38:00+00:00
seed,google_youtube,Google/YouTube 联想,https://suggestqueries.google.com/complete/search?client=firefox&hl=zh-CN&gl=cn&ds=yt&q=vpn%E8%AE%BE%E7%BD%AE,vpn设置,VPN技术,8,mac vpn设置,mac vpn设置,2026-09-08T01:38:00+00:00
seed,google_youtube,Google/YouTube 联想,https://suggestqueries.google.com/complete/search?client=firefox&hl=zh-CN&gl=cn&ds=yt&q=vpn%E8%AE%BE%E7%BD%AE,vpn设置,VPN技术,9,proton vpn设置,proton vpn设置,2026-09-08T01:38:00+00:00
seed,bing_cn,Bing 中文联想,https://api.bing.com/osjson.aspx?query=vpn%E8%AE%BE%E7%BD%AE&mkt=zh-CN,vpn设置,VPN技术,1,vpn设置,vpn设置,2026-09-08T01:38:00+00:00
seed,bing_cn,Bing 中文联想,https://api.bing.com/osjson.aspx?query=vpn%E8%AE%BE%E7%BD%AE&mkt=zh-CN,vpn设置,VPN技术,2,vpn设置教程,vpn设置教程,2026-09-08T01:38:00+00:00
seed,bing_cn,Bing 中文联想,https://api.bing.com/osjson.aspx?query=vpn%E8%AE%BE%E7%BD%AE&mkt=zh-CN,vpn设置,VPN技术,3,vpn设置方法,vpn设置方法,2026-09-08T01:38:00+00:00
seed,bing_cn,Bing 中文联想,https://api.bing.com/osjson.aspx?query=vpn%E8%AE%BE%E7%BD%AE&mkt=zh-CN,vpn设置,VPN技术,4,vpn设置代理,vpn设置代理,2026-09-08T01:38:00+00:00
seed,bing_cn,Bing 中文联想,https://api.bing.com/osjson.aspx?query=vpn%E8%AE%BE%E7%BD%AE&mkt=zh-CN,vpn设置,VPN技术,5,vpn设置流程,vpn设置流程,2026-09-08T01:38:00+00:00
seed,bing_cn,Bing 中文联想,https://api.bing.com/osjson.aspx?query=vpn%E8%AE%BE%E7%BD%AE&mkt=zh-CN,vpn设置,VPN技术,6,vpn设置安卓,vpn设置安卓,2026-09-08T01:38:00+00:00
seed,bing_cn,Bing 中文联想,https://api.bing.com/osjson.aspx?query=vpn%E8%AE%BE%E7%BD%AE&mkt=zh-CN,vpn设置,VPN技术,7,vpn设置电脑,vpn设置电脑,2026-09-08T01:38:00+00:00
seed,bing_cn,Bing 中文联想,https://api.bing.com/osjson.aspx?query=vpn%E8%AE%BE%E7%BD%AE&mkt=zh-CN,vpn设置,VPN技术,8,vpn设置评测,vpn设置评测,2026-09-08T01:38:00+00:00
seed,bing_cn,Bing 中文联想,https://api.bing.com/osjson.aspx?query=vpn%E8%AE%BE%E7%BD%AE&mkt=zh-CN,vpn设置,VPN技术,9,vpn设置详解,vpn设置详解,2026-09-08T01:38:00+00:00
seed,bing_cn,Bing 中文联想,https://api.bing.com/osjson.aspx?query=vpn%E8%AE%BE%E7%BD%AE&mkt=zh-CN,vpn设置,VPN技术,10,vpn设置问题,vpn设置问题,2026-09-08T01:38:00+00:00
seed,bing_cn,Bing 中文联想,https://api.bing.com/osjson.aspx?query=vpn%E8%AE%BE%E7%BD%AE&mkt=zh-CN,vpn设置,VPN技术,11,vpn设置lan,vpn设置lan,2026-09-08T01:38:00+00:00
seed,bing_cn,Bing 中文联想,https://api.bing.com/osjson.aspx?query=vpn%E8%AE%BE%E7%BD%AE&mkt=zh-CN,vpn设置,VPN技术,12,vpn设置linux,vpn设置linux,2026-09-08T01:38:00+00:00
seed,google_web,Google Web 联想,https://suggestqueries.google.com/complete/search?client=firefox&hl=zh-CN&gl=cn&q=vpn%E6%9C%8D%E5%8A%A1%E5%99%A8,vpn服务器,VPN技术,1,vpn服务器,vpn服务器,2026-09-08T01:38:00+00:00
seed,google_web,Google Web 联想,https://suggestqueries.google.com/complete/search?client=firefox&hl=zh-CN&gl=cn&q=vpn%E6%9C%8D%E5%8A%A1%E5%99%A8,vpn服务器,VPN技术,2,vpn服务器推荐,vpn服务器推荐,2026-09-08T01:38:00+00:00
seed,google_web,Google Web 联想,https://suggestqueries.google.com/complete/search?client=firefox&hl=zh-CN&gl=cn&q=vpn%E6%9C%8D%E5%8A%A1%E5%99%A8,vpn服务器,VPN技术,3,vpn 服务器 购买,vpn服务器购买,2026-09-08T01:38:00+00:00
seed,google_web,Google Web 联想,https://suggestqueries.google.com/complete/search?client=firefox&hl=zh-CN&gl=cn&q=vpn%E6%9C%8D%E5%8A%A1%E5%99%A8,vpn服务器,VPN技术,4,vpn服务器搭建,vpn服务器搭建,2026-09-08T01:38:00+00:00
seed,google_web,Google Web 联想,https://suggestqueries.google.com/complete/search?client=firefox&hl=zh-CN&gl=cn&q=vpn%E6%9C%8D%E5%8A%A1%E5%99%A8,vpn服务器,VPN技术,5,vpn服务器地址,vpn服务器地址,2026-09-08T01:38:00+00:00
seed,google_web,Google Web 联想,https://suggestqueries.google.com/complete/search?client=firefox&hl=zh-CN&gl=cn&q=vpn%E6%9C%8D%E5%8A%A1%E5%99%A8,vpn服务器,VPN技术,6,vpn 服务器 免费,vpn服务器免费,2026-09-08T01:38:00+00:00
seed,google_web,Google Web 联想,https://suggestqueries.google.com/complete/search?client=firefox&hl=zh-CN&gl=cn&q=vpn%E6%9C%8D%E5%8A%A1%E5%99%A8,vpn服务器,VPN技术,7,vpn 服务器 列表,vpn服务器列表,2026-09-08T01:38:00+00:00
seed,google_youtube,Google/YouTube 联想,https://suggestqueries.google.com/complete/search?client=firefox&hl=zh-CN&gl=cn&ds=yt&q=vpn%E6%9C%8D%E5%8A%A1%E5%99%A8,vpn服务器,VPN技术,1,vpn服务器推荐,vpn服务器推荐,2026-09-08T01:38:00+00:00
seed,google_youtube,Google/YouTube 联想,https://suggestqueries.google.com/complete/search?client=firefox&hl=zh-CN&gl=cn&ds=yt&q=vpn%E6%9C%8D%E5%8A%A1%E5%99%A8,vpn服务器,VPN技术,2,vpn服务器,vpn服务器,2026-09-08T01:38:00+00:00
seed,google_youtube,Google/YouTube 联想,https://suggestqueries.google.com/complete/search?client=firefox&hl=zh-CN&gl=cn&ds=yt&q=vpn%E6%9C%8D%E5%8A%A1%E5%99%A8,vpn服务器,VPN技术,3,vpn服务器搭建,vpn服务器搭建,2026-09-08T01:38:00+00:00
seed,google_youtube,Google/YouTube 联想,https://suggestqueries.google.com/complete/search?client=firefox&hl=zh-CN&gl=cn&ds=yt&q=vpn%E6%9C%8D%E5%8A%A1%E5%99%A8,vpn服务器,VPN技术,4,vpn服务器地址,vpn服务器地址,2026-09-08T01:38:00+00:00
seed,google_youtube,Google/YouTube 联想,https://suggestqueries.google.com/complete/search?client=firefox&hl=zh-CN&gl=cn&ds=yt&q=vpn%E6%9C%8D%E5%8A%A1%E5%99%A8,vpn服务器,VPN技术,5,vpn如何搭建,vpn如何搭建,2026-09-08T01:38:00+00:00
seed,google_youtube,Google/YouTube 联想,https://suggestqueries.google.com/complete/search?client=firefox&hl=zh-CN&gl=cn&ds=yt&q=vpn%E6%9C%8D%E5%8A%A1%E5%99%A8,vpn服务器,VPN技术,6,openwrt vpn服务器,openwrt vpn服务器,2026-09-08T01:38:00+00:00
seed,google_youtube,Google/YouTube 联想,https://suggestqueries.google.com/complete/search?client=firefox&hl=zh-CN&gl=cn&ds=yt&q=vpn%E6%9C%8D%E5%8A%A1%E5%99%A8,vpn服务器,VPN技术,7,软路由 vpn服务器,软路由vpn服务器,2026-09-08T01:38:00+00:00
seed,bing_cn,Bing 中文联想,https://api.bing.com/osjson.aspx?query=vpn%E6%9C%8D%E5%8A%A1%E5%99%A8&mkt=zh-CN,vpn服务器,VPN技术,1,vpn服务器,vpn服务器,2026-09-08T01:38:00+00:00
seed,bing_cn,Bing 中文联想,https://api.bing.com/osjson.aspx?query=vpn%E6%9C%8D%E5%8A%A1%E5%99%A8&mkt=zh-CN,vpn服务器,VPN技术,2,vpn服务器地址,vpn服务器地址,2026-09-08T01:38:00+00:00
seed,bing_cn,Bing 中文联想,https://api.bing.com/osjson.aspx?query=vpn%E6%9C%8D%E5%8A%A1%E5%99%A8&mkt=zh-CN,vpn服务器,VPN技术,3,vpn服务器搭建,vpn服务器搭建,2026-09-08T01:38:00+00:00
seed,bing_cn,Bing 中文联想,https://api.bing.com/osjson.aspx?query=vpn%E6%9C%8D%E5%8A%A1%E5%99%A8&mkt=zh-CN,vpn服务器,VPN技术,4,vpn服务器地址怎么填,vpn服务器地址怎么填,2026-09-08T01:38:00+00:00
seed,bing_cn,Bing 中文联想,https://api.bing.com/osjson.aspx?query=vpn%E6%9C%8D%E5%8A%A1%E5%99%A8&mkt=zh-CN,vpn服务器,VPN技术,5,vpn服务器推荐,vpn服务器推荐,2026-09-08T01:38:00+00:00
seed,bing_cn,Bing 中文联想,https://api.bing.com/osjson.aspx?query=vpn%E6%9C%8D%E5%8A%A1%E5%99%A8&mkt=zh-CN,vpn服务器,VPN技术,6,vpn服务器购买,vpn服务器购买,2026-09-08T01:38:00+00:00
seed,bing_cn,Bing 中文联想,https://api.bing.com/osjson.aspx?query=vpn%E6%9C%8D%E5%8A%A1%E5%99%A8&mkt=zh-CN,vpn服务器,VPN技术,7,vpn服务器名称或地址怎么填,vpn服务器名称或地址怎么填,2026-09-08T01:38:00+00:00
seed,bing_cn,Bing 中文联想,https://api.bing.com/osjson.aspx?query=vpn%E6%9C%8D%E5%8A%A1%E5%99%A8&mkt=zh-CN,vpn服务器,VPN技术,8,vpn服务器地址大全,vpn服务器地址大全,2026-09-08T01:38:00+00:00
seed,bing_cn,Bing 中文联想,https://api.bing.com/osjson.aspx?query=vpn%E6%9C%8D%E5%8A%A1%E5%99%A8&mkt=zh-CN,vpn服务器,VPN技术,9,vpn服务器软件,vpn服务器软件,2026-09-08T01:38:00+00:00
seed,bing_cn,Bing 中文联想,https://api.bing.com/osjson.aspx?query=vpn%E6%9C%8D%E5%8A%A1%E5%99%A8&mkt=zh-CN,vpn服务器,VPN技术,10,vpn服务器是什么,vpn服务器是什么,2026-09-08T01:38:00+00:00
seed,bing_cn,Bing 中文联想,https://api.bing.com/osjson.aspx?query=vpn%E6%9C%8D%E5%8A%A1%E5%99%A8&mkt=zh-CN,vpn服务器,VPN技术,11,vpn服务器配置,vpn服务器配置,2026-09-08T01:38:00+00:00
seed,bing_cn,Bing 中文联想,https://api.bing.com/osjson.aspx?query=vpn%E6%9C%8D%E5%8A%A1%E5%99%A8&mkt=zh-CN,vpn服务器,VPN技术,12,vpn 服务器的地址,vpn服务器的地址,2026-09-08T01:38:00+00:00
seed,google_web,Google Web 联想,https://suggestqueries.google.com/complete/search?client=firefox&hl=zh-CN&gl=cn&q=vpn%E5%AE%A2%E6%88%B7%E7%AB%AF,vpn客户端,VPN产品,1,vpn客户端,vpn客户端,2026-09-08T01:38:00+00:00
seed,google_web,Google Web 联想,https://suggestqueries.google.com/complete/search?client=firefox&hl=zh-CN&gl=cn&q=vpn%E5%AE%A2%E6%88%B7%E7%AB%AF,vpn客户端,VPN产品,2,vpn客户端推荐,vpn客户端推荐,2026-09-08T01:38:00+00:00
seed,google_web,Google Web 联想,https://suggestqueries.google.com/complete/search?client=firefox&hl=zh-CN&gl=cn&q=vpn%E5%AE%A2%E6%88%B7%E7%AB%AF,vpn客户端,VPN产品,3,vpn 客户 端 安卓,vpn客户端安卓,2026-09-08T01:38:00+00:00
seed,google_web,Google Web 联想,https://suggestqueries.google.com/complete/search?client=firefox&hl=zh-CN&gl=cn&q=vpn%E5%AE%A2%E6%88%B7%E7%AB%AF,vpn客户端,VPN产品,4,vpn 客户 端 windows,vpn客户端windows,2026-09-08T01:38:00+00:00
seed,google_web,Google Web 联想,https://suggestqueries.google.com/complete/search?client=firefox&hl=zh-CN&gl=cn&q=vpn%E5%AE%A2%E6%88%B7%E7%AB%AF,vpn客户端,VPN产品,5,vpn 客户 端 工具,vpn客户端工具,2026-09-08T01:38:00+00:00
seed,google_web,Google Web 联想,https://suggestqueries.google.com/complete/search?client=firefox&hl=zh-CN&gl=cn&q=vpn%E5%AE%A2%E6%88%B7%E7%AB%AF,vpn客户端,VPN产品,6,vpn客户端下载,vpn客户端下载,2026-09-08T01:38:00+00:00
seed,google_youtube,Google/YouTube 联想,https://suggestqueries.google.com/complete/search?client=firefox&hl=zh-CN&gl=cn&ds=yt&q=vpn%E5%AE%A2%E6%88%B7%E7%AB%AF,vpn客户端,VPN产品,1,vpn客户端,vpn客户端,2026-09-08T01:38:00+00:00
seed,google_youtube,Google/YouTube 联想,https://suggestqueries.google.com/complete/search?client=firefox&hl=zh-CN&gl=cn&ds=yt&q=vpn%E5%AE%A2%E6%88%B7%E7%AB%AF,vpn客户端,VPN产品,2,mac vpn客户端,mac vpn客户端,2026-09-08T01:38:00+00:00
seed,google_youtube,Google/YouTube 联想,https://suggestqueries.google.com/complete/search?client=firefox&hl=zh-CN&gl=cn&ds=yt&q=vpn%E5%AE%A2%E6%88%B7%E7%AB%AF,vpn客户端,VPN产品,3,macos vpn客户端,macos vpn客户端,2026-09-08T01:38:00+00:00
seed,google_youtube,Google/YouTube 联想,https://suggestqueries.google.com/complete/search?client=firefox&hl=zh-CN&gl=cn&ds=yt&q=vpn%E5%AE%A2%E6%88%B7%E7%AB%AF,vpn客户端,VPN产品,4,windows vpn客户端,windows vpn客户端,2026-09-08T01:38:00+00:00
seed,google_youtube,Google/YouTube 联想,https://suggestqueries.google.com/complete/search?client=firefox&hl=zh-CN&gl=cn&ds=yt&q=vpn%E5%AE%A2%E6%88%B7%E7%AB%AF,vpn客户端,VPN产品,5,ios vpn客户端,ios vpn客户端,2026-09-08T01:38:00+00:00
seed,bing_cn,Bing 中文联想,https://api.bing.com/osjson.aspx?query=vpn%E5%AE%A2%E6%88%B7%E7%AB%AF&mkt=zh-CN,vpn客户端,VPN产品,1,vpn客户端,vpn客户端,2026-09-08T01:38:00+00:00
seed,bing_cn,Bing 中文联想,https://api.bing.com/osjson.aspx?query=vpn%E5%AE%A2%E6%88%B7%E7%AB%AF&mkt=zh-CN,vpn客户端,VPN产品,2,vpn客户端下载,vpn客户端下载,2026-09-08T01:38:00+00:00
seed,bing_cn,Bing 中文联想,https://api.bing.com/osjson.aspx?query=vpn%E5%AE%A2%E6%88%B7%E7%AB%AF&mkt=zh-CN,vpn客户端,VPN产品,3,vpn客户端软件,vpn客户端软件,2026-09-08T01:38:00+00:00
seed,bing_cn,Bing 中文联想,https://api.bing.com/osjson.aspx?query=vpn%E5%AE%A2%E6%88%B7%E7%AB%AF&mkt=zh-CN,vpn客户端,VPN产品,4,vpn客户端推荐,vpn客户端推荐,2026-09-08T01:38:00+00:00
seed,bing_cn,Bing 中文联想,https://api.bing.com/osjson.aspx?query=vpn%E5%AE%A2%E6%88%B7%E7%AB%AF&mkt=zh-CN,vpn客户端,VPN产品,5,vpn客户端下载电脑,vpn客户端下载电脑,2026-09-08T01:38:00+00:00
seed,bing_cn,Bing 中文联想,https://api.bing.com/osjson.aspx?query=vpn%E5%AE%A2%E6%88%B7%E7%AB%AF&mkt=zh-CN,vpn客户端,VPN产品,6,vpn客户端安装,vpn客户端安装,2026-09-08T01:38:00+00:00
seed,bing_cn,Bing 中文联想,https://api.bing.com/osjson.aspx?query=vpn%E5%AE%A2%E6%88%B7%E7%AB%AF&mkt=zh-CN,vpn客户端,VPN产品,7,vpn客户端工具,vpn客户端工具,2026-09-08T01:38:00+00:00
seed,bing_cn,Bing 中文联想,https://api.bing.com/osjson.aspx?query=vpn%E5%AE%A2%E6%88%B7%E7%AB%AF&mkt=zh-CN,vpn客户端,VPN产品,8,vpn客户端教程,vpn客户端教程,2026-09-08T01:38:00+00:00
seed,bing_cn,Bing 中文联想,https://api.bing.com/osjson.aspx?query=vpn%E5%AE%A2%E6%88%B7%E7%AB%AF&mkt=zh-CN,vpn客户端,VPN产品,9,vpn客户端问题,vpn客户端问题,2026-09-08T01:38:00+00:00
seed,bing_cn,Bing 中文联想,https://api.bing.com/osjson.aspx?query=vpn%E5%AE%A2%E6%88%B7%E7%AB%AF&mkt=zh-CN,vpn客户端,VPN产品,10,vpn客户端下载网站,vpn客户端下载网站,2026-09-08T01:38:00+00:00
seed,bing_cn,Bing 中文联想,https://api.bing.com/osjson.aspx?query=vpn%E5%AE%A2%E6%88%B7%E7%AB%AF&mkt=zh-CN,vpn客户端,VPN产品,11,vpn客户端linux,vpn客户端linux,2026-09-08T01:38:00+00:00
seed,bing_cn,Bing 中文联想,https://api.bing.com/osjson.aspx?query=vpn%E5%AE%A2%E6%88%B7%E7%AB%AF&mkt=zh-CN,vpn客户端,VPN产品,12,vpn客户端下载ios版,vpn客户端下载ios版,2026-09-08T01:38:00+00:00
seed,google_web,Google Web 联想,https://suggestqueries.google.com/complete/search?client=firefox&hl=zh-CN&gl=cn&q=vpn%E8%8A%82%E7%82%B9,vpn节点,VPN技术,1,vpn节点,vpn节点,2026-09-08T01:38:00+00:00
seed,google_web,Google Web 联想,https://suggestqueries.google.com/complete/search?client=firefox&hl=zh-CN&gl=cn&q=vpn%E8%8A%82%E7%82%B9,vpn节点,VPN技术,2,vpn节点购买,vpn节点购买,2026-09-08T01:38:00+00:00
seed,google_web,Google Web 联想,https://suggestqueries.google.com/complete/search?client=firefox&hl=zh-CN&gl=cn&q=vpn%E8%8A%82%E7%82%B9,vpn节点,VPN技术,3,vpn 节点 订阅,vpn节点订阅,2026-09-08T01:38:00+00:00
seed,google_web,Google Web 联想,https://suggestqueries.google.com/complete/search?client=firefox&hl=zh-CN&gl=cn&q=vpn%E8%8A%82%E7%82%B9,vpn节点,VPN技术,4,vpn节点推荐,vpn节点推荐,2026-09-08T01:38:00+00:00
seed,google_web,Google Web 联想,https://suggestqueries.google.com/complete/search?client=firefox&hl=zh-CN&gl=cn&q=vpn%E8%8A%82%E7%82%B9,vpn节点,VPN技术,5,vpn节点纯净度,vpn节点纯净度,2026-09-08T01:38:00+00:00
seed,google_web,Google Web 联想,https://suggestqueries.google.com/complete/search?client=firefox&hl=zh-CN&gl=cn&q=vpn%E8%8A%82%E7%82%B9,vpn节点,VPN技术,6,vpn节点测试,vpn节点测试,2026-09-08T01:38:00+00:00
seed,google_web,Google Web 联想,https://suggestqueries.google.com/complete/search?client=firefox&hl=zh-CN&gl=cn&q=vpn%E8%8A%82%E7%82%B9,vpn节点,VPN技术,7,vpn节点搭建,vpn节点搭建,2026-09-08T01:38:00+00:00
seed,google_web,Google Web 联想,https://suggestqueries.google.com/complete/search?client=firefox&hl=zh-CN&gl=cn&q=vpn%E8%8A%82%E7%82%B9,vpn节点,VPN技术,8,vpn节点分享,vpn节点分享,2026-09-08T01:38:00+00:00
seed,google_web,Google Web 联想,https://suggestqueries.google.com/complete/search?client=firefox&hl=zh-CN&gl=cn&q=vpn%E8%8A%82%E7%82%B9,vpn节点,VPN技术,9,vpn节点测速,vpn节点测速,2026-09-08T01:38:00+00:00
seed,google_web,Google Web 联想,https://suggestqueries.google.com/complete/search?client=firefox&hl=zh-CN&gl=cn&q=vpn%E8%8A%82%E7%82%B9,vpn节点,VPN技术,10,vpn节点超时,vpn节点超时,2026-09-08T01:38:00+00:00
seed,google_youtube,Google/YouTube 联想,https://suggestqueries.google.com/complete/search?client=firefox&hl=zh-CN&gl=cn&ds=yt&q=vpn%E8%8A%82%E7%82%B9,vpn节点,VPN技术,1,vpn节点,vpn节点,2026-09-08T01:38:00+00:00
seed,google_youtube,Google/YouTube 联想,https://suggestqueries.google.com/complete/search?client=firefox&hl=zh-CN&gl=cn&ds=yt&q=vpn%E8%8A%82%E7%82%B9,vpn节点,VPN技术,2,vpn节点购买,vpn节点购买,2026-09-08T01:38:00+00:00
seed,google_youtube,Google/YouTube 联想,https://suggestqueries.google.com/complete/search?client=firefox&hl=zh-CN&gl=cn&ds=yt&q=vpn%E8%8A%82%E7%82%B9,vpn节点,VPN技术,3,vpn节点推荐,vpn节点推荐,2026-09-08T01:38:00+00:00
seed,google_youtube,Google/YouTube 联想,https://suggestqueries.google.com/complete/search?client=firefox&hl=zh-CN&gl=cn&ds=yt&q=vpn%E8%8A%82%E7%82%B9,vpn节点,VPN技术,4,vpn节点搭建,vpn节点搭建,2026-09-08T01:38:00+00:00
seed,google_youtube,Google/YouTube 联想,https://suggestqueries.google.com/complete/search?client=firefox&hl=zh-CN&gl=cn&ds=yt&q=vpn%E8%8A%82%E7%82%B9,vpn节点,VPN技术,5,vpn节点分享,vpn节点分享,2026-09-08T01:38:00+00:00
seed,google_youtube,Google/YouTube 联想,https://suggestqueries.google.com/complete/search?client=firefox&hl=zh-CN&gl=cn&ds=yt&q=vpn%E8%8A%82%E7%82%B9,vpn节点,VPN技术,6,vpn节点二维码,vpn节点二维码,2026-09-08T01:38:00+00:00
seed,google_youtube,Google/YouTube 联想,https://suggestqueries.google.com/complete/search?client=firefox&hl=zh-CN&gl=cn&ds=yt&q=vpn%E8%8A%82%E7%82%B9,vpn节点,VPN技术,7,vpn节点订阅,vpn节点订阅,2026-09-08T01:38:00+00:00
seed,google_youtube,Google/YouTube 联想,https://suggestqueries.google.com/complete/search?client=firefox&hl=zh-CN&gl=cn&ds=yt&q=vpn%E8%8A%82%E7%82%B9,vpn节点,VPN技术,8,vpn节点直播,vpn节点直播,2026-09-08T01:38:00+00:00
seed,google_youtube,Google/YouTube 联想,https://suggestqueries.google.com/complete/search?client=firefox&hl=zh-CN&gl=cn&ds=yt&q=vpn%E8%8A%82%E7%82%B9,vpn节点,VPN技术,9,vpn节点提取,vpn节点提取,2026-09-08T01:38:00+00:00
seed,google_youtube,Google/YouTube 联想,https://suggestqueries.google.com/complete/search?client=firefox&hl=zh-CN&gl=cn&ds=yt&q=vpn%E8%8A%82%E7%82%B9,vpn节点,VPN技术,10,vpn节点网站,vpn节点网站,2026-09-08T01:38:00+00:00
seed,bing_cn,Bing 中文联想,https://api.bing.com/osjson.aspx?query=vpn%E8%8A%82%E7%82%B9&mkt=zh-CN,vpn节点,VPN技术,1,vpn节点,vpn节点,2026-09-08T01:38:00+00:00
seed,bing_cn,Bing 中文联想,https://api.bing.com/osjson.aspx?query=vpn%E8%8A%82%E7%82%B9&mkt=zh-CN,vpn节点,VPN技术,2,vpn节点购买,vpn节点购买,2026-09-08T01:38:00+00:00
seed,bing_cn,Bing 中文联想,https://api.bing.com/osjson.aspx?query=vpn%E8%8A%82%E7%82%B9&mkt=zh-CN,vpn节点,VPN技术,3,vpn节点订阅,vpn节点订阅,2026-09-08T01:38:00+00:00
seed,bing_cn,Bing 中文联想,https://api.bing.com/osjson.aspx?query=vpn%E8%8A%82%E7%82%B9&mkt=zh-CN,vpn节点,VPN技术,4,vpn节点免费,vpn节点免费,2026-09-08T01:38:00+00:00
seed,bing_cn,Bing 中文联想,https://api.bing.com/osjson.aspx?query=vpn%E8%8A%82%E7%82%B9&mkt=zh-CN,vpn节点,VPN技术,5,vpn节点推荐,vpn节点推荐,2026-09-08T01:38:00+00:00
seed,bing_cn,Bing 中文联想,https://api.bing.com/osjson.aspx?query=vpn%E8%8A%82%E7%82%B9&mkt=zh-CN,vpn节点,VPN技术,6,vpn节点分享,vpn节点分享,2026-09-08T01:38:00+00:00
seed,bing_cn,Bing 中文联想,https://api.bing.com/osjson.aspx?query=vpn%E8%8A%82%E7%82%B9&mkt=zh-CN,vpn节点,VPN技术,7,vpn节点测试,vpn节点测试,2026-09-08T01:38:00+00:00
seed,bing_cn,Bing 中文联想,https://api.bing.com/osjson.aspx?query=vpn%E8%8A%82%E7%82%B9&mkt=zh-CN,vpn节点,VPN技术,8,vpn节点超时,vpn节点超时,2026-09-08T01:38:00+00:00
seed,bing_cn,Bing 中文联想,https://api.bing.com/osjson.aspx?query=vpn%E8%8A%82%E7%82%B9&mkt=zh-CN,vpn节点,VPN技术,9,vpn节点检测,vpn节点检测,2026-09-08T01:38:00+00:00
seed,bing_cn,Bing 中文联想,https://api.bing.com/osjson.aspx?query=vpn%E8%8A%82%E7%82%B9&mkt=zh-CN,vpn节点,VPN技术,10,vpn节点全部超时,vpn节点全部超时,2026-09-08T01:38:00+00:00
seed,bing_cn,Bing 中文联想,https://api.bing.com/osjson.aspx?query=vpn%E8%8A%82%E7%82%B9&mkt=zh-CN,vpn节点,VPN技术,11,vpn节点搭建,vpn节点搭建,2026-09-08T01:38:00+00:00
seed,bing_cn,Bing 中文联想,https://api.bing.com/osjson.aspx?query=vpn%E8%8A%82%E7%82%B9&mkt=zh-CN,vpn节点,VPN技术,12,vpn节点下载,vpn节点下载,2026-09-08T01:38:00+00:00
seed,google_web,Google Web 联想,https://suggestqueries.google.com/complete/search?client=firefox&hl=zh-CN&gl=cn&q=vpn%E5%8D%8F%E8%AE%AE,vpn协议,VPN技术,1,vpn协议,vpn协议,2026-09-08T01:38:00+00:00
seed,google_web,Google Web 联想,https://suggestqueries.google.com/complete/search?client=firefox&hl=zh-CN&gl=cn&q=vpn%E5%8D%8F%E8%AE%AE,vpn协议,VPN技术,2,vpn协议对比,vpn协议对比,2026-09-08T01:38:00+00:00
seed,google_web,Google Web 联想,https://suggestqueries.google.com/complete/search?client=firefox&hl=zh-CN&gl=cn&q=vpn%E5%8D%8F%E8%AE%AE,vpn协议,VPN技术,3,vpn 协议 v2ray,vpn协议v2ray,2026-09-08T01:38:00+00:00
seed,google_web,Google Web 联想,https://suggestqueries.google.com/complete/search?client=firefox&hl=zh-CN&gl=cn&q=vpn%E5%8D%8F%E8%AE%AE,vpn协议,VPN技术,4,vpn协议推荐,vpn协议推荐,2026-09-08T01:38:00+00:00
seed,google_web,Google Web 联想,https://suggestqueries.google.com/complete/search?client=firefox&hl=zh-CN&gl=cn&q=vpn%E5%8D%8F%E8%AE%AE,vpn协议,VPN技术,5,vpn协议有哪些,vpn协议有哪些,2026-09-08T01:38:00+00:00
seed,google_youtube,Google/YouTube 联想,https://suggestqueries.google.com/complete/search?client=firefox&hl=zh-CN&gl=cn&ds=yt&q=vpn%E5%8D%8F%E8%AE%AE,vpn协议,VPN技术,1,vpn协议,vpn协议,2026-09-08T01:38:00+00:00
seed,bing_cn,Bing 中文联想,https://api.bing.com/osjson.aspx?query=vpn%E5%8D%8F%E8%AE%AE&mkt=zh-CN,vpn协议,VPN技术,1,vpn协议,vpn协议,2026-09-08T01:38:00+00:00
seed,bing_cn,Bing 中文联想,https://api.bing.com/osjson.aspx?query=vpn%E5%8D%8F%E8%AE%AE&mkt=zh-CN,vpn协议,VPN技术,2,vpn协议类型,vpn协议类型,2026-09-08T01:38:00+00:00
seed,bing_cn,Bing 中文联想,https://api.bing.com/osjson.aspx?query=vpn%E5%8D%8F%E8%AE%AE&mkt=zh-CN,vpn协议,VPN技术,3,vpn协议哪个好,vpn协议哪个好,2026-09-08T01:38:00+00:00
seed,bing_cn,Bing 中文联想,https://api.bing.com/osjson.aspx?query=vpn%E5%8D%8F%E8%AE%AE&mkt=zh-CN,vpn协议,VPN技术,4,vpn协议推荐,vpn协议推荐,2026-09-08T01:38:00+00:00
seed,bing_cn,Bing 中文联想,https://api.bing.com/osjson.aspx?query=vpn%E5%8D%8F%E8%AE%AE&mkt=zh-CN,vpn协议,VPN技术,5,vpn协议的定义,vpn协议的定义,2026-09-08T01:38:00+00:00
seed,bing_cn,Bing 中文联想,https://api.bing.com/osjson.aspx?query=vpn%E5%8D%8F%E8%AE%AE&mkt=zh-CN,vpn协议,VPN技术,6,vpn协议的性能,vpn协议的性能,2026-09-08T01:38:00+00:00
seed,bing_cn,Bing 中文联想,https://api.bing.com/osjson.aspx?query=vpn%E5%8D%8F%E8%AE%AE&mkt=zh-CN,vpn协议,VPN技术,7,vpn协议的比较,vpn协议的比较,2026-09-08T01:38:00+00:00
seed,bing_cn,Bing 中文联想,https://api.bing.com/osjson.aspx?query=vpn%E5%8D%8F%E8%AE%AE&mkt=zh-CN,vpn协议,VPN技术,8,vpn协议的测试,vpn协议的测试,2026-09-08T01:38:00+00:00
seed,bing_cn,Bing 中文联想,https://api.bing.com/osjson.aspx?query=vpn%E5%8D%8F%E8%AE%AE&mkt=zh-CN,vpn协议,VPN技术,9,vpn协议的种类,vpn协议的种类,2026-09-08T01:38:00+00:00
seed,bing_cn,Bing 中文联想,https://api.bing.com/osjson.aspx?query=vpn%E5%8D%8F%E8%AE%AE&mkt=zh-CN,vpn协议,VPN技术,10,vpn协议的选择,vpn协议的选择,2026-09-08T01:38:00+00:00
seed,bing_cn,Bing 中文联想,https://api.bing.com/osjson.aspx?query=vpn%E5%8D%8F%E8%AE%AE&mkt=zh-CN,vpn协议,VPN技术,11,vpn协议的配置,vpn协议的配置,2026-09-08T01:38:00+00:00
seed,bing_cn,Bing 中文联想,https://api.bing.com/osjson.aspx?query=vpn%E5%8D%8F%E8%AE%AE&mkt=zh-CN,vpn协议,VPN技术,12,vpn协议有哪些特点,vpn协议有哪些特点,2026-09-08T01:38:00+00:00
seed,google_web,Google Web 联想,https://suggestqueries.google.com/complete/search?client=firefox&hl=zh-CN&gl=cn&q=vpn%E8%B7%AF%E7%94%B1%E5%99%A8,vpn路由器,VPN技术,1,vpn路由器,vpn路由器,2026-09-08T01:38:00+00:00
seed,google_web,Google Web 联想,https://suggestqueries.google.com/complete/search?client=firefox&hl=zh-CN&gl=cn&q=vpn%E8%B7%AF%E7%94%B1%E5%99%A8,vpn路由器,VPN技术,2,vpn 路由器 大陆,vpn路由器大陆,2026-09-08T01:38:00+00:00
seed,google_web,Google Web 联想,https://suggestqueries.google.com/complete/search?client=firefox&hl=zh-CN&gl=cn&q=vpn%E8%B7%AF%E7%94%B1%E5%99%A8,vpn路由器,VPN技术,3,vpn 路由器 购买,vpn路由器购买,2026-09-08T01:38:00+00:00
seed,google_web,Google Web 联想,https://suggestqueries.google.com/complete/search?client=firefox&hl=zh-CN&gl=cn&q=vpn%E8%B7%AF%E7%94%B1%E5%99%A8,vpn路由器,VPN技术,4,vpn路由器设置,vpn路由器设置,2026-09-08T01:38:00+00:00
seed,google_web,Google Web 联想,https://suggestqueries.google.com/complete/search?client=firefox&hl=zh-CN&gl=cn&q=vpn%E8%B7%AF%E7%94%B1%E5%99%A8,vpn路由器,VPN技术,5,vpn 路由器 推荐 ptt,vpn路由器推荐ptt,2026-09-08T01:38:00+00:00
seed,google_web,Google Web 联想,https://suggestqueries.google.com/complete/search?client=firefox&hl=zh-CN&gl=cn&q=vpn%E8%B7%AF%E7%94%B1%E5%99%A8,vpn路由器,VPN技术,6,vpn路由器推荐,vpn路由器推荐,2026-09-08T01:38:00+00:00
seed,google_youtube,Google/YouTube 联想,https://suggestqueries.google.com/complete/search?client=firefox&hl=zh-CN&gl=cn&ds=yt&q=vpn%E8%B7%AF%E7%94%B1%E5%99%A8,vpn路由器,VPN技术,1,vpn路由器,vpn路由器,2026-09-08T01:38:00+00:00
seed,google_youtube,Google/YouTube 联想,https://suggestqueries.google.com/complete/search?client=firefox&hl=zh-CN&gl=cn&ds=yt&q=vpn%E8%B7%AF%E7%94%B1%E5%99%A8,vpn路由器,VPN技术,2,vpn路由器推荐,vpn路由器推荐,2026-09-08T01:38:00+00:00
seed,google_youtube,Google/YouTube 联想,https://suggestqueries.google.com/complete/search?client=firefox&hl=zh-CN&gl=cn&ds=yt&q=vpn%E8%B7%AF%E7%94%B1%E5%99%A8,vpn路由器,VPN技术,3,vpn路由器设置,vpn路由器设置,2026-09-08T01:38:00+00:00
seed,google_youtube,Google/YouTube 联想,https://suggestqueries.google.com/complete/search?client=firefox&hl=zh-CN&gl=cn&ds=yt&q=vpn%E8%B7%AF%E7%94%B1%E5%99%A8,vpn路由器,VPN技术,4,vpn 路由器 大陸,vpn路由器大陸,2026-09-08T01:38:00+00:00
seed,google_youtube,Google/YouTube 联想,https://suggestqueries.google.com/complete/search?client=firefox&hl=zh-CN&gl=cn&ds=yt&q=vpn%E8%B7%AF%E7%94%B1%E5%99%A8,vpn路由器,VPN技术,5,vpn路由器翻墙,vpn路由器翻墙,2026-09-08T01:38:00+00:00
seed,google_youtube,Google/YouTube 联想,https://suggestqueries.google.com/complete/search?client=firefox&hl=zh-CN&gl=cn&ds=yt&q=vpn%E8%B7%AF%E7%94%B1%E5%99%A8,vpn路由器,VPN技术,6,vpn路由器购买,vpn路由器购买,2026-09-08T01:38:00+00:00
seed,google_youtube,Google/YouTube 联想,https://suggestqueries.google.com/complete/search?client=firefox&hl=zh-CN&gl=cn&ds=yt&q=vpn%E8%B7%AF%E7%94%B1%E5%99%A8,vpn路由器,VPN技术,7,vpn路由器設定,vpn路由器設定,2026-09-08T01:38:00+00:00
seed,google_youtube,Google/YouTube 联想,https://suggestqueries.google.com/complete/search?client=firefox&hl=zh-CN&gl=cn&ds=yt&q=vpn%E8%B7%AF%E7%94%B1%E5%99%A8,vpn路由器,VPN技术,8,vpn路由器大陆,vpn路由器大陆,2026-09-08T01:38:00+00:00
seed,google_youtube,Google/YouTube 联想,https://suggestqueries.google.com/complete/search?client=firefox&hl=zh-CN&gl=cn&ds=yt&q=vpn%E8%B7%AF%E7%94%B1%E5%99%A8,vpn路由器,VPN技术,9,vpn 路由,vpn路由,2026-09-08T01:38:00+00:00
seed,bing_cn,Bing 中文联想,https://api.bing.com/osjson.aspx?query=vpn%E8%B7%AF%E7%94%B1%E5%99%A8&mkt=zh-CN,vpn路由器,VPN技术,1,vpn路由器,vpn路由器,2026-09-08T01:38:00+00:00
seed,bing_cn,Bing 中文联想,https://api.bing.com/osjson.aspx?query=vpn%E8%B7%AF%E7%94%B1%E5%99%A8&mkt=zh-CN,vpn路由器,VPN技术,2,vpn路由器是什么,vpn路由器是什么,2026-09-08T01:38:00+00:00
seed,bing_cn,Bing 中文联想,https://api.bing.com/osjson.aspx?query=vpn%E8%B7%AF%E7%94%B1%E5%99%A8&mkt=zh-CN,vpn路由器,VPN技术,3,vpn路由器推薦,vpn路由器推荐,2026-09-08T01:38:00+00:00
seed,bing_cn,Bing 中文联想,https://api.bing.com/osjson.aspx?query=vpn%E8%B7%AF%E7%94%B1%E5%99%A8&mkt=zh-CN,vpn路由器,VPN技术,4,vpn路由器比较,vpn路由器比较,2026-09-08T01:38:00+00:00
seed,bing_cn,Bing 中文联想,https://api.bing.com/osjson.aspx?query=vpn%E8%B7%AF%E7%94%B1%E5%99%A8&mkt=zh-CN,vpn路由器,VPN技术,5,vpn路由器对比,vpn路由器对比,2026-09-08T01:38:00+00:00
seed,bing_cn,Bing 中文联想,https://api.bing.com/osjson.aspx?query=vpn%E8%B7%AF%E7%94%B1%E5%99%A8&mkt=zh-CN,vpn路由器,VPN技术,6,vpn路由器设置,vpn路由器设置,2026-09-08T01:38:00+00:00
seed,bing_cn,Bing 中文联想,https://api.bing.com/osjson.aspx?query=vpn%E8%B7%AF%E7%94%B1%E5%99%A8&mkt=zh-CN,vpn路由器,VPN技术,7,vpn路由器评测,vpn路由器评测,2026-09-08T01:38:00+00:00
seed,bing_cn,Bing 中文联想,https://api.bing.com/osjson.aspx?query=vpn%E8%B7%AF%E7%94%B1%E5%99%A8&mkt=zh-CN,vpn路由器,VPN技术,8,vpn路由器安装,vpn路由器安装,2026-09-08T01:38:00+00:00
seed,bing_cn,Bing 中文联想,https://api.bing.com/osjson.aspx?query=vpn%E8%B7%AF%E7%94%B1%E5%99%A8&mkt=zh-CN,vpn路由器,VPN技术,9,vpn路由器哪个好,vpn路由器哪个好,2026-09-08T01:38:00+00:00
seed,bing_cn,Bing 中文联想,https://api.bing.com/osjson.aspx?query=vpn%E8%B7%AF%E7%94%B1%E5%99%A8&mkt=zh-CN,vpn路由器,VPN技术,10,vpn路由器的优势,vpn路由器的优势,2026-09-08T01:38:00+00:00
seed,bing_cn,Bing 中文联想,https://api.bing.com/osjson.aspx?query=vpn%E8%B7%AF%E7%94%B1%E5%99%A8&mkt=zh-CN,vpn路由器,VPN技术,11,vpn路由器的推荐,vpn路由器的推荐,2026-09-08T01:38:00+00:00
seed,bing_cn,Bing 中文联想,https://api.bing.com/osjson.aspx?query=vpn%E8%B7%AF%E7%94%B1%E5%99%A8&mkt=zh-CN,vpn路由器,VPN技术,12,vpn路由器的比较,vpn路由器的比较,2026-09-08T01:38:00+00:00
seed,google_web,Google Web 联想,https://suggestqueries.google.com/complete/search?client=firefox&hl=zh-CN&gl=cn&q=vpn%E7%94%B5%E8%84%91,vpn电脑,VPN产品,1,vpn电脑版,vpn电脑版,2026-09-08T01:38:00+00:00
seed,google_web,Google Web 联想,https://suggestqueries.google.com/complete/search?client=firefox&hl=zh-CN&gl=cn&q=vpn%E7%94%B5%E8%84%91,vpn电脑,VPN产品,2,vpn电脑,vpn电脑,2026-09-08T01:38:00+00:00
seed,google_web,Google Web 联想,https://suggestqueries.google.com/complete/search?client=firefox&hl=zh-CN&gl=cn&q=vpn%E7%94%B5%E8%84%91,vpn电脑,VPN产品,3,vpn电脑端,vpn电脑端,2026-09-08T01:38:00+00:00
seed,google_web,Google Web 联想,https://suggestqueries.google.com/complete/search?client=firefox&hl=zh-CN&gl=cn&q=vpn%E7%94%B5%E8%84%91,vpn电脑,VPN产品,4,vpn电脑免费,vpn电脑免费,2026-09-08T01:38:00+00:00
seed,google_web,Google Web 联想,https://suggestqueries.google.com/complete/search?client=firefox&hl=zh-CN&gl=cn&q=vpn%E7%94%B5%E8%84%91,vpn电脑,VPN产品,5,vpn电脑版免费,vpn电脑版免费,2026-09-08T01:38:00+00:00
seed,google_web,Google Web 联想,https://suggestqueries.google.com/complete/search?client=firefox&hl=zh-CN&gl=cn&q=vpn%E7%94%B5%E8%84%91,vpn电脑,VPN产品,6,vpn电脑版下载,vpn电脑版下载,2026-09-08T01:38:00+00:00
seed,google_web,Google Web 联想,https://suggestqueries.google.com/complete/search?client=firefox&hl=zh-CN&gl=cn&q=vpn%E7%94%B5%E8%84%91,vpn电脑,VPN产品,7,vpn电脑下载,vpn电脑下载,2026-09-08T01:38:00+00:00
seed,google_web,Google Web 联想,https://suggestqueries.google.com/complete/search?client=firefox&hl=zh-CN&gl=cn&q=vpn%E7%94%B5%E8%84%91,vpn电脑,VPN产品,8,vpn电脑推荐,vpn电脑推荐,2026-09-08T01:38:00+00:00
seed,google_web,Google Web 联想,https://suggestqueries.google.com/complete/search?client=firefox&hl=zh-CN&gl=cn&q=vpn%E7%94%B5%E8%84%91,vpn电脑,VPN产品,9,vpn电脑版推荐,vpn电脑版推荐,2026-09-08T01:38:00+00:00
seed,google_web,Google Web 联想,https://suggestqueries.google.com/complete/search?client=firefox&hl=zh-CN&gl=cn&q=vpn%E7%94%B5%E8%84%91,vpn电脑,VPN产品,10,vpn电脑连不上,vpn电脑连不上,2026-09-08T01:38:00+00:00
seed,google_youtube,Google/YouTube 联想,https://suggestqueries.google.com/complete/search?client=firefox&hl=zh-CN&gl=cn&ds=yt&q=vpn%E7%94%B5%E8%84%91,vpn电脑,VPN产品,1,vpn电脑,vpn电脑,2026-09-08T01:38:00+00:00
seed,google_youtube,Google/YouTube 联想,https://suggestqueries.google.com/complete/search?client=firefox&hl=zh-CN&gl=cn&ds=yt&q=vpn%E7%94%B5%E8%84%91,vpn电脑,VPN产品,2,vpn电脑版,vpn电脑版,2026-09-08T01:38:00+00:00
seed,google_youtube,Google/YouTube 联想,https://suggestqueries.google.com/complete/search?client=firefox&hl=zh-CN&gl=cn&ds=yt&q=vpn%E7%94%B5%E8%84%91,vpn电脑,VPN产品,3,vpn电脑端,vpn电脑端,2026-09-08T01:38:00+00:00
seed,google_youtube,Google/YouTube 联想,https://suggestqueries.google.com/complete/search?client=firefox&hl=zh-CN&gl=cn&ds=yt&q=vpn%E7%94%B5%E8%84%91,vpn电脑,VPN产品,4,vpn电脑推荐,vpn电脑推荐,2026-09-08T01:38:00+00:00
seed,google_youtube,Google/YouTube 联想,https://suggestqueries.google.com/complete/search?client=firefox&hl=zh-CN&gl=cn&ds=yt&q=vpn%E7%94%B5%E8%84%91,vpn电脑,VPN产品,5,vpn电脑版下载,vpn电脑版下载,2026-09-08T01:38:00+00:00
seed,google_youtube,Google/YouTube 联想,https://suggestqueries.google.com/complete/search?client=firefox&hl=zh-CN&gl=cn&ds=yt&q=vpn%E7%94%B5%E8%84%91,vpn电脑,VPN产品,6,vpn电脑软件,vpn电脑软件,2026-09-08T01:38:00+00:00
seed,google_youtube,Google/YouTube 联想,https://suggestqueries.google.com/complete/search?client=firefox&hl=zh-CN&gl=cn&ds=yt&q=vpn%E7%94%B5%E8%84%91,vpn电脑,VPN产品,7,vpn电脑设置,vpn电脑设置,2026-09-08T01:38:00+00:00
seed,google_youtube,Google/YouTube 联想,https://suggestqueries.google.com/complete/search?client=firefox&hl=zh-CN&gl=cn&ds=yt&q=vpn%E7%94%B5%E8%84%91,vpn电脑,VPN产品,8,vpn电脑版免费,vpn电脑版免费,2026-09-08T01:38:00+00:00
seed,bing_cn,Bing 中文联想,https://api.bing.com/osjson.aspx?query=vpn%E7%94%B5%E8%84%91&mkt=zh-CN,vpn电脑,VPN产品,1,vpn电脑,vpn电脑,2026-09-08T01:38:00+00:00
seed,bing_cn,Bing 中文联想,https://api.bing.com/osjson.aspx?query=vpn%E7%94%B5%E8%84%91&mkt=zh-CN,vpn电脑,VPN产品,2,vpn电脑版,vpn电脑版,2026-09-08T01:38:00+00:00
seed,bing_cn,Bing 中文联想,https://api.bing.com/osjson.aspx?query=vpn%E7%94%B5%E8%84%91&mkt=zh-CN,vpn电脑,VPN产品,3,vpn电脑免费,vpn电脑免费,2026-09-08T01:38:00+00:00
seed,bing_cn,Bing 中文联想,https://api.bing.com/osjson.aspx?query=vpn%E7%94%B5%E8%84%91&mkt=zh-CN,vpn电脑,VPN产品,4,vpn电脑下载,vpn电脑下载,2026-09-08T01:38:00+00:00
seed,bing_cn,Bing 中文联想,https://api.bing.com/osjson.aspx?query=vpn%E7%94%B5%E8%84%91&mkt=zh-CN,vpn电脑,VPN产品,5,vpn电脑版下载,vpn电脑版下载,2026-09-08T01:38:00+00:00
seed,bing_cn,Bing 中文联想,https://api.bing.com/osjson.aspx?query=vpn%E7%94%B5%E8%84%91&mkt=zh-CN,vpn电脑,VPN产品,6,vpn电脑版免费,vpn电脑版免费,2026-09-08T01:38:00+00:00
seed,bing_cn,Bing 中文联想,https://api.bing.com/osjson.aspx?query=vpn%E7%94%B5%E8%84%91&mkt=zh-CN,vpn电脑,VPN产品,7,vpn电脑软件,vpn电脑软件,2026-09-08T01:38:00+00:00
seed,bing_cn,Bing 中文联想,https://api.bing.com/osjson.aspx?query=vpn%E7%94%B5%E8%84%91&mkt=zh-CN,vpn电脑,VPN产品,8,vpn电脑加速器,vpn电脑加速器,2026-09-08T01:38:00+00:00
seed,bing_cn,Bing 中文联想,https://api.bing.com/osjson.aspx?query=vpn%E7%94%B5%E8%84%91&mkt=zh-CN,vpn电脑,VPN产品,9,vpn电脑端下载,vpn电脑端下载,2026-09-08T01:38:00+00:00
seed,bing_cn,Bing 中文联想,https://api.bing.com/osjson.aspx?query=vpn%E7%94%B5%E8%84%91&mkt=zh-CN,vpn电脑,VPN产品,10,vpn电脑端免费,vpn电脑端免费,2026-09-08T01:38:00+00:00
seed,bing_cn,Bing 中文联想,https://api.bing.com/osjson.aspx?query=vpn%E7%94%B5%E8%84%91&mkt=zh-CN,vpn电脑,VPN产品,11,vpn电脑推荐,vpn电脑推荐,2026-09-08T01:38:00+00:00
seed,bing_cn,Bing 中文联想,https://api.bing.com/osjson.aspx?query=vpn%E7%94%B5%E8%84%91&mkt=zh-CN,vpn电脑,VPN产品,12,vpn电脑版本,vpn电脑版本,2026-09-08T01:38:00+00:00
seed,google_web,Google Web 联想,https://suggestqueries.google.com/complete/search?client=firefox&hl=zh-CN&gl=cn&q=vpn%E6%89%8B%E6%9C%BA,vpn手机,VPN产品,1,vpn手机,vpn手机,2026-09-08T01:38:00+00:00
seed,google_web,Google Web 联想,https://suggestqueries.google.com/complete/search?client=firefox&hl=zh-CN&gl=cn&q=vpn%E6%89%8B%E6%9C%BA,vpn手机,VPN产品,2,vpn手机版,vpn手机版,2026-09-08T01:38:00+00:00
seed,google_web,Google Web 联想,https://suggestqueries.google.com/complete/search?client=firefox&hl=zh-CN&gl=cn&q=vpn%E6%89%8B%E6%9C%BA,vpn手机,VPN产品,3,vpn手机下载,vpn手机下载,2026-09-08T01:38:00+00:00
seed,google_web,Google Web 联想,https://suggestqueries.google.com/complete/search?client=firefox&hl=zh-CN&gl=cn&q=vpn%E6%89%8B%E6%9C%BA,vpn手机,VPN产品,4,vpn手机能用电脑不能用,vpn手机能用电脑不能用,2026-09-08T01:38:00+00:00
seed,google_web,Google Web 联想,https://suggestqueries.google.com/complete/search?client=firefox&hl=zh-CN&gl=cn&q=vpn%E6%89%8B%E6%9C%BA,vpn手机,VPN产品,5,vpn 手机设定,vpn手机设定,2026-09-08T01:38:00+00:00
seed,google_web,Google Web 联想,https://suggestqueries.google.com/complete/search?client=firefox&hl=zh-CN&gl=cn&q=vpn%E6%89%8B%E6%9C%BA,vpn手机,VPN产品,6,vpn手机软件,vpn手机软件,2026-09-08T01:38:00+00:00
seed,google_web,Google Web 联想,https://suggestqueries.google.com/complete/search?client=firefox&hl=zh-CN&gl=cn&q=vpn%E6%89%8B%E6%9C%BA,vpn手机,VPN产品,7,vpn手机推荐,vpn手机推荐,2026-09-08T01:38:00+00:00
seed,google_web,Google Web 联想,https://suggestqueries.google.com/complete/search?client=firefox&hl=zh-CN&gl=cn&q=vpn%E6%89%8B%E6%9C%BA,vpn手机,VPN产品,8,vpn手机免费,vpn手机免费,2026-09-08T01:38:00+00:00
seed,google_youtube,Google/YouTube 联想,https://suggestqueries.google.com/complete/search?client=firefox&hl=zh-CN&gl=cn&ds=yt&q=vpn%E6%89%8B%E6%9C%BA,vpn手机,VPN产品,1,vpn手机,vpn手机,2026-09-08T01:38:00+00:00
seed,google_youtube,Google/YouTube 联想,https://suggestqueries.google.com/complete/search?client=firefox&hl=zh-CN&gl=cn&ds=yt&q=vpn%E6%89%8B%E6%9C%BA,vpn手机,VPN产品,2,vpn手机免費,vpn手机免费,2026-09-08T01:38:00+00:00
seed,google_youtube,Google/YouTube 联想,https://suggestqueries.google.com/complete/search?client=firefox&hl=zh-CN&gl=cn&ds=yt&q=vpn%E6%89%8B%E6%9C%BA,vpn手机,VPN产品,3,vpn手机版,vpn手机版,2026-09-08T01:38:00+00:00
seed,google_youtube,Google/YouTube 联想,https://suggestqueries.google.com/complete/search?client=firefox&hl=zh-CN&gl=cn&ds=yt&q=vpn%E6%89%8B%E6%9C%BA,vpn手机,VPN产品,4,vpn手机安卓,vpn手机安卓,2026-09-08T01:38:00+00:00
seed,bing_cn,Bing 中文联想,https://api.bing.com/osjson.aspx?query=vpn%E6%89%8B%E6%9C%BA&mkt=zh-CN,vpn手机,VPN产品,1,vpn手机,vpn手机,2026-09-08T01:38:00+00:00
seed,bing_cn,Bing 中文联想,https://api.bing.com/osjson.aspx?query=vpn%E6%89%8B%E6%9C%BA&mkt=zh-CN,vpn手机,VPN产品,2,vpn手机版,vpn手机版,2026-09-08T01:38:00+00:00
seed,bing_cn,Bing 中文联想,https://api.bing.com/osjson.aspx?query=vpn%E6%89%8B%E6%9C%BA&mkt=zh-CN,vpn手机,VPN产品,3,vpn手机下载,vpn手机下载,2026-09-08T01:38:00+00:00
seed,bing_cn,Bing 中文联想,https://api.bing.com/osjson.aspx?query=vpn%E6%89%8B%E6%9C%BA&mkt=zh-CN,vpn手机,VPN产品,4,vpn手机免费,vpn手机免费,2026-09-08T01:38:00+00:00
seed,bing_cn,Bing 中文联想,https://api.bing.com/osjson.aspx?query=vpn%E6%89%8B%E6%9C%BA&mkt=zh-CN,vpn手机,VPN产品,5,vpn手机版下载,vpn手机版下载,2026-09-08T01:38:00+00:00
seed,bing_cn,Bing 中文联想,https://api.bing.com/osjson.aspx?query=vpn%E6%89%8B%E6%9C%BA&mkt=zh-CN,vpn手机,VPN产品,6,vpn手机端,vpn手机端,2026-09-08T01:38:00+00:00
seed,bing_cn,Bing 中文联想,https://api.bing.com/osjson.aspx?query=vpn%E6%89%8B%E6%9C%BA&mkt=zh-CN,vpn手机,VPN产品,7,vpn手机软件,vpn手机软件,2026-09-08T01:38:00+00:00
seed,bing_cn,Bing 中文联想,https://api.bing.com/osjson.aspx?query=vpn%E6%89%8B%E6%9C%BA&mkt=zh-CN,vpn手机,VPN产品,8,vpn手机ios,vpn手机ios,2026-09-08T01:38:00+00:00
seed,bing_cn,Bing 中文联想,https://api.bing.com/osjson.aspx?query=vpn%E6%89%8B%E6%9C%BA&mkt=zh-CN,vpn手机,VPN产品,9,vpn手机加速器,vpn手机加速器,2026-09-08T01:38:00+00:00
seed,bing_cn,Bing 中文联想,https://api.bing.com/osjson.aspx?query=vpn%E6%89%8B%E6%9C%BA&mkt=zh-CN,vpn手机,VPN产品,10,vpn手机版免费下载,vpn手机版免费下载,2026-09-08T01:38:00+00:00
seed,bing_cn,Bing 中文联想,https://api.bing.com/osjson.aspx?query=vpn%E6%89%8B%E6%9C%BA&mkt=zh-CN,vpn手机,VPN产品,11,vpn手机电脑通用,vpn手机电脑通用,2026-09-08T01:38:00+00:00
seed,bing_cn,Bing 中文联想,https://api.bing.com/osjson.aspx?query=vpn%E6%89%8B%E6%9C%BA&mkt=zh-CN,vpn手机,VPN产品,12,vpn手机app,vpn手机app,2026-09-08T01:38:00+00:00
seed,google_web,Google Web 联想,https://suggestqueries.google.com/complete/search?client=firefox&hl=zh-CN&gl=cn&q=vpn%E5%AE%89%E5%8D%93,vpn安卓,VPN产品,1,vpn 安卓,vpn安卓,2026-09-08T01:38:00+00:00
seed,google_web,Google Web 联想,https://suggestqueries.google.com/complete/search?client=firefox&hl=zh-CN&gl=cn&q=vpn%E5%AE%89%E5%8D%93,vpn安卓,VPN产品,2,vpn安卓下载,vpn安卓下载,2026-09-08T01:38:00+00:00
seed,google_web,Google Web 联想,https://suggestqueries.google.com/complete/search?client=firefox&hl=zh-CN&gl=cn&q=vpn%E5%AE%89%E5%8D%93,vpn安卓,VPN产品,3,vpn安卓免费,vpn安卓免费,2026-09-08T01:38:00+00:00
seed,google_web,Google Web 联想,https://suggestqueries.google.com/complete/search?client=firefox&hl=zh-CN&gl=cn&q=vpn%E5%AE%89%E5%8D%93,vpn安卓,VPN产品,4,vpn安卓安装包,vpn安卓安装包,2026-09-08T01:38:00+00:00
seed,google_web,Google Web 联想,https://suggestqueries.google.com/complete/search?client=firefox&hl=zh-CN&gl=cn&q=vpn%E5%AE%89%E5%8D%93,vpn安卓,VPN产品,5,vpn安卓推荐,vpn安卓推荐,2026-09-08T01:38:00+00:00
seed,google_web,Google Web 联想,https://suggestqueries.google.com/complete/search?client=firefox&hl=zh-CN&gl=cn&q=vpn%E5%AE%89%E5%8D%93,vpn安卓,VPN产品,6,vpn安卓版,vpn安卓版,2026-09-08T01:38:00+00:00
seed,google_youtube,Google/YouTube 联想,https://suggestqueries.google.com/complete/search?client=firefox&hl=zh-CN&gl=cn&ds=yt&q=vpn%E5%AE%89%E5%8D%93,vpn安卓,VPN产品,1,vpn安卓,vpn安卓,2026-09-08T01:38:00+00:00
seed,google_youtube,Google/YouTube 联想,https://suggestqueries.google.com/complete/search?client=firefox&hl=zh-CN&gl=cn&ds=yt&q=vpn%E5%AE%89%E5%8D%93,vpn安卓,VPN产品,2,vpn安卓免費,vpn安卓免费,2026-09-08T01:38:00+00:00
seed,google_youtube,Google/YouTube 联想,https://suggestqueries.google.com/complete/search?client=firefox&hl=zh-CN&gl=cn&ds=yt&q=vpn%E5%AE%89%E5%8D%93,vpn安卓,VPN产品,3,vpn安卓免费,vpn安卓免费,2026-09-08T01:38:00+00:00
seed,google_youtube,Google/YouTube 联想,https://suggestqueries.google.com/complete/search?client=firefox&hl=zh-CN&gl=cn&ds=yt&q=vpn%E5%AE%89%E5%8D%93,vpn安卓,VPN产品,4,vpn安卓手机,vpn安卓手机,2026-09-08T01:38:00+00:00
seed,google_youtube,Google/YouTube 联想,https://suggestqueries.google.com/complete/search?client=firefox&hl=zh-CN&gl=cn&ds=yt&q=vpn%E5%AE%89%E5%8D%93,vpn安卓,VPN产品,5,vpn安卓推荐,vpn安卓推荐,2026-09-08T01:38:00+00:00
seed,google_youtube,Google/YouTube 联想,https://suggestqueries.google.com/complete/search?client=firefox&hl=zh-CN&gl=cn&ds=yt&q=vpn%E5%AE%89%E5%8D%93,vpn安卓,VPN产品,6,vpn安卓下载,vpn安卓下载,2026-09-08T01:38:00+00:00
seed,google_youtube,Google/YouTube 联想,https://suggestqueries.google.com/complete/search?client=firefox&hl=zh-CN&gl=cn&ds=yt&q=vpn%E5%AE%89%E5%8D%93,vpn安卓,VPN产品,7,vpn免費安卓,vpn免费安卓,2026-09-08T01:38:00+00:00
seed,bing_cn,Bing 中文联想,https://api.bing.com/osjson.aspx?query=vpn%E5%AE%89%E5%8D%93&mkt=zh-CN,vpn安卓,VPN产品,1,vpn安卓,vpn安卓,2026-09-08T01:38:00+00:00
seed,bing_cn,Bing 中文联想,https://api.bing.com/osjson.aspx?query=vpn%E5%AE%89%E5%8D%93&mkt=zh-CN,vpn安卓,VPN产品,2,vpn安卓下载,vpn安卓下载,2026-09-08T01:38:00+00:00
seed,bing_cn,Bing 中文联想,https://api.bing.com/osjson.aspx?query=vpn%E5%AE%89%E5%8D%93&mkt=zh-CN,vpn安卓,VPN产品,3,vpn安卓免费,vpn安卓免费,2026-09-08T01:38:00+00:00
seed,bing_cn,Bing 中文联想,https://api.bing.com/osjson.aspx?query=vpn%E5%AE%89%E5%8D%93&mkt=zh-CN,vpn安卓,VPN产品,4,vpn安卓版下载,vpn安卓版下载,2026-09-08T01:38:00+00:00
seed,bing_cn,Bing 中文联想,https://api.bing.com/osjson.aspx?query=vpn%E5%AE%89%E5%8D%93&mkt=zh-CN,vpn安卓,VPN产品,5,vpn安卓免费下载,vpn安卓免费下载,2026-09-08T01:38:00+00:00
seed,bing_cn,Bing 中文联想,https://api.bing.com/osjson.aspx?query=vpn%E5%AE%89%E5%8D%93&mkt=zh-CN,vpn安卓,VPN产品,6,vpn安卓下载免费,vpn安卓下载免费,2026-09-08T01:38:00+00:00
seed,bing_cn,Bing 中文联想,https://api.bing.com/osjson.aspx?query=vpn%E5%AE%89%E5%8D%93&mkt=zh-CN,vpn安卓,VPN产品,7,vpn安卓手机,vpn安卓手机,2026-09-08T01:38:00+00:00
seed,bing_cn,Bing 中文联想,https://api.bing.com/osjson.aspx?query=vpn%E5%AE%89%E5%8D%93&mkt=zh-CN,vpn安卓,VPN产品,8,vpn安卓版,vpn安卓版,2026-09-08T01:38:00+00:00
seed,bing_cn,Bing 中文联想,https://api.bing.com/osjson.aspx?query=vpn%E5%AE%89%E5%8D%93&mkt=zh-CN,vpn安卓,VPN产品,9,vpn安卓手机下载,vpn安卓手机下载,2026-09-08T01:38:00+00:00
seed,bing_cn,Bing 中文联想,https://api.bing.com/osjson.aspx?query=vpn%E5%AE%89%E5%8D%93&mkt=zh-CN,vpn安卓,VPN产品,10,vpn安卓apk,vpn安卓apk,2026-09-08T01:38:00+00:00
seed,bing_cn,Bing 中文联想,https://api.bing.com/osjson.aspx?query=vpn%E5%AE%89%E5%8D%93&mkt=zh-CN,vpn安卓,VPN产品,11,vpn安卓软件,vpn安卓软件,2026-09-08T01:38:00+00:00
seed,bing_cn,Bing 中文联想,https://api.bing.com/osjson.aspx?query=vpn%E5%AE%89%E5%8D%93&mkt=zh-CN,vpn安卓,VPN产品,12,vpn安卓安装包,vpn安卓安装包,2026-09-08T01:38:00+00:00
seed,google_web,Google Web 联想,https://suggestqueries.google.com/complete/search?client=firefox&hl=zh-CN&gl=cn&q=vpn%E8%8B%B9%E6%9E%9C,vpn苹果,VPN产品,1,vpn苹果,vpn苹果,2026-09-08T01:38:00+00:00
seed,google_web,Google Web 联想,https://suggestqueries.google.com/complete/search?client=firefox&hl=zh-CN&gl=cn&q=vpn%E8%8B%B9%E6%9E%9C,vpn苹果,VPN产品,2,vpn苹果手机,vpn苹果手机,2026-09-08T01:38:00+00:00
seed,google_web,Google Web 联想,https://suggestqueries.google.com/complete/search?client=firefox&hl=zh-CN&gl=cn&q=vpn%E8%8B%B9%E6%9E%9C,vpn苹果,VPN产品,3,vpn苹果下载,vpn苹果下载,2026-09-08T01:38:00+00:00
seed,google_web,Google Web 联想,https://suggestqueries.google.com/complete/search?client=firefox&hl=zh-CN&gl=cn&q=vpn%E8%8B%B9%E6%9E%9C,vpn苹果,VPN产品,4,vpn苹果版,vpn苹果版,2026-09-08T01:38:00+00:00
seed,google_web,Google Web 联想,https://suggestqueries.google.com/complete/search?client=firefox&hl=zh-CN&gl=cn&q=vpn%E8%8B%B9%E6%9E%9C,vpn苹果,VPN产品,5,vpn苹果免费,vpn苹果免费,2026-09-08T01:38:00+00:00
seed,google_youtube,Google/YouTube 联想,https://suggestqueries.google.com/complete/search?client=firefox&hl=zh-CN&gl=cn&ds=yt&q=vpn%E8%8B%B9%E6%9E%9C,vpn苹果,VPN产品,1,vpn苹果,vpn苹果,2026-09-08T01:38:00+00:00
seed,google_youtube,Google/YouTube 联想,https://suggestqueries.google.com/complete/search?client=firefox&hl=zh-CN&gl=cn&ds=yt&q=vpn%E8%8B%B9%E6%9E%9C,vpn苹果,VPN产品,2,vpn苹果手机,vpn苹果手机,2026-09-08T01:38:00+00:00
seed,google_youtube,Google/YouTube 联想,https://suggestqueries.google.com/complete/search?client=firefox&hl=zh-CN&gl=cn&ds=yt&q=vpn%E8%8B%B9%E6%9E%9C,vpn苹果,VPN产品,3,vpn苹果免费,vpn苹果免费,2026-09-08T01:38:00+00:00
seed,bing_cn,Bing 中文联想,https://api.bing.com/osjson.aspx?query=vpn%E8%8B%B9%E6%9E%9C&mkt=zh-CN,vpn苹果,VPN产品,1,vpn苹果,vpn苹果,2026-09-08T01:38:00+00:00
seed,bing_cn,Bing 中文联想,https://api.bing.com/osjson.aspx?query=vpn%E8%8B%B9%E6%9E%9C&mkt=zh-CN,vpn苹果,VPN产品,2,vpn苹果手机,vpn苹果手机,2026-09-08T01:38:00+00:00
seed,bing_cn,Bing 中文联想,https://api.bing.com/osjson.aspx?query=vpn%E8%8B%B9%E6%9E%9C&mkt=zh-CN,vpn苹果,VPN产品,3,vpn苹果下载,vpn苹果下载,2026-09-08T01:38:00+00:00
seed,bing_cn,Bing 中文联想,https://api.bing.com/osjson.aspx?query=vpn%E8%8B%B9%E6%9E%9C&mkt=zh-CN,vpn苹果,VPN产品,4,vpn苹果免费,vpn苹果免费,2026-09-08T01:38:00+00:00
seed,bing_cn,Bing 中文联想,https://api.bing.com/osjson.aspx?query=vpn%E8%8B%B9%E6%9E%9C&mkt=zh-CN,vpn苹果,VPN产品,5,vpn苹果版,vpn苹果版,2026-09-08T01:38:00+00:00
seed,bing_cn,Bing 中文联想,https://api.bing.com/osjson.aspx?query=vpn%E8%8B%B9%E6%9E%9C&mkt=zh-CN,vpn苹果,VPN产品,6,vpn苹果教程,vpn苹果教程,2026-09-08T01:38:00+00:00
seed,bing_cn,Bing 中文联想,https://api.bing.com/osjson.aspx?query=vpn%E8%8B%B9%E6%9E%9C&mkt=zh-CN,vpn苹果,VPN产品,7,vpn苹果app,vpn苹果app,2026-09-08T01:38:00+00:00
seed,bing_cn,Bing 中文联想,https://api.bing.com/osjson.aspx?query=vpn%E8%8B%B9%E6%9E%9C&mkt=zh-CN,vpn苹果,VPN产品,8,vpn苹果版推荐,vpn苹果版推荐,2026-09-08T01:38:00+00:00
seed,bing_cn,Bing 中文联想,https://api.bing.com/osjson.aspx?query=vpn%E8%8B%B9%E6%9E%9C&mkt=zh-CN,vpn苹果,VPN产品,9,vpn苹果安装包,vpn苹果安装包,2026-09-08T01:38:00+00:00
seed,bing_cn,Bing 中文联想,https://api.bing.com/osjson.aspx?query=vpn%E8%8B%B9%E6%9E%9C&mkt=zh-CN,vpn苹果,VPN产品,10,vpn苹果版哪个好,vpn苹果版哪个好,2026-09-08T01:38:00+00:00
seed,bing_cn,Bing 中文联想,https://api.bing.com/osjson.aspx?query=vpn%E8%8B%B9%E6%9E%9C&mkt=zh-CN,vpn苹果,VPN产品,11,vpn苹果手机怎么用,vpn苹果手机怎么用,2026-09-08T01:38:00+00:00
seed,bing_cn,Bing 中文联想,https://api.bing.com/osjson.aspx?query=vpn%E8%8B%B9%E6%9E%9C&mkt=zh-CN,vpn苹果,VPN产品,12,vpn苹果版免费试用,vpn苹果版免费试用,2026-09-08T01:38:00+00:00
seed,google_web,Google Web 联想,https://suggestqueries.google.com/complete/search?client=firefox&hl=zh-CN&gl=cn&q=%E4%BC%81%E4%B8%9Avpn,企业vpn,企业办公,1,企业vpn,企业vpn,2026-09-08T01:38:00+00:00
seed,google_web,Google Web 联想,https://suggestqueries.google.com/complete/search?client=firefox&hl=zh-CN&gl=cn&q=%E4%BC%81%E4%B8%9Avpn,企业vpn,企业办公,2,企业vpn搭建,企业vpn搭建,2026-09-08T01:38:00+00:00
seed,google_web,Google Web 联想,https://suggestqueries.google.com/complete/search?client=firefox&hl=zh-CN&gl=cn&q=%E4%BC%81%E4%B8%9Avpn,企业vpn,企业办公,3,企业vpn推荐,企业vpn推荐,2026-09-08T01:38:00+00:00
seed,google_web,Google Web 联想,https://suggestqueries.google.com/complete/search?client=firefox&hl=zh-CN&gl=cn&q=%E4%BC%81%E4%B8%9Avpn,企业vpn,企业办公,4,中华电信 企业vpn,中华电信企业vpn,2026-09-08T01:38:00+00:00
seed,google_youtube,Google/YouTube 联想,https://suggestqueries.google.com/complete/search?client=firefox&hl=zh-CN&gl=cn&ds=yt&q=%E4%BC%81%E4%B8%9Avpn,企业vpn,企业办公,1,企业vpn,企业vpn,2026-09-08T01:38:00+00:00
seed,bing_cn,Bing 中文联想,https://api.bing.com/osjson.aspx?query=%E4%BC%81%E4%B8%9Avpn&mkt=zh-CN,企业vpn,企业办公,1,企业vpn,企业vpn,2026-09-08T01:38:00+00:00
seed,bing_cn,Bing 中文联想,https://api.bing.com/osjson.aspx?query=%E4%BC%81%E4%B8%9Avpn&mkt=zh-CN,企业vpn,企业办公,2,企业vpn搭建,企业vpn搭建,2026-09-08T01:38:00+00:00
seed,bing_cn,Bing 中文联想,https://api.bing.com/osjson.aspx?query=%E4%BC%81%E4%B8%9Avpn&mkt=zh-CN,企业vpn,企业办公,3,企业vpn软件,企业vpn软件,2026-09-08T01:38:00+00:00
seed,bing_cn,Bing 中文联想,https://api.bing.com/osjson.aspx?query=%E4%BC%81%E4%B8%9Avpn&mkt=zh-CN,企业vpn,企业办公,4,企业vpn申请,企业vpn申请,2026-09-08T01:38:00+00:00
seed,bing_cn,Bing 中文联想,https://api.bing.com/osjson.aspx?query=%E4%BC%81%E4%B8%9Avpn&mkt=zh-CN,企业vpn,企业办公,5,企业vpn解决方案,企业vpn解决方案,2026-09-08T01:38:00+00:00
seed,bing_cn,Bing 中文联想,https://api.bing.com/osjson.aspx?query=%E4%BC%81%E4%B8%9Avpn&mkt=zh-CN,企业vpn,企业办公,6,企业vpn的优势,企业vpn的优势,2026-09-08T01:38:00+00:00
seed,bing_cn,Bing 中文联想,https://api.bing.com/osjson.aspx?query=%E4%BC%81%E4%B8%9Avpn&mkt=zh-CN,企业vpn,企业办公,7,企业vpn搭建优势,企业vpn搭建优势,2026-09-08T01:38:00+00:00
seed,bing_cn,Bing 中文联想,https://api.bing.com/osjson.aspx?query=%E4%BC%81%E4%B8%9Avpn&mkt=zh-CN,企业vpn,企业办公,8,企业vpn搭建方案,企业vpn搭建方案,2026-09-08T01:38:00+00:00
seed,bing_cn,Bing 中文联想,https://api.bing.com/osjson.aspx?query=%E4%BC%81%E4%B8%9Avpn&mkt=zh-CN,企业vpn,企业办公,9,企业vpn搭建案例,企业vpn搭建案例,2026-09-08T01:38:00+00:00
seed,bing_cn,Bing 中文联想,https://api.bing.com/osjson.aspx?query=%E4%BC%81%E4%B8%9Avpn&mkt=zh-CN,企业vpn,企业办公,10,企业vpn搭建步骤,企业vpn搭建步骤,2026-09-08T01:38:00+00:00
seed,bing_cn,Bing 中文联想,https://api.bing.com/osjson.aspx?query=%E4%BC%81%E4%B8%9Avpn&mkt=zh-CN,企业vpn,企业办公,11,企业vpn搭建难点,企业vpn搭建难点,2026-09-08T01:38:00+00:00
seed,bing_cn,Bing 中文联想,https://api.bing.com/osjson.aspx?query=%E4%BC%81%E4%B8%9Avpn&mkt=zh-CN,企业vpn,企业办公,12,企业vpn的安全性,企业vpn的安全性,2026-09-08T01:38:00+00:00
seed,bing_cn,Bing 中文联想,https://api.bing.com/osjson.aspx?query=%E8%BF%9C%E7%A8%8B%E5%8A%9E%E5%85%ACvpn&mkt=zh-CN,远程办公vpn,企业办公,1,远程办公vpn,远程办公vpn,2026-09-08T01:38:00+00:00
seed,bing_cn,Bing 中文联想,https://api.bing.com/osjson.aspx?query=%E8%BF%9C%E7%A8%8B%E5%8A%9E%E5%85%ACvpn&mkt=zh-CN,远程办公vpn,企业办公,2,远程办公vpn下载,远程办公vpn下载,2026-09-08T01:38:00+00:00
seed,bing_cn,Bing 中文联想,https://api.bing.com/osjson.aspx?query=%E8%BF%9C%E7%A8%8B%E5%8A%9E%E5%85%ACvpn&mkt=zh-CN,远程办公vpn,企业办公,3,远程办公vpn软件,远程办公vpn软件,2026-09-08T01:38:00+00:00
seed,bing_cn,Bing 中文联想,https://api.bing.com/osjson.aspx?query=%E8%BF%9C%E7%A8%8B%E5%8A%9E%E5%85%ACvpn&mkt=zh-CN,远程办公vpn,企业办公,4,远程办公软件哪个好用,远程办公软件哪个好用,2026-09-08T01:38:00+00:00
seed,bing_cn,Bing 中文联想,https://api.bing.com/osjson.aspx?query=%E8%BF%9C%E7%A8%8B%E5%8A%9E%E5%85%ACvpn&mkt=zh-CN,远程办公vpn,企业办公,5,远程办公 招聘,远程办公招聘,2026-09-08T01:38:00+00:00
seed,bing_cn,Bing 中文联想,https://api.bing.com/osjson.aspx?query=%E8%BF%9C%E7%A8%8B%E5%8A%9E%E5%85%ACvpn&mkt=zh-CN,远程办公vpn,企业办公,6,远程办公兼职,远程办公兼职,2026-09-08T01:38:00+00:00
seed,bing_cn,Bing 中文联想,https://api.bing.com/osjson.aspx?query=%E8%BF%9C%E7%A8%8B%E5%8A%9E%E5%85%ACvpn&mkt=zh-CN,远程办公vpn,企业办公,7,远程办公靠谱吗,远程办公靠谱吗,2026-09-08T01:38:00+00:00
seed,bing_cn,Bing 中文联想,https://api.bing.com/osjson.aspx?query=%E8%BF%9C%E7%A8%8B%E5%8A%9E%E5%85%ACvpn&mkt=zh-CN,远程办公vpn,企业办公,8,远程办公英文,远程办公英文,2026-09-08T01:38:00+00:00
seed,bing_cn,Bing 中文联想,https://api.bing.com/osjson.aspx?query=%E8%BF%9C%E7%A8%8B%E5%8A%9E%E5%85%ACvpn&mkt=zh-CN,远程办公vpn,企业办公,9,远程办公的工作,远程办公的工作,2026-09-08T01:38:00+00:00
seed,bing_cn,Bing 中文联想,https://api.bing.com/osjson.aspx?query=%E8%BF%9C%E7%A8%8B%E5%8A%9E%E5%85%ACvpn&mkt=zh-CN,远程办公vpn,企业办公,10,vpn和远程办公,vpn和远程办公,2026-09-08T01:38:00+00:00
seed,google_web,Google Web 联想,https://suggestqueries.google.com/complete/search?client=firefox&hl=zh-CN&gl=cn&q=%E8%99%9A%E6%8B%9F%E4%B8%93%E7%94%A8%E7%BD%91%E7%BB%9C,虚拟专用网络,VPN核心,1,虚拟专用网络,虚拟专用网络,2026-09-08T01:38:00+00:00
seed,google_youtube,Google/YouTube 联想,https://suggestqueries.google.com/complete/search?client=firefox&hl=zh-CN&gl=cn&ds=yt&q=%E8%99%9A%E6%8B%9F%E4%B8%93%E7%94%A8%E7%BD%91%E7%BB%9C,虚拟专用网络,VPN核心,1,虚拟专用网络,虚拟专用网络,2026-09-08T01:38:00+00:00
seed,bing_cn,Bing 中文联想,https://api.bing.com/osjson.aspx?query=%E8%99%9A%E6%8B%9F%E4%B8%93%E7%94%A8%E7%BD%91%E7%BB%9C&mkt=zh-CN,虚拟专用网络,VPN核心,1,虚拟专用网络,虚拟专用网络,2026-09-08T01:38:00+00:00
seed,bing_cn,Bing 中文联想,https://api.bing.com/osjson.aspx?query=%E8%99%9A%E6%8B%9F%E4%B8%93%E7%94%A8%E7%BD%91%E7%BB%9C&mkt=zh-CN,虚拟专用网络,VPN核心,2,虚拟专用网络 vpn,虚拟专用网络vpn,2026-09-08T01:38:00+00:00
seed,bing_cn,Bing 中文联想,https://api.bing.com/osjson.aspx?query=%E8%99%9A%E6%8B%9F%E4%B8%93%E7%94%A8%E7%BD%91%E7%BB%9C&mkt=zh-CN,虚拟专用网络,VPN核心,3,虚拟专用网络下载,虚拟专用网络下载,2026-09-08T01:38:00+00:00
seed,bing_cn,Bing 中文联想,https://api.bing.com/osjson.aspx?query=%E8%99%9A%E6%8B%9F%E4%B8%93%E7%94%A8%E7%BD%91%E7%BB%9C&mkt=zh-CN,虚拟专用网络,VPN核心,4,虚拟专用网络 vpn下载,虚拟专用网络vpn下载,2026-09-08T01:38:00+00:00
seed,bing_cn,Bing 中文联想,https://api.bing.com/osjson.aspx?query=%E8%99%9A%E6%8B%9F%E4%B8%93%E7%94%A8%E7%BD%91%E7%BB%9C&mkt=zh-CN,虚拟专用网络,VPN核心,5,虚拟专用网络优势,虚拟专用网络优势,2026-09-08T01:38:00+00:00
seed,bing_cn,Bing 中文联想,https://api.bing.com/osjson.aspx?query=%E8%99%9A%E6%8B%9F%E4%B8%93%E7%94%A8%E7%BD%91%E7%BB%9C&mkt=zh-CN,虚拟专用网络,VPN核心,6,虚拟专用网络比较,虚拟专用网络比较,2026-09-08T01:38:00+00:00
seed,bing_cn,Bing 中文联想,https://api.bing.com/osjson.aspx?query=%E8%99%9A%E6%8B%9F%E4%B8%93%E7%94%A8%E7%BD%91%E7%BB%9C&mkt=zh-CN,虚拟专用网络,VPN核心,7,虚拟专用网络搭建,虚拟专用网络搭建,2026-09-08T01:38:00+00:00
seed,bing_cn,Bing 中文联想,https://api.bing.com/osjson.aspx?query=%E8%99%9A%E6%8B%9F%E4%B8%93%E7%94%A8%E7%BD%91%E7%BB%9C&mkt=zh-CN,虚拟专用网络,VPN核心,8,虚拟专用网络 vpn 跨国 跨境,虚拟专用网络vpn跨国跨境,2026-09-08T01:38:00+00:00
seed,bing_cn,Bing 中文联想,https://api.bing.com/osjson.aspx?query=%E8%99%9A%E6%8B%9F%E4%B8%93%E7%94%A8%E7%BD%91%E7%BB%9C&mkt=zh-CN,虚拟专用网络,VPN核心,9,虚拟专用网络下载安装免费,虚拟专用网络下载安装免费,2026-09-08T01:38:00+00:00
seed,bing_cn,Bing 中文联想,https://api.bing.com/osjson.aspx?query=%E8%99%9A%E6%8B%9F%E4%B8%93%E7%94%A8%E7%BD%91%E7%BB%9C&mkt=zh-CN,虚拟专用网络,VPN核心,10,虚拟专用网络是什么,虚拟专用网络是什么,2026-09-08T01:38:00+00:00
seed,bing_cn,Bing 中文联想,https://api.bing.com/osjson.aspx?query=%E8%99%9A%E6%8B%9F%E4%B8%93%E7%94%A8%E7%BD%91%E7%BB%9C&mkt=zh-CN,虚拟专用网络,VPN核心,11,虚拟专用网络许可证,虚拟专用网络许可证,2026-09-08T01:38:00+00:00
seed,bing_cn,Bing 中文联想,https://api.bing.com/osjson.aspx?query=%E8%99%9A%E6%8B%9F%E4%B8%93%E7%94%A8%E7%BD%91%E7%BB%9C&mkt=zh-CN,虚拟专用网络,VPN核心,12,虚拟专用网络下载免费,虚拟专用网络下载免费,2026-09-08T01:38:00+00:00
seed,baidu,百度联想,https://suggestion.baidu.com/su?wd=%E8%99%9A%E6%8B%9F%E4%B8%93%E7%94%A8%E7%BD%91%E7%BB%9C&cb=cb,虚拟专用网络,VPN核心,1,虚拟专用网络,虚拟专用网络,2026-09-08T01:38:00+00:00
seed,baidu,百度联想,https://suggestion.baidu.com/su?wd=%E8%99%9A%E6%8B%9F%E4%B8%93%E7%94%A8%E7%BD%91%E7%BB%9C&cb=cb,虚拟专用网络,VPN核心,2,虚拟专用网络工具,虚拟专用网络工具,2026-09-08T01:38:00+00:00
seed,baidu,百度联想,https://suggestion.baidu.com/su?wd=%E8%99%9A%E6%8B%9F%E4%B8%93%E7%94%A8%E7%BD%91%E7%BB%9C&cb=cb,虚拟专用网络,VPN核心,3,虚拟专用网络什么意思,虚拟专用网络什么意思,2026-09-08T01:38:00+00:00
seed,baidu,百度联想,https://suggestion.baidu.com/su?wd=%E8%99%9A%E6%8B%9F%E4%B8%93%E7%94%A8%E7%BD%91%E7%BB%9C&cb=cb,虚拟专用网络,VPN核心,4,虚拟专用网络免费,虚拟专用网络免费,2026-09-08T01:38:00+00:00
seed,baidu,百度联想,https://suggestion.baidu.com/su?wd=%E8%99%9A%E6%8B%9F%E4%B8%93%E7%94%A8%E7%BD%91%E7%BB%9C&cb=cb,虚拟专用网络,VPN核心,5,虚拟专用网络ip地址,虚拟专用网络ip地址,2026-09-08T01:38:00+00:00
seed,baidu,百度联想,https://suggestion.baidu.com/su?wd=%E8%99%9A%E6%8B%9F%E4%B8%93%E7%94%A8%E7%BD%91%E7%BB%9C&cb=cb,虚拟专用网络,VPN核心,6,虚拟专用网络的主要作用是什么,虚拟专用网络的主要作用是什么,2026-09-08T01:38:00+00:00
seed,baidu,百度联想,https://suggestion.baidu.com/su?wd=%E8%99%9A%E6%8B%9F%E4%B8%93%E7%94%A8%E7%BD%91%E7%BB%9C&cb=cb,虚拟专用网络,VPN核心,7,虚拟专用网络搭建,虚拟专用网络搭建,2026-09-08T01:38:00+00:00
seed,baidu,百度联想,https://suggestion.baidu.com/su?wd=%E8%99%9A%E6%8B%9F%E4%B8%93%E7%94%A8%E7%BD%91%E7%BB%9C&cb=cb,虚拟专用网络,VPN核心,8,虚拟专用网络app免费,虚拟专用网络app免费,2026-09-08T01:38:00+00:00
seed,baidu,百度联想,https://suggestion.baidu.com/su?wd=%E8%99%9A%E6%8B%9F%E4%B8%93%E7%94%A8%E7%BD%91%E7%BB%9C&cb=cb,虚拟专用网络,VPN核心,9,虚拟专用网络服务,虚拟专用网络服务,2026-09-08T01:38:00+00:00
seed,baidu,百度联想,https://suggestion.baidu.com/su?wd=%E8%99%9A%E6%8B%9F%E4%B8%93%E7%94%A8%E7%BD%91%E7%BB%9C&cb=cb,虚拟专用网络,VPN核心,10,虚拟专用网络有什么用,虚拟专用网络有什么用,2026-09-08T01:38:00+00:00
seed,google_web,Google Web 联想,https://suggestqueries.google.com/complete/search?client=firefox&hl=zh-CN&gl=cn&q=%E8%99%9A%E6%8B%9F%E7%A7%81%E4%BA%BA%E7%BD%91%E7%BB%9C,虚拟私人网络,VPN核心,1,虚拟私人网络,虚拟私人网络,2026-09-08T01:38:00+00:00
seed,google_youtube,Google/YouTube 联想,https://suggestqueries.google.com/complete/search?client=firefox&hl=zh-CN&gl=cn&ds=yt&q=%E8%99%9A%E6%8B%9F%E7%A7%81%E4%BA%BA%E7%BD%91%E7%BB%9C,虚拟私人网络,VPN核心,1,虚拟专用网络,虚拟专用网络,2026-09-08T01:38:00+00:00
seed,bing_cn,Bing 中文联想,https://api.bing.com/osjson.aspx?query=%E8%99%9A%E6%8B%9F%E7%A7%81%E4%BA%BA%E7%BD%91%E7%BB%9C&mkt=zh-CN,虚拟私人网络,VPN核心,1,虚拟私人网络,虚拟私人网络,2026-09-08T01:38:00+00:00
seed,bing_cn,Bing 中文联想,https://api.bing.com/osjson.aspx?query=%E8%99%9A%E6%8B%9F%E7%A7%81%E4%BA%BA%E7%BD%91%E7%BB%9C&mkt=zh-CN,虚拟私人网络,VPN核心,2,虚拟私人网络搭建,虚拟私人网络搭建,2026-09-08T01:38:00+00:00
seed,bing_cn,Bing 中文联想,https://api.bing.com/osjson.aspx?query=%E8%99%9A%E6%8B%9F%E7%A7%81%E4%BA%BA%E7%BD%91%E7%BB%9C&mkt=zh-CN,虚拟私人网络,VPN核心,3,虚拟私人网络 vpn,虚拟私人网络vpn,2026-09-08T01:38:00+00:00
seed,bing_cn,Bing 中文联想,https://api.bing.com/osjson.aspx?query=%E8%99%9A%E6%8B%9F%E7%A7%81%E4%BA%BA%E7%BD%91%E7%BB%9C&mkt=zh-CN,虚拟私人网络,VPN核心,4,虚拟私人网络下载,虚拟私人网络下载,2026-09-08T01:38:00+00:00
seed,bing_cn,Bing 中文联想,https://api.bing.com/osjson.aspx?query=%E8%99%9A%E6%8B%9F%E7%A7%81%E4%BA%BA%E7%BD%91%E7%BB%9C&mkt=zh-CN,虚拟私人网络,VPN核心,5,虚拟私人网络下载安装,虚拟私人网络下载安装,2026-09-08T01:38:00+00:00
seed,bing_cn,Bing 中文联想,https://api.bing.com/osjson.aspx?query=%E8%99%9A%E6%8B%9F%E7%A7%81%E4%BA%BA%E7%BD%91%E7%BB%9C&mkt=zh-CN,虚拟私人网络,VPN核心,6,vpn虚拟私人网络,vpn虚拟私人网络,2026-09-08T01:38:00+00:00
seed,bing_cn,Bing 中文联想,https://api.bing.com/osjson.aspx?query=%E8%99%9A%E6%8B%9F%E7%A7%81%E4%BA%BA%E7%BD%91%E7%BB%9C&mkt=zh-CN,虚拟私人网络,VPN核心,7,通过网络使用虚拟私人网络,通过网络使用虚拟私人网络,2026-09-08T01:38:00+00:00
seed,bing_cn,Bing 中文联想,https://api.bing.com/osjson.aspx?query=%E8%99%9A%E6%8B%9F%E7%A7%81%E4%BA%BA%E7%BD%91%E7%BB%9C&mkt=zh-CN,虚拟私人网络,VPN核心,8,假如使用一个虚拟私人网络,假如使用一个虚拟私人网络,2026-09-08T01:38:00+00:00
seed,bing_cn,Bing 中文联想,https://api.bing.com/osjson.aspx?query=%E8%99%9A%E6%8B%9F%E7%A7%81%E4%BA%BA%E7%BD%91%E7%BB%9C&mkt=zh-CN,虚拟私人网络,VPN核心,9,vpn意思是虚拟私人网络,vpn意思是虚拟私人网络,2026-09-08T01:38:00+00:00
seed,baidu,百度联想,https://suggestion.baidu.com/su?wd=%E8%99%9A%E6%8B%9F%E7%A7%81%E4%BA%BA%E7%BD%91%E7%BB%9C&cb=cb,虚拟私人网络,VPN核心,1,虚拟私人网络,虚拟私人网络,2026-09-08T01:38:00+00:00
seed,baidu,百度联想,https://suggestion.baidu.com/su?wd=%E8%99%9A%E6%8B%9F%E7%A7%81%E4%BA%BA%E7%BD%91%E7%BB%9C&cb=cb,虚拟私人网络,VPN核心,2,虚拟私人网络什么意思,虚拟私人网络什么意思,2026-09-08T01:38:00+00:00
seed,baidu,百度联想,https://suggestion.baidu.com/su?wd=%E8%99%9A%E6%8B%9F%E7%A7%81%E4%BA%BA%E7%BD%91%E7%BB%9C&cb=cb,虚拟私人网络,VPN核心,3,虚拟私人网络连接,虚拟私人网络连接,2026-09-08T01:38:00+00:00
seed,baidu,百度联想,https://suggestion.baidu.com/su?wd=%E8%99%9A%E6%8B%9F%E7%A7%81%E4%BA%BA%E7%BD%91%E7%BB%9C&cb=cb,虚拟私人网络,VPN核心,4,虚拟私人网络ip,虚拟私人网络ip,2026-09-08T01:38:00+00:00
seed,baidu,百度联想,https://suggestion.baidu.com/su?wd=%E8%99%9A%E6%8B%9F%E7%A7%81%E4%BA%BA%E7%BD%91%E7%BB%9C&cb=cb,虚拟私人网络,VPN核心,5,虚拟私人网络付费使用法规,虚拟私人网络付费使用法规,2026-09-08T01:38:00+00:00
seed,baidu,百度联想,https://suggestion.baidu.com/su?wd=%E8%99%9A%E6%8B%9F%E7%A7%81%E4%BA%BA%E7%BD%91%E7%BB%9C&cb=cb,虚拟私人网络,VPN核心,6,虚拟私人网络服务,虚拟私人网络服务,2026-09-08T01:38:00+00:00
seed,baidu,百度联想,https://suggestion.baidu.com/su?wd=%E8%99%9A%E6%8B%9F%E7%A7%81%E4%BA%BA%E7%BD%91%E7%BB%9C&cb=cb,虚拟私人网络,VPN核心,7,虚拟私人网络有哪些,虚拟私人网络有哪些,2026-09-08T01:38:00+00:00
seed,baidu,百度联想,https://suggestion.baidu.com/su?wd=%E8%99%9A%E6%8B%9F%E7%A7%81%E4%BA%BA%E7%BD%91%E7%BB%9C&cb=cb,虚拟私人网络,VPN核心,8,虚拟私人网络怎么用,虚拟私人网络怎么用,2026-09-08T01:38:00+00:00
seed,baidu,百度联想,https://suggestion.baidu.com/su?wd=%E8%99%9A%E6%8B%9F%E7%A7%81%E4%BA%BA%E7%BD%91%E7%BB%9C&cb=cb,虚拟私人网络,VPN核心,9,虚拟私人网络软件入门教程,虚拟私人网络软件入门教程,2026-09-08T01:38:00+00:00
seed,baidu,百度联想,https://suggestion.baidu.com/su?wd=%E8%99%9A%E6%8B%9F%E7%A7%81%E4%BA%BA%E7%BD%91%E7%BB%9C&cb=cb,虚拟私人网络,VPN核心,10,虚拟私人网络PCCW,虚拟私人网络pccw,2026-09-08T01:38:00+00:00
seed,google_web,Google Web 联想,https://suggestqueries.google.com/complete/search?client=firefox&hl=zh-CN&gl=cn&q=ssl%20vpn,ssl vpn,VPN协议,1,ssl vpn,ssl vpn,2026-09-08T01:38:00+00:00
seed,google_web,Google Web 联想,https://suggestqueries.google.com/complete/search?client=firefox&hl=zh-CN&gl=cn&q=ssl%20vpn,ssl vpn,VPN协议,2,ssl vpn 客户 端 mac,ssl vpn客户端mac,2026-09-08T01:38:00+00:00
seed,google_web,Google Web 联想,https://suggestqueries.google.com/complete/search?client=firefox&hl=zh-CN&gl=cn&q=ssl%20vpn,ssl vpn,VPN协议,3,ssl vpn 客户端,ssl vpn客户端,2026-09-08T01:38:00+00:00
seed,google_web,Google Web 联想,https://suggestqueries.google.com/complete/search?client=firefox&hl=zh-CN&gl=cn&q=ssl%20vpn,ssl vpn,VPN协议,4,ssl vpn 下载,ssl vpn下载,2026-09-08T01:38:00+00:00
seed,google_web,Google Web 联想,https://suggestqueries.google.com/complete/search?client=firefox&hl=zh-CN&gl=cn&q=ssl%20vpn,ssl vpn,VPN协议,5,ssl vpn client,ssl vpn client,2026-09-08T01:38:00+00:00
seed,google_web,Google Web 联想,https://suggestqueries.google.com/complete/search?client=firefox&hl=zh-CN&gl=cn&q=ssl%20vpn,ssl vpn,VPN协议,6,ssl vpn是什么,ssl vpn是什么,2026-09-08T01:38:00+00:00
seed,google_web,Google Web 联想,https://suggestqueries.google.com/complete/search?client=firefox&hl=zh-CN&gl=cn&q=ssl%20vpn,ssl vpn,VPN协议,7,ssl vpn ipsec vpn 比较,ssl vpn ipsec vpn比较,2026-09-08T01:38:00+00:00
seed,google_web,Google Web 联想,https://suggestqueries.google.com/complete/search?client=firefox&hl=zh-CN&gl=cn&q=ssl%20vpn,ssl vpn,VPN协议,8,ssl vpn fortigate,ssl vpn fortigate,2026-09-08T01:38:00+00:00
seed,google_web,Google Web 联想,https://suggestqueries.google.com/complete/search?client=firefox&hl=zh-CN&gl=cn&q=ssl%20vpn,ssl vpn,VPN协议,9,ssl vpn mac,ssl vpn mac,2026-09-08T01:38:00+00:00
seed,google_web,Google Web 联想,https://suggestqueries.google.com/complete/search?client=firefox&hl=zh-CN&gl=cn&q=ssl%20vpn,ssl vpn,VPN协议,10,ssl vpn 开源,ssl vpn开源,2026-09-08T01:38:00+00:00
seed,google_youtube,Google/YouTube 联想,https://suggestqueries.google.com/complete/search?client=firefox&hl=zh-CN&gl=cn&ds=yt&q=ssl%20vpn,ssl vpn,VPN协议,1,ssl vpn,ssl vpn,2026-09-08T01:38:00+00:00
seed,google_youtube,Google/YouTube 联想,https://suggestqueries.google.com/complete/search?client=firefox&hl=zh-CN&gl=cn&ds=yt&q=ssl%20vpn,ssl vpn,VPN协议,2,ssl vpn fortigate,ssl vpn fortigate,2026-09-08T01:38:00+00:00
seed,google_youtube,Google/YouTube 联想,https://suggestqueries.google.com/complete/search?client=firefox&hl=zh-CN&gl=cn&ds=yt&q=ssl%20vpn,ssl vpn,VPN协议,3,ssl vpn fortigate 7.6,ssl vpn fortigate 7.6,2026-09-08T01:38:00+00:00
seed,google_youtube,Google/YouTube 联想,https://suggestqueries.google.com/complete/search?client=firefox&hl=zh-CN&gl=cn&ds=yt&q=ssl%20vpn,ssl vpn,VPN协议,4,ssl vpn hillstone,ssl vpn hillstone,2026-09-08T01:38:00+00:00
seed,google_youtube,Google/YouTube 联想,https://suggestqueries.google.com/complete/search?client=firefox&hl=zh-CN&gl=cn&ds=yt&q=ssl%20vpn,ssl vpn,VPN协议,5,ssl vpn configuration in fortigate firewall,ssl vpn configuration in fortigate firewall,2026-09-08T01:38:00+00:00
seed,google_youtube,Google/YouTube 联想,https://suggestqueries.google.com/complete/search?client=firefox&hl=zh-CN&gl=cn&ds=yt&q=ssl%20vpn,ssl vpn,VPN协议,6,ssl vpn connection is down forticlient,ssl vpn connection is down forticlient,2026-09-08T01:38:00+00:00
seed,google_youtube,Google/YouTube 联想,https://suggestqueries.google.com/complete/search?client=firefox&hl=zh-CN&gl=cn&ds=yt&q=ssl%20vpn,ssl vpn,VPN协议,7,ssl vpn fortigate شرح,ssl vpn fortigate شرح,2026-09-08T01:38:00+00:00
seed,google_youtube,Google/YouTube 联想,https://suggestqueries.google.com/complete/search?client=firefox&hl=zh-CN&gl=cn&ds=yt&q=ssl%20vpn,ssl vpn,VPN协议,8,ssl vpn remote access fortigate,ssl vpn remote access fortigate,2026-09-08T01:38:00+00:00
seed,google_youtube,Google/YouTube 联想,https://suggestqueries.google.com/complete/search?client=firefox&hl=zh-CN&gl=cn&ds=yt&q=ssl%20vpn,ssl vpn,VPN协议,9,ssl vpn explained,ssl vpn explained,2026-09-08T01:38:00+00:00
seed,google_youtube,Google/YouTube 联想,https://suggestqueries.google.com/complete/search?client=firefox&hl=zh-CN&gl=cn&ds=yt&q=ssl%20vpn,ssl vpn,VPN协议,10,sophos ssl vpn,sophos ssl vpn,2026-09-08T01:38:00+00:00
seed,bing_cn,Bing 中文联想,https://api.bing.com/osjson.aspx?query=ssl%20vpn&mkt=zh-CN,ssl vpn,VPN协议,1,ssl vpn下载,ssl vpn下载,2026-09-08T01:38:00+00:00
seed,bing_cn,Bing 中文联想,https://api.bing.com/osjson.aspx?query=ssl%20vpn&mkt=zh-CN,ssl vpn,VPN协议,2,sslvpn,sslvpn,2026-09-08T01:38:00+00:00
seed,bing_cn,Bing 中文联想,https://api.bing.com/osjson.aspx?query=ssl%20vpn&mkt=zh-CN,ssl vpn,VPN协议,3,ssl vpn client,ssl vpn client,2026-09-08T01:38:00+00:00
seed,bing_cn,Bing 中文联想,https://api.bing.com/osjson.aspx?query=ssl%20vpn&mkt=zh-CN,ssl vpn,VPN协议,4,ssl vpn是什么,ssl vpn是什么,2026-09-08T01:38:00+00:00
seed,bing_cn,Bing 中文联想,https://api.bing.com/osjson.aspx?query=ssl%20vpn&mkt=zh-CN,ssl vpn,VPN协议,5,sslvpn下载官网,sslvpn下载官网,2026-09-08T01:38:00+00:00
seed,bing_cn,Bing 中文联想,https://api.bing.com/osjson.aspx?query=ssl%20vpn&mkt=zh-CN,ssl vpn,VPN协议,6,ssl vpn客户端下载,ssl vpn客户端下载,2026-09-08T01:38:00+00:00
seed,bing_cn,Bing 中文联想,https://api.bing.com/osjson.aspx?query=ssl%20vpn&mkt=zh-CN,ssl vpn,VPN协议,7,ssl vpn诊断修复工具,ssl vpn诊断修复工具,2026-09-08T01:38:00+00:00
seed,bing_cn,Bing 中文联想,https://api.bing.com/osjson.aspx?query=ssl%20vpn&mkt=zh-CN,ssl vpn,VPN协议,8,ssl vpn配置,ssl vpn配置,2026-09-08T01:38:00+00:00
seed,bing_cn,Bing 中文联想,https://api.bing.com/osjson.aspx?query=ssl%20vpn&mkt=zh-CN,ssl vpn,VPN协议,9,sslvpn xjtu edu cn,sslvpn xjtu edu cn,2026-09-08T01:38:00+00:00
seed,bing_cn,Bing 中文联想,https://api.bing.com/osjson.aspx?query=ssl%20vpn&mkt=zh-CN,ssl vpn,VPN协议,10,ssl vpn service,ssl vpn service,2026-09-08T01:38:00+00:00
seed,bing_cn,Bing 中文联想,https://api.bing.com/osjson.aspx?query=ssl%20vpn&mkt=zh-CN,ssl vpn,VPN协议,11,ssl vpn client下载,ssl vpn client下载,2026-09-08T01:38:00+00:00
seed,bing_cn,Bing 中文联想,https://api.bing.com/osjson.aspx?query=ssl%20vpn&mkt=zh-CN,ssl vpn,VPN协议,12,ssl vpn connection is down,ssl vpn connection is down,2026-09-08T01:38:00+00:00
seed,google_web,Google Web 联想,https://suggestqueries.google.com/complete/search?client=firefox&hl=zh-CN&gl=cn&q=ipsec%20vpn,ipsec vpn,VPN协议,1,ipsec vpn,ipsec vpn,2026-09-08T01:38:00+00:00
seed,google_web,Google Web 联想,https://suggestqueries.google.com/complete/search?client=firefox&hl=zh-CN&gl=cn&q=ipsec%20vpn,ipsec vpn,VPN协议,2,ipsec vpn 搭建,ipsec vpn搭建,2026-09-08T01:38:00+00:00
seed,google_web,Google Web 联想,https://suggestqueries.google.com/complete/search?client=firefox&hl=zh-CN&gl=cn&q=ipsec%20vpn,ipsec vpn,VPN协议,3,ipsec vpn 服务器 openwrt,ipsec vpn服务器openwrt,2026-09-08T01:38:00+00:00
seed,google_web,Google Web 联想,https://suggestqueries.google.com/complete/search?client=firefox&hl=zh-CN&gl=cn&q=ipsec%20vpn,ipsec vpn,VPN协议,4,ipsec vpn 下载,ipsec vpn下载,2026-09-08T01:38:00+00:00
seed,google_web,Google Web 联想,https://suggestqueries.google.com/complete/search?client=firefox&hl=zh-CN&gl=cn&q=ipsec%20vpn,ipsec vpn,VPN协议,5,ipsec vpn 是什么,ipsec vpn是什么,2026-09-08T01:38:00+00:00
seed,google_web,Google Web 联想,https://suggestqueries.google.com/complete/search?client=firefox&hl=zh-CN&gl=cn&q=ipsec%20vpn,ipsec vpn,VPN协议,6,ipsec vpn 服务器,ipsec vpn服务器,2026-09-08T01:38:00+00:00
seed,google_web,Google Web 联想,https://suggestqueries.google.com/complete/search?client=firefox&hl=zh-CN&gl=cn&q=ipsec%20vpn,ipsec vpn,VPN协议,7,ipsec vpn 配置,ipsec vpn配置,2026-09-08T01:38:00+00:00
seed,google_web,Google Web 联想,https://suggestqueries.google.com/complete/search?client=firefox&hl=zh-CN&gl=cn&q=ipsec%20vpn,ipsec vpn,VPN协议,8,ipsec vpn fortigate 设定,ipsec vpn fortigate设定,2026-09-08T01:38:00+00:00
seed,google_web,Google Web 联想,https://suggestqueries.google.com/complete/search?client=firefox&hl=zh-CN&gl=cn&q=ipsec%20vpn,ipsec vpn,VPN协议,9,ipsec vpn server docker,ipsec vpn server docker,2026-09-08T01:38:00+00:00
seed,google_web,Google Web 联想,https://suggestqueries.google.com/complete/search?client=firefox&hl=zh-CN&gl=cn&q=ipsec%20vpn,ipsec vpn,VPN协议,10,ipsec vpn openwrt,ipsec vpn openwrt,2026-09-08T01:38:00+00:00
seed,google_youtube,Google/YouTube 联想,https://suggestqueries.google.com/complete/search?client=firefox&hl=zh-CN&gl=cn&ds=yt&q=ipsec%20vpn,ipsec vpn,VPN协议,1,ipsec vpn 搭建,ipsec vpn搭建,2026-09-08T01:38:00+00:00
seed,google_youtube,Google/YouTube 联想,https://suggestqueries.google.com/complete/search?client=firefox&hl=zh-CN&gl=cn&ds=yt&q=ipsec%20vpn,ipsec vpn,VPN协议,2,ipsec vpn,ipsec vpn,2026-09-08T01:38:00+00:00
seed,google_youtube,Google/YouTube 联想,https://suggestqueries.google.com/complete/search?client=firefox&hl=zh-CN&gl=cn&ds=yt&q=ipsec%20vpn,ipsec vpn,VPN协议,3,ipsec vpn 服务器 openwrt,ipsec vpn服务器openwrt,2026-09-08T01:38:00+00:00
seed,google_youtube,Google/YouTube 联想,https://suggestqueries.google.com/complete/search?client=firefox&hl=zh-CN&gl=cn&ds=yt&q=ipsec%20vpn,ipsec vpn,VPN协议,4,ipsec vpn fortigate,ipsec vpn fortigate,2026-09-08T01:38:00+00:00
seed,google_youtube,Google/YouTube 联想,https://suggestqueries.google.com/complete/search?client=firefox&hl=zh-CN&gl=cn&ds=yt&q=ipsec%20vpn,ipsec vpn,VPN协议,5,ipsec vpn nat traversal,ipsec vpn nat traversal,2026-09-08T01:38:00+00:00
seed,google_youtube,Google/YouTube 联想,https://suggestqueries.google.com/complete/search?client=firefox&hl=zh-CN&gl=cn&ds=yt&q=ipsec%20vpn,ipsec vpn,VPN协议,6,ipsec vpn explained,ipsec vpn explained,2026-09-08T01:38:00+00:00
seed,google_youtube,Google/YouTube 联想,https://suggestqueries.google.com/complete/search?client=firefox&hl=zh-CN&gl=cn&ds=yt&q=ipsec%20vpn,ipsec vpn,VPN协议,7,ipsec vpn configuration,ipsec vpn configuration,2026-09-08T01:38:00+00:00
seed,google_youtube,Google/YouTube 联想,https://suggestqueries.google.com/complete/search?client=firefox&hl=zh-CN&gl=cn&ds=yt&q=ipsec%20vpn,ipsec vpn,VPN协议,8,ipsec vpn configuration in fortigate firewall,ipsec vpn configuration in fortigate firewall,2026-09-08T01:38:00+00:00
seed,google_youtube,Google/YouTube 联想,https://suggestqueries.google.com/complete/search?client=firefox&hl=zh-CN&gl=cn&ds=yt&q=ipsec%20vpn,ipsec vpn,VPN协议,9,ipsec vpn configuration in mikrotik,ipsec vpn configuration in mikrotik,2026-09-08T01:38:00+00:00
seed,google_youtube,Google/YouTube 联想,https://suggestqueries.google.com/complete/search?client=firefox&hl=zh-CN&gl=cn&ds=yt&q=ipsec%20vpn,ipsec vpn,VPN协议,10,ipsec vpn configuration in palo alto,ipsec vpn configuration in palo alto,2026-09-08T01:38:00+00:00
seed,bing_cn,Bing 中文联想,https://api.bing.com/osjson.aspx?query=ipsec%20vpn&mkt=zh-CN,ipsec vpn,VPN协议,1,ipsec vpn,ipsec vpn,2026-09-08T01:38:00+00:00
seed,bing_cn,Bing 中文联想,https://api.bing.com/osjson.aspx?query=ipsec%20vpn&mkt=zh-CN,ipsec vpn,VPN协议,2,ipsec vpn配置,ipsec vpn配置,2026-09-08T01:38:00+00:00
seed,bing_cn,Bing 中文联想,https://api.bing.com/osjson.aspx?query=ipsec%20vpn&mkt=zh-CN,ipsec vpn,VPN协议,3,ipsec vpn下载,ipsec vpn下载,2026-09-08T01:38:00+00:00
seed,bing_cn,Bing 中文联想,https://api.bing.com/osjson.aspx?query=ipsec%20vpn&mkt=zh-CN,ipsec vpn,VPN协议,4,ipsec vpn原理,ipsec vpn原理,2026-09-08T01:38:00+00:00
seed,bing_cn,Bing 中文联想,https://api.bing.com/osjson.aspx?query=ipsec%20vpn&mkt=zh-CN,ipsec vpn,VPN协议,5,ipsec vpn和ssl vpn区别,ipsec vpn和ssl vpn区别,2026-09-08T01:38:00+00:00
seed,bing_cn,Bing 中文联想,https://api.bing.com/osjson.aspx?query=ipsec%20vpn&mkt=zh-CN,ipsec vpn,VPN协议,6,ipsec vpn搭建,ipsec vpn搭建,2026-09-08T01:38:00+00:00
seed,bing_cn,Bing 中文联想,https://api.bing.com/osjson.aspx?query=ipsec%20vpn&mkt=zh-CN,ipsec vpn,VPN协议,7,ipsec vpn是什么,ipsec vpn是什么,2026-09-08T01:38:00+00:00
seed,bing_cn,Bing 中文联想,https://api.bing.com/osjson.aspx?query=ipsec%20vpn&mkt=zh-CN,ipsec vpn,VPN协议,8,ipsec vpn客户端,ipsec vpn客户端,2026-09-08T01:38:00+00:00
seed,bing_cn,Bing 中文联想,https://api.bing.com/osjson.aspx?query=ipsec%20vpn&mkt=zh-CN,ipsec vpn,VPN协议,9,ipsec vpn client,ipsec vpn client,2026-09-08T01:38:00+00:00
seed,bing_cn,Bing 中文联想,https://api.bing.com/osjson.aspx?query=ipsec%20vpn&mkt=zh-CN,ipsec vpn,VPN协议,10,ipsec vpn技术规范,ipsec vpn技术规范,2026-09-08T01:38:00+00:00
seed,bing_cn,Bing 中文联想,https://api.bing.com/osjson.aspx?query=ipsec%20vpn&mkt=zh-CN,ipsec vpn,VPN协议,11,ipsec vpn 服务器,ipsec vpn服务器,2026-09-08T01:38:00+00:00
seed,bing_cn,Bing 中文联想,https://api.bing.com/osjson.aspx?query=ipsec%20vpn&mkt=zh-CN,ipsec vpn,VPN协议,12,ipsec vpn 端口,ipsec vpn端口,2026-09-08T01:38:00+00:00
seed,google_web,Google Web 联想,https://suggestqueries.google.com/complete/search?client=firefox&hl=zh-CN&gl=cn&q=openvpn,openvpn,VPN协议,1,openvpn,openvpn,2026-09-08T01:38:00+00:00
seed,google_web,Google Web 联想,https://suggestqueries.google.com/complete/search?client=firefox&hl=zh-CN&gl=cn&q=openvpn,openvpn,VPN协议,2,openvpn connect,openvpn connect,2026-09-08T01:38:00+00:00
seed,google_web,Google Web 联想,https://suggestqueries.google.com/complete/search?client=firefox&hl=zh-CN&gl=cn&q=openvpn,openvpn,VPN协议,3,openvpn 下载,openvpn下载,2026-09-08T01:38:00+00:00
seed,google_web,Google Web 联想,https://suggestqueries.google.com/complete/search?client=firefox&hl=zh-CN&gl=cn&q=openvpn,openvpn,VPN协议,4,openvpn download,openvpn download,2026-09-08T01:38:00+00:00
seed,google_web,Google Web 联想,https://suggestqueries.google.com/complete/search?client=firefox&hl=zh-CN&gl=cn&q=openvpn,openvpn,VPN协议,5,openvpn mac,openvpn mac,2026-09-08T01:38:00+00:00
seed,google_web,Google Web 联想,https://suggestqueries.google.com/complete/search?client=firefox&hl=zh-CN&gl=cn&q=openvpn,openvpn,VPN协议,6,openvpn gui,openvpn gui,2026-09-08T01:38:00+00:00
seed,google_web,Google Web 联想,https://suggestqueries.google.com/complete/search?client=firefox&hl=zh-CN&gl=cn&q=openvpn,openvpn,VPN协议,7,openvpn 安卓 下载,openvpn安卓下载,2026-09-08T01:38:00+00:00
seed,google_web,Google Web 联想,https://suggestqueries.google.com/complete/search?client=firefox&hl=zh-CN&gl=cn&q=openvpn,openvpn,VPN协议,8,openvpn connect 下载,openvpn connect下载,2026-09-08T01:38:00+00:00
seed,google_web,Google Web 联想,https://suggestqueries.google.com/complete/search?client=firefox&hl=zh-CN&gl=cn&q=openvpn,openvpn,VPN协议,9,openvpn client,openvpn client,2026-09-08T01:38:00+00:00
seed,google_web,Google Web 联想,https://suggestqueries.google.com/complete/search?client=firefox&hl=zh-CN&gl=cn&q=openvpn,openvpn,VPN协议,10,openvpn apk,openvpn apk,2026-09-08T01:38:00+00:00
seed,google_youtube,Google/YouTube 联想,https://suggestqueries.google.com/complete/search?client=firefox&hl=zh-CN&gl=cn&ds=yt&q=openvpn,openvpn,VPN协议,1,openvpn,openvpn,2026-09-08T01:38:00+00:00
seed,google_youtube,Google/YouTube 联想,https://suggestqueries.google.com/complete/search?client=firefox&hl=zh-CN&gl=cn&ds=yt&q=openvpn,openvpn,VPN协议,2,openvpn搭建,openvpn搭建,2026-09-08T01:38:00+00:00
seed,google_youtube,Google/YouTube 联想,https://suggestqueries.google.com/complete/search?client=firefox&hl=zh-CN&gl=cn&ds=yt&q=openvpn,openvpn,VPN协议,3,openvpn服务器搭建,openvpn服务器搭建,2026-09-08T01:38:00+00:00
seed,google_youtube,Google/YouTube 联想,https://suggestqueries.google.com/complete/search?client=firefox&hl=zh-CN&gl=cn&ds=yt&q=openvpn,openvpn,VPN协议,4,openvpn手机使用教程,openvpn手机使用教程,2026-09-08T01:38:00+00:00
seed,google_youtube,Google/YouTube 联想,https://suggestqueries.google.com/complete/search?client=firefox&hl=zh-CN&gl=cn&ds=yt&q=openvpn,openvpn,VPN协议,5,openvpn下载,openvpn下载,2026-09-08T01:38:00+00:00
seed,google_youtube,Google/YouTube 联想,https://suggestqueries.google.com/complete/search?client=firefox&hl=zh-CN&gl=cn&ds=yt&q=openvpn,openvpn,VPN协议,6,openvpn openwrt,openvpn openwrt,2026-09-08T01:38:00+00:00
seed,google_youtube,Google/YouTube 联想,https://suggestqueries.google.com/complete/search?client=firefox&hl=zh-CN&gl=cn&ds=yt&q=openvpn,openvpn,VPN协议,7,openvpn教程,openvpn教程,2026-09-08T01:38:00+00:00
seed,google_youtube,Google/YouTube 联想,https://suggestqueries.google.com/complete/search?client=firefox&hl=zh-CN&gl=cn&ds=yt&q=openvpn,openvpn,VPN协议,8,openvpn节点,openvpn节点,2026-09-08T01:38:00+00:00
seed,google_youtube,Google/YouTube 联想,https://suggestqueries.google.com/complete/search?client=firefox&hl=zh-CN&gl=cn&ds=yt&q=openvpn,openvpn,VPN协议,9,openvpn分流,openvpn分流,2026-09-08T01:38:00+00:00
seed,google_youtube,Google/YouTube 联想,https://suggestqueries.google.com/complete/search?client=firefox&hl=zh-CN&gl=cn&ds=yt&q=openvpn,openvpn,VPN协议,10,openvpn配置文件,openvpn配置文件,2026-09-08T01:38:00+00:00
seed,bing_cn,Bing 中文联想,https://api.bing.com/osjson.aspx?query=openvpn&mkt=zh-CN,openvpn,VPN协议,1,openvpn,openvpn,2026-09-08T01:38:00+00:00
seed,bing_cn,Bing 中文联想,https://api.bing.com/osjson.aspx?query=openvpn&mkt=zh-CN,openvpn,VPN协议,2,openvpn下载官网,openvpn下载官网,2026-09-08T01:38:00+00:00
seed,bing_cn,Bing 中文联想,https://api.bing.com/osjson.aspx?query=openvpn&mkt=zh-CN,openvpn,VPN协议,3,openvpn connect,openvpn connect,2026-09-08T01:38:00+00:00
seed,bing_cn,Bing 中文联想,https://api.bing.com/osjson.aspx?query=openvpn&mkt=zh-CN,openvpn,VPN协议,4,openvpn gui,openvpn gui,2026-09-08T01:38:00+00:00
seed,bing_cn,Bing 中文联想,https://api.bing.com/osjson.aspx?query=openvpn&mkt=zh-CN,openvpn,VPN协议,5,openvpn官网,openvpn官网,2026-09-08T01:38:00+00:00
seed,bing_cn,Bing 中文联想,https://api.bing.com/osjson.aspx?query=openvpn&mkt=zh-CN,openvpn,VPN协议,6,openvpn官网地址,openvpn官网地址,2026-09-08T01:38:00+00:00
seed,bing_cn,Bing 中文联想,https://api.bing.com/osjson.aspx?query=openvpn&mkt=zh-CN,openvpn,VPN协议,7,openvpn client,openvpn client,2026-09-08T01:38:00+00:00
seed,bing_cn,Bing 中文联想,https://api.bing.com/osjson.aspx?query=openvpn&mkt=zh-CN,openvpn,VPN协议,8,openvpn download,openvpn download,2026-09-08T01:38:00+00:00
seed,bing_cn,Bing 中文联想,https://api.bing.com/osjson.aspx?query=openvpn&mkt=zh-CN,openvpn,VPN协议,9,openvpn cloud,openvpn cloud,2026-09-08T01:38:00+00:00
seed,bing_cn,Bing 中文联想,https://api.bing.com/osjson.aspx?query=openvpn&mkt=zh-CN,openvpn,VPN协议,10,openvpn gui windows 下载,openvpn gui windows下载,2026-09-08T01:38:00+00:00
seed,bing_cn,Bing 中文联想,https://api.bing.com/osjson.aspx?query=openvpn&mkt=zh-CN,openvpn,VPN协议,11,openvpn connect windows 64,openvpn connect windows 64,2026-09-08T01:38:00+00:00
seed,google_web,Google Web 联想,https://suggestqueries.google.com/complete/search?client=firefox&hl=zh-CN&gl=cn&q=wireguard,wireguard,VPN协议,1,wireguard,wireguard,2026-09-08T01:38:00+00:00
seed,google_web,Google Web 联想,https://suggestqueries.google.com/complete/search?client=firefox&hl=zh-CN&gl=cn&q=wireguard,wireguard,VPN协议,2,wireguard 教程,wireguard教程,2026-09-08T01:38:00+00:00
seed,google_web,Google Web 联想,https://suggestqueries.google.com/complete/search?client=firefox&hl=zh-CN&gl=cn&q=wireguard,wireguard,VPN协议,3,wireguard 客户端,wireguard客户端,2026-09-08T01:38:00+00:00
seed,google_web,Google Web 联想,https://suggestqueries.google.com/complete/search?client=firefox&hl=zh-CN&gl=cn&q=wireguard,wireguard,VPN协议,4,wireguard vpn,wireguard vpn,2026-09-08T01:38:00+00:00
seed,google_web,Google Web 联想,https://suggestqueries.google.com/complete/search?client=firefox&hl=zh-CN&gl=cn&q=wireguard,wireguard,VPN协议,5,wireguard是什么,wireguard是什么,2026-09-08T01:38:00+00:00
seed,google_web,Google Web 联想,https://suggestqueries.google.com/complete/search?client=firefox&hl=zh-CN&gl=cn&q=wireguard,wireguard,VPN协议,6,wireguard mac,wireguard mac,2026-09-08T01:38:00+00:00
seed,google_web,Google Web 联想,https://suggestqueries.google.com/complete/search?client=firefox&hl=zh-CN&gl=cn&q=wireguard,wireguard,VPN协议,7,wireguard 配置,wireguard配置,2026-09-08T01:38:00+00:00
seed,google_web,Google Web 联想,https://suggestqueries.google.com/complete/search?client=firefox&hl=zh-CN&gl=cn&q=wireguard,wireguard,VPN协议,8,wireguard windows,wireguard windows,2026-09-08T01:38:00+00:00
seed,google_web,Google Web 联想,https://suggestqueries.google.com/complete/search?client=firefox&hl=zh-CN&gl=cn&q=wireguard,wireguard,VPN协议,9,wireguard macos,wireguard macos,2026-09-08T01:38:00+00:00
seed,google_web,Google Web 联想,https://suggestqueries.google.com/complete/search?client=firefox&hl=zh-CN&gl=cn&q=wireguard,wireguard,VPN协议,10,wireguard github,wireguard github,2026-09-08T01:38:00+00:00
seed,google_youtube,Google/YouTube 联想,https://suggestqueries.google.com/complete/search?client=firefox&hl=zh-CN&gl=cn&ds=yt&q=wireguard,wireguard,VPN协议,1,wireguard,wireguard,2026-09-08T01:38:00+00:00
seed,google_youtube,Google/YouTube 联想,https://suggestqueries.google.com/complete/search?client=firefox&hl=zh-CN&gl=cn&ds=yt&q=wireguard,wireguard,VPN协议,2,wireguard 搭建,wireguard搭建,2026-09-08T01:38:00+00:00
seed,google_youtube,Google/YouTube 联想,https://suggestqueries.google.com/complete/search?client=firefox&hl=zh-CN&gl=cn&ds=yt&q=wireguard,wireguard,VPN协议,3,wireguard教程,wireguard教程,2026-09-08T01:38:00+00:00
seed,google_youtube,Google/YouTube 联想,https://suggestqueries.google.com/complete/search?client=firefox&hl=zh-CN&gl=cn&ds=yt&q=wireguard,wireguard,VPN协议,4,wireguard 配置,wireguard配置,2026-09-08T01:38:00+00:00
seed,google_youtube,Google/YouTube 联想,https://suggestqueries.google.com/complete/search?client=firefox&hl=zh-CN&gl=cn&ds=yt&q=wireguard,wireguard,VPN协议,5,wireguard openwrt,wireguard openwrt,2026-09-08T01:38:00+00:00
seed,google_youtube,Google/YouTube 联想,https://suggestqueries.google.com/complete/search?client=firefox&hl=zh-CN&gl=cn&ds=yt&q=wireguard,wireguard,VPN协议,6,wireguard 翻墙,wireguard翻墙,2026-09-08T01:38:00+00:00
seed,google_youtube,Google/YouTube 联想,https://suggestqueries.google.com/complete/search?client=firefox&hl=zh-CN&gl=cn&ds=yt&q=wireguard,wireguard,VPN协议,7,wireguard vpn,wireguard vpn,2026-09-08T01:38:00+00:00
seed,google_youtube,Google/YouTube 联想,https://suggestqueries.google.com/complete/search?client=firefox&hl=zh-CN&gl=cn&ds=yt&q=wireguard,wireguard,VPN协议,8,wireguard 组网,wireguard组网,2026-09-08T01:38:00+00:00
seed,google_youtube,Google/YouTube 联想,https://suggestqueries.google.com/complete/search?client=firefox&hl=zh-CN&gl=cn&ds=yt&q=wireguard,wireguard,VPN协议,9,wireguard warp,wireguard warp,2026-09-08T01:38:00+00:00
seed,google_youtube,Google/YouTube 联想,https://suggestqueries.google.com/complete/search?client=firefox&hl=zh-CN&gl=cn&ds=yt&q=wireguard,wireguard,VPN协议,10,wireguard ipv6,wireguard ipv6,2026-09-08T01:38:00+00:00
seed,bing_cn,Bing 中文联想,https://api.bing.com/osjson.aspx?query=wireguard&mkt=zh-CN,wireguard,VPN协议,1,wireguard,wireguard,2026-09-08T01:38:00+00:00
seed,bing_cn,Bing 中文联想,https://api.bing.com/osjson.aspx?query=wireguard&mkt=zh-CN,wireguard,VPN协议,2,wireguard下载,wireguard下载,2026-09-08T01:38:00+00:00
seed,bing_cn,Bing 中文联想,https://api.bing.com/osjson.aspx?query=wireguard&mkt=zh-CN,wireguard,VPN协议,3,wireguard 客户端,wireguard客户端,2026-09-08T01:38:00+00:00
seed,bing_cn,Bing 中文联想,https://api.bing.com/osjson.aspx?query=wireguard&mkt=zh-CN,wireguard,VPN协议,4,wireguard vpn,wireguard vpn,2026-09-08T01:38:00+00:00
seed,bing_cn,Bing 中文联想,https://api.bing.com/osjson.aspx?query=wireguard&mkt=zh-CN,wireguard,VPN协议,5,wireguard官网,wireguard官网,2026-09-08T01:38:00+00:00
seed,bing_cn,Bing 中文联想,https://api.bing.com/osjson.aspx?query=wireguard&mkt=zh-CN,wireguard,VPN协议,6,wireguard windows,wireguard windows,2026-09-08T01:38:00+00:00
seed,bing_cn,Bing 中文联想,https://api.bing.com/osjson.aspx?query=wireguard&mkt=zh-CN,wireguard,VPN协议,7,wireguard 配置,wireguard配置,2026-09-08T01:38:00+00:00
seed,bing_cn,Bing 中文联想,https://api.bing.com/osjson.aspx?query=wireguard&mkt=zh-CN,wireguard,VPN协议,8,wireguard mac,wireguard mac,2026-09-08T01:38:00+00:00
seed,bing_cn,Bing 中文联想,https://api.bing.com/osjson.aspx?query=wireguard&mkt=zh-CN,wireguard,VPN协议,9,wireguard github,wireguard github,2026-09-08T01:38:00+00:00
seed,bing_cn,Bing 中文联想,https://api.bing.com/osjson.aspx?query=wireguard&mkt=zh-CN,wireguard,VPN协议,10,wireguard docker,wireguard docker,2026-09-08T01:38:00+00:00
seed,bing_cn,Bing 中文联想,https://api.bing.com/osjson.aspx?query=wireguard&mkt=zh-CN,wireguard,VPN协议,11,wireguard apk,wireguard apk,2026-09-08T01:38:00+00:00
seed,baidu,百度联想,https://suggestion.baidu.com/su?wd=wireguard&cb=cb,wireguard,VPN协议,1,WireGuard是什么,wireguard是什么,2026-09-08T01:38:00+00:00
seed,baidu,百度联想,https://suggestion.baidu.com/su?wd=wireguard&cb=cb,wireguard,VPN协议,2,Wireguard被网管查到了,wireguard被网管查到了,2026-09-08T01:38:00+00:00
seed,google_web,Google Web 联想,https://suggestqueries.google.com/complete/search?client=firefox&hl=zh-CN&gl=cn&q=%E8%B7%A8%E5%A2%83%E7%BD%91%E7%BB%9C,跨境网络,跨境外贸,1,跨境网络,跨境网络,2026-09-08T01:38:00+00:00
seed,google_web,Google Web 联想,https://suggestqueries.google.com/complete/search?client=firefox&hl=zh-CN&gl=cn&q=%E8%B7%A8%E5%A2%83%E7%BD%91%E7%BB%9C,跨境网络,跨境外贸,2,跨境网络专线,跨境网络专线,2026-09-08T01:38:00+00:00
seed,google_web,Google Web 联想,https://suggestqueries.google.com/complete/search?client=firefox&hl=zh-CN&gl=cn&q=%E8%B7%A8%E5%A2%83%E7%BD%91%E7%BB%9C,跨境网络,跨境外贸,3,跨境网络搭建,跨境网络搭建,2026-09-08T01:38:00+00:00
seed,google_web,Google Web 联想,https://suggestqueries.google.com/complete/search?client=firefox&hl=zh-CN&gl=cn&q=%E8%B7%A8%E5%A2%83%E7%BD%91%E7%BB%9C,跨境网络,跨境外贸,4,跨境网络服务商,跨境网络服务商,2026-09-08T01:38:00+00:00
seed,google_youtube,Google/YouTube 联想,https://suggestqueries.google.com/complete/search?client=firefox&hl=zh-CN&gl=cn&ds=yt&q=%E8%B7%A8%E5%A2%83%E7%BD%91%E7%BB%9C,跨境网络,跨境外贸,1,跨境网络搭建,跨境网络搭建,2026-09-08T01:38:00+00:00
seed,google_youtube,Google/YouTube 联想,https://suggestqueries.google.com/complete/search?client=firefox&hl=zh-CN&gl=cn&ds=yt&q=%E8%B7%A8%E5%A2%83%E7%BD%91%E7%BB%9C,跨境网络,跨境外贸,2,跨境网络,跨境网络,2026-09-08T01:38:00+00:00
seed,google_youtube,Google/YouTube 联想,https://suggestqueries.google.com/complete/search?client=firefox&hl=zh-CN&gl=cn&ds=yt&q=%E8%B7%A8%E5%A2%83%E7%BD%91%E7%BB%9C,跨境网络,跨境外贸,3,跨境网络专线,跨境网络专线,2026-09-08T01:38:00+00:00
seed,google_youtube,Google/YouTube 联想,https://suggestqueries.google.com/complete/search?client=firefox&hl=zh-CN&gl=cn&ds=yt&q=%E8%B7%A8%E5%A2%83%E7%BD%91%E7%BB%9C,跨境网络,跨境外贸,4,网络中转,网络中转,2026-09-08T01:38:00+00:00
seed,bing_cn,Bing 中文联想,https://api.bing.com/osjson.aspx?query=%E8%B7%A8%E5%A2%83%E7%BD%91%E7%BB%9C&mkt=zh-CN,跨境网络,跨境外贸,1,跨境网络,跨境网络,2026-09-08T01:38:00+00:00
seed,bing_cn,Bing 中文联想,https://api.bing.com/osjson.aspx?query=%E8%B7%A8%E5%A2%83%E7%BD%91%E7%BB%9C&mkt=zh-CN,跨境网络,跨境外贸,2,跨境网络专线,跨境网络专线,2026-09-08T01:38:00+00:00
seed,bing_cn,Bing 中文联想,https://api.bing.com/osjson.aspx?query=%E8%B7%A8%E5%A2%83%E7%BD%91%E7%BB%9C&mkt=zh-CN,跨境网络,跨境外贸,3,跨境网络搭建,跨境网络搭建,2026-09-08T01:38:00+00:00
seed,bing_cn,Bing 中文联想,https://api.bing.com/osjson.aspx?query=%E8%B7%A8%E5%A2%83%E7%BD%91%E7%BB%9C&mkt=zh-CN,跨境网络,跨境外贸,4,跨境网络工具,跨境网络工具,2026-09-08T01:38:00+00:00
seed,bing_cn,Bing 中文联想,https://api.bing.com/osjson.aspx?query=%E8%B7%A8%E5%A2%83%E7%BD%91%E7%BB%9C&mkt=zh-CN,跨境网络,跨境外贸,5,跨境网络服务商,跨境网络服务商,2026-09-08T01:38:00+00:00
seed,bing_cn,Bing 中文联想,https://api.bing.com/osjson.aspx?query=%E8%B7%A8%E5%A2%83%E7%BD%91%E7%BB%9C&mkt=zh-CN,跨境网络,跨境外贸,6,跨境网络加速器,跨境网络加速器,2026-09-08T01:38:00+00:00
seed,bing_cn,Bing 中文联想,https://api.bing.com/osjson.aspx?query=%E8%B7%A8%E5%A2%83%E7%BD%91%E7%BB%9C&mkt=zh-CN,跨境网络,跨境外贸,7,跨境网络专线服务商,跨境网络专线服务商,2026-09-08T01:38:00+00:00
seed,bing_cn,Bing 中文联想,https://api.bing.com/osjson.aspx?query=%E8%B7%A8%E5%A2%83%E7%BD%91%E7%BB%9C&mkt=zh-CN,跨境网络,跨境外贸,8,跨境网络连接,跨境网络连接,2026-09-08T01:38:00+00:00
seed,bing_cn,Bing 中文联想,https://api.bing.com/osjson.aspx?query=%E8%B7%A8%E5%A2%83%E7%BD%91%E7%BB%9C&mkt=zh-CN,跨境网络,跨境外贸,9,跨境网络搭建教程,跨境网络搭建教程,2026-09-08T01:38:00+00:00
seed,bing_cn,Bing 中文联想,https://api.bing.com/osjson.aspx?query=%E8%B7%A8%E5%A2%83%E7%BD%91%E7%BB%9C&mkt=zh-CN,跨境网络,跨境外贸,10,跨境网络市场调研的工具,跨境网络市场调研的工具,2026-09-08T01:38:00+00:00
seed,bing_cn,Bing 中文联想,https://api.bing.com/osjson.aspx?query=%E8%B7%A8%E5%A2%83%E7%BD%91%E7%BB%9C&mkt=zh-CN,跨境网络,跨境外贸,11,跨境网络市场调研的建议,跨境网络市场调研的建议,2026-09-08T01:38:00+00:00
seed,baidu,百度联想,https://suggestion.baidu.com/su?wd=%E8%B7%A8%E5%A2%83%E7%BD%91%E7%BB%9C&cb=cb,跨境网络,跨境外贸,1,跨境网络服务商,跨境网络服务商,2026-09-08T01:38:00+00:00
seed,baidu,百度联想,https://suggestion.baidu.com/su?wd=%E8%B7%A8%E5%A2%83%E7%BD%91%E7%BB%9C&cb=cb,跨境网络,跨境外贸,2,跨境网络工具有哪些,跨境网络工具有哪些,2026-09-08T01:38:00+00:00
seed,baidu,百度联想,https://suggestion.baidu.com/su?wd=%E8%B7%A8%E5%A2%83%E7%BD%91%E7%BB%9C&cb=cb,跨境网络,跨境外贸,3,跨境网络搭建教程,跨境网络搭建教程,2026-09-08T01:38:00+00:00
seed,baidu,百度联想,https://suggestion.baidu.com/su?wd=%E8%B7%A8%E5%A2%83%E7%BD%91%E7%BB%9C&cb=cb,跨境网络,跨境外贸,4,跨境网络专线运营商,跨境网络专线运营商,2026-09-08T01:38:00+00:00
seed,baidu,百度联想,https://suggestion.baidu.com/su?wd=%E8%B7%A8%E5%A2%83%E7%BD%91%E7%BB%9C&cb=cb,跨境网络,跨境外贸,5,国内手机怎么连接跨境网络,国内手机怎么连接跨境网络,2026-09-08T01:38:00+00:00
seed,baidu,百度联想,https://suggestion.baidu.com/su?wd=%E8%B7%A8%E5%A2%83%E7%BD%91%E7%BB%9C&cb=cb,跨境网络,跨境外贸,6,跨境网络怎么连接,跨境网络怎么连接,2026-09-08T01:38:00+00:00
seed,baidu,百度联想,https://suggestion.baidu.com/su?wd=%E8%B7%A8%E5%A2%83%E7%BD%91%E7%BB%9C&cb=cb,跨境网络,跨境外贸,7,跨境网络购买,跨境网络购买,2026-09-08T01:38:00+00:00
seed,baidu,百度联想,https://suggestion.baidu.com/su?wd=%E8%B7%A8%E5%A2%83%E7%BD%91%E7%BB%9C&cb=cb,跨境网络,跨境外贸,8,跨境网络怎么开通,跨境网络怎么开通,2026-09-08T01:38:00+00:00
seed,baidu,百度联想,https://suggestion.baidu.com/su?wd=%E8%B7%A8%E5%A2%83%E7%BD%91%E7%BB%9C&cb=cb,跨境网络,跨境外贸,9,跨境网络怎么搭建,跨境网络怎么搭建,2026-09-08T01:38:00+00:00
seed,baidu,百度联想,https://suggestion.baidu.com/su?wd=%E8%B7%A8%E5%A2%83%E7%BD%91%E7%BB%9C&cb=cb,跨境网络,跨境外贸,10,跨境网络是什么意思,跨境网络是什么意思,2026-09-08T01:38:00+00:00
seed,google_web,Google Web 联想,https://suggestqueries.google.com/complete/search?client=firefox&hl=zh-CN&gl=cn&q=%E8%B7%A8%E5%A2%83%E7%94%B5%E5%95%86%E7%BD%91%E7%BB%9C,跨境电商网络,跨境外贸,1,跨境电商网络,跨境电商网络,2026-09-08T01:38:00+00:00
seed,google_web,Google Web 联想,https://suggestqueries.google.com/complete/search?client=firefox&hl=zh-CN&gl=cn&q=%E8%B7%A8%E5%A2%83%E7%94%B5%E5%95%86%E7%BD%91%E7%BB%9C,跨境电商网络,跨境外贸,2,跨境电商网络环境搭建,跨境电商网络环境搭建,2026-09-08T01:38:00+00:00
seed,google_youtube,Google/YouTube 联想,https://suggestqueries.google.com/complete/search?client=firefox&hl=zh-CN&gl=cn&ds=yt&q=%E8%B7%A8%E5%A2%83%E7%94%B5%E5%95%86%E7%BD%91%E7%BB%9C,跨境电商网络,跨境外贸,1,跨境电商网络环境搭建,跨境电商网络环境搭建,2026-09-08T01:38:00+00:00
seed,google_youtube,Google/YouTube 联想,https://suggestqueries.google.com/complete/search?client=firefox&hl=zh-CN&gl=cn&ds=yt&q=%E8%B7%A8%E5%A2%83%E7%94%B5%E5%95%86%E7%BD%91%E7%BB%9C,跨境电商网络,跨境外贸,2,跨境电商网络,跨境电商网络,2026-09-08T01:38:00+00:00
seed,google_youtube,Google/YouTube 联想,https://suggestqueries.google.com/complete/search?client=firefox&hl=zh-CN&gl=cn&ds=yt&q=%E8%B7%A8%E5%A2%83%E7%94%B5%E5%95%86%E7%BD%91%E7%BB%9C,跨境电商网络,跨境外贸,3,跨境电商网络环境,跨境电商网络环境,2026-09-08T01:38:00+00:00
seed,google_youtube,Google/YouTube 联想,https://suggestqueries.google.com/complete/search?client=firefox&hl=zh-CN&gl=cn&ds=yt&q=%E8%B7%A8%E5%A2%83%E7%94%B5%E5%95%86%E7%BD%91%E7%BB%9C,跨境电商网络,跨境外贸,4,跨境电商节点搭建,跨境电商节点搭建,2026-09-08T01:38:00+00:00
seed,google_youtube,Google/YouTube 联想,https://suggestqueries.google.com/complete/search?client=firefox&hl=zh-CN&gl=cn&ds=yt&q=%E8%B7%A8%E5%A2%83%E7%94%B5%E5%95%86%E7%BD%91%E7%BB%9C,跨境电商网络,跨境外贸,5,tiktok搭建网络,tiktok搭建网络,2026-09-08T01:38:00+00:00
seed,bing_cn,Bing 中文联想,https://api.bing.com/osjson.aspx?query=%E8%B7%A8%E5%A2%83%E7%94%B5%E5%95%86%E7%BD%91%E7%BB%9C&mkt=zh-CN,跨境电商网络,跨境外贸,1,跨境电商网络,跨境电商网络,2026-09-08T01:38:00+00:00
seed,bing_cn,Bing 中文联想,https://api.bing.com/osjson.aspx?query=%E8%B7%A8%E5%A2%83%E7%94%B5%E5%95%86%E7%BD%91%E7%BB%9C&mkt=zh-CN,跨境电商网络,跨境外贸,2,跨境电商网络搭建,跨境电商网络搭建,2026-09-08T01:38:00+00:00
seed,bing_cn,Bing 中文联想,https://api.bing.com/osjson.aspx?query=%E8%B7%A8%E5%A2%83%E7%94%B5%E5%95%86%E7%BD%91%E7%BB%9C&mkt=zh-CN,跨境电商网络,跨境外贸,3,跨境电商网络怎么解决,跨境电商网络怎么解决,2026-09-08T01:38:00+00:00
seed,bing_cn,Bing 中文联想,https://api.bing.com/osjson.aspx?query=%E8%B7%A8%E5%A2%83%E7%94%B5%E5%95%86%E7%BD%91%E7%BB%9C&mkt=zh-CN,跨境电商网络,跨境外贸,4,跨境电商网络环境搭建,跨境电商网络环境搭建,2026-09-08T01:38:00+00:00
seed,bing_cn,Bing 中文联想,https://api.bing.com/osjson.aspx?query=%E8%B7%A8%E5%A2%83%E7%94%B5%E5%95%86%E7%BD%91%E7%BB%9C&mkt=zh-CN,跨境电商网络,跨境外贸,5,跨境电商网络搭建教程,跨境电商网络搭建教程,2026-09-08T01:38:00+00:00
seed,bing_cn,Bing 中文联想,https://api.bing.com/osjson.aspx?query=%E8%B7%A8%E5%A2%83%E7%94%B5%E5%95%86%E7%BD%91%E7%BB%9C&mkt=zh-CN,跨境电商网络,跨境外贸,6,跨境电商网络专线,跨境电商网络专线,2026-09-08T01:38:00+00:00
seed,bing_cn,Bing 中文联想,https://api.bing.com/osjson.aspx?query=%E8%B7%A8%E5%A2%83%E7%94%B5%E5%95%86%E7%BD%91%E7%BB%9C&mkt=zh-CN,跨境电商网络,跨境外贸,7,跨境电商网络服务,跨境电商网络服务,2026-09-08T01:38:00+00:00
seed,bing_cn,Bing 中文联想,https://api.bing.com/osjson.aspx?query=%E8%B7%A8%E5%A2%83%E7%94%B5%E5%95%86%E7%BD%91%E7%BB%9C&mkt=zh-CN,跨境电商网络,跨境外贸,8,跨境电商网络营销专家,跨境电商网络营销专家,2026-09-08T01:38:00+00:00
seed,bing_cn,Bing 中文联想,https://api.bing.com/osjson.aspx?query=%E8%B7%A8%E5%A2%83%E7%94%B5%E5%95%86%E7%BD%91%E7%BB%9C&mkt=zh-CN,跨境电商网络,跨境外贸,9,跨境电商网络营销培训,跨境电商网络营销培训,2026-09-08T01:38:00+00:00
seed,bing_cn,Bing 中文联想,https://api.bing.com/osjson.aspx?query=%E8%B7%A8%E5%A2%83%E7%94%B5%E5%95%86%E7%BD%91%E7%BB%9C&mkt=zh-CN,跨境电商网络,跨境外贸,10,跨境电商网络营销方法,跨境电商网络营销方法,2026-09-08T01:38:00+00:00
seed,bing_cn,Bing 中文联想,https://api.bing.com/osjson.aspx?query=%E8%B7%A8%E5%A2%83%E7%94%B5%E5%95%86%E7%BD%91%E7%BB%9C&mkt=zh-CN,跨境电商网络,跨境外贸,11,跨境电商网络营销模式,跨境电商网络营销模式,2026-09-08T01:38:00+00:00
seed,baidu,百度联想,https://suggestion.baidu.com/su?wd=%E8%B7%A8%E5%A2%83%E7%94%B5%E5%95%86%E7%BD%91%E7%BB%9C&cb=cb,跨境电商网络,跨境外贸,1,跨境电商网络专线多少钱,跨境电商网络专线多少钱,2026-09-08T01:38:00+00:00
seed,baidu,百度联想,https://suggestion.baidu.com/su?wd=%E8%B7%A8%E5%A2%83%E7%94%B5%E5%95%86%E7%BD%91%E7%BB%9C&cb=cb,跨境电商网络,跨境外贸,2,跨境电商网络专线,跨境电商网络专线,2026-09-08T01:38:00+00:00
seed,baidu,百度联想,https://suggestion.baidu.com/su?wd=%E8%B7%A8%E5%A2%83%E7%94%B5%E5%95%86%E7%BD%91%E7%BB%9C&cb=cb,跨境电商网络,跨境外贸,3,跨境电商网络环境,跨境电商网络环境,2026-09-08T01:38:00+00:00
seed,baidu,百度联想,https://suggestion.baidu.com/su?wd=%E8%B7%A8%E5%A2%83%E7%94%B5%E5%95%86%E7%BD%91%E7%BB%9C&cb=cb,跨境电商网络,跨境外贸,4,跨境电商网络搭建教程,跨境电商网络搭建教程,2026-09-08T01:38:00+00:00
seed,baidu,百度联想,https://suggestion.baidu.com/su?wd=%E8%B7%A8%E5%A2%83%E7%94%B5%E5%95%86%E7%BD%91%E7%BB%9C&cb=cb,跨境电商网络,跨境外贸,5,跨境电商网络营销模式,跨境电商网络营销模式,2026-09-08T01:38:00+00:00
seed,baidu,百度联想,https://suggestion.baidu.com/su?wd=%E8%B7%A8%E5%A2%83%E7%94%B5%E5%95%86%E7%BD%91%E7%BB%9C&cb=cb,跨境电商网络,跨境外贸,6,跨境电商网络搭建大概要花费多少钱,跨境电商网络搭建大概要花费多少钱,2026-09-08T01:38:00+00:00
seed,baidu,百度联想,https://suggestion.baidu.com/su?wd=%E8%B7%A8%E5%A2%83%E7%94%B5%E5%95%86%E7%BD%91%E7%BB%9C&cb=cb,跨境电商网络,跨境外贸,7,跨境电商网络怎么弄,跨境电商网络怎么弄,2026-09-08T01:38:00+00:00
seed,baidu,百度联想,https://suggestion.baidu.com/su?wd=%E8%B7%A8%E5%A2%83%E7%94%B5%E5%95%86%E7%BD%91%E7%BB%9C&cb=cb,跨境电商网络,跨境外贸,8,跨境电商网络营销理论,跨境电商网络营销理论,2026-09-08T01:38:00+00:00
seed,baidu,百度联想,https://suggestion.baidu.com/su?wd=%E8%B7%A8%E5%A2%83%E7%94%B5%E5%95%86%E7%BD%91%E7%BB%9C&cb=cb,跨境电商网络,跨境外贸,9,跨境电商网络营销工具,跨境电商网络营销工具,2026-09-08T01:38:00+00:00
seed,baidu,百度联想,https://suggestion.baidu.com/su?wd=%E8%B7%A8%E5%A2%83%E7%94%B5%E5%95%86%E7%BD%91%E7%BB%9C&cb=cb,跨境电商网络,跨境外贸,10,跨境电商网络营销渠道,跨境电商网络营销渠道,2026-09-08T01:38:00+00:00
seed,google_web,Google Web 联想,https://suggestqueries.google.com/complete/search?client=firefox&hl=zh-CN&gl=cn&q=%E5%A4%96%E8%B4%B8%E7%BD%91%E7%BB%9C,外贸网络,跨境外贸,1,外贸网络搭建,外贸网络搭建,2026-09-08T01:38:00+00:00
seed,google_web,Google Web 联想,https://suggestqueries.google.com/complete/search?client=firefox&hl=zh-CN&gl=cn&q=%E5%A4%96%E8%B4%B8%E7%BD%91%E7%BB%9C,外贸网络,跨境外贸,2,外贸网络,外贸网络,2026-09-08T01:38:00+00:00
seed,google_youtube,Google/YouTube 联想,https://suggestqueries.google.com/complete/search?client=firefox&hl=zh-CN&gl=cn&ds=yt&q=%E5%A4%96%E8%B4%B8%E7%BD%91%E7%BB%9C,外贸网络,跨境外贸,1,外贸网络搭建,外贸网络搭建,2026-09-08T01:38:00+00:00
seed,google_youtube,Google/YouTube 联想,https://suggestqueries.google.com/complete/search?client=firefox&hl=zh-CN&gl=cn&ds=yt&q=%E5%A4%96%E8%B4%B8%E7%BD%91%E7%BB%9C,外贸网络,跨境外贸,2,外贸网络,外贸网络,2026-09-08T01:38:00+00:00
seed,google_youtube,Google/YouTube 联想,https://suggestqueries.google.com/complete/search?client=firefox&hl=zh-CN&gl=cn&ds=yt&q=%E5%A4%96%E8%B4%B8%E7%BD%91%E7%BB%9C,外贸网络,跨境外贸,3,外贸软件,外贸软件,2026-09-08T01:38:00+00:00
seed,google_youtube,Google/YouTube 联想,https://suggestqueries.google.com/complete/search?client=firefox&hl=zh-CN&gl=cn&ds=yt&q=%E5%A4%96%E8%B4%B8%E7%BD%91%E7%BB%9C,外贸网络,跨境外贸,4,外贸平台,外贸平台,2026-09-08T01:38:00+00:00
seed,bing_cn,Bing 中文联想,https://api.bing.com/osjson.aspx?query=%E5%A4%96%E8%B4%B8%E7%BD%91%E7%BB%9C&mkt=zh-CN,外贸网络,跨境外贸,1,外贸网络搭建,外贸网络搭建,2026-09-08T01:38:00+00:00
seed,bing_cn,Bing 中文联想,https://api.bing.com/osjson.aspx?query=%E5%A4%96%E8%B4%B8%E7%BD%91%E7%BB%9C&mkt=zh-CN,外贸网络,跨境外贸,2,外贸网络专线,外贸网络专线,2026-09-08T01:38:00+00:00
seed,bing_cn,Bing 中文联想,https://api.bing.com/osjson.aspx?query=%E5%A4%96%E8%B4%B8%E7%BD%91%E7%BB%9C&mkt=zh-CN,外贸网络,跨境外贸,3,外贸网络怎么搭建,外贸网络怎么搭建,2026-09-08T01:38:00+00:00
seed,bing_cn,Bing 中文联想,https://api.bing.com/osjson.aspx?query=%E5%A4%96%E8%B4%B8%E7%BD%91%E7%BB%9C&mkt=zh-CN,外贸网络,跨境外贸,4,外贸网络搭建教程,外贸网络搭建教程,2026-09-08T01:38:00+00:00
seed,bing_cn,Bing 中文联想,https://api.bing.com/osjson.aspx?query=%E5%A4%96%E8%B4%B8%E7%BD%91%E7%BB%9C&mkt=zh-CN,外贸网络,跨境外贸,5,外贸网络节点,外贸网络节点,2026-09-08T01:38:00+00:00
seed,bing_cn,Bing 中文联想,https://api.bing.com/osjson.aspx?query=%E5%A4%96%E8%B4%B8%E7%BD%91%E7%BB%9C&mkt=zh-CN,外贸网络,跨境外贸,6,外贸网络环境,外贸网络环境,2026-09-08T01:38:00+00:00
seed,bing_cn,Bing 中文联想,https://api.bing.com/osjson.aspx?query=%E5%A4%96%E8%B4%B8%E7%BD%91%E7%BB%9C&mkt=zh-CN,外贸网络,跨境外贸,7,外贸网络服务商,外贸网络服务商,2026-09-08T01:38:00+00:00
seed,bing_cn,Bing 中文联想,https://api.bing.com/osjson.aspx?query=%E5%A4%96%E8%B4%B8%E7%BD%91%E7%BB%9C&mkt=zh-CN,外贸网络,跨境外贸,8,外贸网络怎么解决,外贸网络怎么解决,2026-09-08T01:38:00+00:00
seed,bing_cn,Bing 中文联想,https://api.bing.com/osjson.aspx?query=%E5%A4%96%E8%B4%B8%E7%BD%91%E7%BB%9C&mkt=zh-CN,外贸网络,跨境外贸,9,外贸网络环境搭建,外贸网络环境搭建,2026-09-08T01:38:00+00:00
seed,bing_cn,Bing 中文联想,https://api.bing.com/osjson.aspx?query=%E5%A4%96%E8%B4%B8%E7%BD%91%E7%BB%9C&mkt=zh-CN,外贸网络,跨境外贸,10,外贸网络搭建ip怎么购买的,外贸网络搭建ip怎么购买的,2026-09-08T01:38:00+00:00
seed,baidu,百度联想,https://suggestion.baidu.com/su?wd=%E5%A4%96%E8%B4%B8%E7%BD%91%E7%BB%9C&cb=cb,外贸网络,跨境外贸,1,外贸网络搭建,外贸网络搭建,2026-09-08T01:38:00+00:00
seed,baidu,百度联想,https://suggestion.baidu.com/su?wd=%E5%A4%96%E8%B4%B8%E7%BD%91%E7%BB%9C&cb=cb,外贸网络,跨境外贸,2,外贸网络搭建流程,外贸网络搭建流程,2026-09-08T01:38:00+00:00
seed,baidu,百度联想,https://suggestion.baidu.com/su?wd=%E5%A4%96%E8%B4%B8%E7%BD%91%E7%BB%9C&cb=cb,外贸网络,跨境外贸,3,外贸网络推广,外贸网络推广,2026-09-08T01:38:00+00:00
seed,baidu,百度联想,https://suggestion.baidu.com/su?wd=%E5%A4%96%E8%B4%B8%E7%BD%91%E7%BB%9C&cb=cb,外贸网络,跨境外贸,4,外贸网络怎么搭建,外贸网络怎么搭建,2026-09-08T01:38:00+00:00
seed,baidu,百度联想,https://suggestion.baidu.com/su?wd=%E5%A4%96%E8%B4%B8%E7%BD%91%E7%BB%9C&cb=cb,外贸网络,跨境外贸,5,外贸网络代理,外贸网络代理,2026-09-08T01:38:00+00:00
seed,baidu,百度联想,https://suggestion.baidu.com/su?wd=%E5%A4%96%E8%B4%B8%E7%BD%91%E7%BB%9C&cb=cb,外贸网络,跨境外贸,6,外贸网络搭建步骤图解,外贸网络搭建步骤图解,2026-09-08T01:38:00+00:00
seed,baidu,百度联想,https://suggestion.baidu.com/su?wd=%E5%A4%96%E8%B4%B8%E7%BD%91%E7%BB%9C&cb=cb,外贸网络,跨境外贸,7,外贸网络搭建新手必看步骤,外贸网络搭建新手必看步骤,2026-09-08T01:38:00+00:00
seed,baidu,百度联想,https://suggestion.baidu.com/su?wd=%E5%A4%96%E8%B4%B8%E7%BD%91%E7%BB%9C&cb=cb,外贸网络,跨境外贸,8,如何搭建外贸网络,如何搭建外贸网络,2026-09-08T01:38:00+00:00
seed,baidu,百度联想,https://suggestion.baidu.com/su?wd=%E5%A4%96%E8%B4%B8%E7%BD%91%E7%BB%9C&cb=cb,外贸网络,跨境外贸,9,外贸网络搭建教程,外贸网络搭建教程,2026-09-08T01:38:00+00:00
seed,baidu,百度联想,https://suggestion.baidu.com/su?wd=%E5%A4%96%E8%B4%B8%E7%BD%91%E7%BB%9C&cb=cb,外贸网络,跨境外贸,10,外贸网络销售是做什么的,外贸网络销售是做什么的,2026-09-08T01:38:00+00:00
seed,google_web,Google Web 联想,https://suggestqueries.google.com/complete/search?client=firefox&hl=zh-CN&gl=cn&q=%E6%B5%B7%E5%A4%96%E7%BD%91%E7%BB%9C,海外网络,跨境外贸,1,海外网络电视直播,海外网络电视直播,2026-09-08T01:38:00+00:00
seed,google_web,Google Web 联想,https://suggestqueries.google.com/complete/search?client=firefox&hl=zh-CN&gl=cn&q=%E6%B5%B7%E5%A4%96%E7%BD%91%E7%BB%9C,海外网络,跨境外贸,2,海外网络电视直播app,海外网络电视直播app,2026-09-08T01:38:00+00:00
seed,google_web,Google Web 联想,https://suggestqueries.google.com/complete/search?client=firefox&hl=zh-CN&gl=cn&q=%E6%B5%B7%E5%A4%96%E7%BD%91%E7%BB%9C,海外网络,跨境外贸,3,海外网络测速,海外网络测速,2026-09-08T01:38:00+00:00
seed,google_web,Google Web 联想,https://suggestqueries.google.com/complete/search?client=firefox&hl=zh-CN&gl=cn&q=%E6%B5%B7%E5%A4%96%E7%BD%91%E7%BB%9C,海外网络,跨境外贸,4,海外网络加速器,海外网络加速器,2026-09-08T01:38:00+00:00
seed,google_web,Google Web 联想,https://suggestqueries.google.com/complete/search?client=firefox&hl=zh-CN&gl=cn&q=%E6%B5%B7%E5%A4%96%E7%BD%91%E7%BB%9C,海外网络,跨境外贸,5,海外网络电视,海外网络电视,2026-09-08T01:38:00+00:00
seed,google_web,Google Web 联想,https://suggestqueries.google.com/complete/search?client=firefox&hl=zh-CN&gl=cn&q=%E6%B5%B7%E5%A4%96%E7%BD%91%E7%BB%9C,海外网络,跨境外贸,6,海外网络,海外网络,2026-09-08T01:38:00+00:00
seed,google_web,Google Web 联想,https://suggestqueries.google.com/complete/search?client=firefox&hl=zh-CN&gl=cn&q=%E6%B5%B7%E5%A4%96%E7%BD%91%E7%BB%9C,海外网络,跨境外贸,7,海外网络环境,海外网络环境,2026-09-08T01:38:00+00:00
seed,google_youtube,Google/YouTube 联想,https://suggestqueries.google.com/complete/search?client=firefox&hl=zh-CN&gl=cn&ds=yt&q=%E6%B5%B7%E5%A4%96%E7%BD%91%E7%BB%9C,海外网络,跨境外贸,1,免费网络,免费网络,2026-09-08T01:38:00+00:00
seed,bing_cn,Bing 中文联想,https://api.bing.com/osjson.aspx?query=%E6%B5%B7%E5%A4%96%E7%BD%91%E7%BB%9C&mkt=zh-CN,海外网络,跨境外贸,1,海外网络加速器,海外网络加速器,2026-09-08T01:38:00+00:00
seed,bing_cn,Bing 中文联想,https://api.bing.com/osjson.aspx?query=%E6%B5%B7%E5%A4%96%E7%BD%91%E7%BB%9C&mkt=zh-CN,海外网络,跨境外贸,2,海外网络专线,海外网络专线,2026-09-08T01:38:00+00:00
seed,bing_cn,Bing 中文联想,https://api.bing.com/osjson.aspx?query=%E6%B5%B7%E5%A4%96%E7%BD%91%E7%BB%9C&mkt=zh-CN,海外网络,跨境外贸,3,海外网络环境,海外网络环境,2026-09-08T01:38:00+00:00
seed,bing_cn,Bing 中文联想,https://api.bing.com/osjson.aspx?query=%E6%B5%B7%E5%A4%96%E7%BD%91%E7%BB%9C&mkt=zh-CN,海外网络,跨境外贸,4,海外网络电视直播,海外网络电视直播,2026-09-08T01:38:00+00:00
seed,bing_cn,Bing 中文联想,https://api.bing.com/osjson.aspx?query=%E6%B5%B7%E5%A4%96%E7%BD%91%E7%BB%9C&mkt=zh-CN,海外网络,跨境外贸,5,海外网络工具vps专线,海外网络工具vps专线,2026-09-08T01:38:00+00:00
seed,bing_cn,Bing 中文联想,https://api.bing.com/osjson.aspx?query=%E6%B5%B7%E5%A4%96%E7%BD%91%E7%BB%9C&mkt=zh-CN,海外网络,跨境外贸,6,海外网络测速,海外网络测速,2026-09-08T01:38:00+00:00
seed,bing_cn,Bing 中文联想,https://api.bing.com/osjson.aspx?query=%E6%B5%B7%E5%A4%96%E7%BD%91%E7%BB%9C&mkt=zh-CN,海外网络,跨境外贸,7,海外网络节点,海外网络节点,2026-09-08T01:38:00+00:00
seed,bing_cn,Bing 中文联想,https://api.bing.com/osjson.aspx?query=%E6%B5%B7%E5%A4%96%E7%BD%91%E7%BB%9C&mkt=zh-CN,海外网络,跨境外贸,8,海外网络环境搭建,海外网络环境搭建,2026-09-08T01:38:00+00:00
seed,bing_cn,Bing 中文联想,https://api.bing.com/osjson.aspx?query=%E6%B5%B7%E5%A4%96%E7%BD%91%E7%BB%9C&mkt=zh-CN,海外网络,跨境外贸,9,海外网络代理,海外网络代理,2026-09-08T01:38:00+00:00
seed,bing_cn,Bing 中文联想,https://api.bing.com/osjson.aspx?query=%E6%B5%B7%E5%A4%96%E7%BD%91%E7%BB%9C&mkt=zh-CN,海外网络,跨境外贸,10,海外网络加速工具,海外网络加速工具,2026-09-08T01:38:00+00:00
seed,baidu,百度联想,https://suggestion.baidu.com/su?wd=%E6%B5%B7%E5%A4%96%E7%BD%91%E7%BB%9C&cb=cb,海外网络,跨境外贸,1,海外网络环境,海外网络环境,2026-09-08T01:38:00+00:00
seed,baidu,百度联想,https://suggestion.baidu.com/su?wd=%E6%B5%B7%E5%A4%96%E7%BD%91%E7%BB%9C&cb=cb,海外网络,跨境外贸,2,海外网络怎么用,海外网络怎么用,2026-09-08T01:38:00+00:00
seed,baidu,百度联想,https://suggestion.baidu.com/su?wd=%E6%B5%B7%E5%A4%96%E7%BD%91%E7%BB%9C&cb=cb,海外网络,跨境外贸,3,海外网络平台,海外网络平台,2026-09-08T01:38:00+00:00
seed,baidu,百度联想,https://suggestion.baidu.com/su?wd=%E6%B5%B7%E5%A4%96%E7%BD%91%E7%BB%9C&cb=cb,海外网络,跨境外贸,4,海外网络如何搭建,海外网络如何搭建,2026-09-08T01:38:00+00:00
seed,baidu,百度联想,https://suggestion.baidu.com/su?wd=%E6%B5%B7%E5%A4%96%E7%BD%91%E7%BB%9C&cb=cb,海外网络,跨境外贸,5,海外网络ip,海外网络ip,2026-09-08T01:38:00+00:00
seed,baidu,百度联想,https://suggestion.baidu.com/su?wd=%E6%B5%B7%E5%A4%96%E7%BD%91%E7%BB%9C&cb=cb,海外网络,跨境外贸,6,海外网络重叠率是什么意思,海外网络重叠率是什么意思,2026-09-08T01:38:00+00:00
seed,baidu,百度联想,https://suggestion.baidu.com/su?wd=%E6%B5%B7%E5%A4%96%E7%BD%91%E7%BB%9C&cb=cb,海外网络,跨境外贸,7,海外网咯,海外网咯,2026-09-08T01:38:00+00:00
seed,baidu,百度联想,https://suggestion.baidu.com/su?wd=%E6%B5%B7%E5%A4%96%E7%BD%91%E7%BB%9C&cb=cb,海外网络,跨境外贸,8,海外网络是什么网络,海外网络是什么网络,2026-09-08T01:38:00+00:00
seed,baidu,百度联想,https://suggestion.baidu.com/su?wd=%E6%B5%B7%E5%A4%96%E7%BD%91%E7%BB%9C&cb=cb,海外网络,跨境外贸,9,海外网络是什么意思,海外网络是什么意思,2026-09-08T01:38:00+00:00
seed,baidu,百度联想,https://suggestion.baidu.com/su?wd=%E6%B5%B7%E5%A4%96%E7%BD%91%E7%BB%9C&cb=cb,海外网络,跨境外贸,10,海外网络哪里找,海外网络哪里找,2026-09-08T01:38:00+00:00
seed,google_web,Google Web 联想,https://suggestqueries.google.com/complete/search?client=firefox&hl=zh-CN&gl=cn&q=%E6%B5%B7%E5%A4%96%E4%B8%93%E7%BA%BF,海外专线,跨境外贸,1,海外专线,海外专线,2026-09-08T01:38:00+00:00
seed,google_web,Google Web 联想,https://suggestqueries.google.com/complete/search?client=firefox&hl=zh-CN&gl=cn&q=%E6%B5%B7%E5%A4%96%E4%B8%93%E7%BA%BF,海外专线,跨境外贸,2,中华电信 海外专线,中华电信海外专线,2026-09-08T01:38:00+00:00
seed,google_youtube,Google/YouTube 联想,https://suggestqueries.google.com/complete/search?client=firefox&hl=zh-CN&gl=cn&ds=yt&q=%E6%B5%B7%E5%A4%96%E4%B8%93%E7%BA%BF,海外专线,跨境外贸,1,海外专线,海外专线,2026-09-08T01:38:00+00:00
seed,google_youtube,Google/YouTube 联想,https://suggestqueries.google.com/complete/search?client=firefox&hl=zh-CN&gl=cn&ds=yt&q=%E6%B5%B7%E5%A4%96%E4%B8%93%E7%BA%BF,海外专线,跨境外贸,2,国际专线,国际专线,2026-09-08T01:38:00+00:00
seed,google_youtube,Google/YouTube 联想,https://suggestqueries.google.com/complete/search?client=firefox&hl=zh-CN&gl=cn&ds=yt&q=%E6%B5%B7%E5%A4%96%E4%B8%93%E7%BA%BF,海外专线,跨境外贸,3,国外机场,国外机场,2026-09-08T01:38:00+00:00
seed,bing_cn,Bing 中文联想,https://api.bing.com/osjson.aspx?query=%E6%B5%B7%E5%A4%96%E4%B8%93%E7%BA%BF&mkt=zh-CN,海外专线,跨境外贸,1,海外专线电视剧,海外专线电视剧,2026-09-08T01:38:00+00:00
seed,bing_cn,Bing 中文联想,https://api.bing.com/osjson.aspx?query=%E6%B5%B7%E5%A4%96%E4%B8%93%E7%BA%BF&mkt=zh-CN,海外专线,跨境外贸,2,海外专线ip,海外专线ip,2026-09-08T01:38:00+00:00
seed,bing_cn,Bing 中文联想,https://api.bing.com/osjson.aspx?query=%E6%B5%B7%E5%A4%96%E4%B8%93%E7%BA%BF&mkt=zh-CN,海外专线,跨境外贸,3,海外专线电视剧蜜语纪,海外专线电视剧蜜语纪,2026-09-08T01:38:00+00:00
seed,bing_cn,Bing 中文联想,https://api.bing.com/osjson.aspx?query=%E6%B5%B7%E5%A4%96%E4%B8%93%E7%BA%BF&mkt=zh-CN,海外专线,跨境外贸,4,海外专线电视剧逐玉,海外专线电视剧逐玉,2026-09-08T01:38:00+00:00
seed,bing_cn,Bing 中文联想,https://api.bing.com/osjson.aspx?query=%E6%B5%B7%E5%A4%96%E4%B8%93%E7%BA%BF&mkt=zh-CN,海外专线,跨境外贸,5,海外专线网络,海外专线网络,2026-09-08T01:38:00+00:00
seed,bing_cn,Bing 中文联想,https://api.bing.com/osjson.aspx?query=%E6%B5%B7%E5%A4%96%E4%B8%93%E7%BA%BF&mkt=zh-CN,海外专线,跨境外贸,6,海外专线电视剧主角,海外专线电视剧主角,2026-09-08T01:38:00+00:00
seed,bing_cn,Bing 中文联想,https://api.bing.com/osjson.aspx?query=%E6%B5%B7%E5%A4%96%E4%B8%93%E7%BA%BF&mkt=zh-CN,海外专线,跨境外贸,7,海外专线价格,海外专线价格,2026-09-08T01:38:00+00:00
seed,bing_cn,Bing 中文联想,https://api.bing.com/osjson.aspx?query=%E6%B5%B7%E5%A4%96%E4%B8%93%E7%BA%BF&mkt=zh-CN,海外专线,跨境外贸,8,海外专线服务器,海外专线服务器,2026-09-08T01:38:00+00:00
seed,bing_cn,Bing 中文联想,https://api.bing.com/osjson.aspx?query=%E6%B5%B7%E5%A4%96%E4%B8%93%E7%BA%BF&mkt=zh-CN,海外专线,跨境外贸,9,海外专线莫离,海外专线莫离,2026-09-08T01:38:00+00:00
seed,bing_cn,Bing 中文联想,https://api.bing.com/osjson.aspx?query=%E6%B5%B7%E5%A4%96%E4%B8%93%E7%BA%BF&mkt=zh-CN,海外专线,跨境外贸,10,海外专线电视剧莫离,海外专线电视剧莫离,2026-09-08T01:38:00+00:00
seed,bing_cn,Bing 中文联想,https://api.bing.com/osjson.aspx?query=%E6%B5%B7%E5%A4%96%E4%B8%93%E7%BA%BF&mkt=zh-CN,海外专线,跨境外贸,11,海外专线主角,海外专线主角,2026-09-08T01:38:00+00:00
seed,baidu,百度联想,https://suggestion.baidu.com/su?wd=%E6%B5%B7%E5%A4%96%E4%B8%93%E7%BA%BF&cb=cb,海外专线,跨境外贸,1,海外专线宽带,海外专线宽带,2026-09-08T01:38:00+00:00
seed,baidu,百度联想,https://suggestion.baidu.com/su?wd=%E6%B5%B7%E5%A4%96%E4%B8%93%E7%BA%BF&cb=cb,海外专线,跨境外贸,2,海外专线服务器,海外专线服务器,2026-09-08T01:38:00+00:00
seed,baidu,百度联想,https://suggestion.baidu.com/su?wd=%E6%B5%B7%E5%A4%96%E4%B8%93%E7%BA%BF&cb=cb,海外专线,跨境外贸,3,海外专线ip多少钱一条,海外专线ip多少钱一条,2026-09-08T01:38:00+00:00
seed,baidu,百度联想,https://suggestion.baidu.com/su?wd=%E6%B5%B7%E5%A4%96%E4%B8%93%E7%BA%BF&cb=cb,海外专线,跨境外贸,4,海外专线价格,海外专线价格,2026-09-08T01:38:00+00:00
seed,baidu,百度联想,https://suggestion.baidu.com/su?wd=%E6%B5%B7%E5%A4%96%E4%B8%93%E7%BA%BF&cb=cb,海外专线,跨境外贸,5,海外专线电视剧免费播放,海外专线电视剧免费播放,2026-09-08T01:38:00+00:00
seed,baidu,百度联想,https://suggestion.baidu.com/su?wd=%E6%B5%B7%E5%A4%96%E4%B8%93%E7%BA%BF&cb=cb,海外专线,跨境外贸,6,海外专线电视剧,海外专线电视剧,2026-09-08T01:38:00+00:00
seed,baidu,百度联想,https://suggestion.baidu.com/su?wd=%E6%B5%B7%E5%A4%96%E4%B8%93%E7%BA%BF&cb=cb,海外专线,跨境外贸,7,海外专线ip怎么搭建,海外专线ip怎么搭建,2026-09-08T01:38:00+00:00
seed,baidu,百度联想,https://suggestion.baidu.com/su?wd=%E6%B5%B7%E5%A4%96%E4%B8%93%E7%BA%BF&cb=cb,海外专线,跨境外贸,8,海外专线IP,海外专线ip,2026-09-08T01:38:00+00:00
seed,baidu,百度联想,https://suggestion.baidu.com/su?wd=%E6%B5%B7%E5%A4%96%E4%B8%93%E7%BA%BF&cb=cb,海外专线,跨境外贸,9,海外专线ip多少钱一个月,海外专线ip多少钱一个月,2026-09-08T01:38:00+00:00
seed,baidu,百度联想,https://suggestion.baidu.com/su?wd=%E6%B5%B7%E5%A4%96%E4%B8%93%E7%BA%BF&cb=cb,海外专线,跨境外贸,10,海外专线逐玉电视剧,海外专线逐玉电视剧,2026-09-08T01:38:00+00:00
seed,google_web,Google Web 联想,https://suggestqueries.google.com/complete/search?client=firefox&hl=zh-CN&gl=cn&q=%E5%9B%BD%E9%99%85%E4%B8%93%E7%BA%BF,国际专线,跨境外贸,1,国际专线,国际专线,2026-09-08T01:38:00+00:00
seed,google_web,Google Web 联想,https://suggestqueries.google.com/complete/search?client=firefox&hl=zh-CN&gl=cn&q=%E5%9B%BD%E9%99%85%E4%B8%93%E7%BA%BF,国际专线,跨境外贸,2,国际专线价格,国际专线价格,2026-09-08T01:38:00+00:00
seed,google_web,Google Web 联想,https://suggestqueries.google.com/complete/search?client=firefox&hl=zh-CN&gl=cn&q=%E5%9B%BD%E9%99%85%E4%B8%93%E7%BA%BF,国际专线,跨境外贸,3,国际专线 iplc access,国际专线iplc access,2026-09-08T01:38:00+00:00
seed,google_web,Google Web 联想,https://suggestqueries.google.com/complete/search?client=firefox&hl=zh-CN&gl=cn&q=%E5%9B%BD%E9%99%85%E4%B8%93%E7%BA%BF,国际专线,跨境外贸,4,国际专线运单查询,国际专线运单查询,2026-09-08T01:38:00+00:00
seed,google_web,Google Web 联想,https://suggestqueries.google.com/complete/search?client=firefox&hl=zh-CN&gl=cn&q=%E5%9B%BD%E9%99%85%E4%B8%93%E7%BA%BF,国际专线,跨境外贸,5,国际专线 英文,国际专线英文,2026-09-08T01:38:00+00:00
seed,google_web,Google Web 联想,https://suggestqueries.google.com/complete/search?client=firefox&hl=zh-CN&gl=cn&q=%E5%9B%BD%E9%99%85%E4%B8%93%E7%BA%BF,国际专线,跨境外贸,6,国际专线 拨打电话 也可语音信箱 仅留言文字,国际专线拨打电话也可语音信箱仅留言文字,2026-09-08T01:38:00+00:00
seed,google_youtube,Google/YouTube 联想,https://suggestqueries.google.com/complete/search?client=firefox&hl=zh-CN&gl=cn&ds=yt&q=%E5%9B%BD%E9%99%85%E4%B8%93%E7%BA%BF,国际专线,跨境外贸,1,国际专线,国际专线,2026-09-08T01:38:00+00:00
seed,bing_cn,Bing 中文联想,https://api.bing.com/osjson.aspx?query=%E5%9B%BD%E9%99%85%E4%B8%93%E7%BA%BF&mkt=zh-CN,国际专线,跨境外贸,1,国际专线网络,国际专线网络,2026-09-08T01:38:00+00:00
seed,bing_cn,Bing 中文联想,https://api.bing.com/osjson.aspx?query=%E5%9B%BD%E9%99%85%E4%B8%93%E7%BA%BF&mkt=zh-CN,国际专线,跨境外贸,2,国际专线物流,国际专线物流,2026-09-08T01:38:00+00:00
seed,bing_cn,Bing 中文联想,https://api.bing.com/osjson.aspx?query=%E5%9B%BD%E9%99%85%E4%B8%93%E7%BA%BF&mkt=zh-CN,国际专线,跨境外贸,3,国际专线价格,国际专线价格,2026-09-08T01:38:00+00:00
seed,bing_cn,Bing 中文联想,https://api.bing.com/osjson.aspx?query=%E5%9B%BD%E9%99%85%E4%B8%93%E7%BA%BF&mkt=zh-CN,国际专线,跨境外贸,4,国际专线采购公告,国际专线采购公告,2026-09-08T01:38:00+00:00
seed,bing_cn,Bing 中文联想,https://api.bing.com/osjson.aspx?query=%E5%9B%BD%E9%99%85%E4%B8%93%E7%BA%BF&mkt=zh-CN,国际专线,跨境外贸,5,国际专线网络价格,国际专线网络价格,2026-09-08T01:38:00+00:00
seed,bing_cn,Bing 中文联想,https://api.bing.com/osjson.aspx?query=%E5%9B%BD%E9%99%85%E4%B8%93%E7%BA%BF&mkt=zh-CN,国际专线,跨境外贸,6,国际专线 iplc access,国际专线iplc access,2026-09-08T01:38:00+00:00
seed,bing_cn,Bing 中文联想,https://api.bing.com/osjson.aspx?query=%E5%9B%BD%E9%99%85%E4%B8%93%E7%BA%BF&mkt=zh-CN,国际专线,跨境外贸,7,国际专线物流资费,国际专线物流资费,2026-09-08T01:38:00+00:00
seed,bing_cn,Bing 中文联想,https://api.bing.com/osjson.aspx?query=%E5%9B%BD%E9%99%85%E4%B8%93%E7%BA%BF&mkt=zh-CN,国际专线,跨境外贸,8,国际专线机场,国际专线机场,2026-09-08T01:38:00+00:00
seed,bing_cn,Bing 中文联想,https://api.bing.com/osjson.aspx?query=%E5%9B%BD%E9%99%85%E4%B8%93%E7%BA%BF&mkt=zh-CN,国际专线,跨境外贸,9,国际专线宽带,国际专线宽带,2026-09-08T01:38:00+00:00
seed,bing_cn,Bing 中文联想,https://api.bing.com/osjson.aspx?query=%E5%9B%BD%E9%99%85%E4%B8%93%E7%BA%BF&mkt=zh-CN,国际专线,跨境外贸,10,国际专线vpn,国际专线vpn,2026-09-08T01:38:00+00:00
seed,bing_cn,Bing 中文联想,https://api.bing.com/osjson.aspx?query=%E5%9B%BD%E9%99%85%E4%B8%93%E7%BA%BF&mkt=zh-CN,国际专线,跨境外贸,11,国际专线物流查询,国际专线物流查询,2026-09-08T01:38:00+00:00
seed,baidu,百度联想,https://suggestion.baidu.com/su?wd=%E5%9B%BD%E9%99%85%E4%B8%93%E7%BA%BF&cb=cb,国际专线,跨境外贸,1,国际专线,国际专线,2026-09-08T01:38:00+00:00
seed,baidu,百度联想,https://suggestion.baidu.com/su?wd=%E5%9B%BD%E9%99%85%E4%B8%93%E7%BA%BF&cb=cb,国际专线,跨境外贸,2,国际专线网络,国际专线网络,2026-09-08T01:38:00+00:00
seed,baidu,百度联想,https://suggestion.baidu.com/su?wd=%E5%9B%BD%E9%99%85%E4%B8%93%E7%BA%BF&cb=cb,国际专线,跨境外贸,3,国际专线快递,国际专线快递,2026-09-08T01:38:00+00:00
seed,baidu,百度联想,https://suggestion.baidu.com/su?wd=%E5%9B%BD%E9%99%85%E4%B8%93%E7%BA%BF&cb=cb,国际专线,跨境外贸,4,国际专线宽带,国际专线宽带,2026-09-08T01:38:00+00:00
seed,baidu,百度联想,https://suggestion.baidu.com/su?wd=%E5%9B%BD%E9%99%85%E4%B8%93%E7%BA%BF&cb=cb,国际专线,跨境外贸,5,国际专线多少钱,国际专线多少钱,2026-09-08T01:38:00+00:00
seed,baidu,百度联想,https://suggestion.baidu.com/su?wd=%E5%9B%BD%E9%99%85%E4%B8%93%E7%BA%BF&cb=cb,国际专线,跨境外贸,6,跨境国际专线,跨境国际专线,2026-09-08T01:38:00+00:00
seed,baidu,百度联想,https://suggestion.baidu.com/su?wd=%E5%9B%BD%E9%99%85%E4%B8%93%E7%BA%BF&cb=cb,国际专线,跨境外贸,7,无锡公交新世界国际专线,无锡公交新世界国际专线,2026-09-08T01:38:00+00:00
seed,baidu,百度联想,https://suggestion.baidu.com/su?wd=%E5%9B%BD%E9%99%85%E4%B8%93%E7%BA%BF&cb=cb,国际专线,跨境外贸,8,国际专线办理,国际专线办理,2026-09-08T01:38:00+00:00
seed,baidu,百度联想,https://suggestion.baidu.com/su?wd=%E5%9B%BD%E9%99%85%E4%B8%93%E7%BA%BF&cb=cb,国际专线,跨境外贸,9,国际专线物流,国际专线物流,2026-09-08T01:38:00+00:00
seed,baidu,百度联想,https://suggestion.baidu.com/su?wd=%E5%9B%BD%E9%99%85%E4%B8%93%E7%BA%BF&cb=cb,国际专线,跨境外贸,10,国际专线ip,国际专线ip,2026-09-08T01:38:00+00:00
seed,google_web,Google Web 联想,https://suggestqueries.google.com/complete/search?client=firefox&hl=zh-CN&gl=cn&q=%E8%B7%A8%E5%A2%83%E4%B8%93%E7%BA%BF,跨境专线,跨境外贸,1,跨境专线,跨境专线,2026-09-08T01:38:00+00:00
seed,google_web,Google Web 联想,https://suggestqueries.google.com/complete/search?client=firefox&hl=zh-CN&gl=cn&q=%E8%B7%A8%E5%A2%83%E4%B8%93%E7%BA%BF,跨境专线,跨境外贸,2,跨境专线价格,跨境专线价格,2026-09-08T01:38:00+00:00
seed,google_web,Google Web 联想,https://suggestqueries.google.com/complete/search?client=firefox&hl=zh-CN&gl=cn&q=%E8%B7%A8%E5%A2%83%E4%B8%93%E7%BA%BF,跨境专线,跨境外贸,3,跨境专线网络,跨境专线网络,2026-09-08T01:38:00+00:00
seed,google_web,Google Web 联想,https://suggestqueries.google.com/complete/search?client=firefox&hl=zh-CN&gl=cn&q=%E8%B7%A8%E5%A2%83%E4%B8%93%E7%BA%BF,跨境专线,跨境外贸,4,跨境专线 · sla保障套餐,跨境专线 · sla保障套餐,2026-09-08T01:38:00+00:00
seed,google_web,Google Web 联想,https://suggestqueries.google.com/complete/search?client=firefox&hl=zh-CN&gl=cn&q=%E8%B7%A8%E5%A2%83%E4%B8%93%E7%BA%BF,跨境专线,跨境外贸,5,跨境专线中继服务,跨境专线中继服务,2026-09-08T01:38:00+00:00
seed,google_youtube,Google/YouTube 联想,https://suggestqueries.google.com/complete/search?client=firefox&hl=zh-CN&gl=cn&ds=yt&q=%E8%B7%A8%E5%A2%83%E4%B8%93%E7%BA%BF,跨境专线,跨境外贸,1,跨境专线,跨境专线,2026-09-08T01:38:00+00:00
seed,google_youtube,Google/YouTube 联想,https://suggestqueries.google.com/complete/search?client=firefox&hl=zh-CN&gl=cn&ds=yt&q=%E8%B7%A8%E5%A2%83%E4%B8%93%E7%BA%BF,跨境专线,跨境外贸,2,跨境专线搭建,跨境专线搭建,2026-09-08T01:38:00+00:00
seed,google_youtube,Google/YouTube 联想,https://suggestqueries.google.com/complete/search?client=firefox&hl=zh-CN&gl=cn&ds=yt&q=%E8%B7%A8%E5%A2%83%E4%B8%93%E7%BA%BF,跨境专线,跨境外贸,3,国际专线,国际专线,2026-09-08T01:38:00+00:00
seed,bing_cn,Bing 中文联想,https://api.bing.com/osjson.aspx?query=%E8%B7%A8%E5%A2%83%E4%B8%93%E7%BA%BF&mkt=zh-CN,跨境专线,跨境外贸,1,跨境专线,跨境专线,2026-09-08T01:38:00+00:00
seed,bing_cn,Bing 中文联想,https://api.bing.com/osjson.aspx?query=%E8%B7%A8%E5%A2%83%E4%B8%93%E7%BA%BF&mkt=zh-CN,跨境专线,跨境外贸,2,跨境专线网络,跨境专线网络,2026-09-08T01:38:00+00:00
seed,bing_cn,Bing 中文联想,https://api.bing.com/osjson.aspx?query=%E8%B7%A8%E5%A2%83%E4%B8%93%E7%BA%BF&mkt=zh-CN,跨境专线,跨境外贸,3,跨境专线网络 独享,跨境专线网络独享,2026-09-08T01:38:00+00:00
seed,bing_cn,Bing 中文联想,https://api.bing.com/osjson.aspx?query=%E8%B7%A8%E5%A2%83%E4%B8%93%E7%BA%BF&mkt=zh-CN,跨境专线,跨境外贸,4,跨境专线价格,跨境专线价格,2026-09-08T01:38:00+00:00
seed,bing_cn,Bing 中文联想,https://api.bing.com/osjson.aspx?query=%E8%B7%A8%E5%A2%83%E4%B8%93%E7%BA%BF&mkt=zh-CN,跨境专线,跨境外贸,5,跨境专线vpn,跨境专线vpn,2026-09-08T01:38:00+00:00
seed,bing_cn,Bing 中文联想,https://api.bing.com/osjson.aspx?query=%E8%B7%A8%E5%A2%83%E4%B8%93%E7%BA%BF&mkt=zh-CN,跨境专线,跨境外贸,6,跨境专线物流价格,跨境专线物流价格,2026-09-08T01:38:00+00:00
seed,bing_cn,Bing 中文联想,https://api.bing.com/osjson.aspx?query=%E8%B7%A8%E5%A2%83%E4%B8%93%E7%BA%BF&mkt=zh-CN,跨境专线,跨境外贸,7,跨境专线物流优势,跨境专线物流优势,2026-09-08T01:38:00+00:00
seed,bing_cn,Bing 中文联想,https://api.bing.com/osjson.aspx?query=%E8%B7%A8%E5%A2%83%E4%B8%93%E7%BA%BF&mkt=zh-CN,跨境专线,跨境外贸,8,跨境专线物流公司,跨境专线物流公司,2026-09-08T01:38:00+00:00
seed,bing_cn,Bing 中文联想,https://api.bing.com/osjson.aspx?query=%E8%B7%A8%E5%A2%83%E4%B8%93%E7%BA%BF&mkt=zh-CN,跨境专线,跨境外贸,9,跨境专线物流平台,跨境专线物流平台,2026-09-08T01:38:00+00:00
seed,bing_cn,Bing 中文联想,https://api.bing.com/osjson.aspx?query=%E8%B7%A8%E5%A2%83%E4%B8%93%E7%BA%BF&mkt=zh-CN,跨境专线,跨境外贸,10,跨境专线物流方案,跨境专线物流方案,2026-09-08T01:38:00+00:00
seed,bing_cn,Bing 中文联想,https://api.bing.com/osjson.aspx?query=%E8%B7%A8%E5%A2%83%E4%B8%93%E7%BA%BF&mkt=zh-CN,跨境专线,跨境外贸,11,跨境专线物流时效,跨境专线物流时效,2026-09-08T01:38:00+00:00
seed,bing_cn,Bing 中文联想,https://api.bing.com/osjson.aspx?query=%E8%B7%A8%E5%A2%83%E4%B8%93%E7%BA%BF&mkt=zh-CN,跨境专线,跨境外贸,12,跨境专线物流服务,跨境专线物流服务,2026-09-08T01:38:00+00:00
seed,baidu,百度联想,https://suggestion.baidu.com/su?wd=%E8%B7%A8%E5%A2%83%E4%B8%93%E7%BA%BF&cb=cb,跨境专线,跨境外贸,1,跨境专线,跨境专线,2026-09-08T01:38:00+00:00
seed,baidu,百度联想,https://suggestion.baidu.com/su?wd=%E8%B7%A8%E5%A2%83%E4%B8%93%E7%BA%BF&cb=cb,跨境专线,跨境外贸,2,跨境专线网络,跨境专线网络,2026-09-08T01:38:00+00:00
seed,baidu,百度联想,https://suggestion.baidu.com/su?wd=%E8%B7%A8%E5%A2%83%E4%B8%93%E7%BA%BF&cb=cb,跨境专线,跨境外贸,3,跨境专线物流,跨境专线物流,2026-09-08T01:38:00+00:00
seed,baidu,百度联想,https://suggestion.baidu.com/su?wd=%E8%B7%A8%E5%A2%83%E4%B8%93%E7%BA%BF&cb=cb,跨境专线,跨境外贸,4,跨境专线怎么开通,跨境专线怎么开通,2026-09-08T01:38:00+00:00
seed,baidu,百度联想,https://suggestion.baidu.com/su?wd=%E8%B7%A8%E5%A2%83%E4%B8%93%E7%BA%BF&cb=cb,跨境专线,跨境外贸,5,跨境专线多少钱,跨境专线多少钱,2026-09-08T01:38:00+00:00
seed,baidu,百度联想,https://suggestion.baidu.com/su?wd=%E8%B7%A8%E5%A2%83%E4%B8%93%E7%BA%BF&cb=cb,跨境专线,跨境外贸,6,跨境专线服务,跨境专线服务,2026-09-08T01:38:00+00:00
seed,baidu,百度联想,https://suggestion.baidu.com/su?wd=%E8%B7%A8%E5%A2%83%E4%B8%93%E7%BA%BF&cb=cb,跨境专线,跨境外贸,7,电信跨境专线,电信跨境专线,2026-09-08T01:38:00+00:00
seed,baidu,百度联想,https://suggestion.baidu.com/su?wd=%E8%B7%A8%E5%A2%83%E4%B8%93%E7%BA%BF&cb=cb,跨境专线,跨境外贸,8,中国电信跨境专线,中国电信跨境专线,2026-09-08T01:38:00+00:00
seed,baidu,百度联想,https://suggestion.baidu.com/su?wd=%E8%B7%A8%E5%A2%83%E4%B8%93%E7%BA%BF&cb=cb,跨境专线,跨境外贸,9,中国联通跨境专线,中国联通跨境专线,2026-09-08T01:38:00+00:00
seed,baidu,百度联想,https://suggestion.baidu.com/su?wd=%E8%B7%A8%E5%A2%83%E4%B8%93%E7%BA%BF&cb=cb,跨境专线,跨境外贸,10,跨境专线ip,跨境专线ip,2026-09-08T01:38:00+00:00
seed,google_web,Google Web 联想,https://suggestqueries.google.com/complete/search?client=firefox&hl=zh-CN&gl=cn&q=%E6%B5%B7%E5%A4%96%E5%8A%A0%E9%80%9F%E5%99%A8,海外加速器,跨境外贸,1,海外加速器,海外加速器,2026-09-08T01:38:00+00:00
seed,google_web,Google Web 联想,https://suggestqueries.google.com/complete/search?client=firefox&hl=zh-CN&gl=cn&q=%E6%B5%B7%E5%A4%96%E5%8A%A0%E9%80%9F%E5%99%A8,海外加速器,跨境外贸,2,海外加速器免費,海外加速器免费,2026-09-08T01:38:00+00:00
seed,google_web,Google Web 联想,https://suggestqueries.google.com/complete/search?client=firefox&hl=zh-CN&gl=cn&q=%E6%B5%B7%E5%A4%96%E5%8A%A0%E9%80%9F%E5%99%A8,海外加速器,跨境外贸,3,海外加速器哪个好,海外加速器哪个好,2026-09-08T01:38:00+00:00
seed,google_web,Google Web 联想,https://suggestqueries.google.com/complete/search?client=firefox&hl=zh-CN&gl=cn&q=%E6%B5%B7%E5%A4%96%E5%8A%A0%E9%80%9F%E5%99%A8,海外加速器,跨境外贸,4,海外加速器下载,海外加速器下载,2026-09-08T01:38:00+00:00
seed,google_web,Google Web 联想,https://suggestqueries.google.com/complete/search?client=firefox&hl=zh-CN&gl=cn&q=%E6%B5%B7%E5%A4%96%E5%8A%A0%E9%80%9F%E5%99%A8,海外加速器,跨境外贸,5,海外加速器vpn,海外加速器vpn,2026-09-08T01:38:00+00:00
seed,google_web,Google Web 联想,https://suggestqueries.google.com/complete/search?client=firefox&hl=zh-CN&gl=cn&q=%E6%B5%B7%E5%A4%96%E5%8A%A0%E9%80%9F%E5%99%A8,海外加速器,跨境外贸,6,海外加速器推荐,海外加速器推荐,2026-09-08T01:38:00+00:00
seed,google_web,Google Web 联想,https://suggestqueries.google.com/complete/search?client=firefox&hl=zh-CN&gl=cn&q=%E6%B5%B7%E5%A4%96%E5%8A%A0%E9%80%9F%E5%99%A8,海外加速器,跨境外贸,7,海外加速器回国,海外加速器回国,2026-09-08T01:38:00+00:00
seed,google_youtube,Google/YouTube 联想,https://suggestqueries.google.com/complete/search?client=firefox&hl=zh-CN&gl=cn&ds=yt&q=%E6%B5%B7%E5%A4%96%E5%8A%A0%E9%80%9F%E5%99%A8,海外加速器,跨境外贸,1,海外加速器,海外加速器,2026-09-08T01:38:00+00:00
seed,google_youtube,Google/YouTube 联想,https://suggestqueries.google.com/complete/search?client=firefox&hl=zh-CN&gl=cn&ds=yt&q=%E6%B5%B7%E5%A4%96%E5%8A%A0%E9%80%9F%E5%99%A8,海外加速器,跨境外贸,2,国外玩国内游戏用什么加速器,国外玩国内游戏用什么加速器,2026-09-08T01:38:00+00:00
seed,bing_cn,Bing 中文联想,https://api.bing.com/osjson.aspx?query=%E6%B5%B7%E5%A4%96%E5%8A%A0%E9%80%9F%E5%99%A8&mkt=zh-CN,海外加速器,跨境外贸,1,海外加速器,海外加速器,2026-09-08T01:38:00+00:00
seed,bing_cn,Bing 中文联想,https://api.bing.com/osjson.aspx?query=%E6%B5%B7%E5%A4%96%E5%8A%A0%E9%80%9F%E5%99%A8&mkt=zh-CN,海外加速器,跨境外贸,2,海外加速器免费,海外加速器免费,2026-09-08T01:38:00+00:00
seed,bing_cn,Bing 中文联想,https://api.bing.com/osjson.aspx?query=%E6%B5%B7%E5%A4%96%E5%8A%A0%E9%80%9F%E5%99%A8&mkt=zh-CN,海外加速器,跨境外贸,3,海外加速器vpn,海外加速器vpn,2026-09-08T01:38:00+00:00
seed,bing_cn,Bing 中文联想,https://api.bing.com/osjson.aspx?query=%E6%B5%B7%E5%A4%96%E5%8A%A0%E9%80%9F%E5%99%A8&mkt=zh-CN,海外加速器,跨境外贸,4,海外加速器下载,海外加速器下载,2026-09-08T01:38:00+00:00
seed,bing_cn,Bing 中文联想,https://api.bing.com/osjson.aspx?query=%E6%B5%B7%E5%A4%96%E5%8A%A0%E9%80%9F%E5%99%A8&mkt=zh-CN,海外加速器,跨境外贸,5,海外加速器免费版vpn,海外加速器免费版vpn,2026-09-08T01:38:00+00:00
seed,bing_cn,Bing 中文联想,https://api.bing.com/osjson.aspx?query=%E6%B5%B7%E5%A4%96%E5%8A%A0%E9%80%9F%E5%99%A8&mkt=zh-CN,海外加速器,跨境外贸,6,海外加速器推荐,海外加速器推荐,2026-09-08T01:38:00+00:00
seed,bing_cn,Bing 中文联想,https://api.bing.com/osjson.aspx?query=%E6%B5%B7%E5%A4%96%E5%8A%A0%E9%80%9F%E5%99%A8&mkt=zh-CN,海外加速器,跨境外贸,7,海外加速器免费试用,海外加速器免费试用,2026-09-08T01:38:00+00:00
seed,bing_cn,Bing 中文联想,https://api.bing.com/osjson.aspx?query=%E6%B5%B7%E5%A4%96%E5%8A%A0%E9%80%9F%E5%99%A8&mkt=zh-CN,海外加速器,跨境外贸,8,海外加速器vpn免费下载,海外加速器vpn免费下载,2026-09-08T01:38:00+00:00
seed,bing_cn,Bing 中文联想,https://api.bing.com/osjson.aspx?query=%E6%B5%B7%E5%A4%96%E5%8A%A0%E9%80%9F%E5%99%A8&mkt=zh-CN,海外加速器,跨境外贸,9,海外加速器免費,海外加速器免费,2026-09-08T01:38:00+00:00
seed,bing_cn,Bing 中文联想,https://api.bing.com/osjson.aspx?query=%E6%B5%B7%E5%A4%96%E5%8A%A0%E9%80%9F%E5%99%A8&mkt=zh-CN,海外加速器,跨境外贸,10,海外加速器免费下载,海外加速器免费下载,2026-09-08T01:38:00+00:00
seed,bing_cn,Bing 中文联想,https://api.bing.com/osjson.aspx?query=%E6%B5%B7%E5%A4%96%E5%8A%A0%E9%80%9F%E5%99%A8&mkt=zh-CN,海外加速器,跨境外贸,11,海外加速器试用,海外加速器试用,2026-09-08T01:38:00+00:00
seed,bing_cn,Bing 中文联想,https://api.bing.com/osjson.aspx?query=%E6%B5%B7%E5%A4%96%E5%8A%A0%E9%80%9F%E5%99%A8&mkt=zh-CN,海外加速器,跨境外贸,12,海外加速器免费加速,海外加速器免费加速,2026-09-08T01:38:00+00:00
seed,google_youtube,Google/YouTube 联想,https://suggestqueries.google.com/complete/search?client=firefox&hl=zh-CN&gl=cn&ds=yt&q=%E5%9B%BD%E9%99%85%E7%BD%91%E7%BB%9C%E5%8A%A0%E9%80%9F,国际网络加速,跨境外贸,1,网络加速,网络加速,2026-09-08T01:38:00+00:00
seed,bing_cn,Bing 中文联想,https://api.bing.com/osjson.aspx?query=%E5%9B%BD%E9%99%85%E7%BD%91%E7%BB%9C%E5%8A%A0%E9%80%9F&mkt=zh-CN,国际网络加速,跨境外贸,1,国际网络加速器,国际网络加速器,2026-09-08T01:38:00+00:00
seed,bing_cn,Bing 中文联想,https://api.bing.com/osjson.aspx?query=%E5%9B%BD%E9%99%85%E7%BD%91%E7%BB%9C%E5%8A%A0%E9%80%9F&mkt=zh-CN,国际网络加速,跨境外贸,2,国际网络加速,国际网络加速,2026-09-08T01:38:00+00:00
seed,bing_cn,Bing 中文联想,https://api.bing.com/osjson.aspx?query=%E5%9B%BD%E9%99%85%E7%BD%91%E7%BB%9C%E5%8A%A0%E9%80%9F&mkt=zh-CN,国际网络加速,跨境外贸,3,国际网络加速器下载,国际网络加速器下载,2026-09-08T01:38:00+00:00
seed,bing_cn,Bing 中文联想,https://api.bing.com/osjson.aspx?query=%E5%9B%BD%E9%99%85%E7%BD%91%E7%BB%9C%E5%8A%A0%E9%80%9F&mkt=zh-CN,国际网络加速,跨境外贸,4,国际网络加速工具,国际网络加速工具,2026-09-08T01:38:00+00:00
seed,bing_cn,Bing 中文联想,https://api.bing.com/osjson.aspx?query=%E5%9B%BD%E9%99%85%E7%BD%91%E7%BB%9C%E5%8A%A0%E9%80%9F&mkt=zh-CN,国际网络加速,跨境外贸,5,国际网络加速服务,国际网络加速服务,2026-09-08T01:38:00+00:00
seed,bing_cn,Bing 中文联想,https://api.bing.com/osjson.aspx?query=%E5%9B%BD%E9%99%85%E7%BD%91%E7%BB%9C%E5%8A%A0%E9%80%9F&mkt=zh-CN,国际网络加速,跨境外贸,6,国际网络加速器免费,国际网络加速器免费,2026-09-08T01:38:00+00:00
seed,bing_cn,Bing 中文联想,https://api.bing.com/osjson.aspx?query=%E5%9B%BD%E9%99%85%E7%BD%91%E7%BB%9C%E5%8A%A0%E9%80%9F&mkt=zh-CN,国际网络加速,跨境外贸,7,国际网络加速器推荐,国际网络加速器推荐,2026-09-08T01:38:00+00:00
seed,bing_cn,Bing 中文联想,https://api.bing.com/osjson.aspx?query=%E5%9B%BD%E9%99%85%E7%BD%91%E7%BB%9C%E5%8A%A0%E9%80%9F&mkt=zh-CN,国际网络加速,跨境外贸,8,绿茶加速器vpn国际网络加速,绿茶加速器vpn国际网络加速,2026-09-08T01:38:00+00:00
seed,bing_cn,Bing 中文联想,https://api.bing.com/osjson.aspx?query=%E5%9B%BD%E9%99%85%E7%BD%91%E7%BB%9C%E5%8A%A0%E9%80%9F&mkt=zh-CN,国际网络加速,跨境外贸,9,可以访问国际网络的加速器,可以访问国际网络的加速器,2026-09-08T01:38:00+00:00
seed,google_web,Google Web 联想,https://suggestqueries.google.com/complete/search?client=firefox&hl=zh-CN&gl=cn&q=tiktok%E7%BD%91%E7%BB%9C,tiktok网络,跨境平台,1,tiktok网络连接不稳定,tiktok网络连接不稳定,2026-09-08T01:38:00+00:00
seed,google_web,Google Web 联想,https://suggestqueries.google.com/complete/search?client=firefox&hl=zh-CN&gl=cn&q=tiktok%E7%BD%91%E7%BB%9C,tiktok网络,跨境平台,2,tiktok网络无法连接,tiktok网络无法连接,2026-09-08T01:38:00+00:00
seed,google_web,Google Web 联想,https://suggestqueries.google.com/complete/search?client=firefox&hl=zh-CN&gl=cn&q=tiktok%E7%BD%91%E7%BB%9C,tiktok网络,跨境平台,3,tiktok网络不稳定,tiktok网络不稳定,2026-09-08T01:38:00+00:00
seed,google_web,Google Web 联想,https://suggestqueries.google.com/complete/search?client=firefox&hl=zh-CN&gl=cn&q=tiktok%E7%BD%91%E7%BB%9C,tiktok网络,跨境平台,4,tiktok网络,tiktok网络,2026-09-08T01:38:00+00:00
seed,google_web,Google Web 联想,https://suggestqueries.google.com/complete/search?client=firefox&hl=zh-CN&gl=cn&q=tiktok%E7%BD%91%E7%BB%9C,tiktok网络,跨境平台,5,tiktok 网络 连接 不 稳定 ios,tiktok网络连接不稳定ios,2026-09-08T01:38:00+00:00
seed,google_web,Google Web 联想,https://suggestqueries.google.com/complete/search?client=firefox&hl=zh-CN&gl=cn&q=tiktok%E7%BD%91%E7%BB%9C,tiktok网络,跨境平台,6,tiktok网络错误,tiktok网络错误,2026-09-08T01:38:00+00:00
seed,google_web,Google Web 联想,https://suggestqueries.google.com/complete/search?client=firefox&hl=zh-CN&gl=cn&q=tiktok%E7%BD%91%E7%BB%9C,tiktok网络,跨境平台,7,tiktok网络连接不稳定怎么解决,tiktok网络连接不稳定怎么解决,2026-09-08T01:38:00+00:00
seed,google_web,Google Web 联想,https://suggestqueries.google.com/complete/search?client=firefox&hl=zh-CN&gl=cn&q=tiktok%E7%BD%91%E7%BB%9C,tiktok网络,跨境平台,8,tiktok 网络 不 稳定 怎么 解决,tiktok网络不稳定怎么解决,2026-09-08T01:38:00+00:00
seed,google_web,Google Web 联想,https://suggestqueries.google.com/complete/search?client=firefox&hl=zh-CN&gl=cn&q=tiktok%E7%BD%91%E7%BB%9C,tiktok网络,跨境平台,9,tiktok网络搭建,tiktok网络搭建,2026-09-08T01:38:00+00:00
seed,google_web,Google Web 联想,https://suggestqueries.google.com/complete/search?client=firefox&hl=zh-CN&gl=cn&q=tiktok%E7%BD%91%E7%BB%9C,tiktok网络,跨境平台,10,tiktok网络问题,tiktok网络问题,2026-09-08T01:38:00+00:00
seed,google_youtube,Google/YouTube 联想,https://suggestqueries.google.com/complete/search?client=firefox&hl=zh-CN&gl=cn&ds=yt&q=tiktok%E7%BD%91%E7%BB%9C,tiktok网络,跨境平台,1,tiktok网络连接不稳定,tiktok网络连接不稳定,2026-09-08T01:38:00+00:00
seed,google_youtube,Google/YouTube 联想,https://suggestqueries.google.com/complete/search?client=firefox&hl=zh-CN&gl=cn&ds=yt&q=tiktok%E7%BD%91%E7%BB%9C,tiktok网络,跨境平台,2,tiktok网络搭建,tiktok网络搭建,2026-09-08T01:38:00+00:00
seed,google_youtube,Google/YouTube 联想,https://suggestqueries.google.com/complete/search?client=firefox&hl=zh-CN&gl=cn&ds=yt&q=tiktok%E7%BD%91%E7%BB%9C,tiktok网络,跨境平台,3,tiktok网络,tiktok网络,2026-09-08T01:38:00+00:00
seed,google_youtube,Google/YouTube 联想,https://suggestqueries.google.com/complete/search?client=firefox&hl=zh-CN&gl=cn&ds=yt&q=tiktok%E7%BD%91%E7%BB%9C,tiktok网络,跨境平台,4,tiktok网络不稳定,tiktok网络不稳定,2026-09-08T01:38:00+00:00
seed,google_youtube,Google/YouTube 联想,https://suggestqueries.google.com/complete/search?client=firefox&hl=zh-CN&gl=cn&ds=yt&q=tiktok%E7%BD%91%E7%BB%9C,tiktok网络,跨境平台,5,tiktok网络连接不稳定ios,tiktok网络连接不稳定ios,2026-09-08T01:38:00+00:00
seed,google_youtube,Google/YouTube 联想,https://suggestqueries.google.com/complete/search?client=firefox&hl=zh-CN&gl=cn&ds=yt&q=tiktok%E7%BD%91%E7%BB%9C,tiktok网络,跨境平台,6,tiktok网络无法连接,tiktok网络无法连接,2026-09-08T01:38:00+00:00
seed,google_youtube,Google/YouTube 联想,https://suggestqueries.google.com/complete/search?client=firefox&hl=zh-CN&gl=cn&ds=yt&q=tiktok%E7%BD%91%E7%BB%9C,tiktok网络,跨境平台,7,tiktok网络环境,tiktok网络环境,2026-09-08T01:38:00+00:00
seed,google_youtube,Google/YouTube 联想,https://suggestqueries.google.com/complete/search?client=firefox&hl=zh-CN&gl=cn&ds=yt&q=tiktok%E7%BD%91%E7%BB%9C,tiktok网络,跨境平台,8,tiktok网络错误,tiktok网络错误,2026-09-08T01:38:00+00:00
seed,google_youtube,Google/YouTube 联想,https://suggestqueries.google.com/complete/search?client=firefox&hl=zh-CN&gl=cn&ds=yt&q=tiktok%E7%BD%91%E7%BB%9C,tiktok网络,跨境平台,9,tiktok网络搭建教程,tiktok网络搭建教程,2026-09-08T01:38:00+00:00
seed,google_youtube,Google/YouTube 联想,https://suggestqueries.google.com/complete/search?client=firefox&hl=zh-CN&gl=cn&ds=yt&q=tiktok%E7%BD%91%E7%BB%9C,tiktok网络,跨境平台,10,tiktok网络设置,tiktok网络设置,2026-09-08T01:38:00+00:00
seed,bing_cn,Bing 中文联想,https://api.bing.com/osjson.aspx?query=tiktok%E7%BD%91%E7%BB%9C&mkt=zh-CN,tiktok网络,跨境平台,1,tiktok网络连接不稳定,tiktok网络连接不稳定,2026-09-08T01:38:00+00:00
seed,bing_cn,Bing 中文联想,https://api.bing.com/osjson.aspx?query=tiktok%E7%BD%91%E7%BB%9C&mkt=zh-CN,tiktok网络,跨境平台,2,tiktok网络不稳定,tiktok网络不稳定,2026-09-08T01:38:00+00:00
seed,bing_cn,Bing 中文联想,https://api.bing.com/osjson.aspx?query=tiktok%E7%BD%91%E7%BB%9C&mkt=zh-CN,tiktok网络,跨境平台,3,tiktok网络连接不稳定 ios,tiktok网络连接不稳定ios,2026-09-08T01:38:00+00:00
seed,bing_cn,Bing 中文联想,https://api.bing.com/osjson.aspx?query=tiktok%E7%BD%91%E7%BB%9C&mkt=zh-CN,tiktok网络,跨境平台,4,tiktok网络,tiktok网络,2026-09-08T01:38:00+00:00
seed,bing_cn,Bing 中文联想,https://api.bing.com/osjson.aspx?query=tiktok%E7%BD%91%E7%BB%9C&mkt=zh-CN,tiktok网络,跨境平台,5,tiktok网络搭建,tiktok网络搭建,2026-09-08T01:38:00+00:00
seed,bing_cn,Bing 中文联想,https://api.bing.com/osjson.aspx?query=tiktok%E7%BD%91%E7%BB%9C&mkt=zh-CN,tiktok网络,跨境平台,6,tiktok网络无法连接,tiktok网络无法连接,2026-09-08T01:38:00+00:00
seed,bing_cn,Bing 中文联想,https://api.bing.com/osjson.aspx?query=tiktok%E7%BD%91%E7%BB%9C&mkt=zh-CN,tiktok网络,跨境平台,7,tiktok网络环境搭建,tiktok网络环境搭建,2026-09-08T01:38:00+00:00
seed,bing_cn,Bing 中文联想,https://api.bing.com/osjson.aspx?query=tiktok%E7%BD%91%E7%BB%9C&mkt=zh-CN,tiktok网络,跨境平台,8,tiktok网络专线,tiktok网络专线,2026-09-08T01:38:00+00:00
seed,bing_cn,Bing 中文联想,https://api.bing.com/osjson.aspx?query=tiktok%E7%BD%91%E7%BB%9C&mkt=zh-CN,tiktok网络,跨境平台,9,tiktok网络连接不稳定无法注册,tiktok网络连接不稳定无法注册,2026-09-08T01:38:00+00:00
seed,bing_cn,Bing 中文联想,https://api.bing.com/osjson.aspx?query=tiktok%E7%BD%91%E7%BB%9C&mkt=zh-CN,tiktok网络,跨境平台,10,tiktok网络不稳定怎么解决,tiktok网络不稳定怎么解决,2026-09-08T01:38:00+00:00
seed,bing_cn,Bing 中文联想,https://api.bing.com/osjson.aspx?query=tiktok%E7%BD%91%E7%BB%9C&mkt=zh-CN,tiktok网络,跨境平台,11,tiktok网络错误,tiktok网络错误,2026-09-08T01:38:00+00:00
seed,bing_cn,Bing 中文联想,https://api.bing.com/osjson.aspx?query=tiktok%E7%BD%91%E7%BB%9C&mkt=zh-CN,tiktok网络,跨境平台,12,tiktok网络连接不稳定登录不上,tiktok网络连接不稳定登录不上,2026-09-08T01:38:00+00:00
seed,baidu,百度联想,https://suggestion.baidu.com/su?wd=tiktok%E7%BD%91%E7%BB%9C&cb=cb,tiktok网络,跨境平台,1,tiktok网络连接不稳定,tiktok网络连接不稳定,2026-09-08T01:38:00+00:00
seed,baidu,百度联想,https://suggestion.baidu.com/su?wd=tiktok%E7%BD%91%E7%BB%9C&cb=cb,tiktok网络,跨境平台,2,tiktok网络怎么解决,tiktok网络怎么解决,2026-09-08T01:38:00+00:00
seed,baidu,百度联想,https://suggestion.baidu.com/su?wd=tiktok%E7%BD%91%E7%BB%9C&cb=cb,tiktok网络,跨境平台,3,tiktok网络无法连接,tiktok网络无法连接,2026-09-08T01:38:00+00:00
seed,baidu,百度联想,https://suggestion.baidu.com/su?wd=tiktok%E7%BD%91%E7%BB%9C&cb=cb,tiktok网络,跨境平台,4,tiktok网络服务商,tiktok网络服务商,2026-09-08T01:38:00+00:00
seed,baidu,百度联想,https://suggestion.baidu.com/su?wd=tiktok%E7%BD%91%E7%BB%9C&cb=cb,tiktok网络,跨境平台,5,tiktok网络连接不上怎么办,tiktok网络连接不上怎么办,2026-09-08T01:38:00+00:00
seed,baidu,百度联想,https://suggestion.baidu.com/su?wd=tiktok%E7%BD%91%E7%BB%9C&cb=cb,tiktok网络,跨境平台,6,tiktok网络异常解决方法,tiktok网络异常解决方法,2026-09-08T01:38:00+00:00
seed,baidu,百度联想,https://suggestion.baidu.com/su?wd=tiktok%E7%BD%91%E7%BB%9C&cb=cb,tiktok网络,跨境平台,7,tiktok网络不稳定登录不上,tiktok网络不稳定登录不上,2026-09-08T01:38:00+00:00
seed,baidu,百度联想,https://suggestion.baidu.com/su?wd=tiktok%E7%BD%91%E7%BB%9C&cb=cb,tiktok网络,跨境平台,8,tiktok网络不稳定怎么办,tiktok网络不稳定怎么办,2026-09-08T01:38:00+00:00
seed,baidu,百度联想,https://suggestion.baidu.com/su?wd=tiktok%E7%BD%91%E7%BB%9C&cb=cb,tiktok网络,跨境平台,9,tiktok网络解决方案,tiktok网络解决方案,2026-09-08T01:38:00+00:00
seed,baidu,百度联想,https://suggestion.baidu.com/su?wd=tiktok%E7%BD%91%E7%BB%9C&cb=cb,tiktok网络,跨境平台,10,tiktok网络连接不稳定怎么解决,tiktok网络连接不稳定怎么解决,2026-09-08T01:38:00+00:00
seed,google_web,Google Web 联想,https://suggestqueries.google.com/complete/search?client=firefox&hl=zh-CN&gl=cn&q=%E4%BA%9A%E9%A9%AC%E9%80%8A%E7%BD%91%E7%BB%9C,亚马逊网络,跨境平台,1,亚马逊网络服务公司,亚马逊网络服务公司,2026-09-08T01:38:00+00:00
seed,google_web,Google Web 联想,https://suggestqueries.google.com/complete/search?client=firefox&hl=zh-CN&gl=cn&q=%E4%BA%9A%E9%A9%AC%E9%80%8A%E7%BD%91%E7%BB%9C,亚马逊网络,跨境平台,2,亚马逊网络,亚马逊网络,2026-09-08T01:38:00+00:00
seed,google_youtube,Google/YouTube 联想,https://suggestqueries.google.com/complete/search?client=firefox&hl=zh-CN&gl=cn&ds=yt&q=%E4%BA%9A%E9%A9%AC%E9%80%8A%E7%BD%91%E7%BB%9C,亚马逊网络,跨境平台,1,亚马逊 教程,亚马逊教程,2026-09-08T01:38:00+00:00
seed,bing_cn,Bing 中文联想,https://api.bing.com/osjson.aspx?query=%E4%BA%9A%E9%A9%AC%E9%80%8A%E7%BD%91%E7%BB%9C&mkt=zh-CN,亚马逊网络,跨境平台,1,亚马逊网络服务,亚马逊网络服务,2026-09-08T01:38:00+00:00
seed,bing_cn,Bing 中文联想,https://api.bing.com/osjson.aspx?query=%E4%BA%9A%E9%A9%AC%E9%80%8A%E7%BD%91%E7%BB%9C&mkt=zh-CN,亚马逊网络,跨境平台,2,亚马逊网络,亚马逊网络,2026-09-08T01:38:00+00:00
seed,bing_cn,Bing 中文联想,https://api.bing.com/osjson.aspx?query=%E4%BA%9A%E9%A9%AC%E9%80%8A%E7%BD%91%E7%BB%9C&mkt=zh-CN,亚马逊网络,跨境平台,3,亚马逊网络星期一,亚马逊网络星期一,2026-09-08T01:38:00+00:00
seed,bing_cn,Bing 中文联想,https://api.bing.com/osjson.aspx?query=%E4%BA%9A%E9%A9%AC%E9%80%8A%E7%BD%91%E7%BB%9C&mkt=zh-CN,亚马逊网络,跨境平台,4,亚马逊网络书店排行榜,亚马逊网络书店排行榜,2026-09-08T01:38:00+00:00
seed,bing_cn,Bing 中文联想,https://api.bing.com/osjson.aspx?query=%E4%BA%9A%E9%A9%AC%E9%80%8A%E7%BD%91%E7%BB%9C&mkt=zh-CN,亚马逊网络,跨境平台,5,亚马逊网络服务 aws,亚马逊网络服务aws,2026-09-08T01:38:00+00:00
seed,bing_cn,Bing 中文联想,https://api.bing.com/osjson.aspx?query=%E4%BA%9A%E9%A9%AC%E9%80%8A%E7%BD%91%E7%BB%9C&mkt=zh-CN,亚马逊网络,跨境平台,6,亚马逊网络关联,亚马逊网络关联,2026-09-08T01:38:00+00:00
seed,bing_cn,Bing 中文联想,https://api.bing.com/osjson.aspx?query=%E4%BA%9A%E9%A9%AC%E9%80%8A%E7%BD%91%E7%BB%9C&mkt=zh-CN,亚马逊网络,跨境平台,7,亚马逊网络服务是什么,亚马逊网络服务是什么,2026-09-08T01:38:00+00:00
seed,bing_cn,Bing 中文联想,https://api.bing.com/osjson.aspx?query=%E4%BA%9A%E9%A9%AC%E9%80%8A%E7%BD%91%E7%BB%9C&mkt=zh-CN,亚马逊网络,跨境平台,8,亚马逊网络服务公共数据集,亚马逊网络服务公共数据集,2026-09-08T01:38:00+00:00
seed,bing_cn,Bing 中文联想,https://api.bing.com/osjson.aspx?query=%E4%BA%9A%E9%A9%AC%E9%80%8A%E7%BD%91%E7%BB%9C&mkt=zh-CN,亚马逊网络,跨境平台,9,亚马逊网络开放数据注册表,亚马逊网络开放数据注册表,2026-09-08T01:38:00+00:00
seed,bing_cn,Bing 中文联想,https://api.bing.com/osjson.aspx?query=%E4%BA%9A%E9%A9%AC%E9%80%8A%E7%BD%91%E7%BB%9C&mkt=zh-CN,亚马逊网络,跨境平台,10,亚马逊网络安全,亚马逊网络安全,2026-09-08T01:38:00+00:00
seed,bing_cn,Bing 中文联想,https://api.bing.com/osjson.aspx?query=%E4%BA%9A%E9%A9%AC%E9%80%8A%E7%BD%91%E7%BB%9C&mkt=zh-CN,亚马逊网络,跨境平台,11,亚马逊网络服务公司,亚马逊网络服务公司,2026-09-08T01:38:00+00:00
seed,baidu,百度联想,https://suggestion.baidu.com/su?wd=%E4%BA%9A%E9%A9%AC%E9%80%8A%E7%BD%91%E7%BB%9C&cb=cb,亚马逊网络,跨境平台,1,亚马逊网络书店,亚马逊网络书店,2026-09-08T01:38:00+00:00
seed,baidu,百度联想,https://suggestion.baidu.com/su?wd=%E4%BA%9A%E9%A9%AC%E9%80%8A%E7%BD%91%E7%BB%9C&cb=cb,亚马逊网络,跨境平台,2,亚马逊网络服务,亚马逊网络服务,2026-09-08T01:38:00+00:00
seed,baidu,百度联想,https://suggestion.baidu.com/su?wd=%E4%BA%9A%E9%A9%AC%E9%80%8A%E7%BD%91%E7%BB%9C&cb=cb,亚马逊网络,跨境平台,3,亚马逊网络红人营销,亚马逊网络红人营销,2026-09-08T01:38:00+00:00
seed,baidu,百度联想,https://suggestion.baidu.com/su?wd=%E4%BA%9A%E9%A9%AC%E9%80%8A%E7%BD%91%E7%BB%9C&cb=cb,亚马逊网络,跨境平台,4,亚马逊网络星期一,亚马逊网络星期一,2026-09-08T01:38:00+00:00
seed,baidu,百度联想,https://suggestion.baidu.com/su?wd=%E4%BA%9A%E9%A9%AC%E9%80%8A%E7%BD%91%E7%BB%9C&cb=cb,亚马逊网络,跨境平台,5,亚马逊网络书店排行榜,亚马逊网络书店排行榜,2026-09-08T01:38:00+00:00
seed,baidu,百度联想,https://suggestion.baidu.com/su?wd=%E4%BA%9A%E9%A9%AC%E9%80%8A%E7%BD%91%E7%BB%9C&cb=cb,亚马逊网络,跨境平台,6,亚马逊网络服务有限责任公司,亚马逊网络服务有限责任公司,2026-09-08T01:38:00+00:00
seed,baidu,百度联想,https://suggestion.baidu.com/su?wd=%E4%BA%9A%E9%A9%AC%E9%80%8A%E7%BD%91%E7%BB%9C&cb=cb,亚马逊网络,跨境平台,7,亚马逊网络服务(AWS),亚马逊网络服务(aws),2026-09-08T01:38:00+00:00
seed,baidu,百度联想,https://suggestion.baidu.com/su?wd=%E4%BA%9A%E9%A9%AC%E9%80%8A%E7%BD%91%E7%BB%9C&cb=cb,亚马逊网络,跨境平台,8,亚马逊网络星期一是哪天,亚马逊网络星期一是哪天,2026-09-08T01:38:00+00:00
seed,baidu,百度联想,https://suggestion.baidu.com/su?wd=%E4%BA%9A%E9%A9%AC%E9%80%8A%E7%BD%91%E7%BB%9C&cb=cb,亚马逊网络,跨境平台,9,亚马逊网络书店(Amazon)的排行榜,亚马逊网络书店(amazon)的排行榜,2026-09-08T01:38:00+00:00
seed,baidu,百度联想,https://suggestion.baidu.com/su?wd=%E4%BA%9A%E9%A9%AC%E9%80%8A%E7%BD%91%E7%BB%9C&cb=cb,亚马逊网络,跨境平台,10,亚马逊网络关联具体有哪些原因,亚马逊网络关联具体有哪些原因,2026-09-08T01:38:00+00:00
seed,google_youtube,Google/YouTube 联想,https://suggestqueries.google.com/complete/search?client=firefox&hl=zh-CN&gl=cn&ds=yt&q=%E6%B5%B7%E5%A4%96%E7%9B%B4%E6%92%AD%E7%BD%91%E7%BB%9C,海外直播网络,跨境直播,1,海外直播app,海外直播app,2026-09-08T01:38:00+00:00
seed,google_youtube,Google/YouTube 联想,https://suggestqueries.google.com/complete/search?client=firefox&hl=zh-CN&gl=cn&ds=yt&q=%E6%B5%B7%E5%A4%96%E7%9B%B4%E6%92%AD%E7%BD%91%E7%BB%9C,海外直播网络,跨境直播,2,海外直播平台,海外直播平台,2026-09-08T01:38:00+00:00
seed,bing_cn,Bing 中文联想,https://api.bing.com/osjson.aspx?query=%E6%B5%B7%E5%A4%96%E7%9B%B4%E6%92%AD%E7%BD%91%E7%BB%9C&mkt=zh-CN,海外直播网络,跨境直播,1,海外直播网络,海外直播网络,2026-09-08T01:38:00+00:00
seed,bing_cn,Bing 中文联想,https://api.bing.com/osjson.aspx?query=%E6%B5%B7%E5%A4%96%E7%9B%B4%E6%92%AD%E7%BD%91%E7%BB%9C&mkt=zh-CN,海外直播网络,跨境直播,2,海外直播网络专线,海外直播网络专线,2026-09-08T01:38:00+00:00
seed,bing_cn,Bing 中文联想,https://api.bing.com/osjson.aspx?query=%E6%B5%B7%E5%A4%96%E7%9B%B4%E6%92%AD%E7%BD%91%E7%BB%9C&mkt=zh-CN,海外直播网络,跨境直播,3,海外网络电视直播,海外网络电视直播,2026-09-08T01:38:00+00:00
seed,bing_cn,Bing 中文联想,https://api.bing.com/osjson.aspx?query=%E6%B5%B7%E5%A4%96%E7%9B%B4%E6%92%AD%E7%BD%91%E7%BB%9C&mkt=zh-CN,海外直播网络,跨境直播,4,网络加速器海外直播,网络加速器海外直播,2026-09-08T01:38:00+00:00
seed,bing_cn,Bing 中文联想,https://api.bing.com/osjson.aspx?query=%E6%B5%B7%E5%A4%96%E7%9B%B4%E6%92%AD%E7%BD%91%E7%BB%9C&mkt=zh-CN,海外直播网络,跨境直播,5,tiktok海外直播网络专线,tiktok海外直播网络专线,2026-09-08T01:38:00+00:00
seed,baidu,百度联想,https://suggestion.baidu.com/su?wd=%E6%B5%B7%E5%A4%96%E7%9B%B4%E6%92%AD%E7%BD%91%E7%BB%9C&cb=cb,海外直播网络,跨境直播,1,海外直播网络专线,海外直播网络专线,2026-09-08T01:38:00+00:00
seed,baidu,百度联想,https://suggestion.baidu.com/su?wd=%E6%B5%B7%E5%A4%96%E7%9B%B4%E6%92%AD%E7%BD%91%E7%BB%9C&cb=cb,海外直播网络,跨境直播,2,海外直播网络搭建方法,海外直播网络搭建方法,2026-09-08T01:38:00+00:00
seed,baidu,百度联想,https://suggestion.baidu.com/su?wd=%E6%B5%B7%E5%A4%96%E7%9B%B4%E6%92%AD%E7%BD%91%E7%BB%9C&cb=cb,海外直播网络,跨境直播,3,海外直播网络专线价格,海外直播网络专线价格,2026-09-08T01:38:00+00:00
seed,baidu,百度联想,https://suggestion.baidu.com/su?wd=%E6%B5%B7%E5%A4%96%E7%9B%B4%E6%92%AD%E7%BD%91%E7%BB%9C&cb=cb,海外直播网络,跨境直播,4,海外直播网络搭建,海外直播网络搭建,2026-09-08T01:38:00+00:00
seed,baidu,百度联想,https://suggestion.baidu.com/su?wd=%E6%B5%B7%E5%A4%96%E7%9B%B4%E6%92%AD%E7%BD%91%E7%BB%9C&cb=cb,海外直播网络,跨境直播,5,海外直播网络怎么弄,海外直播网络怎么弄,2026-09-08T01:38:00+00:00
seed,baidu,百度联想,https://suggestion.baidu.com/su?wd=%E6%B5%B7%E5%A4%96%E7%9B%B4%E6%92%AD%E7%BD%91%E7%BB%9C&cb=cb,海外直播网络,跨境直播,6,海外直播网络怎么连接,海外直播网络怎么连接,2026-09-08T01:38:00+00:00
seed,baidu,百度联想,https://suggestion.baidu.com/su?wd=%E6%B5%B7%E5%A4%96%E7%9B%B4%E6%92%AD%E7%BD%91%E7%BB%9C&cb=cb,海外直播网络,跨境直播,7,海外直播网络连接失败,海外直播网络连接失败,2026-09-08T01:38:00+00:00
seed,baidu,百度联想,https://suggestion.baidu.com/su?wd=%E6%B5%B7%E5%A4%96%E7%9B%B4%E6%92%AD%E7%BD%91%E7%BB%9C&cb=cb,海外直播网络,跨境直播,8,海外直播的10大忠告,海外直播的10大忠告,2026-09-08T01:38:00+00:00
seed,baidu,百度联想,https://suggestion.baidu.com/su?wd=%E6%B5%B7%E5%A4%96%E7%9B%B4%E6%92%AD%E7%BD%91%E7%BB%9C&cb=cb,海外直播网络,跨境直播,9,海外直播平台scrip,海外直播平台scrip,2026-09-08T01:38:00+00:00
seed,baidu,百度联想,https://suggestion.baidu.com/su?wd=%E6%B5%B7%E5%A4%96%E7%9B%B4%E6%92%AD%E7%BD%91%E7%BB%9C&cb=cb,海外直播网络,跨境直播,10,海外直播啥意思,海外直播啥意思,2026-09-08T01:38:00+00:00
seed,google_youtube,Google/YouTube 联想,https://suggestqueries.google.com/complete/search?client=firefox&hl=zh-CN&gl=cn&ds=yt&q=%E8%B7%A8%E5%A2%83%E7%9B%B4%E6%92%AD%E7%BD%91%E7%BB%9C,跨境直播网络,跨境直播,1,跨境直播网络,跨境直播网络,2026-09-08T01:38:00+00:00
seed,google_youtube,Google/YouTube 联想,https://suggestqueries.google.com/complete/search?client=firefox&hl=zh-CN&gl=cn&ds=yt&q=%E8%B7%A8%E5%A2%83%E7%9B%B4%E6%92%AD%E7%BD%91%E7%BB%9C,跨境直播网络,跨境直播,2,tk直播网络,tk直播网络,2026-09-08T01:38:00+00:00
seed,google_youtube,Google/YouTube 联想,https://suggestqueries.google.com/complete/search?client=firefox&hl=zh-CN&gl=cn&ds=yt&q=%E8%B7%A8%E5%A2%83%E7%9B%B4%E6%92%AD%E7%BD%91%E7%BB%9C,跨境直播网络,跨境直播,3,tiktok直播网络,tiktok直播网络,2026-09-08T01:38:00+00:00
seed,bing_cn,Bing 中文联想,https://api.bing.com/osjson.aspx?query=%E8%B7%A8%E5%A2%83%E7%9B%B4%E6%92%AD%E7%BD%91%E7%BB%9C&mkt=zh-CN,跨境直播网络,跨境直播,1,跨境直播网络搭建,跨境直播网络搭建,2026-09-08T01:38:00+00:00
seed,bing_cn,Bing 中文联想,https://api.bing.com/osjson.aspx?query=%E8%B7%A8%E5%A2%83%E7%9B%B4%E6%92%AD%E7%BD%91%E7%BB%9C&mkt=zh-CN,跨境直播网络,跨境直播,2,跨境直播网络问题,跨境直播网络问题,2026-09-08T01:38:00+00:00
seed,bing_cn,Bing 中文联想,https://api.bing.com/osjson.aspx?query=%E8%B7%A8%E5%A2%83%E7%9B%B4%E6%92%AD%E7%BD%91%E7%BB%9C&mkt=zh-CN,跨境直播网络,跨境直播,3,跨境电商英文网络直播中的中国文化传播研究,跨境电商英文网络直播中的中国文化传播研究,2026-09-08T01:38:00+00:00
seed,bing_cn,Bing 中文联想,https://api.bing.com/osjson.aspx?query=%E8%B7%A8%E5%A2%83%E7%9B%B4%E6%92%AD%E7%BD%91%E7%BB%9C&mkt=zh-CN,跨境直播网络,跨境直播,4,跨境电商直播网络,跨境电商直播网络,2026-09-08T01:38:00+00:00
seed,bing_cn,Bing 中文联想,https://api.bing.com/osjson.aspx?query=%E8%B7%A8%E5%A2%83%E7%9B%B4%E6%92%AD%E7%BD%91%E7%BB%9C&mkt=zh-CN,跨境直播网络,跨境直播,5,跨境电商网络直播带货的机遇与挑战,跨境电商网络直播带货的机遇与挑战,2026-09-08T01:38:00+00:00
seed,baidu,百度联想,https://suggestion.baidu.com/su?wd=%E8%B7%A8%E5%A2%83%E7%9B%B4%E6%92%AD%E7%BD%91%E7%BB%9C&cb=cb,跨境直播网络,跨境直播,1,跨境直播网络专线,跨境直播网络专线,2026-09-08T01:38:00+00:00
seed,baidu,百度联想,https://suggestion.baidu.com/su?wd=%E8%B7%A8%E5%A2%83%E7%9B%B4%E6%92%AD%E7%BD%91%E7%BB%9C&cb=cb,跨境直播网络,跨境直播,2,跨境直播网络怎么解决,跨境直播网络怎么解决,2026-09-08T01:38:00+00:00
seed,baidu,百度联想,https://suggestion.baidu.com/su?wd=%E8%B7%A8%E5%A2%83%E7%9B%B4%E6%92%AD%E7%BD%91%E7%BB%9C&cb=cb,跨境直播网络,跨境直播,3,跨境直播网络测试,跨境直播网络测试,2026-09-08T01:38:00+00:00
seed,baidu,百度联想,https://suggestion.baidu.com/su?wd=%E8%B7%A8%E5%A2%83%E7%9B%B4%E6%92%AD%E7%BD%91%E7%BB%9C&cb=cb,跨境直播网络,跨境直播,4,跨境直播网络专线头像图,跨境直播网络专线头像图,2026-09-08T01:38:00+00:00
seed,baidu,百度联想,https://suggestion.baidu.com/su?wd=%E8%B7%A8%E5%A2%83%E7%9B%B4%E6%92%AD%E7%BD%91%E7%BB%9C&cb=cb,跨境直播网络,跨境直播,5,跨境直播网络用什么设备,跨境直播网络用什么设备,2026-09-08T01:38:00+00:00
seed,baidu,百度联想,https://suggestion.baidu.com/su?wd=%E8%B7%A8%E5%A2%83%E7%9B%B4%E6%92%AD%E7%BD%91%E7%BB%9C&cb=cb,跨境直播网络,跨境直播,6,跨境直播网络如何检查网络干不干净,跨境直播网络如何检查网络干不干净,2026-09-08T01:38:00+00:00
seed,baidu,百度联想,https://suggestion.baidu.com/su?wd=%E8%B7%A8%E5%A2%83%E7%9B%B4%E6%92%AD%E7%BD%91%E7%BB%9C&cb=cb,跨境直播网络,跨境直播,7,跨境直播平台有哪些,跨境直播平台有哪些,2026-09-08T01:38:00+00:00
seed,baidu,百度联想,https://suggestion.baidu.com/su?wd=%E8%B7%A8%E5%A2%83%E7%9B%B4%E6%92%AD%E7%BD%91%E7%BB%9C&cb=cb,跨境直播网络,跨境直播,8,跨境直播怎么做,跨境直播怎么做,2026-09-08T01:38:00+00:00
seed,baidu,百度联想,https://suggestion.baidu.com/su?wd=%E8%B7%A8%E5%A2%83%E7%9B%B4%E6%92%AD%E7%BD%91%E7%BB%9C&cb=cb,跨境直播网络,跨境直播,9,跨境直播,跨境直播,2026-09-08T01:38:00+00:00
seed,baidu,百度联想,https://suggestion.baidu.com/su?wd=%E8%B7%A8%E5%A2%83%E7%9B%B4%E6%92%AD%E7%BD%91%E7%BB%9C&cb=cb,跨境直播网络,跨境直播,10,跨境直播电商,跨境直播电商,2026-09-08T01:38:00+00:00
seed,google_web,Google Web 联想,https://suggestqueries.google.com/complete/search?client=firefox&hl=zh-CN&gl=cn&q=%E5%9B%9E%E5%9B%BD%E5%8A%A0%E9%80%9F%E5%99%A8,回国加速器,跨境网络,1,回国加速器,回国加速器,2026-09-08T01:38:00+00:00
seed,google_web,Google Web 联想,https://suggestqueries.google.com/complete/search?client=firefox&hl=zh-CN&gl=cn&q=%E5%9B%9E%E5%9B%BD%E5%8A%A0%E9%80%9F%E5%99%A8,回国加速器,跨境网络,2,回国加速器免費,回国加速器免费,2026-09-08T01:38:00+00:00
seed,google_web,Google Web 联想,https://suggestqueries.google.com/complete/search?client=firefox&hl=zh-CN&gl=cn&q=%E5%9B%9E%E5%9B%BD%E5%8A%A0%E9%80%9F%E5%99%A8,回国加速器,跨境网络,3,回国加速器vpn,回国加速器vpn,2026-09-08T01:38:00+00:00
seed,google_web,Google Web 联想,https://suggestqueries.google.com/complete/search?client=firefox&hl=zh-CN&gl=cn&q=%E5%9B%9E%E5%9B%BD%E5%8A%A0%E9%80%9F%E5%99%A8,回国加速器,跨境网络,4,回国加速器下载,回国加速器下载,2026-09-08T01:38:00+00:00
seed,google_web,Google Web 联想,https://suggestqueries.google.com/complete/search?client=firefox&hl=zh-CN&gl=cn&q=%E5%9B%9E%E5%9B%BD%E5%8A%A0%E9%80%9F%E5%99%A8,回国加速器,跨境网络,5,回国加速器游戏,回国加速器游戏,2026-09-08T01:38:00+00:00
seed,google_web,Google Web 联想,https://suggestqueries.google.com/complete/search?client=firefox&hl=zh-CN&gl=cn&q=%E5%9B%9E%E5%9B%BD%E5%8A%A0%E9%80%9F%E5%99%A8,回国加速器,跨境网络,6,回国加速器哪个好用,回国加速器哪个好用,2026-09-08T01:38:00+00:00
seed,google_web,Google Web 联想,https://suggestqueries.google.com/complete/search?client=firefox&hl=zh-CN&gl=cn&q=%E5%9B%9E%E5%9B%BD%E5%8A%A0%E9%80%9F%E5%99%A8,回国加速器,跨境网络,7,回国加速器有哪些,回国加速器有哪些,2026-09-08T01:38:00+00:00
seed,google_web,Google Web 联想,https://suggestqueries.google.com/complete/search?client=firefox&hl=zh-CN&gl=cn&q=%E5%9B%9E%E5%9B%BD%E5%8A%A0%E9%80%9F%E5%99%A8,回国加速器,跨境网络,8,回国加速器pc,回国加速器pc,2026-09-08T01:38:00+00:00
seed,google_youtube,Google/YouTube 联想,https://suggestqueries.google.com/complete/search?client=firefox&hl=zh-CN&gl=cn&ds=yt&q=%E5%9B%9E%E5%9B%BD%E5%8A%A0%E9%80%9F%E5%99%A8,回国加速器,跨境网络,1,回国加速器,回国加速器,2026-09-08T01:38:00+00:00
seed,google_youtube,Google/YouTube 联想,https://suggestqueries.google.com/complete/search?client=firefox&hl=zh-CN&gl=cn&ds=yt&q=%E5%9B%9E%E5%9B%BD%E5%8A%A0%E9%80%9F%E5%99%A8,回国加速器,跨境网络,2,回国加速器免費,回国加速器免费,2026-09-08T01:38:00+00:00
seed,google_youtube,Google/YouTube 联想,https://suggestqueries.google.com/complete/search?client=firefox&hl=zh-CN&gl=cn&ds=yt&q=%E5%9B%9E%E5%9B%BD%E5%8A%A0%E9%80%9F%E5%99%A8,回国加速器,跨境网络,3,回国vpn免费,回国vpn免费,2026-09-08T01:38:00+00:00
seed,google_youtube,Google/YouTube 联想,https://suggestqueries.google.com/complete/search?client=firefox&hl=zh-CN&gl=cn&ds=yt&q=%E5%9B%9E%E5%9B%BD%E5%8A%A0%E9%80%9F%E5%99%A8,回国加速器,跨境网络,4,回国vpn免費,回国vpn免费,2026-09-08T01:38:00+00:00
seed,google_youtube,Google/YouTube 联想,https://suggestqueries.google.com/complete/search?client=firefox&hl=zh-CN&gl=cn&ds=yt&q=%E5%9B%9E%E5%9B%BD%E5%8A%A0%E9%80%9F%E5%99%A8,回国加速器,跨境网络,5,回国vpn推荐,回国vpn推荐,2026-09-08T01:38:00+00:00
seed,google_youtube,Google/YouTube 联想,https://suggestqueries.google.com/complete/search?client=firefox&hl=zh-CN&gl=cn&ds=yt&q=%E5%9B%9E%E5%9B%BD%E5%8A%A0%E9%80%9F%E5%99%A8,回国加速器,跨境网络,6,免费vpn回国,免费vpn回国,2026-09-08T01:38:00+00:00
seed,bing_cn,Bing 中文联想,https://api.bing.com/osjson.aspx?query=%E5%9B%9E%E5%9B%BD%E5%8A%A0%E9%80%9F%E5%99%A8&mkt=zh-CN,回国加速器,跨境网络,1,回国加速器,回国加速器,2026-09-08T01:38:00+00:00
seed,bing_cn,Bing 中文联想,https://api.bing.com/osjson.aspx?query=%E5%9B%9E%E5%9B%BD%E5%8A%A0%E9%80%9F%E5%99%A8&mkt=zh-CN,回国加速器,跨境网络,2,回国加速器免费,回国加速器免费,2026-09-08T01:38:00+00:00
seed,bing_cn,Bing 中文联想,https://api.bing.com/osjson.aspx?query=%E5%9B%9E%E5%9B%BD%E5%8A%A0%E9%80%9F%E5%99%A8&mkt=zh-CN,回国加速器,跨境网络,3,回国加速器推荐,回国加速器推荐,2026-09-08T01:38:00+00:00
seed,bing_cn,Bing 中文联想,https://api.bing.com/osjson.aspx?query=%E5%9B%9E%E5%9B%BD%E5%8A%A0%E9%80%9F%E5%99%A8&mkt=zh-CN,回国加速器,跨境网络,4,回国加速器游戏,回国加速器游戏,2026-09-08T01:38:00+00:00
seed,bing_cn,Bing 中文联想,https://api.bing.com/osjson.aspx?query=%E5%9B%9E%E5%9B%BD%E5%8A%A0%E9%80%9F%E5%99%A8&mkt=zh-CN,回国加速器,跨境网络,5,回国加速器官网,回国加速器官网,2026-09-08T01:38:00+00:00
seed,bing_cn,Bing 中文联想,https://api.bing.com/osjson.aspx?query=%E5%9B%9E%E5%9B%BD%E5%8A%A0%E9%80%9F%E5%99%A8&mkt=zh-CN,回国加速器,跨境网络,6,回国加速器永久免费版,回国加速器永久免费版,2026-09-08T01:38:00+00:00
seed,bing_cn,Bing 中文联想,https://api.bing.com/osjson.aspx?query=%E5%9B%9E%E5%9B%BD%E5%8A%A0%E9%80%9F%E5%99%A8&mkt=zh-CN,回国加速器,跨境网络,7,回国加速器vpn,回国加速器vpn,2026-09-08T01:38:00+00:00
seed,bing_cn,Bing 中文联想,https://api.bing.com/osjson.aspx?query=%E5%9B%9E%E5%9B%BD%E5%8A%A0%E9%80%9F%E5%99%A8&mkt=zh-CN,回国加速器,跨境网络,8,回国加速器电脑版,回国加速器电脑版,2026-09-08T01:38:00+00:00
seed,bing_cn,Bing 中文联想,https://api.bing.com/osjson.aspx?query=%E5%9B%9E%E5%9B%BD%E5%8A%A0%E9%80%9F%E5%99%A8&mkt=zh-CN,回国加速器,跨境网络,9,回国加速器sixfast,回国加速器sixfast,2026-09-08T01:38:00+00:00
seed,bing_cn,Bing 中文联想,https://api.bing.com/osjson.aspx?query=%E5%9B%9E%E5%9B%BD%E5%8A%A0%E9%80%9F%E5%99%A8&mkt=zh-CN,回国加速器,跨境网络,10,回国加速器免费永久版,回国加速器免费永久版,2026-09-08T01:38:00+00:00
seed,bing_cn,Bing 中文联想,https://api.bing.com/osjson.aspx?query=%E5%9B%9E%E5%9B%BD%E5%8A%A0%E9%80%9F%E5%99%A8&mkt=zh-CN,回国加速器,跨境网络,11,回国加速器网页版,回国加速器网页版,2026-09-08T01:38:00+00:00
seed,bing_cn,Bing 中文联想,https://api.bing.com/osjson.aspx?query=%E5%9B%9E%E5%9B%BD%E5%8A%A0%E9%80%9F%E5%99%A8&mkt=zh-CN,回国加速器,跨境网络,12,回国加速器免费 电脑,回国加速器免费电脑,2026-09-08T01:38:00+00:00
seed,google_web,Google Web 联想,https://suggestqueries.google.com/complete/search?client=firefox&hl=zh-CN&gl=cn&q=%E7%BD%91%E7%BB%9C%E5%8A%A0%E9%80%9F,网络加速,网络加速,1,网络加速器,网络加速器,2026-09-08T01:38:00+00:00
seed,google_web,Google Web 联想,https://suggestqueries.google.com/complete/search?client=firefox&hl=zh-CN&gl=cn&q=%E7%BD%91%E7%BB%9C%E5%8A%A0%E9%80%9F,网络加速,网络加速,2,网络加速,网络加速,2026-09-08T01:38:00+00:00
seed,google_web,Google Web 联想,https://suggestqueries.google.com/complete/search?client=firefox&hl=zh-CN&gl=cn&q=%E7%BD%91%E7%BB%9C%E5%8A%A0%E9%80%9F,网络加速,网络加速,3,网络加速器vpn,网络加速器vpn,2026-09-08T01:38:00+00:00
seed,google_web,Google Web 联想,https://suggestqueries.google.com/complete/search?client=firefox&hl=zh-CN&gl=cn&q=%E7%BD%91%E7%BB%9C%E5%8A%A0%E9%80%9F,网络加速,网络加速,4,网络加速vpn,网络加速vpn,2026-09-08T01:38:00+00:00
seed,google_web,Google Web 联想,https://suggestqueries.google.com/complete/search?client=firefox&hl=zh-CN&gl=cn&q=%E7%BD%91%E7%BB%9C%E5%8A%A0%E9%80%9F,网络加速,网络加速,5,网络加速器下载,网络加速器下载,2026-09-08T01:38:00+00:00
seed,google_web,Google Web 联想,https://suggestqueries.google.com/complete/search?client=firefox&hl=zh-CN&gl=cn&q=%E7%BD%91%E7%BB%9C%E5%8A%A0%E9%80%9F,网络加速,网络加速,6,网络加速服务,网络加速服务,2026-09-08T01:38:00+00:00
seed,google_web,Google Web 联想,https://suggestqueries.google.com/complete/search?client=firefox&hl=zh-CN&gl=cn&q=%E7%BD%91%E7%BB%9C%E5%8A%A0%E9%80%9F,网络加速,网络加速,7,网络加速器香港,网络加速器香港,2026-09-08T01:38:00+00:00
seed,google_youtube,Google/YouTube 联想,https://suggestqueries.google.com/complete/search?client=firefox&hl=zh-CN&gl=cn&ds=yt&q=%E7%BD%91%E7%BB%9C%E5%8A%A0%E9%80%9F,网络加速,网络加速,1,网络加速,网络加速,2026-09-08T01:38:00+00:00
seed,google_youtube,Google/YouTube 联想,https://suggestqueries.google.com/complete/search?client=firefox&hl=zh-CN&gl=cn&ds=yt&q=%E7%BD%91%E7%BB%9C%E5%8A%A0%E9%80%9F,网络加速,网络加速,2,网络加速器,网络加速器,2026-09-08T01:38:00+00:00
seed,bing_cn,Bing 中文联想,https://api.bing.com/osjson.aspx?query=%E7%BD%91%E7%BB%9C%E5%8A%A0%E9%80%9F&mkt=zh-CN,网络加速,网络加速,1,网络加速器,网络加速器,2026-09-08T01:38:00+00:00
seed,bing_cn,Bing 中文联想,https://api.bing.com/osjson.aspx?query=%E7%BD%91%E7%BB%9C%E5%8A%A0%E9%80%9F&mkt=zh-CN,网络加速,网络加速,2,网络加速免费版,网络加速免费版,2026-09-08T01:38:00+00:00
seed,bing_cn,Bing 中文联想,https://api.bing.com/osjson.aspx?query=%E7%BD%91%E7%BB%9C%E5%8A%A0%E9%80%9F&mkt=zh-CN,网络加速,网络加速,3,网络加速器下载,网络加速器下载,2026-09-08T01:38:00+00:00
seed,bing_cn,Bing 中文联想,https://api.bing.com/osjson.aspx?query=%E7%BD%91%E7%BB%9C%E5%8A%A0%E9%80%9F&mkt=zh-CN,网络加速,网络加速,4,网络加速器免费,网络加速器免费,2026-09-08T01:38:00+00:00
seed,bing_cn,Bing 中文联想,https://api.bing.com/osjson.aspx?query=%E7%BD%91%E7%BB%9C%E5%8A%A0%E9%80%9F&mkt=zh-CN,网络加速,网络加速,5,网络加速工具,网络加速工具,2026-09-08T01:38:00+00:00
seed,bing_cn,Bing 中文联想,https://api.bing.com/osjson.aspx?query=%E7%BD%91%E7%BB%9C%E5%8A%A0%E9%80%9F&mkt=zh-CN,网络加速,网络加速,6,网络加速服务,网络加速服务,2026-09-08T01:38:00+00:00
seed,bing_cn,Bing 中文联想,https://api.bing.com/osjson.aspx?query=%E7%BD%91%E7%BB%9C%E5%8A%A0%E9%80%9F&mkt=zh-CN,网络加速,网络加速,7,网络加速器vpn,网络加速器vpn,2026-09-08T01:38:00+00:00
seed,bing_cn,Bing 中文联想,https://api.bing.com/osjson.aspx?query=%E7%BD%91%E7%BB%9C%E5%8A%A0%E9%80%9F&mkt=zh-CN,网络加速,网络加速,8,网络加速软件,网络加速软件,2026-09-08T01:38:00+00:00
seed,bing_cn,Bing 中文联想,https://api.bing.com/osjson.aspx?query=%E7%BD%91%E7%BB%9C%E5%8A%A0%E9%80%9F&mkt=zh-CN,网络加速,网络加速,9,网络加速器推荐,网络加速器推荐,2026-09-08T01:38:00+00:00
seed,bing_cn,Bing 中文联想,https://api.bing.com/osjson.aspx?query=%E7%BD%91%E7%BB%9C%E5%8A%A0%E9%80%9F&mkt=zh-CN,网络加速,网络加速,10,网络加速器-免费vpn 免费代理,网络加速器-免费vpn免费代理,2026-09-08T01:38:00+00:00
seed,bing_cn,Bing 中文联想,https://api.bing.com/osjson.aspx?query=%E7%BD%91%E7%BB%9C%E5%8A%A0%E9%80%9F&mkt=zh-CN,网络加速,网络加速,11,网络加速器试用,网络加速器试用,2026-09-08T01:38:00+00:00
seed,bing_cn,Bing 中文联想,https://api.bing.com/osjson.aspx?query=%E7%BD%91%E7%BB%9C%E5%8A%A0%E9%80%9F&mkt=zh-CN,网络加速,网络加速,12,网络加速器免费版,网络加速器免费版,2026-09-08T01:38:00+00:00
seed,baidu,百度联想,https://suggestion.baidu.com/su?wd=%E7%BD%91%E7%BB%9C%E5%8A%A0%E9%80%9F&cb=cb,网络加速,网络加速,1,网络加速怎么设置,网络加速怎么设置,2026-09-08T01:38:00+00:00
seed,baidu,百度联想,https://suggestion.baidu.com/su?wd=%E7%BD%91%E7%BB%9C%E5%8A%A0%E9%80%9F&cb=cb,网络加速,网络加速,2,网络加速工具是什么,网络加速工具是什么,2026-09-08T01:38:00+00:00
seed,baidu,百度联想,https://suggestion.baidu.com/su?wd=%E7%BD%91%E7%BB%9C%E5%8A%A0%E9%80%9F&cb=cb,网络加速,网络加速,3,网络加速开启好还是关闭好,网络加速开启好还是关闭好,2026-09-08T01:38:00+00:00
seed,baidu,百度联想,https://suggestion.baidu.com/su?wd=%E7%BD%91%E7%BB%9C%E5%8A%A0%E9%80%9F&cb=cb,网络加速,网络加速,4,网络加速是啥意思,网络加速是啥意思,2026-09-08T01:38:00+00:00
seed,baidu,百度联想,https://suggestion.baidu.com/su?wd=%E7%BD%91%E7%BB%9C%E5%8A%A0%E9%80%9F&cb=cb,网络加速,网络加速,5,网络加速开好还是不开好,网络加速开好还是不开好,2026-09-08T01:38:00+00:00
seed,baidu,百度联想,https://suggestion.baidu.com/su?wd=%E7%BD%91%E7%BB%9C%E5%8A%A0%E9%80%9F&cb=cb,网络加速,网络加速,6,网络加速在哪里设置,网络加速在哪里设置,2026-09-08T01:38:00+00:00
seed,baidu,百度联想,https://suggestion.baidu.com/su?wd=%E7%BD%91%E7%BB%9C%E5%8A%A0%E9%80%9F&cb=cb,网络加速,网络加速,7,网络加速收费吗?,网络加速收费吗,2026-09-08T01:38:00+00:00
seed,baidu,百度联想,https://suggestion.baidu.com/su?wd=%E7%BD%91%E7%BB%9C%E5%8A%A0%E9%80%9F&cb=cb,网络加速,网络加速,8,网络加速什么意思,网络加速什么意思,2026-09-08T01:38:00+00:00
seed,baidu,百度联想,https://suggestion.baidu.com/su?wd=%E7%BD%91%E7%BB%9C%E5%8A%A0%E9%80%9F&cb=cb,网络加速,网络加速,9,网络加速怎么关闭,网络加速怎么关闭,2026-09-08T01:38:00+00:00
seed,baidu,百度联想,https://suggestion.baidu.com/su?wd=%E7%BD%91%E7%BB%9C%E5%8A%A0%E9%80%9F&cb=cb,网络加速,网络加速,10,网络加速在哪里关闭,网络加速在哪里关闭,2026-09-08T01:38:00+00:00
seed,google_web,Google Web 联想,https://suggestqueries.google.com/complete/search?client=firefox&hl=zh-CN&gl=cn&q=%E7%BD%91%E7%BB%9C%E5%8A%A0%E9%80%9F%E5%99%A8,网络加速器,网络加速,1,网络加速器,网络加速器,2026-09-08T01:38:00+00:00
seed,google_web,Google Web 联想,https://suggestqueries.google.com/complete/search?client=firefox&hl=zh-CN&gl=cn&q=%E7%BD%91%E7%BB%9C%E5%8A%A0%E9%80%9F%E5%99%A8,网络加速器,网络加速,2,网络加速器vpn,网络加速器vpn,2026-09-08T01:38:00+00:00
seed,google_web,Google Web 联想,https://suggestqueries.google.com/complete/search?client=firefox&hl=zh-CN&gl=cn&q=%E7%BD%91%E7%BB%9C%E5%8A%A0%E9%80%9F%E5%99%A8,网络加速器,网络加速,3,网络加速器下载,网络加速器下载,2026-09-08T01:38:00+00:00
seed,google_web,Google Web 联想,https://suggestqueries.google.com/complete/search?client=firefox&hl=zh-CN&gl=cn&q=%E7%BD%91%E7%BB%9C%E5%8A%A0%E9%80%9F%E5%99%A8,网络加速器,网络加速,4,网络加速器香港,网络加速器香港,2026-09-08T01:38:00+00:00
seed,google_youtube,Google/YouTube 联想,https://suggestqueries.google.com/complete/search?client=firefox&hl=zh-CN&gl=cn&ds=yt&q=%E7%BD%91%E7%BB%9C%E5%8A%A0%E9%80%9F%E5%99%A8,网络加速器,网络加速,1,网络加速器,网络加速器,2026-09-08T01:38:00+00:00
seed,google_youtube,Google/YouTube 联想,https://suggestqueries.google.com/complete/search?client=firefox&hl=zh-CN&gl=cn&ds=yt&q=%E7%BD%91%E7%BB%9C%E5%8A%A0%E9%80%9F%E5%99%A8,网络加速器,网络加速,2,电脑vpn翻墙,电脑vpn翻墙,2026-09-08T01:38:00+00:00
seed,bing_cn,Bing 中文联想,https://api.bing.com/osjson.aspx?query=%E7%BD%91%E7%BB%9C%E5%8A%A0%E9%80%9F%E5%99%A8&mkt=zh-CN,网络加速器,网络加速,1,网络加速器,网络加速器,2026-09-08T01:38:00+00:00
seed,bing_cn,Bing 中文联想,https://api.bing.com/osjson.aspx?query=%E7%BD%91%E7%BB%9C%E5%8A%A0%E9%80%9F%E5%99%A8&mkt=zh-CN,网络加速器,网络加速,2,网络加速器下载,网络加速器下载,2026-09-08T01:38:00+00:00
seed,bing_cn,Bing 中文联想,https://api.bing.com/osjson.aspx?query=%E7%BD%91%E7%BB%9C%E5%8A%A0%E9%80%9F%E5%99%A8&mkt=zh-CN,网络加速器,网络加速,3,网络加速器免费,网络加速器免费,2026-09-08T01:38:00+00:00
seed,bing_cn,Bing 中文联想,https://api.bing.com/osjson.aspx?query=%E7%BD%91%E7%BB%9C%E5%8A%A0%E9%80%9F%E5%99%A8&mkt=zh-CN,网络加速器,网络加速,4,网络加速器vpn,网络加速器vpn,2026-09-08T01:38:00+00:00
seed,bing_cn,Bing 中文联想,https://api.bing.com/osjson.aspx?query=%E7%BD%91%E7%BB%9C%E5%8A%A0%E9%80%9F%E5%99%A8&mkt=zh-CN,网络加速器,网络加速,5,网络加速器推荐,网络加速器推荐,2026-09-08T01:38:00+00:00
seed,bing_cn,Bing 中文联想,https://api.bing.com/osjson.aspx?query=%E7%BD%91%E7%BB%9C%E5%8A%A0%E9%80%9F%E5%99%A8&mkt=zh-CN,网络加速器,网络加速,6,网络加速器-免费vpn 免费代理,网络加速器-免费vpn免费代理,2026-09-08T01:38:00+00:00
seed,bing_cn,Bing 中文联想,https://api.bing.com/osjson.aspx?query=%E7%BD%91%E7%BB%9C%E5%8A%A0%E9%80%9F%E5%99%A8&mkt=zh-CN,网络加速器,网络加速,7,网络加速器试用,网络加速器试用,2026-09-08T01:38:00+00:00
seed,bing_cn,Bing 中文联想,https://api.bing.com/osjson.aspx?query=%E7%BD%91%E7%BB%9C%E5%8A%A0%E9%80%9F%E5%99%A8&mkt=zh-CN,网络加速器,网络加速,8,网络加速器原理,网络加速器原理,2026-09-08T01:38:00+00:00
seed,bing_cn,Bing 中文联想,https://api.bing.com/osjson.aspx?query=%E7%BD%91%E7%BB%9C%E5%8A%A0%E9%80%9F%E5%99%A8&mkt=zh-CN,网络加速器,网络加速,9,网络加速器免费版,网络加速器免费版,2026-09-08T01:38:00+00:00
seed,bing_cn,Bing 中文联想,https://api.bing.com/osjson.aspx?query=%E7%BD%91%E7%BB%9C%E5%8A%A0%E9%80%9F%E5%99%A8&mkt=zh-CN,网络加速器,网络加速,10,网络加速器app,网络加速器app,2026-09-08T01:38:00+00:00
seed,bing_cn,Bing 中文联想,https://api.bing.com/osjson.aspx?query=%E7%BD%91%E7%BB%9C%E5%8A%A0%E9%80%9F%E5%99%A8&mkt=zh-CN,网络加速器,网络加速,11,网络加速器免费下载,网络加速器免费下载,2026-09-08T01:38:00+00:00
seed,bing_cn,Bing 中文联想,https://api.bing.com/osjson.aspx?query=%E7%BD%91%E7%BB%9C%E5%8A%A0%E9%80%9F%E5%99%A8&mkt=zh-CN,网络加速器,网络加速,12,网络加速器免费加速,网络加速器免费加速,2026-09-08T01:38:00+00:00
seed,google_web,Google Web 联想,https://suggestqueries.google.com/complete/search?client=firefox&hl=zh-CN&gl=cn&q=%E6%B8%B8%E6%88%8F%E5%8A%A0%E9%80%9F%E5%99%A8,游戏加速器,游戏加速,1,游戏加速器,游戏加速器,2026-09-08T01:38:00+00:00
seed,google_web,Google Web 联想,https://suggestqueries.google.com/complete/search?client=firefox&hl=zh-CN&gl=cn&q=%E6%B8%B8%E6%88%8F%E5%8A%A0%E9%80%9F%E5%99%A8,游戏加速器,游戏加速,2,游戏加速器免費,游戏加速器免费,2026-09-08T01:38:00+00:00
seed,google_web,Google Web 联想,https://suggestqueries.google.com/complete/search?client=firefox&hl=zh-CN&gl=cn&q=%E6%B8%B8%E6%88%8F%E5%8A%A0%E9%80%9F%E5%99%A8,游戏加速器,游戏加速,3,游戏加速器和vpn的区别,游戏加速器和vpn的区别,2026-09-08T01:38:00+00:00
seed,google_web,Google Web 联想,https://suggestqueries.google.com/complete/search?client=firefox&hl=zh-CN&gl=cn&q=%E6%B8%B8%E6%88%8F%E5%8A%A0%E9%80%9F%E5%99%A8,游戏加速器,游戏加速,4,游戏加速器海外版,游戏加速器海外版,2026-09-08T01:38:00+00:00
seed,google_web,Google Web 联想,https://suggestqueries.google.com/complete/search?client=firefox&hl=zh-CN&gl=cn&q=%E6%B8%B8%E6%88%8F%E5%8A%A0%E9%80%9F%E5%99%A8,游戏加速器,游戏加速,5,游戏加速器台湾,游戏加速器台湾,2026-09-08T01:38:00+00:00
seed,google_web,Google Web 联想,https://suggestqueries.google.com/complete/search?client=firefox&hl=zh-CN&gl=cn&q=%E6%B8%B8%E6%88%8F%E5%8A%A0%E9%80%9F%E5%99%A8,游戏加速器,游戏加速,6,游戏加速器有用吗,游戏加速器有用吗,2026-09-08T01:38:00+00:00
seed,google_web,Google Web 联想,https://suggestqueries.google.com/complete/search?client=firefox&hl=zh-CN&gl=cn&q=%E6%B8%B8%E6%88%8F%E5%8A%A0%E9%80%9F%E5%99%A8,游戏加速器,游戏加速,7,游戏加速器vpn,游戏加速器vpn,2026-09-08T01:38:00+00:00
seed,google_web,Google Web 联想,https://suggestqueries.google.com/complete/search?client=firefox&hl=zh-CN&gl=cn&q=%E6%B8%B8%E6%88%8F%E5%8A%A0%E9%80%9F%E5%99%A8,游戏加速器,游戏加速,8,游戏加速器推荐dcard,游戏加速器推荐dcard,2026-09-08T01:38:00+00:00
seed,google_web,Google Web 联想,https://suggestqueries.google.com/complete/search?client=firefox&hl=zh-CN&gl=cn&q=%E6%B8%B8%E6%88%8F%E5%8A%A0%E9%80%9F%E5%99%A8,游戏加速器,游戏加速,9,游戏加速器英文,游戏加速器英文,2026-09-08T01:38:00+00:00
seed,google_web,Google Web 联想,https://suggestqueries.google.com/complete/search?client=firefox&hl=zh-CN&gl=cn&q=%E6%B8%B8%E6%88%8F%E5%8A%A0%E9%80%9F%E5%99%A8,游戏加速器,游戏加速,10,游戏加速器推荐手机,游戏加速器推荐手机,2026-09-08T01:38:00+00:00
seed,google_youtube,Google/YouTube 联想,https://suggestqueries.google.com/complete/search?client=firefox&hl=zh-CN&gl=cn&ds=yt&q=%E6%B8%B8%E6%88%8F%E5%8A%A0%E9%80%9F%E5%99%A8,游戏加速器,游戏加速,1,游戏加速器,游戏加速器,2026-09-08T01:38:00+00:00
seed,google_youtube,Google/YouTube 联想,https://suggestqueries.google.com/complete/search?client=firefox&hl=zh-CN&gl=cn&ds=yt&q=%E6%B8%B8%E6%88%8F%E5%8A%A0%E9%80%9F%E5%99%A8,游戏加速器,游戏加速,2,游戏加速器搭建,游戏加速器搭建,2026-09-08T01:38:00+00:00
seed,google_youtube,Google/YouTube 联想,https://suggestqueries.google.com/complete/search?client=firefox&hl=zh-CN&gl=cn&ds=yt&q=%E6%B8%B8%E6%88%8F%E5%8A%A0%E9%80%9F%E5%99%A8,游戏加速器,游戏加速,3,游戏加速器和vpn的区别,游戏加速器和vpn的区别,2026-09-08T01:38:00+00:00
seed,google_youtube,Google/YouTube 联想,https://suggestqueries.google.com/complete/search?client=firefox&hl=zh-CN&gl=cn&ds=yt&q=%E6%B8%B8%E6%88%8F%E5%8A%A0%E9%80%9F%E5%99%A8,游戏加速器,游戏加速,4,游戏加速器免费,游戏加速器免费,2026-09-08T01:38:00+00:00
seed,google_youtube,Google/YouTube 联想,https://suggestqueries.google.com/complete/search?client=firefox&hl=zh-CN&gl=cn&ds=yt&q=%E6%B8%B8%E6%88%8F%E5%8A%A0%E9%80%9F%E5%99%A8,游戏加速器,游戏加速,5,游戏加速器翻墙,游戏加速器翻墙,2026-09-08T01:38:00+00:00
seed,google_youtube,Google/YouTube 联想,https://suggestqueries.google.com/complete/search?client=firefox&hl=zh-CN&gl=cn&ds=yt&q=%E6%B8%B8%E6%88%8F%E5%8A%A0%E9%80%9F%E5%99%A8,游戏加速器,游戏加速,6,游戏加速器推荐手机,游戏加速器推荐手机,2026-09-08T01:38:00+00:00
seed,google_youtube,Google/YouTube 联想,https://suggestqueries.google.com/complete/search?client=firefox&hl=zh-CN&gl=cn&ds=yt&q=%E6%B8%B8%E6%88%8F%E5%8A%A0%E9%80%9F%E5%99%A8,游戏加速器,游戏加速,7,游戏加速器手机,游戏加速器手机,2026-09-08T01:38:00+00:00
seed,google_youtube,Google/YouTube 联想,https://suggestqueries.google.com/complete/search?client=firefox&hl=zh-CN&gl=cn&ds=yt&q=%E6%B8%B8%E6%88%8F%E5%8A%A0%E9%80%9F%E5%99%A8,游戏加速器,游戏加速,8,游戏加速器台湾,游戏加速器台湾,2026-09-08T01:38:00+00:00
seed,bing_cn,Bing 中文联想,https://api.bing.com/osjson.aspx?query=%E6%B8%B8%E6%88%8F%E5%8A%A0%E9%80%9F%E5%99%A8&mkt=zh-CN,游戏加速器,游戏加速,1,游戏加速器,游戏加速器,2026-09-08T01:38:00+00:00
seed,bing_cn,Bing 中文联想,https://api.bing.com/osjson.aspx?query=%E6%B8%B8%E6%88%8F%E5%8A%A0%E9%80%9F%E5%99%A8&mkt=zh-CN,游戏加速器,游戏加速,2,游戏加速器永久免费版,游戏加速器永久免费版,2026-09-08T01:38:00+00:00
seed,bing_cn,Bing 中文联想,https://api.bing.com/osjson.aspx?query=%E6%B8%B8%E6%88%8F%E5%8A%A0%E9%80%9F%E5%99%A8&mkt=zh-CN,游戏加速器,游戏加速,3,游戏加速器免费,游戏加速器免费,2026-09-08T01:38:00+00:00
seed,bing_cn,Bing 中文联想,https://api.bing.com/osjson.aspx?query=%E6%B8%B8%E6%88%8F%E5%8A%A0%E9%80%9F%E5%99%A8&mkt=zh-CN,游戏加速器,游戏加速,4,游戏加速器推荐,游戏加速器推荐,2026-09-08T01:38:00+00:00
seed,bing_cn,Bing 中文联想,https://api.bing.com/osjson.aspx?query=%E6%B8%B8%E6%88%8F%E5%8A%A0%E9%80%9F%E5%99%A8&mkt=zh-CN,游戏加速器,游戏加速,5,游戏加速器排行榜,游戏加速器排行榜,2026-09-08T01:38:00+00:00
seed,bing_cn,Bing 中文联想,https://api.bing.com/osjson.aspx?query=%E6%B8%B8%E6%88%8F%E5%8A%A0%E9%80%9F%E5%99%A8&mkt=zh-CN,游戏加速器,游戏加速,6,游戏加速器原理,游戏加速器原理,2026-09-08T01:38:00+00:00
seed,bing_cn,Bing 中文联想,https://api.bing.com/osjson.aspx?query=%E6%B8%B8%E6%88%8F%E5%8A%A0%E9%80%9F%E5%99%A8&mkt=zh-CN,游戏加速器,游戏加速,7,游戏加速器可以当梯子用吗,游戏加速器可以当梯子用吗,2026-09-08T01:38:00+00:00
seed,bing_cn,Bing 中文联想,https://api.bing.com/osjson.aspx?query=%E6%B8%B8%E6%88%8F%E5%8A%A0%E9%80%9F%E5%99%A8&mkt=zh-CN,游戏加速器,游戏加速,8,游戏加速器和vpn的区别,游戏加速器和vpn的区别,2026-09-08T01:38:00+00:00
seed,bing_cn,Bing 中文联想,https://api.bing.com/osjson.aspx?query=%E6%B8%B8%E6%88%8F%E5%8A%A0%E9%80%9F%E5%99%A8&mkt=zh-CN,游戏加速器,游戏加速,9,游戏加速器下载,游戏加速器下载,2026-09-08T01:38:00+00:00
seed,bing_cn,Bing 中文联想,https://api.bing.com/osjson.aspx?query=%E6%B8%B8%E6%88%8F%E5%8A%A0%E9%80%9F%E5%99%A8&mkt=zh-CN,游戏加速器,游戏加速,10,游戏加速器哪个好用,游戏加速器哪个好用,2026-09-08T01:38:00+00:00
seed,bing_cn,Bing 中文联想,https://api.bing.com/osjson.aspx?query=%E6%B8%B8%E6%88%8F%E5%8A%A0%E9%80%9F%E5%99%A8&mkt=zh-CN,游戏加速器,游戏加速,11,游戏加速器的原理,游戏加速器的原理,2026-09-08T01:38:00+00:00
seed,bing_cn,Bing 中文联想,https://api.bing.com/osjson.aspx?query=%E6%B8%B8%E6%88%8F%E5%8A%A0%E9%80%9F%E5%99%A8&mkt=zh-CN,游戏加速器,游戏加速,12,游戏加速器官网,游戏加速器官网,2026-09-08T01:38:00+00:00
seed,google_web,Google Web 联想,https://suggestqueries.google.com/complete/search?client=firefox&hl=zh-CN&gl=cn&q=%E4%BB%A3%E7%90%86%E6%9C%8D%E5%8A%A1%E5%99%A8,代理服务器,代理IP,1,代理服务器,代理服务器,2026-09-08T01:38:00+00:00
seed,google_web,Google Web 联想,https://suggestqueries.google.com/complete/search?client=firefox&hl=zh-CN&gl=cn&q=%E4%BB%A3%E7%90%86%E6%9C%8D%E5%8A%A1%E5%99%A8,代理服务器,代理IP,2,代理服务器搭建,代理服务器搭建,2026-09-08T01:38:00+00:00
seed,google_web,Google Web 联想,https://suggestqueries.google.com/complete/search?client=firefox&hl=zh-CN&gl=cn&q=%E4%BB%A3%E7%90%86%E6%9C%8D%E5%8A%A1%E5%99%A8,代理服务器,代理IP,3,代理服务器拒绝连接,代理服务器拒绝连接,2026-09-08T01:38:00+00:00
seed,google_web,Google Web 联想,https://suggestqueries.google.com/complete/search?client=firefox&hl=zh-CN&gl=cn&q=%E4%BB%A3%E7%90%86%E6%9C%8D%E5%8A%A1%E5%99%A8,代理服务器,代理IP,4,代理服务器地址,代理服务器地址,2026-09-08T01:38:00+00:00
seed,google_web,Google Web 联想,https://suggestqueries.google.com/complete/search?client=firefox&hl=zh-CN&gl=cn&q=%E4%BB%A3%E7%90%86%E6%9C%8D%E5%8A%A1%E5%99%A8,代理服务器,代理IP,5,代理服务器推荐,代理服务器推荐,2026-09-08T01:38:00+00:00
seed,google_web,Google Web 联想,https://suggestqueries.google.com/complete/search?client=firefox&hl=zh-CN&gl=cn&q=%E4%BB%A3%E7%90%86%E6%9C%8D%E5%8A%A1%E5%99%A8,代理服务器,代理IP,6,代理服务器软件,代理服务器软件,2026-09-08T01:38:00+00:00
seed,google_web,Google Web 联想,https://suggestqueries.google.com/complete/search?client=firefox&hl=zh-CN&gl=cn&q=%E4%BB%A3%E7%90%86%E6%9C%8D%E5%8A%A1%E5%99%A8,代理服务器,代理IP,7,代理服务器购买,代理服务器购买,2026-09-08T01:38:00+00:00
seed,google_web,Google Web 联想,https://suggestqueries.google.com/complete/search?client=firefox&hl=zh-CN&gl=cn&q=%E4%BB%A3%E7%90%86%E6%9C%8D%E5%8A%A1%E5%99%A8,代理服务器,代理IP,8,代理服务器设置,代理服务器设置,2026-09-08T01:38:00+00:00
seed,google_web,Google Web 联想,https://suggestqueries.google.com/complete/search?client=firefox&hl=zh-CN&gl=cn&q=%E4%BB%A3%E7%90%86%E6%9C%8D%E5%8A%A1%E5%99%A8,代理服务器,代理IP,9,代理服务器可能有问题 或地址不正确。,代理服务器可能有问题或地址不正确,2026-09-08T01:38:00+00:00
seed,google_web,Google Web 联想,https://suggestqueries.google.com/complete/search?client=firefox&hl=zh-CN&gl=cn&q=%E4%BB%A3%E7%90%86%E6%9C%8D%E5%8A%A1%E5%99%A8,代理服务器,代理IP,10,代理服务器可能有问题,代理服务器可能有问题,2026-09-08T01:38:00+00:00
seed,google_youtube,Google/YouTube 联想,https://suggestqueries.google.com/complete/search?client=firefox&hl=zh-CN&gl=cn&ds=yt&q=%E4%BB%A3%E7%90%86%E6%9C%8D%E5%8A%A1%E5%99%A8,代理服务器,代理IP,1,代理服务器,代理服务器,2026-09-08T01:38:00+00:00
seed,google_youtube,Google/YouTube 联想,https://suggestqueries.google.com/complete/search?client=firefox&hl=zh-CN&gl=cn&ds=yt&q=%E4%BB%A3%E7%90%86%E6%9C%8D%E5%8A%A1%E5%99%A8,代理服务器,代理IP,2,代理服务器搭建,代理服务器搭建,2026-09-08T01:38:00+00:00
seed,google_youtube,Google/YouTube 联想,https://suggestqueries.google.com/complete/search?client=firefox&hl=zh-CN&gl=cn&ds=yt&q=%E4%BB%A3%E7%90%86%E6%9C%8D%E5%8A%A1%E5%99%A8,代理服务器,代理IP,3,代理服务器推荐,代理服务器推荐,2026-09-08T01:38:00+00:00
seed,google_youtube,Google/YouTube 联想,https://suggestqueries.google.com/complete/search?client=firefox&hl=zh-CN&gl=cn&ds=yt&q=%E4%BB%A3%E7%90%86%E6%9C%8D%E5%8A%A1%E5%99%A8,代理服务器,代理IP,4,switch 代理服务器设置,switch代理服务器设置,2026-09-08T01:38:00+00:00
seed,google_youtube,Google/YouTube 联想,https://suggestqueries.google.com/complete/search?client=firefox&hl=zh-CN&gl=cn&ds=yt&q=%E4%BB%A3%E7%90%86%E6%9C%8D%E5%8A%A1%E5%99%A8,代理服务器,代理IP,5,openwrt 代理服务器,openwrt代理服务器,2026-09-08T01:38:00+00:00
seed,bing_cn,Bing 中文联想,https://api.bing.com/osjson.aspx?query=%E4%BB%A3%E7%90%86%E6%9C%8D%E5%8A%A1%E5%99%A8&mkt=zh-CN,代理服务器,代理IP,1,代理服务器,代理服务器,2026-09-08T01:38:00+00:00
seed,bing_cn,Bing 中文联想,https://api.bing.com/osjson.aspx?query=%E4%BB%A3%E7%90%86%E6%9C%8D%E5%8A%A1%E5%99%A8&mkt=zh-CN,代理服务器,代理IP,2,代理服务器设置,代理服务器设置,2026-09-08T01:38:00+00:00
seed,bing_cn,Bing 中文联想,https://api.bing.com/osjson.aspx?query=%E4%BB%A3%E7%90%86%E6%9C%8D%E5%8A%A1%E5%99%A8&mkt=zh-CN,代理服务器,代理IP,3,代理服务器 免费,代理服务器免费,2026-09-08T01:38:00+00:00
seed,bing_cn,Bing 中文联想,https://api.bing.com/osjson.aspx?query=%E4%BB%A3%E7%90%86%E6%9C%8D%E5%8A%A1%E5%99%A8&mkt=zh-CN,代理服务器,代理IP,4,代理服务器可能有问题,代理服务器可能有问题,2026-09-08T01:38:00+00:00
seed,bing_cn,Bing 中文联想,https://api.bing.com/osjson.aspx?query=%E4%BB%A3%E7%90%86%E6%9C%8D%E5%8A%A1%E5%99%A8&mkt=zh-CN,代理服务器,代理IP,5,代理服务器地址,代理服务器地址,2026-09-08T01:38:00+00:00
seed,bing_cn,Bing 中文联想,https://api.bing.com/osjson.aspx?query=%E4%BB%A3%E7%90%86%E6%9C%8D%E5%8A%A1%E5%99%A8&mkt=zh-CN,代理服务器,代理IP,6,代理服务器软件,代理服务器软件,2026-09-08T01:38:00+00:00
seed,bing_cn,Bing 中文联想,https://api.bing.com/osjson.aspx?query=%E4%BB%A3%E7%90%86%E6%9C%8D%E5%8A%A1%E5%99%A8&mkt=zh-CN,代理服务器,代理IP,7,代理服务器拒绝连接,代理服务器拒绝连接,2026-09-08T01:38:00+00:00
seed,bing_cn,Bing 中文联想,https://api.bing.com/osjson.aspx?query=%E4%BB%A3%E7%90%86%E6%9C%8D%E5%8A%A1%E5%99%A8&mkt=zh-CN,代理服务器,代理IP,8,代理服务器搭建,代理服务器搭建,2026-09-08T01:38:00+00:00
seed,bing_cn,Bing 中文联想,https://api.bing.com/osjson.aspx?query=%E4%BB%A3%E7%90%86%E6%9C%8D%E5%8A%A1%E5%99%A8&mkt=zh-CN,代理服务器,代理IP,9,代理服务器可能有问题或地址不对,代理服务器可能有问题或地址不对,2026-09-08T01:38:00+00:00
seed,bing_cn,Bing 中文联想,https://api.bing.com/osjson.aspx?query=%E4%BB%A3%E7%90%86%E6%9C%8D%E5%8A%A1%E5%99%A8&mkt=zh-CN,代理服务器,代理IP,10,代理服务器ip,代理服务器ip,2026-09-08T01:38:00+00:00
seed,bing_cn,Bing 中文联想,https://api.bing.com/osjson.aspx?query=%E4%BB%A3%E7%90%86%E6%9C%8D%E5%8A%A1%E5%99%A8&mkt=zh-CN,代理服务器,代理IP,11,代理服务器是什么意思,代理服务器是什么意思,2026-09-08T01:38:00+00:00
seed,bing_cn,Bing 中文联想,https://api.bing.com/osjson.aspx?query=%E4%BB%A3%E7%90%86%E6%9C%8D%E5%8A%A1%E5%99%A8&mkt=zh-CN,代理服务器,代理IP,12,代理服务器地址和端口怎么填,代理服务器地址和端口怎么填,2026-09-08T01:38:00+00:00
seed,baidu,百度联想,https://suggestion.baidu.com/su?wd=%E4%BB%A3%E7%90%86%E6%9C%8D%E5%8A%A1%E5%99%A8&cb=cb,代理服务器,代理IP,1,代理服务器软件,代理服务器软件,2026-09-08T01:38:00+00:00
seed,baidu,百度联想,https://suggestion.baidu.com/su?wd=%E4%BB%A3%E7%90%86%E6%9C%8D%E5%8A%A1%E5%99%A8&cb=cb,代理服务器,代理IP,2,代理服务器怎么设置,代理服务器怎么设置,2026-09-08T01:38:00+00:00
seed,baidu,百度联想,https://suggestion.baidu.com/su?wd=%E4%BB%A3%E7%90%86%E6%9C%8D%E5%8A%A1%E5%99%A8&cb=cb,代理服务器,代理IP,3,代理服务器拒绝连接,代理服务器拒绝连接,2026-09-08T01:38:00+00:00
seed,baidu,百度联想,https://suggestion.baidu.com/su?wd=%E4%BB%A3%E7%90%86%E6%9C%8D%E5%8A%A1%E5%99%A8&cb=cb,代理服务器,代理IP,4,代理服务器可能有问题,代理服务器可能有问题,2026-09-08T01:38:00+00:00
seed,baidu,百度联想,https://suggestion.baidu.com/su?wd=%E4%BB%A3%E7%90%86%E6%9C%8D%E5%8A%A1%E5%99%A8&cb=cb,代理服务器,代理IP,5,代理服务器在哪里找,代理服务器在哪里找,2026-09-08T01:38:00+00:00
seed,baidu,百度联想,https://suggestion.baidu.com/su?wd=%E4%BB%A3%E7%90%86%E6%9C%8D%E5%8A%A1%E5%99%A8&cb=cb,代理服务器,代理IP,6,"代理服务器可能有问题,或地址不正确怎么办","代理服务器可能有问题,或地址不正确怎么办",2026-09-08T01:38:00+00:00
seed,baidu,百度联想,https://suggestion.baidu.com/su?wd=%E4%BB%A3%E7%90%86%E6%9C%8D%E5%8A%A1%E5%99%A8&cb=cb,代理服务器,代理IP,7,代理服务器是什么,代理服务器是什么,2026-09-08T01:38:00+00:00
seed,baidu,百度联想,https://suggestion.baidu.com/su?wd=%E4%BB%A3%E7%90%86%E6%9C%8D%E5%8A%A1%E5%99%A8&cb=cb,代理服务器,代理IP,8,代理服务器有问题怎么解决,代理服务器有问题怎么解决,2026-09-08T01:38:00+00:00
seed,baidu,百度联想,https://suggestion.baidu.com/su?wd=%E4%BB%A3%E7%90%86%E6%9C%8D%E5%8A%A1%E5%99%A8&cb=cb,代理服务器,代理IP,9,代理服务器有问题或者地址有误,代理服务器有问题或者地址有误,2026-09-08T01:38:00+00:00
seed,baidu,百度联想,https://suggestion.baidu.com/su?wd=%E4%BB%A3%E7%90%86%E6%9C%8D%E5%8A%A1%E5%99%A8&cb=cb,代理服务器,代理IP,10,代理服务器拒绝连接怎么办,代理服务器拒绝连接怎么办,2026-09-08T01:38:00+00:00
seed,google_web,Google Web 联想,https://suggestqueries.google.com/complete/search?client=firefox&hl=zh-CN&gl=cn&q=%E9%9D%99%E6%80%81ip,静态ip,代理IP,1,静态ip,静态ip,2026-09-08T01:38:00+00:00
seed,google_web,Google Web 联想,https://suggestqueries.google.com/complete/search?client=firefox&hl=zh-CN&gl=cn&q=%E9%9D%99%E6%80%81ip,静态ip,代理IP,2,静态ip购买,静态ip购买,2026-09-08T01:38:00+00:00
seed,google_web,Google Web 联想,https://suggestqueries.google.com/complete/search?client=firefox&hl=zh-CN&gl=cn&q=%E9%9D%99%E6%80%81ip,静态ip,代理IP,3,静态ip vpn,静态ip vpn,2026-09-08T01:38:00+00:00
seed,google_web,Google Web 联想,https://suggestqueries.google.com/complete/search?client=firefox&hl=zh-CN&gl=cn&q=%E9%9D%99%E6%80%81ip,静态ip,代理IP,4,静态ip代理,静态ip代理,2026-09-08T01:38:00+00:00
seed,google_web,Google Web 联想,https://suggestqueries.google.com/complete/search?client=firefox&hl=zh-CN&gl=cn&q=%E9%9D%99%E6%80%81ip,静态ip,代理IP,5,静态ip怎么使用,静态ip怎么使用,2026-09-08T01:38:00+00:00
seed,google_web,Google Web 联想,https://suggestqueries.google.com/complete/search?client=firefox&hl=zh-CN&gl=cn&q=%E9%9D%99%E6%80%81ip,静态ip,代理IP,6,静态ip机场,静态ip机场,2026-09-08T01:38:00+00:00
seed,google_web,Google Web 联想,https://suggestqueries.google.com/complete/search?client=firefox&hl=zh-CN&gl=cn&q=%E9%9D%99%E6%80%81ip,静态ip,代理IP,7,静态ip梯子,静态ip梯子,2026-09-08T01:38:00+00:00
seed,google_web,Google Web 联想,https://suggestqueries.google.com/complete/search?client=firefox&hl=zh-CN&gl=cn&q=%E9%9D%99%E6%80%81ip,静态ip,代理IP,8,静态ip推荐,静态ip推荐,2026-09-08T01:38:00+00:00
seed,google_web,Google Web 联想,https://suggestqueries.google.com/complete/search?client=firefox&hl=zh-CN&gl=cn&q=%E9%9D%99%E6%80%81ip,静态ip,代理IP,9,静态ip怎么设置,静态ip怎么设置,2026-09-08T01:38:00+00:00
seed,google_web,Google Web 联想,https://suggestqueries.google.com/complete/search?client=firefox&hl=zh-CN&gl=cn&q=%E9%9D%99%E6%80%81ip,静态ip,代理IP,10,静态ip检测,静态ip检测,2026-09-08T01:38:00+00:00
seed,google_youtube,Google/YouTube 联想,https://suggestqueries.google.com/complete/search?client=firefox&hl=zh-CN&gl=cn&ds=yt&q=%E9%9D%99%E6%80%81ip,静态ip,代理IP,1,静态ip,静态ip,2026-09-08T01:38:00+00:00
seed,google_youtube,Google/YouTube 联想,https://suggestqueries.google.com/complete/search?client=firefox&hl=zh-CN&gl=cn&ds=yt&q=%E9%9D%99%E6%80%81ip,静态ip,代理IP,2,静态ip搭建,静态ip搭建,2026-09-08T01:38:00+00:00
seed,google_youtube,Google/YouTube 联想,https://suggestqueries.google.com/complete/search?client=firefox&hl=zh-CN&gl=cn&ds=yt&q=%E9%9D%99%E6%80%81ip,静态ip,代理IP,3,静态ip购买,静态ip购买,2026-09-08T01:38:00+00:00
seed,google_youtube,Google/YouTube 联想,https://suggestqueries.google.com/complete/search?client=firefox&hl=zh-CN&gl=cn&ds=yt&q=%E9%9D%99%E6%80%81ip,静态ip,代理IP,4,静态ip推荐,静态ip推荐,2026-09-08T01:38:00+00:00
seed,google_youtube,Google/YouTube 联想,https://suggestqueries.google.com/complete/search?client=firefox&hl=zh-CN&gl=cn&ds=yt&q=%E9%9D%99%E6%80%81ip,静态ip,代理IP,5,静态ip怎么用,静态ip怎么用,2026-09-08T01:38:00+00:00
seed,google_youtube,Google/YouTube 联想,https://suggestqueries.google.com/complete/search?client=firefox&hl=zh-CN&gl=cn&ds=yt&q=%E9%9D%99%E6%80%81ip,静态ip,代理IP,6,静态ip使用,静态ip使用,2026-09-08T01:38:00+00:00
seed,google_youtube,Google/YouTube 联想,https://suggestqueries.google.com/complete/search?client=firefox&hl=zh-CN&gl=cn&ds=yt&q=%E9%9D%99%E6%80%81ip,静态ip,代理IP,7,静态ip vpn,静态ip vpn,2026-09-08T01:38:00+00:00
seed,google_youtube,Google/YouTube 联想,https://suggestqueries.google.com/complete/search?client=firefox&hl=zh-CN&gl=cn&ds=yt&q=%E9%9D%99%E6%80%81ip,静态ip,代理IP,8,静态ip节点,静态ip节点,2026-09-08T01:38:00+00:00
seed,google_youtube,Google/YouTube 联想,https://suggestqueries.google.com/complete/search?client=firefox&hl=zh-CN&gl=cn&ds=yt&q=%E9%9D%99%E6%80%81ip,静态ip,代理IP,9,静态ip小火箭,静态ip小火箭,2026-09-08T01:38:00+00:00
seed,google_youtube,Google/YouTube 联想,https://suggestqueries.google.com/complete/search?client=firefox&hl=zh-CN&gl=cn&ds=yt&q=%E9%9D%99%E6%80%81ip,静态ip,代理IP,10,静态ip手机,静态ip手机,2026-09-08T01:38:00+00:00
seed,bing_cn,Bing 中文联想,https://api.bing.com/osjson.aspx?query=%E9%9D%99%E6%80%81ip&mkt=zh-CN,静态ip,代理IP,1,静态ip,静态ip,2026-09-08T01:38:00+00:00
seed,bing_cn,Bing 中文联想,https://api.bing.com/osjson.aspx?query=%E9%9D%99%E6%80%81ip&mkt=zh-CN,静态ip,代理IP,2,静态ip购买,静态ip购买,2026-09-08T01:38:00+00:00
seed,bing_cn,Bing 中文联想,https://api.bing.com/osjson.aspx?query=%E9%9D%99%E6%80%81ip&mkt=zh-CN,静态ip,代理IP,3,静态ip和动态ip的区别,静态ip和动态ip的区别,2026-09-08T01:38:00+00:00
seed,bing_cn,Bing 中文联想,https://api.bing.com/osjson.aspx?query=%E9%9D%99%E6%80%81ip&mkt=zh-CN,静态ip,代理IP,4,静态ip设置,静态ip设置,2026-09-08T01:38:00+00:00
seed,bing_cn,Bing 中文联想,https://api.bing.com/osjson.aspx?query=%E9%9D%99%E6%80%81ip&mkt=zh-CN,静态ip,代理IP,5,静态ip代理,静态ip代理,2026-09-08T01:38:00+00:00
seed,bing_cn,Bing 中文联想,https://api.bing.com/osjson.aspx?query=%E9%9D%99%E6%80%81ip&mkt=zh-CN,静态ip,代理IP,6,静态ip地址,静态ip地址,2026-09-08T01:38:00+00:00
seed,bing_cn,Bing 中文联想,https://api.bing.com/osjson.aspx?query=%E9%9D%99%E6%80%81ip&mkt=zh-CN,静态ip,代理IP,7,静态ip vpn,静态ip vpn,2026-09-08T01:38:00+00:00
seed,bing_cn,Bing 中文联想,https://api.bing.com/osjson.aspx?query=%E9%9D%99%E6%80%81ip&mkt=zh-CN,静态ip,代理IP,8,静态ip怎么设置,静态ip怎么设置,2026-09-08T01:38:00+00:00
seed,bing_cn,Bing 中文联想,https://api.bing.com/osjson.aspx?query=%E9%9D%99%E6%80%81ip&mkt=zh-CN,静态ip,代理IP,9,静态ip配置,静态ip配置,2026-09-08T01:38:00+00:00
seed,bing_cn,Bing 中文联想,https://api.bing.com/osjson.aspx?query=%E9%9D%99%E6%80%81ip&mkt=zh-CN,静态ip,代理IP,10,静态ip加速器,静态ip加速器,2026-09-08T01:38:00+00:00
seed,bing_cn,Bing 中文联想,https://api.bing.com/osjson.aspx?query=%E9%9D%99%E6%80%81ip&mkt=zh-CN,静态ip,代理IP,11,静态ipv6,静态ipv6,2026-09-08T01:38:00+00:00
seed,bing_cn,Bing 中文联想,https://api.bing.com/osjson.aspx?query=%E9%9D%99%E6%80%81ip&mkt=zh-CN,静态ip,代理IP,12,静态ip地址和动态ip地址的区别,静态ip地址和动态ip地址的区别,2026-09-08T01:38:00+00:00
seed,baidu,百度联想,https://suggestion.baidu.com/su?wd=%E9%9D%99%E6%80%81ip&cb=cb,静态ip,代理IP,1,静态ip怎么设置,静态ip怎么设置,2026-09-08T01:38:00+00:00
seed,baidu,百度联想,https://suggestion.baidu.com/su?wd=%E9%9D%99%E6%80%81ip&cb=cb,静态ip,代理IP,2,静态ip是什么意思,静态ip是什么意思,2026-09-08T01:38:00+00:00
seed,baidu,百度联想,https://suggestion.baidu.com/su?wd=%E9%9D%99%E6%80%81ip&cb=cb,静态ip,代理IP,3,静态ip软件,静态ip软件,2026-09-08T01:38:00+00:00
seed,baidu,百度联想,https://suggestion.baidu.com/su?wd=%E9%9D%99%E6%80%81ip&cb=cb,静态ip,代理IP,4,静态ip设置参数,静态ip设置参数,2026-09-08T01:38:00+00:00
seed,baidu,百度联想,https://suggestion.baidu.com/su?wd=%E9%9D%99%E6%80%81ip&cb=cb,静态ip,代理IP,5,静态ip怎么获取,静态ip怎么获取,2026-09-08T01:38:00+00:00
seed,baidu,百度联想,https://suggestion.baidu.com/su?wd=%E9%9D%99%E6%80%81ip&cb=cb,静态ip,代理IP,6,静态ip网站,静态ip网站,2026-09-08T01:38:00+00:00
seed,baidu,百度联想,https://suggestion.baidu.com/su?wd=%E9%9D%99%E6%80%81ip&cb=cb,静态ip,代理IP,7,静态ip和dhcp有什么区别,静态ip和dhcp有什么区别,2026-09-08T01:38:00+00:00
seed,baidu,百度联想,https://suggestion.baidu.com/su?wd=%E9%9D%99%E6%80%81ip&cb=cb,静态ip,代理IP,8,静态ip与动态IP有什么区别,静态ip与动态ip有什么区别,2026-09-08T01:38:00+00:00
seed,baidu,百度联想,https://suggestion.baidu.com/su?wd=%E9%9D%99%E6%80%81ip&cb=cb,静态ip,代理IP,9,静态ip和动态的区别,静态ip和动态的区别,2026-09-08T01:38:00+00:00
seed,baidu,百度联想,https://suggestion.baidu.com/su?wd=%E9%9D%99%E6%80%81ip&cb=cb,静态ip,代理IP,10,静态ip和动态IP有什么区别,静态ip和动态ip有什么区别,2026-09-08T01:38:00+00:00
seed,google_web,Google Web 联想,https://suggestqueries.google.com/complete/search?client=firefox&hl=zh-CN&gl=cn&q=%E7%8B%AC%E7%AB%8Bip,独立ip,代理IP,1,独立ip,独立ip,2026-09-08T01:38:00+00:00
seed,google_web,Google Web 联想,https://suggestqueries.google.com/complete/search?client=firefox&hl=zh-CN&gl=cn&q=%E7%8B%AC%E7%AB%8Bip,独立ip,代理IP,2,独立ip vpn,独立ip vpn,2026-09-08T01:38:00+00:00
seed,google_web,Google Web 联想,https://suggestqueries.google.com/complete/search?client=firefox&hl=zh-CN&gl=cn&q=%E7%8B%AC%E7%AB%8Bip,独立ip,代理IP,3,独立ip vpn推荐,独立ip vpn推荐,2026-09-08T01:38:00+00:00
seed,google_web,Google Web 联想,https://suggestqueries.google.com/complete/search?client=firefox&hl=zh-CN&gl=cn&q=%E7%8B%AC%E7%AB%8Bip,独立ip,代理IP,4,独立ip购买,独立ip购买,2026-09-08T01:38:00+00:00
seed,google_web,Google Web 联想,https://suggestqueries.google.com/complete/search?client=firefox&hl=zh-CN&gl=cn&q=%E7%8B%AC%E7%AB%8Bip,独立ip,代理IP,5,独立ip机场,独立ip机场,2026-09-08T01:38:00+00:00
seed,google_web,Google Web 联想,https://suggestqueries.google.com/complete/search?client=firefox&hl=zh-CN&gl=cn&q=%E7%8B%AC%E7%AB%8Bip,独立ip,代理IP,6,独立ip节点,独立ip节点,2026-09-08T01:38:00+00:00
seed,google_web,Google Web 联想,https://suggestqueries.google.com/complete/search?client=firefox&hl=zh-CN&gl=cn&q=%E7%8B%AC%E7%AB%8Bip,独立ip,代理IP,7,独立ip的vpn,独立ip的vpn,2026-09-08T01:38:00+00:00
seed,google_web,Google Web 联想,https://suggestqueries.google.com/complete/search?client=firefox&hl=zh-CN&gl=cn&q=%E7%8B%AC%E7%AB%8Bip,独立ip,代理IP,8,独立ip梯子,独立ip梯子,2026-09-08T01:38:00+00:00
seed,google_youtube,Google/YouTube 联想,https://suggestqueries.google.com/complete/search?client=firefox&hl=zh-CN&gl=cn&ds=yt&q=%E7%8B%AC%E7%AB%8Bip,独立ip,代理IP,1,独立ip,独立ip,2026-09-08T01:38:00+00:00
seed,google_youtube,Google/YouTube 联想,https://suggestqueries.google.com/complete/search?client=firefox&hl=zh-CN&gl=cn&ds=yt&q=%E7%8B%AC%E7%AB%8Bip,独立ip,代理IP,2,独立ip搭建,独立ip搭建,2026-09-08T01:38:00+00:00
seed,google_youtube,Google/YouTube 联想,https://suggestqueries.google.com/complete/search?client=firefox&hl=zh-CN&gl=cn&ds=yt&q=%E7%8B%AC%E7%AB%8Bip,独立ip,代理IP,3,独立ip购买,独立ip购买,2026-09-08T01:38:00+00:00
seed,google_youtube,Google/YouTube 联想,https://suggestqueries.google.com/complete/search?client=firefox&hl=zh-CN&gl=cn&ds=yt&q=%E7%8B%AC%E7%AB%8Bip,独立ip,代理IP,4,独立ip vpn,独立ip vpn,2026-09-08T01:38:00+00:00
seed,google_youtube,Google/YouTube 联想,https://suggestqueries.google.com/complete/search?client=firefox&hl=zh-CN&gl=cn&ds=yt&q=%E7%8B%AC%E7%AB%8Bip,独立ip,代理IP,5,独立ip机场,独立ip机场,2026-09-08T01:38:00+00:00
seed,google_youtube,Google/YouTube 联想,https://suggestqueries.google.com/complete/search?client=firefox&hl=zh-CN&gl=cn&ds=yt&q=%E7%8B%AC%E7%AB%8Bip,独立ip,代理IP,6,独立ip节点,独立ip节点,2026-09-08T01:38:00+00:00
seed,bing_cn,Bing 中文联想,https://api.bing.com/osjson.aspx?query=%E7%8B%AC%E7%AB%8Bip&mkt=zh-CN,独立ip,代理IP,1,独立ip,独立ip,2026-09-08T01:38:00+00:00
seed,bing_cn,Bing 中文联想,https://api.bing.com/osjson.aspx?query=%E7%8B%AC%E7%AB%8Bip&mkt=zh-CN,独立ip,代理IP,2,独立ip购买,独立ip购买,2026-09-08T01:38:00+00:00
seed,bing_cn,Bing 中文联想,https://api.bing.com/osjson.aspx?query=%E7%8B%AC%E7%AB%8Bip&mkt=zh-CN,独立ip,代理IP,3,独立ip vpn,独立ip vpn,2026-09-08T01:38:00+00:00
seed,bing_cn,Bing 中文联想,https://api.bing.com/osjson.aspx?query=%E7%8B%AC%E7%AB%8Bip&mkt=zh-CN,独立ip,代理IP,4,独立ip加速器,独立ip加速器,2026-09-08T01:38:00+00:00
seed,bing_cn,Bing 中文联想,https://api.bing.com/osjson.aspx?query=%E7%8B%AC%E7%AB%8Bip&mkt=zh-CN,独立ip,代理IP,5,独立ip机场,独立ip机场,2026-09-08T01:38:00+00:00
seed,bing_cn,Bing 中文联想,https://api.bing.com/osjson.aspx?query=%E7%8B%AC%E7%AB%8Bip&mkt=zh-CN,独立ip,代理IP,6,独立ip服务器,独立ip服务器,2026-09-08T01:38:00+00:00
seed,bing_cn,Bing 中文联想,https://api.bing.com/osjson.aspx?query=%E7%8B%AC%E7%AB%8Bip&mkt=zh-CN,独立ip,代理IP,7,独立ipo,独立ipo,2026-09-08T01:38:00+00:00
seed,bing_cn,Bing 中文联想,https://api.bing.com/osjson.aspx?query=%E7%8B%AC%E7%AB%8Bip&mkt=zh-CN,独立ip,代理IP,8,独立ip浏览器,独立ip浏览器,2026-09-08T01:38:00+00:00
seed,bing_cn,Bing 中文联想,https://api.bing.com/osjson.aspx?query=%E7%8B%AC%E7%AB%8Bip&mkt=zh-CN,独立ip,代理IP,9,独立ip是什么,独立ip是什么,2026-09-08T01:38:00+00:00
seed,bing_cn,Bing 中文联想,https://api.bing.com/osjson.aspx?query=%E7%8B%AC%E7%AB%8Bip&mkt=zh-CN,独立ip,代理IP,10,独立ip vpn推荐,独立ip vpn推荐,2026-09-08T01:38:00+00:00
seed,bing_cn,Bing 中文联想,https://api.bing.com/osjson.aspx?query=%E7%8B%AC%E7%AB%8Bip&mkt=zh-CN,独立ip,代理IP,11,独立ipv4,独立ipv4,2026-09-08T01:38:00+00:00
seed,bing_cn,Bing 中文联想,https://api.bing.com/osjson.aspx?query=%E7%8B%AC%E7%AB%8Bip&mkt=zh-CN,独立ip,代理IP,12,独立ip是什么意思,独立ip是什么意思,2026-09-08T01:38:00+00:00
seed,baidu,百度联想,https://suggestion.baidu.com/su?wd=%E7%8B%AC%E7%AB%8Bip&cb=cb,独立ip,代理IP,1,独立ip是什么意思,独立ip是什么意思,2026-09-08T01:38:00+00:00
seed,baidu,百度联想,https://suggestion.baidu.com/su?wd=%E7%8B%AC%E7%AB%8Bip&cb=cb,独立ip,代理IP,2,独立ip怎么弄,独立ip怎么弄,2026-09-08T01:38:00+00:00
seed,baidu,百度联想,https://suggestion.baidu.com/su?wd=%E7%8B%AC%E7%AB%8Bip&cb=cb,独立ip,代理IP,3,独立ip服务器,独立ip服务器,2026-09-08T01:38:00+00:00
seed,baidu,百度联想,https://suggestion.baidu.com/su?wd=%E7%8B%AC%E7%AB%8Bip&cb=cb,独立ip,代理IP,4,独立ip多少钱一个月,独立ip多少钱一个月,2026-09-08T01:38:00+00:00
seed,baidu,百度联想,https://suggestion.baidu.com/su?wd=%E7%8B%AC%E7%AB%8Bip&cb=cb,独立ip,代理IP,5,怎么实现一条网线多个独立ip,怎么实现一条网线多个独立ip,2026-09-08T01:38:00+00:00
seed,baidu,百度联想,https://suggestion.baidu.com/su?wd=%E7%8B%AC%E7%AB%8Bip&cb=cb,独立ip,代理IP,6,独立Ipo还可以借壳吗,独立ipo还可以借壳吗,2026-09-08T01:38:00+00:00
seed,baidu,百度联想,https://suggestion.baidu.com/su?wd=%E7%8B%AC%E7%AB%8Bip&cb=cb,独立ip,代理IP,7,独立ip主机,独立ip主机,2026-09-08T01:38:00+00:00
seed,baidu,百度联想,https://suggestion.baidu.com/su?wd=%E7%8B%AC%E7%AB%8Bip&cb=cb,独立ip,代理IP,8,独立ipo是什么意思,独立ipo是什么意思,2026-09-08T01:38:00+00:00
seed,baidu,百度联想,https://suggestion.baidu.com/su?wd=%E7%8B%AC%E7%AB%8Bip&cb=cb,独立ip,代理IP,9,独立ip空间,独立ip空间,2026-09-08T01:38:00+00:00
seed,baidu,百度联想,https://suggestion.baidu.com/su?wd=%E7%8B%AC%E7%AB%8Bip&cb=cb,独立ip,代理IP,10,独立ip云手机,独立ip云手机,2026-09-08T01:38:00+00:00
seed,google_web,Google Web 联想,https://suggestqueries.google.com/complete/search?client=firefox&hl=zh-CN&gl=cn&q=%E6%B5%B7%E5%A4%96ip,海外ip,代理IP,1,海外ip,海外ip,2026-09-08T01:38:00+00:00
seed,google_web,Google Web 联想,https://suggestqueries.google.com/complete/search?client=firefox&hl=zh-CN&gl=cn&q=%E6%B5%B7%E5%A4%96ip,海外ip,代理IP,2,海外ip查询,海外ip查询,2026-09-08T01:38:00+00:00
seed,google_web,Google Web 联想,https://suggestqueries.google.com/complete/search?client=firefox&hl=zh-CN&gl=cn&q=%E6%B5%B7%E5%A4%96ip,海外ip,代理IP,3,海外iptv,海外iptv,2026-09-08T01:38:00+00:00
seed,google_web,Google Web 联想,https://suggestqueries.google.com/complete/search?client=firefox&hl=zh-CN&gl=cn&q=%E6%B5%B7%E5%A4%96ip,海外ip,代理IP,4,海外ip地址查询,海外ip地址查询,2026-09-08T01:38:00+00:00
seed,google_web,Google Web 联想,https://suggestqueries.google.com/complete/search?client=firefox&hl=zh-CN&gl=cn&q=%E6%B5%B7%E5%A4%96ip,海外ip,代理IP,5,海外ip地址,海外ip地址,2026-09-08T01:38:00+00:00
seed,google_web,Google Web 联想,https://suggestqueries.google.com/complete/search?client=firefox&hl=zh-CN&gl=cn&q=%E6%B5%B7%E5%A4%96ip,海外ip,代理IP,6,海外ip测速,海外ip测速,2026-09-08T01:38:00+00:00
seed,google_web,Google Web 联想,https://suggestqueries.google.com/complete/search?client=firefox&hl=zh-CN&gl=cn&q=%E6%B5%B7%E5%A4%96ip,海外ip,代理IP,7,海外ip vpn,海外ip vpn,2026-09-08T01:38:00+00:00
seed,google_youtube,Google/YouTube 联想,https://suggestqueries.google.com/complete/search?client=firefox&hl=zh-CN&gl=cn&ds=yt&q=%E6%B5%B7%E5%A4%96ip,海外ip,代理IP,1,海外ip,海外ip,2026-09-08T01:38:00+00:00
seed,google_youtube,Google/YouTube 联想,https://suggestqueries.google.com/complete/search?client=firefox&hl=zh-CN&gl=cn&ds=yt&q=%E6%B5%B7%E5%A4%96ip,海外ip,代理IP,2,海外iphone,海外iphone,2026-09-08T01:38:00+00:00
seed,google_youtube,Google/YouTube 联想,https://suggestqueries.google.com/complete/search?client=firefox&hl=zh-CN&gl=cn&ds=yt&q=%E6%B5%B7%E5%A4%96ip,海外ip,代理IP,3,海外iphone設定,海外iphone設定,2026-09-08T01:38:00+00:00
seed,google_youtube,Google/YouTube 联想,https://suggestqueries.google.com/complete/search?client=firefox&hl=zh-CN&gl=cn&ds=yt&q=%E6%B5%B7%E5%A4%96ip,海外ip,代理IP,4,海外iphone シャッター音,海外iphone シャッター音,2026-09-08T01:38:00+00:00
seed,google_youtube,Google/YouTube 联想,https://suggestqueries.google.com/complete/search?client=firefox&hl=zh-CN&gl=cn&ds=yt&q=%E6%B5%B7%E5%A4%96ip,海外ip,代理IP,5,海外购,海外购,2026-09-08T01:38:00+00:00
seed,bing_cn,Bing 中文联想,https://api.bing.com/osjson.aspx?query=%E6%B5%B7%E5%A4%96ip&mkt=zh-CN,海外ip,代理IP,1,海外ip,海外ip,2026-09-08T01:38:00+00:00
seed,bing_cn,Bing 中文联想,https://api.bing.com/osjson.aspx?query=%E6%B5%B7%E5%A4%96ip&mkt=zh-CN,海外ip,代理IP,2,海外ip代理,海外ip代理,2026-09-08T01:38:00+00:00
seed,bing_cn,Bing 中文联想,https://api.bing.com/osjson.aspx?query=%E6%B5%B7%E5%A4%96ip&mkt=zh-CN,海外ip,代理IP,3,海外ip购买,海外ip购买,2026-09-08T01:38:00+00:00
seed,bing_cn,Bing 中文联想,https://api.bing.com/osjson.aspx?query=%E6%B5%B7%E5%A4%96ip&mkt=zh-CN,海外ip,代理IP,4,海外ip查询,海外ip查询,2026-09-08T01:38:00+00:00
seed,bing_cn,Bing 中文联想,https://api.bing.com/osjson.aspx?query=%E6%B5%B7%E5%A4%96ip&mkt=zh-CN,海外ip,代理IP,5,海外ip地址,海外ip地址,2026-09-08T01:38:00+00:00
seed,bing_cn,Bing 中文联想,https://api.bing.com/osjson.aspx?query=%E6%B5%B7%E5%A4%96ip&mkt=zh-CN,海外ip,代理IP,6,海外ip代理 免费,海外ip代理免费,2026-09-08T01:38:00+00:00
seed,bing_cn,Bing 中文联想,https://api.bing.com/osjson.aspx?query=%E6%B5%B7%E5%A4%96ip&mkt=zh-CN,海外ip,代理IP,7,海外ip代理池,海外ip代理池,2026-09-08T01:38:00+00:00
seed,bing_cn,Bing 中文联想,https://api.bing.com/osjson.aspx?query=%E6%B5%B7%E5%A4%96ip&mkt=zh-CN,海外ip,代理IP,8,海外ipo,海外ipo,2026-09-08T01:38:00+00:00
seed,bing_cn,Bing 中文联想,https://api.bing.com/osjson.aspx?query=%E6%B5%B7%E5%A4%96ip&mkt=zh-CN,海外ip,代理IP,9,海外iphone,海外iphone,2026-09-08T01:38:00+00:00
seed,bing_cn,Bing 中文联想,https://api.bing.com/osjson.aspx?query=%E6%B5%B7%E5%A4%96ip&mkt=zh-CN,海外ip,代理IP,10,海外ip地址查询,海外ip地址查询,2026-09-08T01:38:00+00:00
seed,bing_cn,Bing 中文联想,https://api.bing.com/osjson.aspx?query=%E6%B5%B7%E5%A4%96ip&mkt=zh-CN,海外ip,代理IP,11,海外ipアドレス,海外ipアドレス,2026-09-08T01:38:00+00:00
seed,bing_cn,Bing 中文联想,https://api.bing.com/osjson.aspx?query=%E6%B5%B7%E5%A4%96ip&mkt=zh-CN,海外ip,代理IP,12,海外ipとは,海外ipとは,2026-09-08T01:38:00+00:00
seed,baidu,百度联想,https://suggestion.baidu.com/su?wd=%E6%B5%B7%E5%A4%96ip&cb=cb,海外ip,代理IP,1,海外ip怎么改,海外ip怎么改,2026-09-08T01:38:00+00:00
seed,baidu,百度联想,https://suggestion.baidu.com/su?wd=%E6%B5%B7%E5%A4%96ip&cb=cb,海外ip,代理IP,2,海外ip地址生成器,海外ip地址生成器,2026-09-08T01:38:00+00:00
seed,baidu,百度联想,https://suggestion.baidu.com/su?wd=%E6%B5%B7%E5%A4%96ip&cb=cb,海外ip,代理IP,3,海外ip代理免费,海外ip代理免费,2026-09-08T01:38:00+00:00
seed,baidu,百度联想,https://suggestion.baidu.com/su?wd=%E6%B5%B7%E5%A4%96ip&cb=cb,海外ip,代理IP,4,海外ip价格,海外ip价格,2026-09-08T01:38:00+00:00
seed,baidu,百度联想,https://suggestion.baidu.com/su?wd=%E6%B5%B7%E5%A4%96ip&cb=cb,海外ip,代理IP,5,海外ip回国,海外ip回国,2026-09-08T01:38:00+00:00
seed,baidu,百度联想,https://suggestion.baidu.com/su?wd=%E6%B5%B7%E5%A4%96ip&cb=cb,海外ip,代理IP,6,海外iphone,海外iphone,2026-09-08T01:38:00+00:00
seed,baidu,百度联想,https://suggestion.baidu.com/su?wd=%E6%B5%B7%E5%A4%96ip&cb=cb,海外ip,代理IP,7,海外ip代理免费下载,海外ip代理免费下载,2026-09-08T01:38:00+00:00
seed,google_web,Google Web 联想,https://suggestqueries.google.com/complete/search?client=firefox&hl=zh-CN&gl=cn&q=%E4%BD%8F%E5%AE%85ip,住宅ip,代理IP,1,住宅ip,住宅ip,2026-09-08T01:38:00+00:00
seed,google_web,Google Web 联想,https://suggestqueries.google.com/complete/search?client=firefox&hl=zh-CN&gl=cn&q=%E4%BD%8F%E5%AE%85ip,住宅ip,代理IP,2,住宅ip检测,住宅ip检测,2026-09-08T01:38:00+00:00
seed,google_web,Google Web 联想,https://suggestqueries.google.com/complete/search?client=firefox&hl=zh-CN&gl=cn&q=%E4%BD%8F%E5%AE%85ip,住宅ip,代理IP,3,住宅ip购买,住宅ip购买,2026-09-08T01:38:00+00:00
seed,google_web,Google Web 联想,https://suggestqueries.google.com/complete/search?client=firefox&hl=zh-CN&gl=cn&q=%E4%BD%8F%E5%AE%85ip,住宅ip,代理IP,4,住宅ip代理,住宅ip代理,2026-09-08T01:38:00+00:00
seed,google_web,Google Web 联想,https://suggestqueries.google.com/complete/search?client=firefox&hl=zh-CN&gl=cn&q=%E4%BD%8F%E5%AE%85ip,住宅ip,代理IP,5,住宅ip机场,住宅ip机场,2026-09-08T01:38:00+00:00
seed,google_web,Google Web 联想,https://suggestqueries.google.com/complete/search?client=firefox&hl=zh-CN&gl=cn&q=%E4%BD%8F%E5%AE%85ip,住宅ip,代理IP,6,住宅ip vpn,住宅ip vpn,2026-09-08T01:38:00+00:00
seed,google_web,Google Web 联想,https://suggestqueries.google.com/complete/search?client=firefox&hl=zh-CN&gl=cn&q=%E4%BD%8F%E5%AE%85ip,住宅ip,代理IP,7,住宅ip vps,住宅ip vps,2026-09-08T01:38:00+00:00
seed,google_web,Google Web 联想,https://suggestqueries.google.com/complete/search?client=firefox&hl=zh-CN&gl=cn&q=%E4%BD%8F%E5%AE%85ip,住宅ip,代理IP,8,住宅ip机场推荐,住宅ip机场推荐,2026-09-08T01:38:00+00:00
seed,google_web,Google Web 联想,https://suggestqueries.google.com/complete/search?client=firefox&hl=zh-CN&gl=cn&q=%E4%BD%8F%E5%AE%85ip,住宅ip,代理IP,9,住宅ip推荐,住宅ip推荐,2026-09-08T01:38:00+00:00
seed,google_web,Google Web 联想,https://suggestqueries.google.com/complete/search?client=firefox&hl=zh-CN&gl=cn&q=%E4%BD%8F%E5%AE%85ip,住宅ip,代理IP,10,住宅ip怎么用,住宅ip怎么用,2026-09-08T01:38:00+00:00
seed,google_youtube,Google/YouTube 联想,https://suggestqueries.google.com/complete/search?client=firefox&hl=zh-CN&gl=cn&ds=yt&q=%E4%BD%8F%E5%AE%85ip,住宅ip,代理IP,1,住宅ip,住宅ip,2026-09-08T01:38:00+00:00
seed,google_youtube,Google/YouTube 联想,https://suggestqueries.google.com/complete/search?client=firefox&hl=zh-CN&gl=cn&ds=yt&q=%E4%BD%8F%E5%AE%85ip,住宅ip,代理IP,2,住宅ip搭建节点,住宅ip搭建节点,2026-09-08T01:38:00+00:00
seed,google_youtube,Google/YouTube 联想,https://suggestqueries.google.com/complete/search?client=firefox&hl=zh-CN&gl=cn&ds=yt&q=%E4%BD%8F%E5%AE%85ip,住宅ip,代理IP,3,住宅ip购买,住宅ip购买,2026-09-08T01:38:00+00:00
seed,google_youtube,Google/YouTube 联想,https://suggestqueries.google.com/complete/search?client=firefox&hl=zh-CN&gl=cn&ds=yt&q=%E4%BD%8F%E5%AE%85ip,住宅ip,代理IP,4,住宅ip推荐,住宅ip推荐,2026-09-08T01:38:00+00:00
seed,google_youtube,Google/YouTube 联想,https://suggestqueries.google.com/complete/search?client=firefox&hl=zh-CN&gl=cn&ds=yt&q=%E4%BD%8F%E5%AE%85ip,住宅ip,代理IP,5,住宅ip怎么使用,住宅ip怎么使用,2026-09-08T01:38:00+00:00
seed,google_youtube,Google/YouTube 联想,https://suggestqueries.google.com/complete/search?client=firefox&hl=zh-CN&gl=cn&ds=yt&q=%E4%BD%8F%E5%AE%85ip,住宅ip,代理IP,6,住宅ip机场,住宅ip机场,2026-09-08T01:38:00+00:00
seed,google_youtube,Google/YouTube 联想,https://suggestqueries.google.com/complete/search?client=firefox&hl=zh-CN&gl=cn&ds=yt&q=%E4%BD%8F%E5%AE%85ip,住宅ip,代理IP,7,住宅ip vps,住宅ip vps,2026-09-08T01:38:00+00:00
seed,google_youtube,Google/YouTube 联想,https://suggestqueries.google.com/complete/search?client=firefox&hl=zh-CN&gl=cn&ds=yt&q=%E4%BD%8F%E5%AE%85ip,住宅ip,代理IP,8,住宅ip链式代理,住宅ip链式代理,2026-09-08T01:38:00+00:00
seed,google_youtube,Google/YouTube 联想,https://suggestqueries.google.com/complete/search?client=firefox&hl=zh-CN&gl=cn&ds=yt&q=%E4%BD%8F%E5%AE%85ip,住宅ip,代理IP,9,住宅ip免费,住宅ip免费,2026-09-08T01:38:00+00:00
seed,google_youtube,Google/YouTube 联想,https://suggestqueries.google.com/complete/search?client=firefox&hl=zh-CN&gl=cn&ds=yt&q=%E4%BD%8F%E5%AE%85ip,住宅ip,代理IP,10,住宅ip中转,住宅ip中转,2026-09-08T01:38:00+00:00
seed,bing_cn,Bing 中文联想,https://api.bing.com/osjson.aspx?query=%E4%BD%8F%E5%AE%85ip&mkt=zh-CN,住宅ip,代理IP,1,住宅ip,住宅ip,2026-09-08T01:38:00+00:00
seed,bing_cn,Bing 中文联想,https://api.bing.com/osjson.aspx?query=%E4%BD%8F%E5%AE%85ip&mkt=zh-CN,住宅ip,代理IP,2,住宅ip购买,住宅ip购买,2026-09-08T01:38:00+00:00
seed,bing_cn,Bing 中文联想,https://api.bing.com/osjson.aspx?query=%E4%BD%8F%E5%AE%85ip&mkt=zh-CN,住宅ip,代理IP,3,住宅ip代理,住宅ip代理,2026-09-08T01:38:00+00:00
seed,bing_cn,Bing 中文联想,https://api.bing.com/osjson.aspx?query=%E4%BD%8F%E5%AE%85ip&mkt=zh-CN,住宅ip,代理IP,4,住宅ip机场,住宅ip机场,2026-09-08T01:38:00+00:00
seed,bing_cn,Bing 中文联想,https://api.bing.com/osjson.aspx?query=%E4%BD%8F%E5%AE%85ip&mkt=zh-CN,住宅ip,代理IP,5,住宅ip检测,住宅ip检测,2026-09-08T01:38:00+00:00
seed,bing_cn,Bing 中文联想,https://api.bing.com/osjson.aspx?query=%E4%BD%8F%E5%AE%85ip&mkt=zh-CN,住宅ip,代理IP,6,住宅ip vpn,住宅ip vpn,2026-09-08T01:38:00+00:00
seed,bing_cn,Bing 中文联想,https://api.bing.com/osjson.aspx?query=%E4%BD%8F%E5%AE%85ip&mkt=zh-CN,住宅ip,代理IP,7,住宅ip vps,住宅ip vps,2026-09-08T01:38:00+00:00
seed,bing_cn,Bing 中文联想,https://api.bing.com/osjson.aspx?query=%E4%BD%8F%E5%AE%85ip&mkt=zh-CN,住宅ip,代理IP,8,住宅ip服务器,住宅ip服务器,2026-09-08T01:38:00+00:00
seed,bing_cn,Bing 中文联想,https://api.bing.com/osjson.aspx?query=%E4%BD%8F%E5%AE%85ip&mkt=zh-CN,住宅ip,代理IP,9,住宅ip查询,住宅ip查询,2026-09-08T01:38:00+00:00
seed,bing_cn,Bing 中文联想,https://api.bing.com/osjson.aspx?query=%E4%BD%8F%E5%AE%85ip&mkt=zh-CN,住宅ip,代理IP,10,住宅ip推荐,住宅ip推荐,2026-09-08T01:38:00+00:00
seed,bing_cn,Bing 中文联想,https://api.bing.com/osjson.aspx?query=%E4%BD%8F%E5%AE%85ip&mkt=zh-CN,住宅ip,代理IP,11,住宅ip机场推荐,住宅ip机场推荐,2026-09-08T01:38:00+00:00
seed,bing_cn,Bing 中文联想,https://api.bing.com/osjson.aspx?query=%E4%BD%8F%E5%AE%85ip&mkt=zh-CN,住宅ip,代理IP,12,住宅ip是什么,住宅ip是什么,2026-09-08T01:38:00+00:00
seed,baidu,百度联想,https://suggestion.baidu.com/su?wd=%E4%BD%8F%E5%AE%85ip&cb=cb,住宅ip,代理IP,1,住宅ip,住宅ip,2026-09-08T01:38:00+00:00
seed,baidu,百度联想,https://suggestion.baidu.com/su?wd=%E4%BD%8F%E5%AE%85ip&cb=cb,住宅ip,代理IP,2,住宅ip是什么意思,住宅ip是什么意思,2026-09-08T01:38:00+00:00
seed,baidu,百度联想,https://suggestion.baidu.com/su?wd=%E4%BD%8F%E5%AE%85ip&cb=cb,住宅ip,代理IP,3,住宅ip服务器,住宅ip服务器,2026-09-08T01:38:00+00:00
seed,baidu,百度联想,https://suggestion.baidu.com/su?wd=%E4%BD%8F%E5%AE%85ip&cb=cb,住宅ip,代理IP,4,住宅ip和机房ip,住宅ip和机房ip,2026-09-08T01:38:00+00:00
seed,baidu,百度联想,https://suggestion.baidu.com/su?wd=%E4%BD%8F%E5%AE%85ip&cb=cb,住宅ip,代理IP,5,住宅ip怎么用,住宅ip怎么用,2026-09-08T01:38:00+00:00
seed,baidu,百度联想,https://suggestion.baidu.com/su?wd=%E4%BD%8F%E5%AE%85ip&cb=cb,住宅ip,代理IP,6,纯净住宅ip,纯净住宅ip,2026-09-08T01:38:00+00:00
seed,baidu,百度联想,https://suggestion.baidu.com/su?wd=%E4%BD%8F%E5%AE%85ip&cb=cb,住宅ip,代理IP,7,香港住宅ip,香港住宅ip,2026-09-08T01:38:00+00:00
seed,baidu,百度联想,https://suggestion.baidu.com/su?wd=%E4%BD%8F%E5%AE%85ip&cb=cb,住宅ip,代理IP,8,住宅IP云服务器,住宅ip云服务器,2026-09-08T01:38:00+00:00
seed,baidu,百度联想,https://suggestion.baidu.com/su?wd=%E4%BD%8F%E5%AE%85ip&cb=cb,住宅ip,代理IP,9,住宅IP查询,住宅ip查询,2026-09-08T01:38:00+00:00
seed,baidu,百度联想,https://suggestion.baidu.com/su?wd=%E4%BD%8F%E5%AE%85ip&cb=cb,住宅ip,代理IP,10,ip检测,ip检测,2026-09-08T01:38:00+00:00
seed,google_web,Google Web 联想,https://suggestqueries.google.com/complete/search?client=firefox&hl=zh-CN&gl=cn&q=%E5%BC%82%E5%9C%B0%E7%BB%84%E7%BD%91,异地组网,企业办公,1,异地组网,异地组网,2026-09-08T01:38:00+00:00
seed,google_web,Google Web 联想,https://suggestqueries.google.com/complete/search?client=firefox&hl=zh-CN&gl=cn&q=%E5%BC%82%E5%9C%B0%E7%BB%84%E7%BD%91,异地组网,企业办公,2,异地组网方案,异地组网方案,2026-09-08T01:38:00+00:00
seed,google_web,Google Web 联想,https://suggestqueries.google.com/complete/search?client=firefox&hl=zh-CN&gl=cn&q=%E5%BC%82%E5%9C%B0%E7%BB%84%E7%BD%91,异地组网,企业办公,3,异地组网工具,异地组网工具,2026-09-08T01:38:00+00:00
seed,google_web,Google Web 联想,https://suggestqueries.google.com/complete/search?client=firefox&hl=zh-CN&gl=cn&q=%E5%BC%82%E5%9C%B0%E7%BB%84%E7%BD%91,异地组网,企业办公,4,异地组网tailscale,异地组网tailscale,2026-09-08T01:38:00+00:00
seed,google_web,Google Web 联想,https://suggestqueries.google.com/complete/search?client=firefox&hl=zh-CN&gl=cn&q=%E5%BC%82%E5%9C%B0%E7%BB%84%E7%BD%91,异地组网,企业办公,5,异地组网软件,异地组网软件,2026-09-08T01:38:00+00:00
seed,google_web,Google Web 联想,https://suggestqueries.google.com/complete/search?client=firefox&hl=zh-CN&gl=cn&q=%E5%BC%82%E5%9C%B0%E7%BB%84%E7%BD%91,异地组网,企业办公,6,异地组网路由器,异地组网路由器,2026-09-08T01:38:00+00:00
seed,google_web,Google Web 联想,https://suggestqueries.google.com/complete/search?client=firefox&hl=zh-CN&gl=cn&q=%E5%BC%82%E5%9C%B0%E7%BB%84%E7%BD%91,异地组网,企业办公,7,异地组网开源,异地组网开源,2026-09-08T01:38:00+00:00
seed,google_youtube,Google/YouTube 联想,https://suggestqueries.google.com/complete/search?client=firefox&hl=zh-CN&gl=cn&ds=yt&q=%E5%BC%82%E5%9C%B0%E7%BB%84%E7%BD%91,异地组网,企业办公,1,异地组网,异地组网,2026-09-08T01:38:00+00:00
seed,google_youtube,Google/YouTube 联想,https://suggestqueries.google.com/complete/search?client=firefox&hl=zh-CN&gl=cn&ds=yt&q=%E5%BC%82%E5%9C%B0%E7%BB%84%E7%BD%91,异地组网,企业办公,2,异地组网方案,异地组网方案,2026-09-08T01:38:00+00:00
seed,google_youtube,Google/YouTube 联想,https://suggestqueries.google.com/complete/search?client=firefox&hl=zh-CN&gl=cn&ds=yt&q=%E5%BC%82%E5%9C%B0%E7%BB%84%E7%BD%91,异地组网,企业办公,3,wireguard 异地组网,wireguard异地组网,2026-09-08T01:38:00+00:00
seed,google_youtube,Google/YouTube 联想,https://suggestqueries.google.com/complete/search?client=firefox&hl=zh-CN&gl=cn&ds=yt&q=%E5%BC%82%E5%9C%B0%E7%BB%84%E7%BD%91,异地组网,企业办公,4,openwrt 异地组网,openwrt异地组网,2026-09-08T01:38:00+00:00
seed,google_youtube,Google/YouTube 联想,https://suggestqueries.google.com/complete/search?client=firefox&hl=zh-CN&gl=cn&ds=yt&q=%E5%BC%82%E5%9C%B0%E7%BB%84%E7%BD%91,异地组网,企业办公,5,istoreos 异地组网,istoreos异地组网,2026-09-08T01:38:00+00:00
seed,bing_cn,Bing 中文联想,https://api.bing.com/osjson.aspx?query=%E5%BC%82%E5%9C%B0%E7%BB%84%E7%BD%91&mkt=zh-CN,异地组网,企业办公,1,异地组网,异地组网,2026-09-08T01:38:00+00:00
seed,bing_cn,Bing 中文联想,https://api.bing.com/osjson.aspx?query=%E5%BC%82%E5%9C%B0%E7%BB%84%E7%BD%91&mkt=zh-CN,异地组网,企业办公,2,异地组网软件,异地组网软件,2026-09-08T01:38:00+00:00
seed,bing_cn,Bing 中文联想,https://api.bing.com/osjson.aspx?query=%E5%BC%82%E5%9C%B0%E7%BB%84%E7%BD%91&mkt=zh-CN,异地组网,企业办公,3,异地组网工具,异地组网工具,2026-09-08T01:38:00+00:00
seed,bing_cn,Bing 中文联想,https://api.bing.com/osjson.aspx?query=%E5%BC%82%E5%9C%B0%E7%BB%84%E7%BD%91&mkt=zh-CN,异地组网,企业办公,4,异地组网方案,异地组网方案,2026-09-08T01:38:00+00:00
seed,bing_cn,Bing 中文联想,https://api.bing.com/osjson.aspx?query=%E5%BC%82%E5%9C%B0%E7%BB%84%E7%BD%91&mkt=zh-CN,异地组网,企业办公,5,异地组网路由器,异地组网路由器,2026-09-08T01:38:00+00:00
seed,bing_cn,Bing 中文联想,https://api.bing.com/osjson.aspx?query=%E5%BC%82%E5%9C%B0%E7%BB%84%E7%BD%91&mkt=zh-CN,异地组网,企业办公,6,异地组网和内网穿透的区别,异地组网和内网穿透的区别,2026-09-08T01:38:00+00:00
seed,bing_cn,Bing 中文联想,https://api.bing.com/osjson.aspx?query=%E5%BC%82%E5%9C%B0%E7%BB%84%E7%BD%91&mkt=zh-CN,异地组网,企业办公,7,异地组网 tailscale,异地组网tailscale,2026-09-08T01:38:00+00:00
seed,bing_cn,Bing 中文联想,https://api.bing.com/osjson.aspx?query=%E5%BC%82%E5%9C%B0%E7%BB%84%E7%BD%91&mkt=zh-CN,异地组网,企业办公,8,异地组网软件免费,异地组网软件免费,2026-09-08T01:38:00+00:00
seed,bing_cn,Bing 中文联想,https://api.bing.com/osjson.aspx?query=%E5%BC%82%E5%9C%B0%E7%BB%84%E7%BD%91&mkt=zh-CN,异地组网,企业办公,9,异地组网是什么意思,异地组网是什么意思,2026-09-08T01:38:00+00:00
seed,bing_cn,Bing 中文联想,https://api.bing.com/osjson.aspx?query=%E5%BC%82%E5%9C%B0%E7%BB%84%E7%BD%91&mkt=zh-CN,异地组网,企业办公,10,异地组网 zerotier,异地组网zerotier,2026-09-08T01:38:00+00:00
seed,bing_cn,Bing 中文联想,https://api.bing.com/osjson.aspx?query=%E5%BC%82%E5%9C%B0%E7%BB%84%E7%BD%91&mkt=zh-CN,异地组网,企业办公,11,异地组网 开源,异地组网开源,2026-09-08T01:38:00+00:00
seed,bing_cn,Bing 中文联想,https://api.bing.com/osjson.aspx?query=%E5%BC%82%E5%9C%B0%E7%BB%84%E7%BD%91&mkt=zh-CN,异地组网,企业办公,12,异地组网vpn,异地组网vpn,2026-09-08T01:38:00+00:00
seed,baidu,百度联想,https://suggestion.baidu.com/su?wd=%E5%BC%82%E5%9C%B0%E7%BB%84%E7%BD%91&cb=cb,异地组网,企业办公,1,异地组网是什么意思,异地组网是什么意思,2026-09-08T01:38:00+00:00
seed,baidu,百度联想,https://suggestion.baidu.com/su?wd=%E5%BC%82%E5%9C%B0%E7%BB%84%E7%BD%91&cb=cb,异地组网,企业办公,2,异地组网监控设备,异地组网监控设备,2026-09-08T01:38:00+00:00
seed,baidu,百度联想,https://suggestion.baidu.com/su?wd=%E5%BC%82%E5%9C%B0%E7%BB%84%E7%BD%91&cb=cb,异地组网,企业办公,3,异地组网怎么设置,异地组网怎么设置,2026-09-08T01:38:00+00:00
seed,baidu,百度联想,https://suggestion.baidu.com/su?wd=%E5%BC%82%E5%9C%B0%E7%BB%84%E7%BD%91&cb=cb,异地组网,企业办公,4,异地组网软件,异地组网软件,2026-09-08T01:38:00+00:00
seed,baidu,百度联想,https://suggestion.baidu.com/su?wd=%E5%BC%82%E5%9C%B0%E7%BB%84%E7%BD%91&cb=cb,异地组网,企业办公,5,tplink路由器异地组网,tplink路由器异地组网,2026-09-08T01:38:00+00:00
seed,baidu,百度联想,https://suggestion.baidu.com/su?wd=%E5%BC%82%E5%9C%B0%E7%BB%84%E7%BD%91&cb=cb,异地组网,企业办公,6,zerotier异地组网,zerotier异地组网,2026-09-08T01:38:00+00:00
seed,baidu,百度联想,https://suggestion.baidu.com/su?wd=%E5%BC%82%E5%9C%B0%E7%BB%84%E7%BD%91&cb=cb,异地组网,企业办公,7,蒲公英异地组网,蒲公英异地组网,2026-09-08T01:38:00+00:00
seed,baidu,百度联想,https://suggestion.baidu.com/su?wd=%E5%BC%82%E5%9C%B0%E7%BB%84%E7%BD%91&cb=cb,异地组网,企业办公,8,华为路由器异地组网,华为路由器异地组网,2026-09-08T01:38:00+00:00
seed,baidu,百度联想,https://suggestion.baidu.com/su?wd=%E5%BC%82%E5%9C%B0%E7%BB%84%E7%BD%91&cb=cb,异地组网,企业办公,9,锐捷路由器异地组网,锐捷路由器异地组网,2026-09-08T01:38:00+00:00
seed,baidu,百度联想,https://suggestion.baidu.com/su?wd=%E5%BC%82%E5%9C%B0%E7%BB%84%E7%BD%91&cb=cb,异地组网,企业办公,10,锐捷异地组网,锐捷异地组网,2026-09-08T01:38:00+00:00
seed,google_web,Google Web 联想,https://suggestqueries.google.com/complete/search?client=firefox&hl=zh-CN&gl=cn&q=%E5%86%85%E7%BD%91%E7%A9%BF%E9%80%8F,内网穿透,企业办公,1,内网穿透我的世界,内网穿透我的世界,2026-09-08T01:38:00+00:00
seed,google_youtube,Google/YouTube 联想,https://suggestqueries.google.com/complete/search?client=firefox&hl=zh-CN&gl=cn&ds=yt&q=%E5%86%85%E7%BD%91%E7%A9%BF%E9%80%8F,内网穿透,企业办公,1,内网穿透 不良林,内网穿透不良林,2026-09-08T01:38:00+00:00
seed,bing_cn,Bing 中文联想,https://api.bing.com/osjson.aspx?query=%E5%86%85%E7%BD%91%E7%A9%BF%E9%80%8F&mkt=zh-CN,内网穿透,企业办公,1,内网穿透樱花,内网穿透樱花,2026-09-08T01:38:00+00:00
seed,bing_cn,Bing 中文联想,https://api.bing.com/osjson.aspx?query=%E5%86%85%E7%BD%91%E7%A9%BF%E9%80%8F&mkt=zh-CN,内网穿透,企业办公,2,内网穿透服务,内网穿透服务,2026-09-08T01:38:00+00:00
seed,bing_cn,Bing 中文联想,https://api.bing.com/osjson.aspx?query=%E5%86%85%E7%BD%91%E7%A9%BF%E9%80%8F&mkt=zh-CN,内网穿透,企业办公,3,内网穿透是什么意思,内网穿透是什么意思,2026-09-08T01:38:00+00:00
seed,bing_cn,Bing 中文联想,https://api.bing.com/osjson.aspx?query=%E5%86%85%E7%BD%91%E7%A9%BF%E9%80%8F&mkt=zh-CN,内网穿透,企业办公,4,内网穿透软件推荐,内网穿透软件推荐,2026-09-08T01:38:00+00:00
seed,bing_cn,Bing 中文联想,https://api.bing.com/osjson.aspx?query=%E5%86%85%E7%BD%91%E7%A9%BF%E9%80%8F&mkt=zh-CN,内网穿透,企业办公,5,内网穿透 cpolar,内网穿透cpolar,2026-09-08T01:38:00+00:00
seed,bing_cn,Bing 中文联想,https://api.bing.com/osjson.aspx?query=%E5%86%85%E7%BD%91%E7%A9%BF%E9%80%8F&mkt=zh-CN,内网穿透,企业办公,6,内网穿透原理,内网穿透原理,2026-09-08T01:38:00+00:00
seed,bing_cn,Bing 中文联想,https://api.bing.com/osjson.aspx?query=%E5%86%85%E7%BD%91%E7%A9%BF%E9%80%8F&mkt=zh-CN,内网穿透,企业办公,7,内网穿透推荐,内网穿透推荐,2026-09-08T01:38:00+00:00
seed,bing_cn,Bing 中文联想,https://api.bing.com/osjson.aspx?query=%E5%86%85%E7%BD%91%E7%A9%BF%E9%80%8F&mkt=zh-CN,内网穿透,企业办公,8,内网穿透方案,内网穿透方案,2026-09-08T01:38:00+00:00
seed,bing_cn,Bing 中文联想,https://api.bing.com/osjson.aspx?query=%E5%86%85%E7%BD%91%E7%A9%BF%E9%80%8F&mkt=zh-CN,内网穿透,企业办公,9,内网穿透花生壳,内网穿透花生壳,2026-09-08T01:38:00+00:00
seed,bing_cn,Bing 中文联想,https://api.bing.com/osjson.aspx?query=%E5%86%85%E7%BD%91%E7%A9%BF%E9%80%8F&mkt=zh-CN,内网穿透,企业办公,10,内网穿透联机,内网穿透联机,2026-09-08T01:38:00+00:00
seed,bing_cn,Bing 中文联想,https://api.bing.com/osjson.aspx?query=%E5%86%85%E7%BD%91%E7%A9%BF%E9%80%8F&mkt=zh-CN,内网穿透,企业办公,11,内网穿透 tailscale,内网穿透tailscale,2026-09-08T01:38:00+00:00
seed,bing_cn,Bing 中文联想,https://api.bing.com/osjson.aspx?query=%E5%86%85%E7%BD%91%E7%A9%BF%E9%80%8F&mkt=zh-CN,内网穿透,企业办公,12,内网穿透免费不限流量,内网穿透免费不限流量,2026-09-08T01:38:00+00:00
seed,baidu,百度联想,https://suggestion.baidu.com/su?wd=%E5%86%85%E7%BD%91%E7%A9%BF%E9%80%8F&cb=cb,内网穿透,企业办公,1,内网穿透,内网穿透,2026-09-08T01:38:00+00:00
seed,baidu,百度联想,https://suggestion.baidu.com/su?wd=%E5%86%85%E7%BD%91%E7%A9%BF%E9%80%8F&cb=cb,内网穿透,企业办公,2,内网穿透是什么意思,内网穿透是什么意思,2026-09-08T01:38:00+00:00
seed,baidu,百度联想,https://suggestion.baidu.com/su?wd=%E5%86%85%E7%BD%91%E7%A9%BF%E9%80%8F&cb=cb,内网穿透,企业办公,3,内网穿透软件哪个好,内网穿透软件哪个好,2026-09-08T01:38:00+00:00
seed,baidu,百度联想,https://suggestion.baidu.com/su?wd=%E5%86%85%E7%BD%91%E7%A9%BF%E9%80%8F&cb=cb,内网穿透,企业办公,4,内网穿透教程,内网穿透教程,2026-09-08T01:38:00+00:00
seed,baidu,百度联想,https://suggestion.baidu.com/su?wd=%E5%86%85%E7%BD%91%E7%A9%BF%E9%80%8F&cb=cb,内网穿透,企业办公,5,内网穿透违法吗,内网穿透违法吗,2026-09-08T01:38:00+00:00
seed,baidu,百度联想,https://suggestion.baidu.com/su?wd=%E5%86%85%E7%BD%91%E7%A9%BF%E9%80%8F&cb=cb,内网穿透,企业办公,6,内网穿透原理,内网穿透原理,2026-09-08T01:38:00+00:00
seed,baidu,百度联想,https://suggestion.baidu.com/su?wd=%E5%86%85%E7%BD%91%E7%A9%BF%E9%80%8F&cb=cb,内网穿透,企业办公,7,frp内网穿透,frp内网穿透,2026-09-08T01:38:00+00:00
seed,baidu,百度联想,https://suggestion.baidu.com/su?wd=%E5%86%85%E7%BD%91%E7%A9%BF%E9%80%8F&cb=cb,内网穿透,企业办公,8,内网穿透有什么用,内网穿透有什么用,2026-09-08T01:38:00+00:00
seed,baidu,百度联想,https://suggestion.baidu.com/su?wd=%E5%86%85%E7%BD%91%E7%A9%BF%E9%80%8F&cb=cb,内网穿透,企业办公,9,我的世界内网穿透,我的世界内网穿透,2026-09-08T01:38:00+00:00
seed,baidu,百度联想,https://suggestion.baidu.com/su?wd=%E5%86%85%E7%BD%91%E7%A9%BF%E9%80%8F&cb=cb,内网穿透,企业办公,10,手机内网穿透,手机内网穿透,2026-09-08T01:38:00+00:00
seed,google_web,Google Web 联想,https://suggestqueries.google.com/complete/search?client=firefox&hl=zh-CN&gl=cn&q=%E9%98%B2%E5%85%B3%E8%81%94,防关联,跨境店群,1,防关联浏览器,防关联浏览器,2026-09-08T01:38:00+00:00
seed,bing_cn,Bing 中文联想,https://api.bing.com/osjson.aspx?query=%E9%98%B2%E5%85%B3%E8%81%94&mkt=zh-CN,防关联,跨境店群,1,防关联浏览器,防关联浏览器,2026-09-08T01:38:00+00:00
seed,bing_cn,Bing 中文联想,https://api.bing.com/osjson.aspx?query=%E9%98%B2%E5%85%B3%E8%81%94&mkt=zh-CN,防关联,跨境店群,2,防关联防封号浏览器,防关联防封号浏览器,2026-09-08T01:38:00+00:00
seed,bing_cn,Bing 中文联想,https://api.bing.com/osjson.aspx?query=%E9%98%B2%E5%85%B3%E8%81%94&mkt=zh-CN,防关联,跨境店群,3,防关联指纹浏览器,防关联指纹浏览器,2026-09-08T01:38:00+00:00
seed,bing_cn,Bing 中文联想,https://api.bing.com/osjson.aspx?query=%E9%98%B2%E5%85%B3%E8%81%94&mkt=zh-CN,防关联,跨境店群,4,防关联浏览器的优势,防关联浏览器的优势,2026-09-08T01:38:00+00:00
seed,bing_cn,Bing 中文联想,https://api.bing.com/osjson.aspx?query=%E9%98%B2%E5%85%B3%E8%81%94&mkt=zh-CN,防关联,跨境店群,5,防关联浏览器的原理,防关联浏览器的原理,2026-09-08T01:38:00+00:00
seed,bing_cn,Bing 中文联想,https://api.bing.com/osjson.aspx?query=%E9%98%B2%E5%85%B3%E8%81%94&mkt=zh-CN,防关联,跨境店群,6,防关联浏览器的比较,防关联浏览器的比较,2026-09-08T01:38:00+00:00
seed,bing_cn,Bing 中文联想,https://api.bing.com/osjson.aspx?query=%E9%98%B2%E5%85%B3%E8%81%94&mkt=zh-CN,防关联,跨境店群,7,防关联浏览器的设置,防关联浏览器的设置,2026-09-08T01:38:00+00:00
seed,bing_cn,Bing 中文联想,https://api.bing.com/osjson.aspx?query=%E9%98%B2%E5%85%B3%E8%81%94&mkt=zh-CN,防关联,跨境店群,8,防关联浏览器的评测,防关联浏览器的评测,2026-09-08T01:38:00+00:00
seed,bing_cn,Bing 中文联想,https://api.bing.com/osjson.aspx?query=%E9%98%B2%E5%85%B3%E8%81%94&mkt=zh-CN,防关联,跨境店群,9,防关联浏览器的安全性,防关联浏览器的安全性,2026-09-08T01:38:00+00:00
seed,bing_cn,Bing 中文联想,https://api.bing.com/osjson.aspx?query=%E9%98%B2%E5%85%B3%E8%81%94&mkt=zh-CN,防关联,跨境店群,10,防关联浏览器的使用方法,防关联浏览器的使用方法,2026-09-08T01:38:00+00:00
seed,bing_cn,Bing 中文联想,https://api.bing.com/osjson.aspx?query=%E9%98%B2%E5%85%B3%E8%81%94&mkt=zh-CN,防关联,跨境店群,11,防关联浏览器的常见问题,防关联浏览器的常见问题,2026-09-08T01:38:00+00:00
seed,baidu,百度联想,https://suggestion.baidu.com/su?wd=%E9%98%B2%E5%85%B3%E8%81%94&cb=cb,防关联,跨境店群,1,防关联浏览器免费,防关联浏览器免费,2026-09-08T01:38:00+00:00
seed,baidu,百度联想,https://suggestion.baidu.com/su?wd=%E9%98%B2%E5%85%B3%E8%81%94&cb=cb,防关联,跨境店群,2,防关联浏览器下载,防关联浏览器下载,2026-09-08T01:38:00+00:00
seed,baidu,百度联想,https://suggestion.baidu.com/su?wd=%E9%98%B2%E5%85%B3%E8%81%94&cb=cb,防关联,跨境店群,3,防关联是什么,防关联是什么,2026-09-08T01:38:00+00:00
seed,baidu,百度联想,https://suggestion.baidu.com/su?wd=%E9%98%B2%E5%85%B3%E8%81%94&cb=cb,防关联,跨境店群,4,防关联办法,防关联办法,2026-09-08T01:38:00+00:00
seed,baidu,百度联想,https://suggestion.baidu.com/su?wd=%E9%98%B2%E5%85%B3%E8%81%94&cb=cb,防关联,跨境店群,5,防关联ip,防关联ip,2026-09-08T01:38:00+00:00
seed,baidu,百度联想,https://suggestion.baidu.com/su?wd=%E9%98%B2%E5%85%B3%E8%81%94&cb=cb,防关联,跨境店群,6,社媒账号防关联,社媒账号防关联,2026-09-08T01:38:00+00:00
seed,baidu,百度联想,https://suggestion.baidu.com/su?wd=%E9%98%B2%E5%85%B3%E8%81%94&cb=cb,防关联,跨境店群,7,防关联浏览器哪个好用,防关联浏览器哪个好用,2026-09-08T01:38:00+00:00
seed,baidu,百度联想,https://suggestion.baidu.com/su?wd=%E9%98%B2%E5%85%B3%E8%81%94&cb=cb,防关联,跨境店群,8,防关联浏览器哪个好用点,防关联浏览器哪个好用点,2026-09-08T01:38:00+00:00
seed,baidu,百度联想,https://suggestion.baidu.com/su?wd=%E9%98%B2%E5%85%B3%E8%81%94&cb=cb,防关联,跨境店群,9,防关联浏览器排行榜,防关联浏览器排行榜,2026-09-08T01:38:00+00:00
seed,baidu,百度联想,https://suggestion.baidu.com/su?wd=%E9%98%B2%E5%85%B3%E8%81%94&cb=cb,防关联,跨境店群,10,防关联浏览器有哪些,防关联浏览器有哪些,2026-09-08T01:38:00+00:00
seed,bing_cn,Bing 中文联想,https://api.bing.com/osjson.aspx?query=%E5%A4%9A%E5%BA%97%E9%93%BA%E9%98%B2%E5%85%B3%E8%81%94&mkt=zh-CN,多店铺防关联,跨境店群,1,亚马逊多店铺防关联,亚马逊多店铺防关联,2026-09-08T01:38:00+00:00
seed,baidu,百度联想,https://suggestion.baidu.com/su?wd=%E5%A4%9A%E5%BA%97%E9%93%BA%E9%98%B2%E5%85%B3%E8%81%94&cb=cb,多店铺防关联,跨境店群,1,多店铺防关联是什么意思,多店铺防关联是什么意思,2026-09-08T01:38:00+00:00
seed,baidu,百度联想,https://suggestion.baidu.com/su?wd=%E5%A4%9A%E5%BA%97%E9%93%BA%E9%98%B2%E5%85%B3%E8%81%94&cb=cb,多店铺防关联,跨境店群,2,店铺防关联的方法,店铺防关联的方法,2026-09-08T01:38:00+00:00
seed,baidu,百度联想,https://suggestion.baidu.com/su?wd=%E5%A4%9A%E5%BA%97%E9%93%BA%E9%98%B2%E5%85%B3%E8%81%94&cb=cb,多店铺防关联,跨境店群,3,店铺防关联用远程桌面还是远程服务器好,店铺防关联用远程桌面还是远程服务器好,2026-09-08T01:38:00+00:00
seed,baidu,百度联想,https://suggestion.baidu.com/su?wd=%E5%A4%9A%E5%BA%97%E9%93%BA%E9%98%B2%E5%85%B3%E8%81%94&cb=cb,多店铺防关联,跨境店群,4,关联店铺违规怎么处理,关联店铺违规怎么处理,2026-09-08T01:38:00+00:00
seed,baidu,百度联想,https://suggestion.baidu.com/su?wd=%E5%A4%9A%E5%BA%97%E9%93%BA%E9%98%B2%E5%85%B3%E8%81%94&cb=cb,多店铺防关联,跨境店群,5,店铺关联怎么解除,店铺关联怎么解除,2026-09-08T01:38:00+00:00
seed,baidu,百度联想,https://suggestion.baidu.com/su?wd=%E5%A4%9A%E5%BA%97%E9%93%BA%E9%98%B2%E5%85%B3%E8%81%94&cb=cb,多店铺防关联,跨境店群,6,店铺关联了有影响吗,店铺关联了有影响吗,2026-09-08T01:38:00+00:00
seed,baidu,百度联想,https://suggestion.baidu.com/su?wd=%E5%A4%9A%E5%BA%97%E9%93%BA%E9%98%B2%E5%85%B3%E8%81%94&cb=cb,多店铺防关联,跨境店群,7,店铺关联是什么意思,店铺关联是什么意思,2026-09-08T01:38:00+00:00
seed,baidu,百度联想,https://suggestion.baidu.com/su?wd=%E5%A4%9A%E5%BA%97%E9%93%BA%E9%98%B2%E5%85%B3%E8%81%94&cb=cb,多店铺防关联,跨境店群,8,店铺被关联会被限制搜索吗,店铺被关联会被限制搜索吗,2026-09-08T01:38:00+00:00
seed,baidu,百度联想,https://suggestion.baidu.com/su?wd=%E5%A4%9A%E5%BA%97%E9%93%BA%E9%98%B2%E5%85%B3%E8%81%94&cb=cb,多店铺防关联,跨境店群,9,关联店铺违规影响别的账号吗,关联店铺违规影响别的账号吗,2026-09-08T01:38:00+00:00
seed,baidu,百度联想,https://suggestion.baidu.com/su?wd=%E5%A4%9A%E5%BA%97%E9%93%BA%E9%98%B2%E5%85%B3%E8%81%94&cb=cb,多店铺防关联,跨境店群,10,关联店铺涉嫌售假怎么解除,关联店铺涉嫌售假怎么解除,2026-09-08T01:38:00+00:00
seed,google_web,Google Web 联想,https://suggestqueries.google.com/complete/search?client=firefox&hl=zh-CN&gl=cn&q=sd-wan,sd-wan,企业办公,1,sd-wan,sd-wan,2026-09-08T01:38:00+00:00
seed,google_web,Google Web 联想,https://suggestqueries.google.com/complete/search?client=firefox&hl=zh-CN&gl=cn&q=sd-wan,sd-wan,企业办公,2,sd-wan是什么,sd-wan是什么,2026-09-08T01:38:00+00:00
seed,google_web,Google Web 联想,https://suggestqueries.google.com/complete/search?client=firefox&hl=zh-CN&gl=cn&q=sd-wan,sd-wan,企业办公,3,sd-wan专线,sd-wan专线,2026-09-08T01:38:00+00:00
seed,google_web,Google Web 联想,https://suggestqueries.google.com/complete/search?client=firefox&hl=zh-CN&gl=cn&q=sd-wan,sd-wan,企业办公,4,sd-wan跨境专线,sd-wan跨境专线,2026-09-08T01:38:00+00:00
seed,google_web,Google Web 联想,https://suggestqueries.google.com/complete/search?client=firefox&hl=zh-CN&gl=cn&q=sd-wan,sd-wan,企业办公,5,sd-wan 服务商,sd-wan服务商,2026-09-08T01:38:00+00:00
seed,google_web,Google Web 联想,https://suggestqueries.google.com/complete/search?client=firefox&hl=zh-CN&gl=cn&q=sd-wan,sd-wan,企业办公,6,sd-wan组网,sd-wan组网,2026-09-08T01:38:00+00:00
seed,google_web,Google Web 联想,https://suggestqueries.google.com/complete/search?client=firefox&hl=zh-CN&gl=cn&q=sd-wan,sd-wan,企业办公,7,sd-wan搭建,sd-wan搭建,2026-09-08T01:38:00+00:00
seed,google_web,Google Web 联想,https://suggestqueries.google.com/complete/search?client=firefox&hl=zh-CN&gl=cn&q=sd-wan,sd-wan,企业办公,8,sd-wan gartner,sd-wan gartner,2026-09-08T01:38:00+00:00
seed,google_web,Google Web 联想,https://suggestqueries.google.com/complete/search?client=firefox&hl=zh-CN&gl=cn&q=sd-wan,sd-wan,企业办公,9,sd-wan技术,sd-wan技术,2026-09-08T01:38:00+00:00
seed,google_web,Google Web 联想,https://suggestqueries.google.com/complete/search?client=firefox&hl=zh-CN&gl=cn&q=sd-wan,sd-wan,企业办公,10,sd-wan vpn,sd-wan vpn,2026-09-08T01:38:00+00:00
seed,google_youtube,Google/YouTube 联想,https://suggestqueries.google.com/complete/search?client=firefox&hl=zh-CN&gl=cn&ds=yt&q=sd-wan,sd-wan,企业办公,1,sd-wan,sd-wan,2026-09-08T01:38:00+00:00
seed,google_youtube,Google/YouTube 联想,https://suggestqueries.google.com/complete/search?client=firefox&hl=zh-CN&gl=cn&ds=yt&q=sd-wan,sd-wan,企业办公,2,sd-wan搭建,sd-wan搭建,2026-09-08T01:38:00+00:00
seed,google_youtube,Google/YouTube 联想,https://suggestqueries.google.com/complete/search?client=firefox&hl=zh-CN&gl=cn&ds=yt&q=sd-wan,sd-wan,企业办公,3,sd-wan 介紹,sd-wan介紹,2026-09-08T01:38:00+00:00
seed,google_youtube,Google/YouTube 联想,https://suggestqueries.google.com/complete/search?client=firefox&hl=zh-CN&gl=cn&ds=yt&q=sd-wan,sd-wan,企业办公,4,sd-wan vs vpn,sd-wan vs vpn,2026-09-08T01:38:00+00:00
seed,google_youtube,Google/YouTube 联想,https://suggestqueries.google.com/complete/search?client=firefox&hl=zh-CN&gl=cn&ds=yt&q=sd-wan,sd-wan,企业办公,5,sd-wan 介绍,sd-wan介绍,2026-09-08T01:38:00+00:00
seed,google_youtube,Google/YouTube 联想,https://suggestqueries.google.com/complete/search?client=firefox&hl=zh-CN&gl=cn&ds=yt&q=sd-wan,sd-wan,企业办公,6,sd-wan 锐捷,sd-wan锐捷,2026-09-08T01:38:00+00:00
seed,google_youtube,Google/YouTube 联想,https://suggestqueries.google.com/complete/search?client=firefox&hl=zh-CN&gl=cn&ds=yt&q=sd-wan,sd-wan,企业办公,7,sd-wan configuration,sd-wan configuration,2026-09-08T01:38:00+00:00
seed,google_youtube,Google/YouTube 联想,https://suggestqueries.google.com/complete/search?client=firefox&hl=zh-CN&gl=cn&ds=yt&q=sd-wan,sd-wan,企业办公,8,sd-wan cisco,sd-wan cisco,2026-09-08T01:38:00+00:00
seed,google_youtube,Google/YouTube 联想,https://suggestqueries.google.com/complete/search?client=firefox&hl=zh-CN&gl=cn&ds=yt&q=sd-wan,sd-wan,企业办公,9,sd-wan viptela,sd-wan viptela,2026-09-08T01:38:00+00:00
seed,google_youtube,Google/YouTube 联想,https://suggestqueries.google.com/complete/search?client=firefox&hl=zh-CN&gl=cn&ds=yt&q=sd-wan,sd-wan,企业办公,10,sd wan interview questions and answers,sd wan interview questions and answers,2026-09-08T01:38:00+00:00
seed,bing_cn,Bing 中文联想,https://api.bing.com/osjson.aspx?query=sd-wan&mkt=zh-CN,sd-wan,企业办公,1,sd-wan,sd-wan,2026-09-08T01:38:00+00:00
seed,bing_cn,Bing 中文联想,https://api.bing.com/osjson.aspx?query=sd-wan&mkt=zh-CN,sd-wan,企业办公,2,sd-wan组网,sd-wan组网,2026-09-08T01:38:00+00:00
seed,bing_cn,Bing 中文联想,https://api.bing.com/osjson.aspx?query=sd-wan&mkt=zh-CN,sd-wan,企业办公,3,sd-wan专线,sd-wan专线,2026-09-08T01:38:00+00:00
seed,bing_cn,Bing 中文联想,https://api.bing.com/osjson.aspx?query=sd-wan&mkt=zh-CN,sd-wan,企业办公,4,sdwan是什么,sdwan是什么,2026-09-08T01:38:00+00:00
seed,bing_cn,Bing 中文联想,https://api.bing.com/osjson.aspx?query=sd-wan&mkt=zh-CN,sd-wan,企业办公,5,sdwan和专线的区别,sdwan和专线的区别,2026-09-08T01:38:00+00:00
seed,bing_cn,Bing 中文联想,https://api.bing.com/osjson.aspx?query=sd-wan&mkt=zh-CN,sd-wan,企业办公,6,sd-wan跨境专线,sd-wan跨境专线,2026-09-08T01:38:00+00:00
seed,bing_cn,Bing 中文联想,https://api.bing.com/osjson.aspx?query=sd-wan&mkt=zh-CN,sd-wan,企业办公,7,sd-wan设备,sd-wan设备,2026-09-08T01:38:00+00:00
seed,bing_cn,Bing 中文联想,https://api.bing.com/osjson.aspx?query=sd-wan&mkt=zh-CN,sd-wan,企业办公,8,sd-wan是什么意思,sd-wan是什么意思,2026-09-08T01:38:00+00:00
seed,bing_cn,Bing 中文联想,https://api.bing.com/osjson.aspx?query=sd-wan&mkt=zh-CN,sd-wan,企业办公,9,sd-wan和vpn的区别,sd-wan和vpn的区别,2026-09-08T01:38:00+00:00
seed,bing_cn,Bing 中文联想,https://api.bing.com/osjson.aspx?query=sd-wan&mkt=zh-CN,sd-wan,企业办公,10,sd-wan技术,sd-wan技术,2026-09-08T01:38:00+00:00
seed,bing_cn,Bing 中文联想,https://api.bing.com/osjson.aspx?query=sd-wan&mkt=zh-CN,sd-wan,企业办公,11,sdwan fast,sdwan fast,2026-09-08T01:38:00+00:00
seed,bing_cn,Bing 中文联想,https://api.bing.com/osjson.aspx?query=sd-wan&mkt=zh-CN,sd-wan,企业办公,12,山东万事达建筑钢品股份有限公司,山东万事达建筑钢品股份有限公司,2026-09-08T01:38:00+00:00
seed,baidu,百度联想,https://suggestion.baidu.com/su?wd=sd-wan&cb=cb,sd-wan,企业办公,1,sd-wan,sd-wan,2026-09-08T01:38:00+00:00
seed,baidu,百度联想,https://suggestion.baidu.com/su?wd=sd-wan&cb=cb,sd-wan,企业办公,2,sd-wan是什么,sd-wan是什么,2026-09-08T01:38:00+00:00
seed,baidu,百度联想,https://suggestion.baidu.com/su?wd=sd-wan&cb=cb,sd-wan,企业办公,3,sd-wan路由器,sd-wan路由器,2026-09-08T01:38:00+00:00
seed,baidu,百度联想,https://suggestion.baidu.com/su?wd=sd-wan&cb=cb,sd-wan,企业办公,4,sd-wan组网方案,sd-wan组网方案,2026-09-08T01:38:00+00:00
seed,baidu,百度联想,https://suggestion.baidu.com/su?wd=sd-wan&cb=cb,sd-wan,企业办公,5,sd-wan是个什么技术,sd-wan是个什么技术,2026-09-08T01:38:00+00:00
seed,baidu,百度联想,https://suggestion.baidu.com/su?wd=sd-wan&cb=cb,sd-wan,企业办公,6,sdwan网络是什么,sdwan网络是什么,2026-09-08T01:38:00+00:00
seed,baidu,百度联想,https://suggestion.baidu.com/su?wd=sd-wan&cb=cb,sd-wan,企业办公,7,sdwan设备是什么,sdwan设备是什么,2026-09-08T01:38:00+00:00
seed,baidu,百度联想,https://suggestion.baidu.com/su?wd=sd-wan&cb=cb,sd-wan,企业办公,8,sdwan技术原理,sdwan技术原理,2026-09-08T01:38:00+00:00
seed,baidu,百度联想,https://suggestion.baidu.com/su?wd=sd-wan&cb=cb,sd-wan,企业办公,9,sd网络用语的意思,sd网络用语的意思,2026-09-08T01:38:00+00:00
seed,baidu,百度联想,https://suggestion.baidu.com/su?wd=sd-wan&cb=cb,sd-wan,企业办公,10,sdwan怎么读,sdwan怎么读,2026-09-08T01:38:00+00:00
seed,google_web,Google Web 联想,https://suggestqueries.google.com/complete/search?client=firefox&hl=zh-CN&gl=cn&q=sase,sase,企业办公,1,sase,sase,2026-09-08T01:38:00+00:00
seed,google_web,Google Web 联想,https://suggestqueries.google.com/complete/search?client=firefox&hl=zh-CN&gl=cn&q=sase,sase,企业办公,2,sase 下载,sase下载,2026-09-08T01:38:00+00:00
seed,google_web,Google Web 联想,https://suggestqueries.google.com/complete/search?client=firefox&hl=zh-CN&gl=cn&q=sase,sase,企业办公,3,sase是什么,sase是什么,2026-09-08T01:38:00+00:00
seed,google_web,Google Web 联想,https://suggestqueries.google.com/complete/search?client=firefox&hl=zh-CN&gl=cn&q=sase,sase,企业办公,4,sasebo,sasebo,2026-09-08T01:38:00+00:00
seed,google_web,Google Web 联想,https://suggestqueries.google.com/complete/search?client=firefox&hl=zh-CN&gl=cn&q=sase,sase,企业办公,5,saservice,saservice,2026-09-08T01:38:00+00:00
seed,google_web,Google Web 联想,https://suggestqueries.google.com/complete/search?client=firefox&hl=zh-CN&gl=cn&q=sase,sase,企业办公,6,sesame,sesame,2026-09-08T01:38:00+00:00
seed,google_web,Google Web 联想,https://suggestqueries.google.com/complete/search?client=firefox&hl=zh-CN&gl=cn&q=sase,sase,企业办公,7,萨瑟利尔的聚会,萨瑟利尔的聚会,2026-09-08T01:38:00+00:00
seed,google_web,Google Web 联想,https://suggestqueries.google.com/complete/search?client=firefox&hl=zh-CN&gl=cn&q=sase,sase,企业办公,8,萨瑟兰,萨瑟兰,2026-09-08T01:38:00+00:00
seed,google_web,Google Web 联想,https://suggestqueries.google.com/complete/search?client=firefox&hl=zh-CN&gl=cn&q=sase,sase,企业办公,9,萨索尔,萨索尔,2026-09-08T01:38:00+00:00
seed,google_web,Google Web 联想,https://suggestqueries.google.com/complete/search?client=firefox&hl=zh-CN&gl=cn&q=sase,sase,企业办公,10,索艾森one3 写给20年后的自己,索艾森one3写给20年后的自己,2026-09-08T01:38:00+00:00
seed,google_youtube,Google/YouTube 联想,https://suggestqueries.google.com/complete/search?client=firefox&hl=zh-CN&gl=cn&ds=yt&q=sase,sase,企业办公,1,sase,sase,2026-09-08T01:38:00+00:00
seed,google_youtube,Google/YouTube 联想,https://suggestqueries.google.com/complete/search?client=firefox&hl=zh-CN&gl=cn&ds=yt&q=sase,sase,企业办公,2,saseel,saseel,2026-09-08T01:38:00+00:00
seed,google_youtube,Google/YouTube 联想,https://suggestqueries.google.com/complete/search?client=firefox&hl=zh-CN&gl=cn&ds=yt&q=sase,sase,企业办公,3,sasea,sasea,2026-09-08T01:38:00+00:00
seed,google_youtube,Google/YouTube 联想,https://suggestqueries.google.com/complete/search?client=firefox&hl=zh-CN&gl=cn&ds=yt&q=sase,sase,企业办公,4,saseul,saseul,2026-09-08T01:38:00+00:00
seed,google_youtube,Google/YouTube 联想,https://suggestqueries.google.com/complete/search?client=firefox&hl=zh-CN&gl=cn&ds=yt&q=sase,sase,企业办公,5,sasebo,sasebo,2026-09-08T01:38:00+00:00
seed,google_youtube,Google/YouTube 联想,https://suggestqueries.google.com/complete/search?client=firefox&hl=zh-CN&gl=cn&ds=yt&q=sase,sase,企业办公,6,萨森比迈,萨森比迈,2026-09-08T01:38:00+00:00
seed,google_youtube,Google/YouTube 联想,https://suggestqueries.google.com/complete/search?client=firefox&hl=zh-CN&gl=cn&ds=yt&q=sase,sase,企业办公,7,萨瑟兰,萨瑟兰,2026-09-08T01:38:00+00:00
seed,google_youtube,Google/YouTube 联想,https://suggestqueries.google.com/complete/search?client=firefox&hl=zh-CN&gl=cn&ds=yt&q=sase,sase,企业办公,8,萨瑟兰 dia,萨瑟兰dia,2026-09-08T01:38:00+00:00
seed,google_youtube,Google/YouTube 联想,https://suggestqueries.google.com/complete/search?client=firefox&hl=zh-CN&gl=cn&ds=yt&q=sase,sase,企业办公,9,sesame street,sesame street,2026-09-08T01:38:00+00:00
seed,google_youtube,Google/YouTube 联想,https://suggestqueries.google.com/complete/search?client=firefox&hl=zh-CN&gl=cn&ds=yt&q=sase,sase,企业办公,10,sesame,sesame,2026-09-08T01:38:00+00:00
seed,bing_cn,Bing 中文联想,https://api.bing.com/osjson.aspx?query=sase&mkt=zh-CN,sase,企业办公,1,sase,sase,2026-09-08T01:38:00+00:00
seed,bing_cn,Bing 中文联想,https://api.bing.com/osjson.aspx?query=sase&mkt=zh-CN,sase,企业办公,2,萨瑟利尔的聚会,萨瑟利尔的聚会,2026-09-08T01:38:00+00:00
seed,bing_cn,Bing 中文联想,https://api.bing.com/osjson.aspx?query=sase&mkt=zh-CN,sase,企业办公,3,sase下载,sase下载,2026-09-08T01:38:00+00:00
seed,bing_cn,Bing 中文联想,https://api.bing.com/osjson.aspx?query=sase&mkt=zh-CN,sase,企业办公,4,萨瑟利尔庄园在哪,萨瑟利尔庄园在哪,2026-09-08T01:38:00+00:00
seed,bing_cn,Bing 中文联想,https://api.bing.com/osjson.aspx?query=sase&mkt=zh-CN,sase,企业办公,5,萨瑟恩,萨瑟恩,2026-09-08T01:38:00+00:00
seed,bing_cn,Bing 中文联想,https://api.bing.com/osjson.aspx?query=sase&mkt=zh-CN,sase,企业办公,6,sase客户端,sase客户端,2026-09-08T01:38:00+00:00
seed,bing_cn,Bing 中文联想,https://api.bing.com/osjson.aspx?query=sase&mkt=zh-CN,sase,企业办公,7,萨瑟利尔庄园的宴会邀请函,萨瑟利尔庄园的宴会邀请函,2026-09-08T01:38:00+00:00
seed,bing_cn,Bing 中文联想,https://api.bing.com/osjson.aspx?query=sase&mkt=zh-CN,sase,企业办公,8,sas eurobonus mastercard,sas eurobonus mastercard,2026-09-08T01:38:00+00:00
seed,bing_cn,Bing 中文联想,https://api.bing.com/osjson.aspx?query=sase&mkt=zh-CN,sase,企业办公,9,萨瑟兰,萨瑟兰,2026-09-08T01:38:00+00:00
seed,bing_cn,Bing 中文联想,https://api.bing.com/osjson.aspx?query=sase&mkt=zh-CN,sase,企业办公,10,sasebo,sasebo,2026-09-08T01:38:00+00:00
seed,bing_cn,Bing 中文联想,https://api.bing.com/osjson.aspx?query=sase&mkt=zh-CN,sase,企业办公,11,萨瑟利尔聚会,萨瑟利尔聚会,2026-09-08T01:38:00+00:00
seed,bing_cn,Bing 中文联想,https://api.bing.com/osjson.aspx?query=sase&mkt=zh-CN,sase,企业办公,12,萨瑟利尔的聚会上保卫符文石,萨瑟利尔的聚会上保卫符文石,2026-09-08T01:38:00+00:00
seed,baidu,百度联想,https://suggestion.baidu.com/su?wd=sase&cb=cb,sase,企业办公,1,sase是什么意思,sase是什么意思,2026-09-08T01:38:00+00:00
seed,baidu,百度联想,https://suggestion.baidu.com/su?wd=sase&cb=cb,sase,企业办公,2,sase怎么读,sase怎么读,2026-09-08T01:38:00+00:00
seed,baidu,百度联想,https://suggestion.baidu.com/su?wd=sase&cb=cb,sase,企业办公,3,sasew,sasew,2026-09-08T01:38:00+00:00
seed,baidu,百度联想,https://suggestion.baidu.com/su?wd=sase&cb=cb,sase,企业办公,4,sases,sases,2026-09-08T01:38:00+00:00
seed,baidu,百度联想,https://suggestion.baidu.com/su?wd=sase&cb=cb,sase,企业办公,5,萨瑟,萨瑟,2026-09-08T01:38:00+00:00
seed,baidu,百度联想,https://suggestion.baidu.com/su?wd=sase&cb=cb,sase,企业办公,6,萨瑟兰,萨瑟兰,2026-09-08T01:38:00+00:00
seed,baidu,百度联想,https://suggestion.baidu.com/su?wd=sase&cb=cb,sase,企业办公,7,sase客户端,sase客户端,2026-09-08T01:38:00+00:00
seed,baidu,百度联想,https://suggestion.baidu.com/su?wd=sase&cb=cb,sase,企业办公,8,saseme怎么读,saseme怎么读,2026-09-08T01:38:00+00:00
seed,baidu,百度联想,https://suggestion.baidu.com/su?wd=sase&cb=cb,sase,企业办公,9,sasenhoff钢琴多少钱一台,sasenhoff钢琴多少钱一台,2026-09-08T01:38:00+00:00
seed,baidu,百度联想,https://suggestion.baidu.com/su?wd=sase&cb=cb,sase,企业办公,10,萨安飒迩,萨安飒迩,2026-09-08T01:38:00+00:00
seed,google_web,Google Web 联想,https://suggestqueries.google.com/complete/search?client=firefox&hl=zh-CN&gl=cn&q=%E8%8B%B9%E6%9E%9C%E6%89%8B%E6%9C%BAvpn%E8%AE%BE%E7%BD%AE,苹果手机vpn设置,快手样本-VPN设置,1,苹果手机vpn设置,苹果手机vpn设置,2026-09-08T01:38:00+00:00
seed,google_youtube,Google/YouTube 联想,https://suggestqueries.google.com/complete/search?client=firefox&hl=zh-CN&gl=cn&ds=yt&q=%E8%8B%B9%E6%9E%9C%E6%89%8B%E6%9C%BAvpn%E8%AE%BE%E7%BD%AE,苹果手机vpn设置,快手样本-VPN设置,1,苹果手机vpn设置,苹果手机vpn设置,2026-09-08T01:38:00+00:00
seed,bing_cn,Bing 中文联想,https://api.bing.com/osjson.aspx?query=%E8%8B%B9%E6%9E%9C%E6%89%8B%E6%9C%BAvpn%E8%AE%BE%E7%BD%AE&mkt=zh-CN,苹果手机vpn设置,快手样本-VPN设置,1,苹果手机vpn设置,苹果手机vpn设置,2026-09-08T01:38:00+00:00
seed,bing_cn,Bing 中文联想,https://api.bing.com/osjson.aspx?query=%E8%8B%B9%E6%9E%9C%E6%89%8B%E6%9C%BAvpn%E8%AE%BE%E7%BD%AE&mkt=zh-CN,苹果手机vpn设置,快手样本-VPN设置,2,苹果手机vpn设置技巧,苹果手机vpn设置技巧,2026-09-08T01:38:00+00:00
seed,bing_cn,Bing 中文联想,https://api.bing.com/osjson.aspx?query=%E8%8B%B9%E6%9E%9C%E6%89%8B%E6%9C%BAvpn%E8%AE%BE%E7%BD%AE&mkt=zh-CN,苹果手机vpn设置,快手样本-VPN设置,3,苹果手机vpn设置视频,苹果手机vpn设置视频,2026-09-08T01:38:00+00:00
seed,bing_cn,Bing 中文联想,https://api.bing.com/osjson.aspx?query=%E8%8B%B9%E6%9E%9C%E6%89%8B%E6%9C%BAvpn%E8%AE%BE%E7%BD%AE&mkt=zh-CN,苹果手机vpn设置,快手样本-VPN设置,4,苹果手机vpn设置常见问题,苹果手机vpn设置常见问题,2026-09-08T01:38:00+00:00
seed,bing_cn,Bing 中文联想,https://api.bing.com/osjson.aspx?query=%E8%8B%B9%E6%9E%9C%E6%89%8B%E6%9C%BAvpn%E8%AE%BE%E7%BD%AE&mkt=zh-CN,苹果手机vpn设置,快手样本-VPN设置,5,苹果手机vpn设置最佳方案,苹果手机vpn设置最佳方案,2026-09-08T01:38:00+00:00
seed,bing_cn,Bing 中文联想,https://api.bing.com/osjson.aspx?query=%E8%8B%B9%E6%9E%9C%E6%89%8B%E6%9C%BAvpn%E8%AE%BE%E7%BD%AE&mkt=zh-CN,苹果手机vpn设置,快手样本-VPN设置,6,苹果手机vpn设置注意事项,苹果手机vpn设置注意事项,2026-09-08T01:38:00+00:00
seed,bing_cn,Bing 中文联想,https://api.bing.com/osjson.aspx?query=%E8%8B%B9%E6%9E%9C%E6%89%8B%E6%9C%BAvpn%E8%AE%BE%E7%BD%AE&mkt=zh-CN,苹果手机vpn设置,快手样本-VPN设置,7,苹果手机vpn设置图解,苹果手机vpn设置图解,2026-09-08T01:38:00+00:00
seed,bing_cn,Bing 中文联想,https://api.bing.com/osjson.aspx?query=%E8%8B%B9%E6%9E%9C%E6%89%8B%E6%9C%BAvpn%E8%AE%BE%E7%BD%AE&mkt=zh-CN,苹果手机vpn设置,快手样本-VPN设置,8,苹果手机vpn设置推荐,苹果手机vpn设置推荐,2026-09-08T01:38:00+00:00
seed,bing_cn,Bing 中文联想,https://api.bing.com/osjson.aspx?query=%E8%8B%B9%E6%9E%9C%E6%89%8B%E6%9C%BAvpn%E8%AE%BE%E7%BD%AE&mkt=zh-CN,苹果手机vpn设置,快手样本-VPN设置,9,苹果手机vpn设置方法,苹果手机vpn设置方法,2026-09-08T01:38:00+00:00
seed,bing_cn,Bing 中文联想,https://api.bing.com/osjson.aspx?query=%E8%8B%B9%E6%9E%9C%E6%89%8B%E6%9C%BAvpn%E8%AE%BE%E7%BD%AE&mkt=zh-CN,苹果手机vpn设置,快手样本-VPN设置,10,苹果手机vpn设置步骤,苹果手机vpn设置步骤,2026-09-08T01:38:00+00:00
seed,bing_cn,Bing 中文联想,https://api.bing.com/osjson.aspx?query=%E8%8B%B9%E6%9E%9C%E6%89%8B%E6%9C%BAvpn%E8%AE%BE%E7%BD%AE&mkt=zh-CN,苹果手机vpn设置,快手样本-VPN设置,11,苹果手机 vpn 设置教程,苹果手机vpn设置教程,2026-09-08T01:38:00+00:00
seed,google_web,Google Web 联想,https://suggestqueries.google.com/complete/search?client=firefox&hl=zh-CN&gl=cn&q=%E6%89%8B%E6%9C%BAvpn%E8%AE%BE%E7%BD%AE,手机vpn设置,快手样本-VPN设置,1,手机vpn设置,手机vpn设置,2026-09-08T01:38:00+00:00
seed,google_youtube,Google/YouTube 联想,https://suggestqueries.google.com/complete/search?client=firefox&hl=zh-CN&gl=cn&ds=yt&q=%E6%89%8B%E6%9C%BAvpn%E8%AE%BE%E7%BD%AE,手机vpn设置,快手样本-VPN设置,1,手机vpn设置,手机vpn设置,2026-09-08T01:38:00+00:00
seed,bing_cn,Bing 中文联想,https://api.bing.com/osjson.aspx?query=%E6%89%8B%E6%9C%BAvpn%E8%AE%BE%E7%BD%AE&mkt=zh-CN,手机vpn设置,快手样本-VPN设置,1,手机vpn设置,手机vpn设置,2026-09-08T01:38:00+00:00
seed,bing_cn,Bing 中文联想,https://api.bing.com/osjson.aspx?query=%E6%89%8B%E6%9C%BAvpn%E8%AE%BE%E7%BD%AE&mkt=zh-CN,手机vpn设置,快手样本-VPN设置,2,手机vpn设置图解,手机vpn设置图解,2026-09-08T01:38:00+00:00
seed,bing_cn,Bing 中文联想,https://api.bing.com/osjson.aspx?query=%E6%89%8B%E6%9C%BAvpn%E8%AE%BE%E7%BD%AE&mkt=zh-CN,手机vpn设置,快手样本-VPN设置,3,手机vpn设置技巧,手机vpn设置技巧,2026-09-08T01:38:00+00:00
seed,bing_cn,Bing 中文联想,https://api.bing.com/osjson.aspx?query=%E6%89%8B%E6%9C%BAvpn%E8%AE%BE%E7%BD%AE&mkt=zh-CN,手机vpn设置,快手样本-VPN设置,4,手机vpn设置推荐,手机vpn设置推荐,2026-09-08T01:38:00+00:00
seed,bing_cn,Bing 中文联想,https://api.bing.com/osjson.aspx?query=%E6%89%8B%E6%9C%BAvpn%E8%AE%BE%E7%BD%AE&mkt=zh-CN,手机vpn设置,快手样本-VPN设置,5,手机vpn设置步骤,手机vpn设置步骤,2026-09-08T01:38:00+00:00
seed,bing_cn,Bing 中文联想,https://api.bing.com/osjson.aspx?query=%E6%89%8B%E6%9C%BAvpn%E8%AE%BE%E7%BD%AE&mkt=zh-CN,手机vpn设置,快手样本-VPN设置,6,手机vpn设置视频,手机vpn设置视频,2026-09-08T01:38:00+00:00
seed,bing_cn,Bing 中文联想,https://api.bing.com/osjson.aspx?query=%E6%89%8B%E6%9C%BAvpn%E8%AE%BE%E7%BD%AE&mkt=zh-CN,手机vpn设置,快手样本-VPN设置,7,手机vpn设置软件,手机vpn设置软件,2026-09-08T01:38:00+00:00
seed,bing_cn,Bing 中文联想,https://api.bing.com/osjson.aspx?query=%E6%89%8B%E6%9C%BAvpn%E8%AE%BE%E7%BD%AE&mkt=zh-CN,手机vpn设置,快手样本-VPN设置,8,手机vpn设置常见问题,手机vpn设置常见问题,2026-09-08T01:38:00+00:00
seed,bing_cn,Bing 中文联想,https://api.bing.com/osjson.aspx?query=%E6%89%8B%E6%9C%BAvpn%E8%AE%BE%E7%BD%AE&mkt=zh-CN,手机vpn设置,快手样本-VPN设置,9,手机vpn设置注意事项,手机vpn设置注意事项,2026-09-08T01:38:00+00:00
seed,bing_cn,Bing 中文联想,https://api.bing.com/osjson.aspx?query=%E6%89%8B%E6%9C%BAvpn%E8%AE%BE%E7%BD%AE&mkt=zh-CN,手机vpn设置,快手样本-VPN设置,10,手机vpn设置教程,手机vpn设置教程,2026-09-08T01:38:00+00:00
seed,bing_cn,Bing 中文联想,https://api.bing.com/osjson.aspx?query=%E6%89%8B%E6%9C%BAvpn%E8%AE%BE%E7%BD%AE&mkt=zh-CN,手机vpn设置,快手样本-VPN设置,11,手机vpn设置代理,手机vpn设置代理,2026-09-08T01:38:00+00:00
seed,bing_cn,Bing 中文联想,https://api.bing.com/osjson.aspx?query=%E6%89%8B%E6%9C%BAvpn%E8%AE%BE%E7%BD%AE&mkt=zh-CN,手机vpn设置,快手样本-VPN设置,12,手机vpn设置方法,手机vpn设置方法,2026-09-08T01:38:00+00:00
seed,google_web,Google Web 联想,https://suggestqueries.google.com/complete/search?client=firefox&hl=zh-CN&gl=cn&q=vpn%E9%80%9F%E5%BA%A6%E6%85%A2,vpn速度慢,快手样本-VPN排障,1,vpn速度慢,vpn速度慢,2026-09-08T01:38:00+00:00
seed,google_youtube,Google/YouTube 联想,https://suggestqueries.google.com/complete/search?client=firefox&hl=zh-CN&gl=cn&ds=yt&q=vpn%E9%80%9F%E5%BA%A6%E6%85%A2,vpn速度慢,快手样本-VPN排障,1,vpn速度慢,vpn速度慢,2026-09-08T01:38:00+00:00
seed,bing_cn,Bing 中文联想,https://api.bing.com/osjson.aspx?query=vpn%E9%80%9F%E5%BA%A6%E6%85%A2&mkt=zh-CN,vpn速度慢,快手样本-VPN排障,1,vpn速度慢,vpn速度慢,2026-09-08T01:38:00+00:00
seed,bing_cn,Bing 中文联想,https://api.bing.com/osjson.aspx?query=vpn%E9%80%9F%E5%BA%A6%E6%85%A2&mkt=zh-CN,vpn速度慢,快手样本-VPN排障,2,vpn速度慢怎么解决,vpn速度慢怎么解决,2026-09-08T01:38:00+00:00
seed,bing_cn,Bing 中文联想,https://api.bing.com/osjson.aspx?query=vpn%E9%80%9F%E5%BA%A6%E6%85%A2&mkt=zh-CN,vpn速度慢,快手样本-VPN排障,3,vpn速度慢怎么办,vpn速度慢怎么办,2026-09-08T01:38:00+00:00
seed,bing_cn,Bing 中文联想,https://api.bing.com/osjson.aspx?query=vpn%E9%80%9F%E5%BA%A6%E6%85%A2&mkt=zh-CN,vpn速度慢,快手样本-VPN排障,4,vpn 速度慢的原因,vpn速度慢的原因,2026-09-08T01:38:00+00:00
seed,bing_cn,Bing 中文联想,https://api.bing.com/osjson.aspx?query=vpn%E9%80%9F%E5%BA%A6%E6%85%A2&mkt=zh-CN,vpn速度慢,快手样本-VPN排障,5,vpn 2026年电信速度很慢,vpn 2026年电信速度很慢,2026-09-08T01:38:00+00:00
seed,bing_cn,Bing 中文联想,https://api.bing.com/osjson.aspx?query=vpn%E9%80%9F%E5%BA%A6%E6%85%A2&mkt=zh-CN,vpn速度慢,快手样本-VPN排障,6,vpn下载速度慢,vpn下载速度慢,2026-09-08T01:38:00+00:00
seed,bing_cn,Bing 中文联想,https://api.bing.com/osjson.aspx?query=vpn%E9%80%9F%E5%BA%A6%E6%85%A2&mkt=zh-CN,vpn速度慢,快手样本-VPN排障,7,连接vpn后速度慢,连接vpn后速度慢,2026-09-08T01:38:00+00:00
seed,bing_cn,Bing 中文联想,https://api.bing.com/osjson.aspx?query=vpn%E9%80%9F%E5%BA%A6%E6%85%A2&mkt=zh-CN,vpn速度慢,快手样本-VPN排障,8,proton vpn速度慢,proton vpn速度慢,2026-09-08T01:38:00+00:00
seed,bing_cn,Bing 中文联想,https://api.bing.com/osjson.aspx?query=vpn%E9%80%9F%E5%BA%A6%E6%85%A2&mkt=zh-CN,vpn速度慢,快手样本-VPN排障,9,连接vpn之后速度慢,连接vpn之后速度慢,2026-09-08T01:38:00+00:00
seed,google_web,Google Web 联想,https://suggestqueries.google.com/complete/search?client=firefox&hl=zh-CN&gl=cn&q=vpn%E8%8A%82%E7%82%B9%E8%B6%85%E6%97%B6,vpn节点超时,快手样本-VPN排障,1,vpn节点超时,vpn节点超时,2026-09-08T01:38:00+00:00
seed,google_youtube,Google/YouTube 联想,https://suggestqueries.google.com/complete/search?client=firefox&hl=zh-CN&gl=cn&ds=yt&q=vpn%E8%8A%82%E7%82%B9%E8%B6%85%E6%97%B6,vpn节点超时,快手样本-VPN排障,1,vpn节点订阅,vpn节点订阅,2026-09-08T01:38:00+00:00
seed,google_youtube,Google/YouTube 联想,https://suggestqueries.google.com/complete/search?client=firefox&hl=zh-CN&gl=cn&ds=yt&q=vpn%E8%8A%82%E7%82%B9%E8%B6%85%E6%97%B6,vpn节点超时,快手样本-VPN排障,2,vpn节点,vpn节点,2026-09-08T01:38:00+00:00
seed,bing_cn,Bing 中文联想,https://api.bing.com/osjson.aspx?query=vpn%E8%8A%82%E7%82%B9%E8%B6%85%E6%97%B6&mkt=zh-CN,vpn节点超时,快手样本-VPN排障,1,vpn节点超时,vpn节点超时,2026-09-08T01:38:00+00:00
seed,bing_cn,Bing 中文联想,https://api.bing.com/osjson.aspx?query=vpn%E8%8A%82%E7%82%B9%E8%B6%85%E6%97%B6&mkt=zh-CN,vpn节点超时,快手样本-VPN排障,2,vpn节点超时是什么原因,vpn节点超时是什么原因,2026-09-08T01:38:00+00:00
seed,bing_cn,Bing 中文联想,https://api.bing.com/osjson.aspx?query=vpn%E8%8A%82%E7%82%B9%E8%B6%85%E6%97%B6&mkt=zh-CN,vpn节点超时,快手样本-VPN排障,3,vpn节点超时怎么办,vpn节点超时怎么办,2026-09-08T01:38:00+00:00
seed,bing_cn,Bing 中文联想,https://api.bing.com/osjson.aspx?query=vpn%E8%8A%82%E7%82%B9%E8%B6%85%E6%97%B6&mkt=zh-CN,vpn节点超时,快手样本-VPN排障,4,vpn节点超时是什么意思,vpn节点超时是什么意思,2026-09-08T01:38:00+00:00
seed,bing_cn,Bing 中文联想,https://api.bing.com/osjson.aspx?query=vpn%E8%8A%82%E7%82%B9%E8%B6%85%E6%97%B6&mkt=zh-CN,vpn节点超时,快手样本-VPN排障,5,vpn节点全部超时,vpn节点全部超时,2026-09-08T01:38:00+00:00
seed,bing_cn,Bing 中文联想,https://api.bing.com/osjson.aspx?query=vpn%E8%8A%82%E7%82%B9%E8%B6%85%E6%97%B6&mkt=zh-CN,vpn节点超时,快手样本-VPN排障,6,vpn所有节点超时,vpn所有节点超时,2026-09-08T01:38:00+00:00
seed,bing_cn,Bing 中文联想,https://api.bing.com/osjson.aspx?query=vpn%E8%8A%82%E7%82%B9%E8%B6%85%E6%97%B6&mkt=zh-CN,vpn节点超时,快手样本-VPN排障,7,vpn节点全超时,vpn节点全超时,2026-09-08T01:38:00+00:00
seed,bing_cn,Bing 中文联想,https://api.bing.com/osjson.aspx?query=vpn%E8%8A%82%E7%82%B9%E8%B6%85%E6%97%B6&mkt=zh-CN,vpn节点超时,快手样本-VPN排障,8,vpn所有节点都超时,vpn所有节点都超时,2026-09-08T01:38:00+00:00
seed,bing_cn,Bing 中文联想,https://api.bing.com/osjson.aspx?query=vpn%E8%8A%82%E7%82%B9%E8%B6%85%E6%97%B6&mkt=zh-CN,vpn节点超时,快手样本-VPN排障,9,vpn全部节点超时,vpn全部节点超时,2026-09-08T01:38:00+00:00
seed,bing_cn,Bing 中文联想,https://api.bing.com/osjson.aspx?query=vpn%E8%8A%82%E7%82%B9%E8%B6%85%E6%97%B6&mkt=zh-CN,vpn节点超时,快手样本-VPN排障,10,vpn节点显示超时,vpn节点显示超时,2026-09-08T01:38:00+00:00
seed,google_web,Google Web 联想,https://suggestqueries.google.com/complete/search?client=firefox&hl=zh-CN&gl=cn&q=vpn%E5%8E%9F%E7%90%86,vpn原理,快手样本-VPN科普,1,vpn原理,vpn原理,2026-09-08T01:38:00+00:00
seed,google_web,Google Web 联想,https://suggestqueries.google.com/complete/search?client=firefox&hl=zh-CN&gl=cn&q=vpn%E5%8E%9F%E7%90%86,vpn原理,快手样本-VPN科普,2,vpn原理是什么,vpn原理是什么,2026-09-08T01:38:00+00:00
seed,google_web,Google Web 联想,https://suggestqueries.google.com/complete/search?client=firefox&hl=zh-CN&gl=cn&q=vpn%E5%8E%9F%E7%90%86,vpn原理,快手样本-VPN科普,3,vpn 原理 图解,vpn原理图解,2026-09-08T01:38:00+00:00
seed,google_web,Google Web 联想,https://suggestqueries.google.com/complete/search?client=firefox&hl=zh-CN&gl=cn&q=vpn%E5%8E%9F%E7%90%86,vpn原理,快手样本-VPN科普,4,ipsec vpn原理,ipsec vpn原理,2026-09-08T01:38:00+00:00
seed,google_web,Google Web 联想,https://suggestqueries.google.com/complete/search?client=firefox&hl=zh-CN&gl=cn&q=vpn%E5%8E%9F%E7%90%86,vpn原理,快手样本-VPN科普,5,radmin vpn原理,radmin vpn原理,2026-09-08T01:38:00+00:00
seed,google_web,Google Web 联想,https://suggestqueries.google.com/complete/search?client=firefox&hl=zh-CN&gl=cn&q=vpn%E5%8E%9F%E7%90%86,vpn原理,快手样本-VPN科普,6,mpls vpn原理,mpls vpn原理,2026-09-08T01:38:00+00:00
seed,google_youtube,Google/YouTube 联想,https://suggestqueries.google.com/complete/search?client=firefox&hl=zh-CN&gl=cn&ds=yt&q=vpn%E5%8E%9F%E7%90%86,vpn原理,快手样本-VPN科普,1,vpn原理,vpn原理,2026-09-08T01:38:00+00:00
seed,bing_cn,Bing 中文联想,https://api.bing.com/osjson.aspx?query=vpn%E5%8E%9F%E7%90%86&mkt=zh-CN,vpn原理,快手样本-VPN科普,1,vpn原理,vpn原理,2026-09-08T01:38:00+00:00
seed,bing_cn,Bing 中文联想,https://api.bing.com/osjson.aspx?query=vpn%E5%8E%9F%E7%90%86&mkt=zh-CN,vpn原理,快手样本-VPN科普,2,vpn原理是什么,vpn原理是什么,2026-09-08T01:38:00+00:00
seed,bing_cn,Bing 中文联想,https://api.bing.com/osjson.aspx?query=vpn%E5%8E%9F%E7%90%86&mkt=zh-CN,vpn原理,快手样本-VPN科普,3,vpn原理图,vpn原理图,2026-09-08T01:38:00+00:00
seed,bing_cn,Bing 中文联想,https://api.bing.com/osjson.aspx?query=vpn%E5%8E%9F%E7%90%86&mkt=zh-CN,vpn原理,快手样本-VPN科普,4,vpn原理简介,vpn原理简介,2026-09-08T01:38:00+00:00
seed,bing_cn,Bing 中文联想,https://api.bing.com/osjson.aspx?query=vpn%E5%8E%9F%E7%90%86&mkt=zh-CN,vpn原理,快手样本-VPN科普,5,vpn原理和分类,vpn原理和分类,2026-09-08T01:38:00+00:00
seed,bing_cn,Bing 中文联想,https://api.bing.com/osjson.aspx?query=vpn%E5%8E%9F%E7%90%86&mkt=zh-CN,vpn原理,快手样本-VPN科普,6,vpn原理和协议,vpn原理和协议,2026-09-08T01:38:00+00:00
seed,bing_cn,Bing 中文联想,https://api.bing.com/osjson.aspx?query=vpn%E5%8E%9F%E7%90%86&mkt=zh-CN,vpn原理,快手样本-VPN科普,7,vpn原理和应用,vpn原理和应用,2026-09-08T01:38:00+00:00
seed,bing_cn,Bing 中文联想,https://api.bing.com/osjson.aspx?query=vpn%E5%8E%9F%E7%90%86&mkt=zh-CN,vpn原理,快手样本-VPN科普,8,vpn原理和技术,vpn原理和技术,2026-09-08T01:38:00+00:00
seed,bing_cn,Bing 中文联想,https://api.bing.com/osjson.aspx?query=vpn%E5%8E%9F%E7%90%86&mkt=zh-CN,vpn原理,快手样本-VPN科普,9,vpn原理和架构,vpn原理和架构,2026-09-08T01:38:00+00:00
seed,bing_cn,Bing 中文联想,https://api.bing.com/osjson.aspx?query=vpn%E5%8E%9F%E7%90%86&mkt=zh-CN,vpn原理,快手样本-VPN科普,10,vpn原理和类型,vpn原理和类型,2026-09-08T01:38:00+00:00
seed,bing_cn,Bing 中文联想,https://api.bing.com/osjson.aspx?query=vpn%E5%8E%9F%E7%90%86&mkt=zh-CN,vpn原理,快手样本-VPN科普,11,vpn原理和配置,vpn原理和配置,2026-09-08T01:38:00+00:00
seed,bing_cn,Bing 中文联想,https://api.bing.com/osjson.aspx?query=vpn%E5%8E%9F%E7%90%86&mkt=zh-CN,vpn原理,快手样本-VPN科普,12,vpn原理与安全,vpn原理与安全,2026-09-08T01:38:00+00:00
seed,google_web,Google Web 联想,https://suggestqueries.google.com/complete/search?client=firefox&hl=zh-CN&gl=cn&q=vpn%E4%BF%AE%E6%94%B9,vpn修改,快手样本-VPN设置,1,vpn修改定位,vpn修改定位,2026-09-08T01:38:00+00:00
seed,google_web,Google Web 联想,https://suggestqueries.google.com/complete/search?client=firefox&hl=zh-CN&gl=cn&q=vpn%E4%BF%AE%E6%94%B9,vpn修改,快手样本-VPN设置,2,vpn修改ip地址,vpn修改ip地址,2026-09-08T01:38:00+00:00
seed,google_youtube,Google/YouTube 联想,https://suggestqueries.google.com/complete/search?client=firefox&hl=zh-CN&gl=cn&ds=yt&q=vpn%E4%BF%AE%E6%94%B9,vpn修改,快手样本-VPN设置,1,vpn不能用,vpn不能用,2026-09-08T01:38:00+00:00
seed,google_youtube,Google/YouTube 联想,https://suggestqueries.google.com/complete/search?client=firefox&hl=zh-CN&gl=cn&ds=yt&q=vpn%E4%BF%AE%E6%94%B9,vpn修改,快手样本-VPN设置,2,vpn路由器设置,vpn路由器设置,2026-09-08T01:38:00+00:00
seed,google_youtube,Google/YouTube 联想,https://suggestqueries.google.com/complete/search?client=firefox&hl=zh-CN&gl=cn&ds=yt&q=vpn%E4%BF%AE%E6%94%B9,vpn修改,快手样本-VPN设置,3,如何更改vpn,如何更改vpn,2026-09-08T01:38:00+00:00
seed,bing_cn,Bing 中文联想,https://api.bing.com/osjson.aspx?query=vpn%E4%BF%AE%E6%94%B9&mkt=zh-CN,vpn修改,快手样本-VPN设置,1,vpn修改ip地址,vpn修改ip地址,2026-09-08T01:38:00+00:00
seed,bing_cn,Bing 中文联想,https://api.bing.com/osjson.aspx?query=vpn%E4%BF%AE%E6%94%B9&mkt=zh-CN,vpn修改,快手样本-VPN设置,2,vpn修改,vpn修改,2026-09-08T01:38:00+00:00
seed,bing_cn,Bing 中文联想,https://api.bing.com/osjson.aspx?query=vpn%E4%BF%AE%E6%94%B9&mkt=zh-CN,vpn修改,快手样本-VPN设置,3,vpn修改器,vpn修改器,2026-09-08T01:38:00+00:00
seed,bing_cn,Bing 中文联想,https://api.bing.com/osjson.aspx?query=vpn%E4%BF%AE%E6%94%B9&mkt=zh-CN,vpn修改,快手样本-VPN设置,4,vpn修改id,vpn修改id,2026-09-08T01:38:00+00:00
seed,bing_cn,Bing 中文联想,https://api.bing.com/osjson.aspx?query=vpn%E4%BF%AE%E6%94%B9&mkt=zh-CN,vpn修改,快手样本-VPN设置,5,vpn修改协议,vpn修改协议,2026-09-08T01:38:00+00:00
seed,bing_cn,Bing 中文联想,https://api.bing.com/osjson.aspx?query=vpn%E4%BF%AE%E6%94%B9&mkt=zh-CN,vpn修改,快手样本-VPN设置,6,vpn修改流量,vpn修改流量,2026-09-08T01:38:00+00:00
seed,bing_cn,Bing 中文联想,https://api.bing.com/osjson.aspx?query=vpn%E4%BF%AE%E6%94%B9&mkt=zh-CN,vpn修改,快手样本-VPN设置,7,vpn修改规则,vpn修改规则,2026-09-08T01:38:00+00:00
seed,bing_cn,Bing 中文联想,https://api.bing.com/osjson.aspx?query=vpn%E4%BF%AE%E6%94%B9&mkt=zh-CN,vpn修改,快手样本-VPN设置,8,vpn修改设置,vpn修改设置,2026-09-08T01:38:00+00:00
seed,bing_cn,Bing 中文联想,https://api.bing.com/osjson.aspx?query=vpn%E4%BF%AE%E6%94%B9&mkt=zh-CN,vpn修改,快手样本-VPN设置,9,vpn修改ip段,vpn修改ip段,2026-09-08T01:38:00+00:00
seed,bing_cn,Bing 中文联想,https://api.bing.com/osjson.aspx?query=vpn%E4%BF%AE%E6%94%B9&mkt=zh-CN,vpn修改,快手样本-VPN设置,10,vpn修改ip地区,vpn修改ip地区,2026-09-08T01:38:00+00:00
seed,bing_cn,Bing 中文联想,https://api.bing.com/osjson.aspx?query=vpn%E4%BF%AE%E6%94%B9&mkt=zh-CN,vpn修改,快手样本-VPN设置,11,vpn修改ip国家,vpn修改ip国家,2026-09-08T01:38:00+00:00
seed,bing_cn,Bing 中文联想,https://api.bing.com/osjson.aspx?query=vpn%E4%BF%AE%E6%94%B9&mkt=zh-CN,vpn修改,快手样本-VPN设置,12,vpn修改ip方法,vpn修改ip方法,2026-09-08T01:38:00+00:00
seed,google_web,Google Web 联想,https://suggestqueries.google.com/complete/search?client=firefox&hl=zh-CN&gl=cn&q=vpn%E8%BF%9D%E6%B3%95%E5%90%97,vpn违法吗,快手样本-VPN法律,1,vpn违法吗,vpn违法吗,2026-09-08T01:38:00+00:00
seed,google_youtube,Google/YouTube 联想,https://suggestqueries.google.com/complete/search?client=firefox&hl=zh-CN&gl=cn&ds=yt&q=vpn%E8%BF%9D%E6%B3%95%E5%90%97,vpn违法吗,快手样本-VPN法律,1,vpn违法吗,vpn违法吗,2026-09-08T01:38:00+00:00
seed,bing_cn,Bing 中文联想,https://api.bing.com/osjson.aspx?query=vpn%E8%BF%9D%E6%B3%95%E5%90%97&mkt=zh-CN,vpn违法吗,快手样本-VPN法律,1,vpn违法吗,vpn违法吗,2026-09-08T01:38:00+00:00
seed,bing_cn,Bing 中文联想,https://api.bing.com/osjson.aspx?query=vpn%E8%BF%9D%E6%B3%95%E5%90%97&mkt=zh-CN,vpn违法吗,快手样本-VPN法律,2,vpn违法吗 vpn的优缺点分析,vpn违法吗vpn的优缺点分析,2026-09-08T01:38:00+00:00
seed,bing_cn,Bing 中文联想,https://api.bing.com/osjson.aspx?query=vpn%E8%BF%9D%E6%B3%95%E5%90%97&mkt=zh-CN,vpn违法吗,快手样本-VPN法律,3,vpn违法吗 vpn的影响和意义,vpn违法吗vpn的影响和意义,2026-09-08T01:38:00+00:00
seed,bing_cn,Bing 中文联想,https://api.bing.com/osjson.aspx?query=vpn%E8%BF%9D%E6%B3%95%E5%90%97&mkt=zh-CN,vpn违法吗,快手样本-VPN法律,4,vpn违法吗 vpn的评测和推荐,vpn违法吗vpn的评测和推荐,2026-09-08T01:38:00+00:00
seed,bing_cn,Bing 中文联想,https://api.bing.com/osjson.aspx?query=vpn%E8%BF%9D%E6%B3%95%E5%90%97&mkt=zh-CN,vpn违法吗,快手样本-VPN法律,5,vpn违法吗 如何安全使用vpn,vpn违法吗如何安全使用vpn,2026-09-08T01:38:00+00:00
seed,bing_cn,Bing 中文联想,https://api.bing.com/osjson.aspx?query=vpn%E8%BF%9D%E6%B3%95%E5%90%97&mkt=zh-CN,vpn违法吗,快手样本-VPN法律,6,vpn违法吗 vpn的合法用途和风险,vpn违法吗vpn的合法用途和风险,2026-09-08T01:38:00+00:00
seed,bing_cn,Bing 中文联想,https://api.bing.com/osjson.aspx?query=vpn%E8%BF%9D%E6%B3%95%E5%90%97&mkt=zh-CN,vpn违法吗,快手样本-VPN法律,7,vpn违法吗 vpn的安装和设置教程,vpn违法吗vpn的安装和设置教程,2026-09-08T01:38:00+00:00
seed,bing_cn,Bing 中文联想,https://api.bing.com/osjson.aspx?query=vpn%E8%BF%9D%E6%B3%95%E5%90%97&mkt=zh-CN,vpn违法吗,快手样本-VPN法律,8,vpn违法吗 vpn的替代方案和建议,vpn违法吗vpn的替代方案和建议,2026-09-08T01:38:00+00:00
seed,bing_cn,Bing 中文联想,https://api.bing.com/osjson.aspx?query=vpn%E8%BF%9D%E6%B3%95%E5%90%97&mkt=zh-CN,vpn违法吗,快手样本-VPN法律,9,vpn违法吗 vpn的最新动态和政策,vpn违法吗vpn的最新动态和政策,2026-09-08T01:38:00+00:00
seed,bing_cn,Bing 中文联想,https://api.bing.com/osjson.aspx?query=vpn%E8%BF%9D%E6%B3%95%E5%90%97&mkt=zh-CN,vpn违法吗,快手样本-VPN法律,10,vpn违法吗 vpn的相关案例和评价,vpn违法吗vpn的相关案例和评价,2026-09-08T01:38:00+00:00
seed,bing_cn,Bing 中文联想,https://api.bing.com/osjson.aspx?query=vpn%E8%BF%9D%E6%B3%95%E5%90%97&mkt=zh-CN,vpn违法吗,快手样本-VPN法律,11,vpn违法吗 vpn的种类和选择方法,vpn违法吗vpn的种类和选择方法,2026-09-08T01:38:00+00:00
seed,bing_cn,Bing 中文联想,https://api.bing.com/osjson.aspx?query=vpn%E8%BF%9D%E6%B3%95%E5%90%97&mkt=zh-CN,vpn违法吗,快手样本-VPN法律,12,vpn违法吗 中国的法律规定,vpn违法吗中国的法律规定,2026-09-08T01:38:00+00:00
seed,google_web,Google Web 联想,https://suggestqueries.google.com/complete/search?client=firefox&hl=zh-CN&gl=cn&q=%E7%94%A8vpn%E4%BC%9A%E8%A2%AB%E6%8A%93%E5%90%97,用vpn会被抓吗,快手样本-VPN法律,1,用vpn会被抓吗,用vpn会被抓吗,2026-09-08T01:38:00+00:00
seed,google_youtube,Google/YouTube 联想,https://suggestqueries.google.com/complete/search?client=firefox&hl=zh-CN&gl=cn&ds=yt&q=%E7%94%A8vpn%E4%BC%9A%E8%A2%AB%E6%8A%93%E5%90%97,用vpn会被抓吗,快手样本-VPN法律,1,用vpn会被抓吗,用vpn会被抓吗,2026-09-08T01:38:00+00:00
seed,bing_cn,Bing 中文联想,https://api.bing.com/osjson.aspx?query=%E7%94%A8vpn%E4%BC%9A%E8%A2%AB%E6%8A%93%E5%90%97&mkt=zh-CN,用vpn会被抓吗,快手样本-VPN法律,1,用vpn会被抓吗,用vpn会被抓吗,2026-09-08T01:38:00+00:00
seed,bing_cn,Bing 中文联想,https://api.bing.com/osjson.aspx?query=%E7%94%A8vpn%E4%BC%9A%E8%A2%AB%E6%8A%93%E5%90%97&mkt=zh-CN,用vpn会被抓吗,快手样本-VPN法律,2,vpn.安全吗,vpn.安全吗,2026-09-08T01:38:00+00:00
seed,bing_cn,Bing 中文联想,https://api.bing.com/osjson.aspx?query=%E7%94%A8vpn%E4%BC%9A%E8%A2%AB%E6%8A%93%E5%90%97&mkt=zh-CN,用vpn会被抓吗,快手样本-VPN法律,3,vpn.为什么,vpn.为什么,2026-09-08T01:38:00+00:00
seed,bing_cn,Bing 中文联想,https://api.bing.com/osjson.aspx?query=%E7%94%A8vpn%E4%BC%9A%E8%A2%AB%E6%8A%93%E5%90%97&mkt=zh-CN,用vpn会被抓吗,快手样本-VPN法律,4,vpn、怎么用,vpn、怎么用,2026-09-08T01:38:00+00:00
seed,bing_cn,Bing 中文联想,https://api.bing.com/osjson.aspx?query=%E7%94%A8vpn%E4%BC%9A%E8%A2%AB%E6%8A%93%E5%90%97&mkt=zh-CN,用vpn会被抓吗,快手样本-VPN法律,5,vpn.必须用,vpn.必须用,2026-09-08T01:38:00+00:00
seed,bing_cn,Bing 中文联想,https://api.bing.com/osjson.aspx?query=%E7%94%A8vpn%E4%BC%9A%E8%A2%AB%E6%8A%93%E5%90%97&mkt=zh-CN,用vpn会被抓吗,快手样本-VPN法律,6,好用的、vpn,好用的、vpn,2026-09-08T01:38:00+00:00
seed,bing_cn,Bing 中文联想,https://api.bing.com/osjson.aspx?query=%E7%94%A8vpn%E4%BC%9A%E8%A2%AB%E6%8A%93%E5%90%97&mkt=zh-CN,用vpn会被抓吗,快手样本-VPN法律,7,vpn.必须的原因,vpn.必须的原因,2026-09-08T01:38:00+00:00
seed,bing_cn,Bing 中文联想,https://api.bing.com/osjson.aspx?query=%E7%94%A8vpn%E4%BC%9A%E8%A2%AB%E6%8A%93%E5%90%97&mkt=zh-CN,用vpn会被抓吗,快手样本-VPN法律,8,为了安全 通常把vpn 放在 后面,为了安全通常把vpn放在后面,2026-09-08T01:38:00+00:00
seed,bing_cn,Bing 中文联想,https://api.bing.com/osjson.aspx?query=%E7%94%A8vpn%E4%BC%9A%E8%A2%AB%E6%8A%93%E5%90%97&mkt=zh-CN,用vpn会被抓吗,快手样本-VPN法律,9,web.vpn安全吗,web.vpn安全吗,2026-09-08T01:38:00+00:00
seed,bing_cn,Bing 中文联想,https://api.bing.com/osjson.aspx?query=%E7%94%A8vpn%E4%BC%9A%E8%A2%AB%E6%8A%93%E5%90%97&mkt=zh-CN,用vpn会被抓吗,快手样本-VPN法律,10,vpn、哪个好,vpn、哪个好,2026-09-08T01:38:00+00:00
seed,bing_cn,Bing 中文联想,https://api.bing.com/osjson.aspx?query=%E7%94%A8vpn%E4%BC%9A%E8%A2%AB%E6%8A%93%E5%90%97&mkt=zh-CN,用vpn会被抓吗,快手样本-VPN法律,11,2. 什么叫vpn 它有哪些特点,2. 什么叫vpn它有哪些特点,2026-09-08T01:38:00+00:00
seed,bing_cn,Bing 中文联想,https://api.bing.com/osjson.aspx?query=%E7%94%A8vpn%E4%BC%9A%E8%A2%AB%E6%8A%93%E5%90%97&mkt=zh-CN,用vpn会被抓吗,快手样本-VPN法律,12,vpn、vpn的原理,vpn、vpn的原理,2026-09-08T01:38:00+00:00
seed,google_web,Google Web 联想,https://suggestqueries.google.com/complete/search?client=firefox&hl=zh-CN&gl=cn&q=%E7%BF%BB%E5%A2%99%E8%BF%9D%E6%B3%95%E5%90%97,翻墙违法吗,快手样本-VPN法律,1,翻墙违法吗,翻墙违法吗,2026-09-08T01:38:00+00:00
seed,google_youtube,Google/YouTube 联想,https://suggestqueries.google.com/complete/search?client=firefox&hl=zh-CN&gl=cn&ds=yt&q=%E7%BF%BB%E5%A2%99%E8%BF%9D%E6%B3%95%E5%90%97,翻墙违法吗,快手样本-VPN法律,1,翻墙违法吗,翻墙违法吗,2026-09-08T01:38:00+00:00
seed,bing_cn,Bing 中文联想,https://api.bing.com/osjson.aspx?query=%E7%BF%BB%E5%A2%99%E8%BF%9D%E6%B3%95%E5%90%97&mkt=zh-CN,翻墙违法吗,快手样本-VPN法律,1,翻墙违法吗,翻墙违法吗,2026-09-08T01:38:00+00:00
seed,bing_cn,Bing 中文联想,https://api.bing.com/osjson.aspx?query=%E7%BF%BB%E5%A2%99%E8%BF%9D%E6%B3%95%E5%90%97&mkt=zh-CN,翻墙违法吗,快手样本-VPN法律,2,翻墙违法吗 翻墙的风险和后果,翻墙违法吗翻墙的风险和后果,2026-09-08T01:38:00+00:00
seed,bing_cn,Bing 中文联想,https://api.bing.com/osjson.aspx?query=%E7%BF%BB%E5%A2%99%E8%BF%9D%E6%B3%95%E5%90%97&mkt=zh-CN,翻墙违法吗,快手样本-VPN法律,3,翻墙违法吗 翻墙的道德和责任,翻墙违法吗翻墙的道德和责任,2026-09-08T01:38:00+00:00
seed,bing_cn,Bing 中文联想,https://api.bing.com/osjson.aspx?query=%E7%BF%BB%E5%A2%99%E8%BF%9D%E6%B3%95%E5%90%97&mkt=zh-CN,翻墙违法吗,快手样本-VPN法律,4,翻墙违法吗 翻墙的利弊和影响,翻墙违法吗翻墙的利弊和影响,2026-09-08T01:38:00+00:00
seed,bing_cn,Bing 中文联想,https://api.bing.com/osjson.aspx?query=%E7%BF%BB%E5%A2%99%E8%BF%9D%E6%B3%95%E5%90%97&mkt=zh-CN,翻墙违法吗,快手样本-VPN法律,5,翻墙违法吗 翻墙的历史和现状,翻墙违法吗翻墙的历史和现状,2026-09-08T01:38:00+00:00
seed,bing_cn,Bing 中文联想,https://api.bing.com/osjson.aspx?query=%E7%BF%BB%E5%A2%99%E8%BF%9D%E6%B3%95%E5%90%97&mkt=zh-CN,翻墙违法吗,快手样本-VPN法律,6,翻墙违法吗 翻墙的未来和展望,翻墙违法吗翻墙的未来和展望,2026-09-08T01:38:00+00:00
seed,bing_cn,Bing 中文联想,https://api.bing.com/osjson.aspx?query=%E7%BF%BB%E5%A2%99%E8%BF%9D%E6%B3%95%E5%90%97&mkt=zh-CN,翻墙违法吗,快手样本-VPN法律,7,翻墙违法吗 翻墙的权利和自由,翻墙违法吗翻墙的权利和自由,2026-09-08T01:38:00+00:00
seed,bing_cn,Bing 中文联想,https://api.bing.com/osjson.aspx?query=%E7%BF%BB%E5%A2%99%E8%BF%9D%E6%B3%95%E5%90%97&mkt=zh-CN,翻墙违法吗,快手样本-VPN法律,8,翻墙违法吗 翻墙的目的和意义,翻墙违法吗翻墙的目的和意义,2026-09-08T01:38:00+00:00
seed,bing_cn,Bing 中文联想,https://api.bing.com/osjson.aspx?query=%E7%BF%BB%E5%A2%99%E8%BF%9D%E6%B3%95%E5%90%97&mkt=zh-CN,翻墙违法吗,快手样本-VPN法律,9,翻墙违法吗知乎,翻墙违法吗知乎,2026-09-08T01:38:00+00:00
seed,bing_cn,Bing 中文联想,https://api.bing.com/osjson.aspx?query=%E7%BF%BB%E5%A2%99%E8%BF%9D%E6%B3%95%E5%90%97&mkt=zh-CN,翻墙违法吗,快手样本-VPN法律,10,翻墙是违法的吗,翻墙是违法的吗,2026-09-08T01:38:00+00:00
seed,bing_cn,Bing 中文联想,https://api.bing.com/osjson.aspx?query=%E7%BF%BB%E5%A2%99%E4%BC%9A%E8%A2%AB%E6%8A%93%E5%90%97&mkt=zh-CN,翻墙会被抓吗,快手样本-VPN法律,1,电脑翻墙会被网警抓吗,电脑翻墙会被网警抓吗,2026-09-08T01:38:00+00:00
seed,bing_cn,Bing 中文联想,https://api.bing.com/osjson.aspx?query=%E7%BF%BB%E5%A2%99%E4%BC%9A%E8%A2%AB%E6%8A%93%E5%90%97&mkt=zh-CN,翻墙会被抓吗,快手样本-VPN法律,2,翻墙会被警察抓吗,翻墙会被警察抓吗,2026-09-08T01:38:00+00:00
seed,bing_cn,Bing 中文联想,https://api.bing.com/osjson.aspx?query=%E7%BF%BB%E5%A2%99%E4%BC%9A%E8%A2%AB%E6%8A%93%E5%90%97&mkt=zh-CN,翻墙会被抓吗,快手样本-VPN法律,3,翻墙看油管会被抓吗,翻墙看油管会被抓吗,2026-09-08T01:38:00+00:00
seed,bing_cn,Bing 中文联想,https://api.bing.com/osjson.aspx?query=%E7%BF%BB%E5%A2%99%E4%BC%9A%E8%A2%AB%E6%8A%93%E5%90%97&mkt=zh-CN,翻墙会被抓吗,快手样本-VPN法律,4,翻墙被抓会留案底吗,翻墙被抓会留案底吗,2026-09-08T01:38:00+00:00
seed,bing_cn,Bing 中文联想,https://api.bing.com/osjson.aspx?query=%E7%BF%BB%E5%A2%99%E4%BC%9A%E8%A2%AB%E6%8A%93%E5%90%97&mkt=zh-CN,翻墙会被抓吗,快手样本-VPN法律,5,翻墙不干坏事会被抓吗,翻墙不干坏事会被抓吗,2026-09-08T01:38:00+00:00
seed,google_youtube,Google/YouTube 联想,https://suggestqueries.google.com/complete/search?client=firefox&hl=zh-CN&gl=cn&ds=yt&q=vpn%E5%92%8C%E7%BF%BB%E5%A2%99%E7%9A%84%E5%8C%BA%E5%88%AB,vpn和翻墙的区别,快手样本-VPN科普,1,vpn和代理,vpn和代理,2026-09-08T01:38:00+00:00
seed,google_youtube,Google/YouTube 联想,https://suggestqueries.google.com/complete/search?client=firefox&hl=zh-CN&gl=cn&ds=yt&q=vpn%E5%92%8C%E7%BF%BB%E5%A2%99%E7%9A%84%E5%8C%BA%E5%88%AB,vpn和翻墙的区别,快手样本-VPN科普,2,vpn和加速器的区别,vpn和加速器的区别,2026-09-08T01:38:00+00:00
seed,bing_cn,Bing 中文联想,https://api.bing.com/osjson.aspx?query=vpn%E5%92%8C%E7%BF%BB%E5%A2%99%E7%9A%84%E5%8C%BA%E5%88%AB&mkt=zh-CN,vpn和翻墙的区别,快手样本-VPN科普,1,vpn和翻墙的区别,vpn和翻墙的区别,2026-09-08T01:38:00+00:00
seed,bing_cn,Bing 中文联想,https://api.bing.com/osjson.aspx?query=vpn%E5%92%8C%E7%BF%BB%E5%A2%99%E7%9A%84%E5%8C%BA%E5%88%AB&mkt=zh-CN,vpn和翻墙的区别,快手样本-VPN科普,2,翻墙软件和vpn的区别,翻墙软件和vpn的区别,2026-09-08T01:38:00+00:00
seed,bing_cn,Bing 中文联想,https://api.bing.com/osjson.aspx?query=vpn%E5%92%8C%E7%BF%BB%E5%A2%99%E7%9A%84%E5%8C%BA%E5%88%AB&mkt=zh-CN,vpn和翻墙的区别,快手样本-VPN科普,3,路由器翻墙和vpn的区别,路由器翻墙和vpn的区别,2026-09-08T01:38:00+00:00
seed,bing_cn,Bing 中文联想,https://api.bing.com/osjson.aspx?query=vpn%E5%92%8C%E7%BF%BB%E5%A2%99%E7%9A%84%E5%8C%BA%E5%88%AB&mkt=zh-CN,vpn和翻墙的区别,快手样本-VPN科普,4,翻墙和vpn的区别,翻墙和vpn的区别,2026-09-08T01:38:00+00:00
seed,bing_cn,Bing 中文联想,https://api.bing.com/osjson.aspx?query=vpn%E5%92%8C%E7%BF%BB%E5%A2%99%E7%9A%84%E5%8C%BA%E5%88%AB&mkt=zh-CN,vpn和翻墙的区别,快手样本-VPN科普,5,翻墙的梯子和vpn的区别,翻墙的梯子和vpn的区别,2026-09-08T01:38:00+00:00
seed,bing_cn,Bing 中文联想,https://api.bing.com/osjson.aspx?query=vpn%E5%92%8C%E7%BF%BB%E5%A2%99%E7%9A%84%E5%8C%BA%E5%88%AB&mkt=zh-CN,vpn和翻墙的区别,快手样本-VPN科普,6,ip-vpn是什么,ip-vpn是什么,2026-09-08T01:38:00+00:00
seed,bing_cn,Bing 中文联想,https://api.bing.com/osjson.aspx?query=vpn%E5%92%8C%E7%BF%BB%E5%A2%99%E7%9A%84%E5%8C%BA%E5%88%AB&mkt=zh-CN,vpn和翻墙的区别,快手样本-VPN科普,7,vpn.为什么,vpn.为什么,2026-09-08T01:38:00+00:00
seed,bing_cn,Bing 中文联想,https://api.bing.com/osjson.aspx?query=vpn%E5%92%8C%E7%BF%BB%E5%A2%99%E7%9A%84%E5%8C%BA%E5%88%AB&mkt=zh-CN,vpn和翻墙的区别,快手样本-VPN科普,8,vpn.是什么,vpn.是什么,2026-09-08T01:38:00+00:00
seed,bing_cn,Bing 中文联想,https://api.bing.com/osjson.aspx?query=vpn%E5%92%8C%E7%BF%BB%E5%A2%99%E7%9A%84%E5%8C%BA%E5%88%AB&mkt=zh-CN,vpn和翻墙的区别,快手样本-VPN科普,9,vpn、什么意思,vpn、什么意思,2026-09-08T01:38:00+00:00
seed,bing_cn,Bing 中文联想,https://api.bing.com/osjson.aspx?query=vpn%E5%92%8C%E7%BF%BB%E5%A2%99%E7%9A%84%E5%8C%BA%E5%88%AB&mkt=zh-CN,vpn和翻墙的区别,快手样本-VPN科普,10,vpn、什么是vpn,vpn、什么是vpn,2026-09-08T01:38:00+00:00
seed,bing_cn,Bing 中文联想,https://api.bing.com/osjson.aspx?query=vpn%E5%92%8C%E7%BF%BB%E5%A2%99%E7%9A%84%E5%8C%BA%E5%88%AB&mkt=zh-CN,vpn和翻墙的区别,快手样本-VPN科普,11,vpn是什么、有什么区别,vpn是什么、有什么区别,2026-09-08T01:38:00+00:00
seed,bing_cn,Bing 中文联想,https://api.bing.com/osjson.aspx?query=vpn%E5%92%8C%E7%BF%BB%E5%A2%99%E7%9A%84%E5%8C%BA%E5%88%AB&mkt=zh-CN,vpn和翻墙的区别,快手样本-VPN科普,12,vpn是什么、有什么风险,vpn是什么、有什么风险,2026-09-08T01:38:00+00:00
seed,google_youtube,Google/YouTube 联想,https://suggestqueries.google.com/complete/search?client=firefox&hl=zh-CN&gl=cn&ds=yt&q=vpn%E6%B3%95%E5%BE%8B%E9%A3%8E%E9%99%A9,vpn法律风险,快手样本-VPN法律,1,vpn风险,vpn风险,2026-09-08T01:38:00+00:00
seed,bing_cn,Bing 中文联想,https://api.bing.com/osjson.aspx?query=vpn%E6%B3%95%E5%BE%8B%E9%A3%8E%E9%99%A9&mkt=zh-CN,vpn法律风险,快手样本-VPN法律,1,vpn法律风险,vpn法律风险,2026-09-08T01:38:00+00:00
seed,bing_cn,Bing 中文联想,https://api.bing.com/osjson.aspx?query=vpn%E6%B3%95%E5%BE%8B%E9%A3%8E%E9%99%A9&mkt=zh-CN,vpn法律风险,快手样本-VPN法律,2,vpn是法律风险的吗,vpn是法律风险的吗,2026-09-08T01:38:00+00:00
seed,bing_cn,Bing 中文联想,https://api.bing.com/osjson.aspx?query=vpn%E6%B3%95%E5%BE%8B%E9%A3%8E%E9%99%A9&mkt=zh-CN,vpn法律风险,快手样本-VPN法律,3,vpn在西安的法律风险,vpn在西安的法律风险,2026-09-08T01:38:00+00:00
seed,bing_cn,Bing 中文联想,https://api.bing.com/osjson.aspx?query=vpn%E6%B3%95%E5%BE%8B%E9%A3%8E%E9%99%A9&mkt=zh-CN,vpn法律风险,快手样本-VPN法律,4,使用vpn后的法律风险,使用vpn后的法律风险,2026-09-08T01:38:00+00:00
seed,bing_cn,Bing 中文联想,https://api.bing.com/osjson.aspx?query=vpn%E6%B3%95%E5%BE%8B%E9%A3%8E%E9%99%A9&mkt=zh-CN,vpn法律风险,快手样本-VPN法律,5,vpn。有什么风险,vpn。有什么风险,2026-09-08T01:38:00+00:00
seed,bing_cn,Bing 中文联想,https://api.bing.com/osjson.aspx?query=vpn%E6%B3%95%E5%BE%8B%E9%A3%8E%E9%99%A9&mkt=zh-CN,vpn法律风险,快手样本-VPN法律,6,vpn是什么、有什么风险,vpn是什么、有什么风险,2026-09-08T01:38:00+00:00
seed,bing_cn,Bing 中文联想,https://api.bing.com/osjson.aspx?query=vpn%E6%B3%95%E5%BE%8B%E9%A3%8E%E9%99%A9&mkt=zh-CN,vpn法律风险,快手样本-VPN法律,7,vpn.必须的原因,vpn.必须的原因,2026-09-08T01:38:00+00:00
seed,bing_cn,Bing 中文联想,https://api.bing.com/osjson.aspx?query=vpn%E6%B3%95%E5%BE%8B%E9%A3%8E%E9%99%A9&mkt=zh-CN,vpn法律风险,快手样本-VPN法律,8,vpn.必须知道,vpn.必须知道,2026-09-08T01:38:00+00:00
seed,bing_cn,Bing 中文联想,https://api.bing.com/osjson.aspx?query=vpn%E6%B3%95%E5%BE%8B%E9%A3%8E%E9%99%A9&mkt=zh-CN,vpn法律风险,快手样本-VPN法律,9,vpn.安全吗,vpn.安全吗,2026-09-08T01:38:00+00:00
seed,bing_cn,Bing 中文联想,https://api.bing.com/osjson.aspx?query=vpn%E6%B3%95%E5%BE%8B%E9%A3%8E%E9%99%A9&mkt=zh-CN,vpn法律风险,快手样本-VPN法律,10,vpn.必须用,vpn.必须用,2026-09-08T01:38:00+00:00
seed,bing_cn,Bing 中文联想,https://api.bing.com/osjson.aspx?query=vpn%E6%B3%95%E5%BE%8B%E9%A3%8E%E9%99%A9&mkt=zh-CN,vpn法律风险,快手样本-VPN法律,11,vpn、vpn的安全性,vpn、vpn的安全性,2026-09-08T01:38:00+00:00
seed,bing_cn,Bing 中文联想,https://api.bing.com/osjson.aspx?query=vpn%E6%B3%95%E5%BE%8B%E9%A3%8E%E9%99%A9&mkt=zh-CN,vpn法律风险,快手样本-VPN法律,12,好用的、vpn,好用的、vpn,2026-09-08T01:38:00+00:00
seed,google_youtube,Google/YouTube 联想,https://suggestqueries.google.com/complete/search?client=firefox&hl=zh-CN&gl=cn&ds=yt&q=vpn%E8%A1%8C%E6%94%BF%E5%A4%84%E7%BD%9A,vpn行政处罚,快手样本-VPN法律,1,vpn被抓,vpn被抓,2026-09-08T01:38:00+00:00
seed,bing_cn,Bing 中文联想,https://api.bing.com/osjson.aspx?query=vpn%E8%A1%8C%E6%94%BF%E5%A4%84%E7%BD%9A&mkt=zh-CN,vpn行政处罚,快手样本-VPN法律,1,vpn行政处罚,vpn行政处罚,2026-09-08T01:38:00+00:00
seed,bing_cn,Bing 中文联想,https://api.bing.com/osjson.aspx?query=vpn%E8%A1%8C%E6%94%BF%E5%A4%84%E7%BD%9A&mkt=zh-CN,vpn行政处罚,快手样本-VPN法律,2,常德首例一男子通过vpn翻墙访问境外网站被行政处罚,常德首例一男子通过vpn翻墙访问境外网站被行政处罚,2026-09-08T01:38:00+00:00
seed,bing_cn,Bing 中文联想,https://api.bing.com/osjson.aspx?query=vpn%E8%A1%8C%E6%94%BF%E5%A4%84%E7%BD%9A&mkt=zh-CN,vpn行政处罚,快手样本-VPN法律,3,行政处罚vpn,行政处罚vpn,2026-09-08T01:38:00+00:00
seed,bing_cn,Bing 中文联想,https://api.bing.com/osjson.aspx?query=vpn%E8%A1%8C%E6%94%BF%E5%A4%84%E7%BD%9A&mkt=zh-CN,vpn行政处罚,快手样本-VPN法律,4,使用vpn行政处罚,使用vpn行政处罚,2026-09-08T01:38:00+00:00
seed,bing_cn,Bing 中文联想,https://api.bing.com/osjson.aspx?query=vpn%E8%A1%8C%E6%94%BF%E5%A4%84%E7%BD%9A&mkt=zh-CN,vpn行政处罚,快手样本-VPN法律,5,vpn.na的隐私政策,vpn.na的隐私政策,2026-09-08T01:38:00+00:00
seed,bing_cn,Bing 中文联想,https://api.bing.com/osjson.aspx?query=vpn%E8%A1%8C%E6%94%BF%E5%A4%84%E7%BD%9A&mkt=zh-CN,vpn行政处罚,快手样本-VPN法律,6,为了安全 通常把vpn 放在 后面,为了安全通常把vpn放在后面,2026-09-08T01:38:00+00:00
seed,bing_cn,Bing 中文联想,https://api.bing.com/osjson.aspx?query=vpn%E8%A1%8C%E6%94%BF%E5%A4%84%E7%BD%9A&mkt=zh-CN,vpn行政处罚,快手样本-VPN法律,7,行政处罚决定的事实、理由及依据,行政处罚决定的事实、理由及依据,2026-09-08T01:38:00+00:00
seed,bing_cn,Bing 中文联想,https://api.bing.com/osjson.aspx?query=vpn%E8%A1%8C%E6%94%BF%E5%A4%84%E7%BD%9A&mkt=zh-CN,vpn行政处罚,快手样本-VPN法律,8,中华人民共和国行政处罚法_中国人大网,中华人民共和国行政处罚法中国人大网,2026-09-08T01:38:00+00:00
seed,bing_cn,Bing 中文联想,https://api.bing.com/osjson.aspx?query=vpn%E8%A1%8C%E6%94%BF%E5%A4%84%E7%BD%9A&mkt=zh-CN,vpn行政处罚,快手样本-VPN法律,9,中华人⺠共和国行政处罚法,中华人⺠共和国行政处罚法,2026-09-08T01:38:00+00:00
seed,bing_cn,Bing 中文联想,https://api.bing.com/osjson.aspx?query=vpn%E8%A1%8C%E6%94%BF%E5%A4%84%E7%BD%9A&mkt=zh-CN,vpn行政处罚,快手样本-VPN法律,10,vpn.安全吗,vpn.安全吗,2026-09-08T01:38:00+00:00
seed,bing_cn,Bing 中文联想,https://api.bing.com/osjson.aspx?query=vpn%E8%A1%8C%E6%94%BF%E5%A4%84%E7%BD%9A&mkt=zh-CN,vpn行政处罚,快手样本-VPN法律,11,privadovpn.com隐私政策,privadovpn.com隐私政策,2026-09-08T01:38:00+00:00
seed,bing_cn,Bing 中文联想,https://api.bing.com/osjson.aspx?query=vpn%E8%A1%8C%E6%94%BF%E5%A4%84%E7%BD%9A&mkt=zh-CN,vpn行政处罚,快手样本-VPN法律,12,行政许可、行政处罚决定信息应当,行政许可、行政处罚决定信息应当,2026-09-08T01:38:00+00:00
seed,google_web,Google Web 联想,https://suggestqueries.google.com/complete/search?client=firefox&hl=zh-CN&gl=cn&q=%E7%BF%BB%E5%A2%99,翻墙,快手样本-关联表达,1,翻墙,翻墙,2026-09-08T01:38:00+00:00
seed,google_web,Google Web 联想,https://suggestqueries.google.com/complete/search?client=firefox&hl=zh-CN&gl=cn&q=%E7%BF%BB%E5%A2%99,翻墙,快手样本-关联表达,2,翻墙机场,翻墙机场,2026-09-08T01:38:00+00:00
seed,google_web,Google Web 联想,https://suggestqueries.google.com/complete/search?client=firefox&hl=zh-CN&gl=cn&q=%E7%BF%BB%E5%A2%99,翻墙,快手样本-关联表达,3,翻墙也上不了x,翻墙也上不了x,2026-09-08T01:38:00+00:00
seed,google_web,Google Web 联想,https://suggestqueries.google.com/complete/search?client=firefox&hl=zh-CN&gl=cn&q=%E7%BF%BB%E5%A2%99,翻墙,快手样本-关联表达,4,翻墙后,翻墙后,2026-09-08T01:38:00+00:00
seed,google_web,Google Web 联想,https://suggestqueries.google.com/complete/search?client=firefox&hl=zh-CN&gl=cn&q=%E7%BF%BB%E5%A2%99,翻墙,快手样本-关联表达,5,翻墙后看什么,翻墙后看什么,2026-09-08T01:38:00+00:00
seed,google_web,Google Web 联想,https://suggestqueries.google.com/complete/search?client=firefox&hl=zh-CN&gl=cn&q=%E7%BF%BB%E5%A2%99,翻墙,快手样本-关联表达,6,翻墙app,翻墙app,2026-09-08T01:38:00+00:00
seed,google_web,Google Web 联想,https://suggestqueries.google.com/complete/search?client=firefox&hl=zh-CN&gl=cn&q=%E7%BF%BB%E5%A2%99,翻墙,快手样本-关联表达,7,翻墙加速器,翻墙加速器,2026-09-08T01:38:00+00:00
seed,google_web,Google Web 联想,https://suggestqueries.google.com/complete/search?client=firefox&hl=zh-CN&gl=cn&q=%E7%BF%BB%E5%A2%99,翻墙,快手样本-关联表达,8,翻墙者,翻墙者,2026-09-08T01:38:00+00:00
seed,google_web,Google Web 联想,https://suggestqueries.google.com/complete/search?client=firefox&hl=zh-CN&gl=cn&q=%E7%BF%BB%E5%A2%99,翻墙,快手样本-关联表达,9,翻墙机场推荐,翻墙机场推荐,2026-09-08T01:38:00+00:00
seed,google_web,Google Web 联想,https://suggestqueries.google.com/complete/search?client=firefox&hl=zh-CN&gl=cn&q=%E7%BF%BB%E5%A2%99,翻墙,快手样本-关联表达,10,翻墙软件排行榜,翻墙软件排行榜,2026-09-08T01:38:00+00:00
seed,google_youtube,Google/YouTube 联想,https://suggestqueries.google.com/complete/search?client=firefox&hl=zh-CN&gl=cn&ds=yt&q=%E7%BF%BB%E5%A2%99,翻墙,快手样本-关联表达,1,翻墙,翻墙,2026-09-08T01:38:00+00:00
seed,google_youtube,Google/YouTube 联想,https://suggestqueries.google.com/complete/search?client=firefox&hl=zh-CN&gl=cn&ds=yt&q=%E7%BF%BB%E5%A2%99,翻墙,快手样本-关联表达,2,翻墙被抓,翻墙被抓,2026-09-08T01:38:00+00:00
seed,google_youtube,Google/YouTube 联想,https://suggestqueries.google.com/complete/search?client=firefox&hl=zh-CN&gl=cn&ds=yt&q=%E7%BF%BB%E5%A2%99,翻墙,快手样本-关联表达,3,翻墙后怎么赚钱,翻墙后怎么赚钱,2026-09-08T01:38:00+00:00
seed,google_youtube,Google/YouTube 联想,https://suggestqueries.google.com/complete/search?client=firefox&hl=zh-CN&gl=cn&ds=yt&q=%E7%BF%BB%E5%A2%99,翻墙,快手样本-关联表达,4,翻墙后,翻墙后,2026-09-08T01:38:00+00:00
seed,google_youtube,Google/YouTube 联想,https://suggestqueries.google.com/complete/search?client=firefox&hl=zh-CN&gl=cn&ds=yt&q=%E7%BF%BB%E5%A2%99,翻墙,快手样本-关联表达,5,翻墙违法吗,翻墙违法吗,2026-09-08T01:38:00+00:00
seed,google_youtube,Google/YouTube 联想,https://suggestqueries.google.com/complete/search?client=firefox&hl=zh-CN&gl=cn&ds=yt&q=%E7%BF%BB%E5%A2%99,翻墙,快手样本-关联表达,6,翻墙路由器,翻墙路由器,2026-09-08T01:38:00+00:00
seed,google_youtube,Google/YouTube 联想,https://suggestqueries.google.com/complete/search?client=firefox&hl=zh-CN&gl=cn&ds=yt&q=%E7%BF%BB%E5%A2%99,翻墙,快手样本-关联表达,7,翻墙必看,翻墙必看,2026-09-08T01:38:00+00:00
seed,google_youtube,Google/YouTube 联想,https://suggestqueries.google.com/complete/search?client=firefox&hl=zh-CN&gl=cn&ds=yt&q=%E7%BF%BB%E5%A2%99,翻墙,快手样本-关联表达,8,翻墙安全,翻墙安全,2026-09-08T01:38:00+00:00
seed,google_youtube,Google/YouTube 联想,https://suggestqueries.google.com/complete/search?client=firefox&hl=zh-CN&gl=cn&ds=yt&q=%E7%BF%BB%E5%A2%99,翻墙,快手样本-关联表达,9,翻墙软件vpn,翻墙软件vpn,2026-09-08T01:38:00+00:00
seed,google_youtube,Google/YouTube 联想,https://suggestqueries.google.com/complete/search?client=firefox&hl=zh-CN&gl=cn&ds=yt&q=%E7%BF%BB%E5%A2%99,翻墙,快手样本-关联表达,10,翻墙app,翻墙app,2026-09-08T01:38:00+00:00
seed,bing_cn,Bing 中文联想,https://api.bing.com/osjson.aspx?query=%E7%BF%BB%E5%A2%99&mkt=zh-CN,翻墙,快手样本-关联表达,1,翻墙梯子,翻墙梯子,2026-09-08T01:38:00+00:00
seed,bing_cn,Bing 中文联想,https://api.bing.com/osjson.aspx?query=%E7%BF%BB%E5%A2%99&mkt=zh-CN,翻墙,快手样本-关联表达,2,翻墙软件猫咪,翻墙软件猫咪,2026-09-08T01:38:00+00:00
seed,bing_cn,Bing 中文联想,https://api.bing.com/osjson.aspx?query=%E7%BF%BB%E5%A2%99&mkt=zh-CN,翻墙,快手样本-关联表达,3,翻墙猫,翻墙猫,2026-09-08T01:38:00+00:00
seed,bing_cn,Bing 中文联想,https://api.bing.com/osjson.aspx?query=%E7%BF%BB%E5%A2%99&mkt=zh-CN,翻墙,快手样本-关联表达,4,翻墙违法吗,翻墙违法吗,2026-09-08T01:38:00+00:00
seed,bing_cn,Bing 中文联想,https://api.bing.com/osjson.aspx?query=%E7%BF%BB%E5%A2%99&mkt=zh-CN,翻墙,快手样本-关联表达,5,翻墙软件 小猫,翻墙软件小猫,2026-09-08T01:38:00+00:00
seed,bing_cn,Bing 中文联想,https://api.bing.com/osjson.aspx?query=%E7%BF%BB%E5%A2%99&mkt=zh-CN,翻墙,快手样本-关联表达,6,翻墙软件和vpn的关系,翻墙软件和vpn的关系,2026-09-08T01:38:00+00:00
seed,bing_cn,Bing 中文联想,https://api.bing.com/osjson.aspx?query=%E7%BF%BB%E5%A2%99&mkt=zh-CN,翻墙,快手样本-关联表达,7,翻墙是什么意思,翻墙是什么意思,2026-09-08T01:38:00+00:00
seed,bing_cn,Bing 中文联想,https://api.bing.com/osjson.aspx?query=%E7%BF%BB%E5%A2%99&mkt=zh-CN,翻墙,快手样本-关联表达,8,翻墙男,翻墙男,2026-09-08T01:38:00+00:00
seed,bing_cn,Bing 中文联想,https://api.bing.com/osjson.aspx?query=%E7%BF%BB%E5%A2%99&mkt=zh-CN,翻墙,快手样本-关联表达,9,翻墙梯子推荐,翻墙梯子推荐,2026-09-08T01:38:00+00:00
seed,bing_cn,Bing 中文联想,https://api.bing.com/osjson.aspx?query=%E7%BF%BB%E5%A2%99&mkt=zh-CN,翻墙,快手样本-关联表达,10,翻墙机场 gfwairport,翻墙机场gfwairport,2026-09-08T01:38:00+00:00
seed,bing_cn,Bing 中文联想,https://api.bing.com/osjson.aspx?query=%E7%BF%BB%E5%A2%99&mkt=zh-CN,翻墙,快手样本-关联表达,11,翻墙的梯子有哪些,翻墙的梯子有哪些,2026-09-08T01:38:00+00:00
seed,bing_cn,Bing 中文联想,https://api.bing.com/osjson.aspx?query=%E7%BF%BB%E5%A2%99&mkt=zh-CN,翻墙,快手样本-关联表达,12,翻墙好用的免费梯子,翻墙好用的免费梯子,2026-09-08T01:38:00+00:00
seed,google_web,Google Web 联想,https://suggestqueries.google.com/complete/search?client=firefox&hl=zh-CN&gl=cn&q=%E5%A4%96%E7%BD%91,外网,快手样本-关联表达,1,外网,外网,2026-09-08T01:38:00+00:00
seed,google_web,Google Web 联想,https://suggestqueries.google.com/complete/search?client=firefox&hl=zh-CN&gl=cn&q=%E5%A4%96%E7%BD%91,外网,快手样本-关联表达,2,外网测速,外网测速,2026-09-08T01:38:00+00:00
seed,google_web,Google Web 联想,https://suggestqueries.google.com/complete/search?client=firefox&hl=zh-CN&gl=cn&q=%E5%A4%96%E7%BD%91,外网,快手样本-关联表达,3,外网浏览器,外网浏览器,2026-09-08T01:38:00+00:00
seed,google_web,Google Web 联想,https://suggestqueries.google.com/complete/search?client=firefox&hl=zh-CN&gl=cn&q=%E5%A4%96%E7%BD%91,外网,快手样本-关联表达,4,外网网站,外网网站,2026-09-08T01:38:00+00:00
seed,google_web,Google Web 联想,https://suggestqueries.google.com/complete/search?client=firefox&hl=zh-CN&gl=cn&q=%E5%A4%96%E7%BD%91,外网,快手样本-关联表达,5,外网ip,外网ip,2026-09-08T01:38:00+00:00
seed,google_web,Google Web 联想,https://suggestqueries.google.com/complete/search?client=firefox&hl=zh-CN&gl=cn&q=%E5%A4%96%E7%BD%91,外网,快手样本-关联表达,6,外网抖音,外网抖音,2026-09-08T01:38:00+00:00
seed,google_web,Google Web 联想,https://suggestqueries.google.com/complete/search?client=firefox&hl=zh-CN&gl=cn&q=%E5%A4%96%E7%BD%91,外网,快手样本-关联表达,7,外网视频,外网视频,2026-09-08T01:38:00+00:00
seed,google_web,Google Web 联想,https://suggestqueries.google.com/complete/search?client=firefox&hl=zh-CN&gl=cn&q=%E5%A4%96%E7%BD%91,外网,快手样本-关联表达,8,外网新闻,外网新闻,2026-09-08T01:38:00+00:00
seed,google_web,Google Web 联想,https://suggestqueries.google.com/complete/search?client=firefox&hl=zh-CN&gl=cn&q=%E5%A4%96%E7%BD%91,外网,快手样本-关联表达,9,外网ip查询,外网ip查询,2026-09-08T01:38:00+00:00
seed,google_web,Google Web 联想,https://suggestqueries.google.com/complete/search?client=firefox&hl=zh-CN&gl=cn&q=%E5%A4%96%E7%BD%91,外网,快手样本-关联表达,10,外网知乎,外网知乎,2026-09-08T01:38:00+00:00
seed,google_youtube,Google/YouTube 联想,https://suggestqueries.google.com/complete/search?client=firefox&hl=zh-CN&gl=cn&ds=yt&q=%E5%A4%96%E7%BD%91,外网,快手样本-关联表达,1,外网,外网,2026-09-08T01:38:00+00:00
seed,google_youtube,Google/YouTube 联想,https://suggestqueries.google.com/complete/search?client=firefox&hl=zh-CN&gl=cn&ds=yt&q=%E5%A4%96%E7%BD%91,外网,快手样本-关联表达,2,外网赚钱,外网赚钱,2026-09-08T01:38:00+00:00
seed,google_youtube,Google/YouTube 联想,https://suggestqueries.google.com/complete/search?client=firefox&hl=zh-CN&gl=cn&ds=yt&q=%E5%A4%96%E7%BD%91,外网,快手样本-关联表达,3,外网有什么好玩的,外网有什么好玩的,2026-09-08T01:38:00+00:00
seed,google_youtube,Google/YouTube 联想,https://suggestqueries.google.com/complete/search?client=firefox&hl=zh-CN&gl=cn&ds=yt&q=%E5%A4%96%E7%BD%91,外网,快手样本-关联表达,4,外网软件,外网软件,2026-09-08T01:38:00+00:00
seed,google_youtube,Google/YouTube 联想,https://suggestqueries.google.com/complete/search?client=firefox&hl=zh-CN&gl=cn&ds=yt&q=%E5%A4%96%E7%BD%91,外网,快手样本-关联表达,5,外网看中国,外网看中国,2026-09-08T01:38:00+00:00
seed,google_youtube,Google/YouTube 联想,https://suggestqueries.google.com/complete/search?client=firefox&hl=zh-CN&gl=cn&ds=yt&q=%E5%A4%96%E7%BD%91,外网,快手样本-关联表达,6,外网app,外网app,2026-09-08T01:38:00+00:00
seed,google_youtube,Google/YouTube 联想,https://suggestqueries.google.com/complete/search?client=firefox&hl=zh-CN&gl=cn&ds=yt&q=%E5%A4%96%E7%BD%91,外网,快手样本-关联表达,7,外网网站,外网网站,2026-09-08T01:38:00+00:00
seed,google_youtube,Google/YouTube 联想,https://suggestqueries.google.com/complete/search?client=firefox&hl=zh-CN&gl=cn&ds=yt&q=%E5%A4%96%E7%BD%91,外网,快手样本-关联表达,8,外网游戏,外网游戏,2026-09-08T01:38:00+00:00
seed,google_youtube,Google/YouTube 联想,https://suggestqueries.google.com/complete/search?client=firefox&hl=zh-CN&gl=cn&ds=yt&q=%E5%A4%96%E7%BD%91,外网,快手样本-关联表达,9,外网怎么赚钱,外网怎么赚钱,2026-09-08T01:38:00+00:00
seed,google_youtube,Google/YouTube 联想,https://suggestqueries.google.com/complete/search?client=firefox&hl=zh-CN&gl=cn&ds=yt&q=%E5%A4%96%E7%BD%91,外网,快手样本-关联表达,10,外网赚钱项目,外网赚钱项目,2026-09-08T01:38:00+00:00
seed,bing_cn,Bing 中文联想,https://api.bing.com/osjson.aspx?query=%E5%A4%96%E7%BD%91&mkt=zh-CN,外网,快手样本-关联表达,1,外网,外网,2026-09-08T01:38:00+00:00
seed,bing_cn,Bing 中文联想,https://api.bing.com/osjson.aspx?query=%E5%A4%96%E7%BD%91&mkt=zh-CN,外网,快手样本-关联表达,2,外网加速器,外网加速器,2026-09-08T01:38:00+00:00
seed,bing_cn,Bing 中文联想,https://api.bing.com/osjson.aspx?query=%E5%A4%96%E7%BD%91&mkt=zh-CN,外网,快手样本-关联表达,3,外网网站,外网网站,2026-09-08T01:38:00+00:00
seed,bing_cn,Bing 中文联想,https://api.bing.com/osjson.aspx?query=%E5%A4%96%E7%BD%91&mkt=zh-CN,外网,快手样本-关联表达,4,外网ip,外网ip,2026-09-08T01:38:00+00:00
seed,bing_cn,Bing 中文联想,https://api.bing.com/osjson.aspx?query=%E5%A4%96%E7%BD%91&mkt=zh-CN,外网,快手样本-关联表达,5,外网小游戏,外网小游戏,2026-09-08T01:38:00+00:00
seed,bing_cn,Bing 中文联想,https://api.bing.com/osjson.aspx?query=%E5%A4%96%E7%BD%91&mkt=zh-CN,外网,快手样本-关联表达,6,外网视频网站,外网视频网站,2026-09-08T01:38:00+00:00
seed,bing_cn,Bing 中文联想,https://api.bing.com/osjson.aspx?query=%E5%A4%96%E7%BD%91&mkt=zh-CN,外网,快手样本-关联表达,7,外网梯子,外网梯子,2026-09-08T01:38:00+00:00
seed,bing_cn,Bing 中文联想,https://api.bing.com/osjson.aspx?query=%E5%A4%96%E7%BD%91&mkt=zh-CN,外网,快手样本-关联表达,8,外网vpn,外网vpn,2026-09-08T01:38:00+00:00
seed,bing_cn,Bing 中文联想,https://api.bing.com/osjson.aspx?query=%E5%A4%96%E7%BD%91&mkt=zh-CN,外网,快手样本-关联表达,9,外网ip查询,外网ip查询,2026-09-08T01:38:00+00:00
seed,bing_cn,Bing 中文联想,https://api.bing.com/osjson.aspx?query=%E5%A4%96%E7%BD%91&mkt=zh-CN,外网,快手样本-关联表达,10,外网服务器,外网服务器,2026-09-08T01:38:00+00:00
seed,bing_cn,Bing 中文联想,https://api.bing.com/osjson.aspx?query=%E5%A4%96%E7%BD%91&mkt=zh-CN,外网,快手样本-关联表达,11,外网禁地,外网禁地,2026-09-08T01:38:00+00:00
seed,bing_cn,Bing 中文联想,https://api.bing.com/osjson.aspx?query=%E5%A4%96%E7%BD%91&mkt=zh-CN,外网,快手样本-关联表达,12,外网抖音,外网抖音,2026-09-08T01:38:00+00:00
seed,baidu,百度联想,https://suggestion.baidu.com/su?wd=%E5%A4%96%E7%BD%91&cb=cb,外网,快手样本-关联表达,1,外网,外网,2026-09-08T01:38:00+00:00
seed,baidu,百度联想,https://suggestion.baidu.com/su?wd=%E5%A4%96%E7%BD%91&cb=cb,外网,快手样本-关联表达,2,外网推特网址,外网推特网址,2026-09-08T01:38:00+00:00
seed,baidu,百度联想,https://suggestion.baidu.com/su?wd=%E5%A4%96%E7%BD%91&cb=cb,外网,快手样本-关联表达,3,外网ip,外网ip,2026-09-08T01:38:00+00:00
seed,baidu,百度联想,https://suggestion.baidu.com/su?wd=%E5%A4%96%E7%BD%91&cb=cb,外网,快手样本-关联表达,4,外网新闻最新消息,外网新闻最新消息,2026-09-08T01:38:00+00:00
seed,baidu,百度联想,https://suggestion.baidu.com/su?wd=%E5%A4%96%E7%BD%91&cb=cb,外网,快手样本-关联表达,5,外网游戏平台,外网游戏平台,2026-09-08T01:38:00+00:00
seed,baidu,百度联想,https://suggestion.baidu.com/su?wd=%E5%A4%96%E7%BD%91&cb=cb,外网,快手样本-关联表达,6,外网聊天软件app,外网聊天软件app,2026-09-08T01:38:00+00:00
seed,baidu,百度联想,https://suggestion.baidu.com/su?wd=%E5%A4%96%E7%BD%91&cb=cb,外网,快手样本-关联表达,7,外网怎么连网,外网怎么连网,2026-09-08T01:38:00+00:00
seed,baidu,百度联想,https://suggestion.baidu.com/su?wd=%E5%A4%96%E7%BD%91&cb=cb,外网,快手样本-关联表达,8,外网吉隆口岸,外网吉隆口岸,2026-09-08T01:38:00+00:00
seed,baidu,百度联想,https://suggestion.baidu.com/su?wd=%E5%A4%96%E7%BD%91&cb=cb,外网,快手样本-关联表达,9,外网尼泊尔泥石流视频,外网尼泊尔泥石流视频,2026-09-08T01:38:00+00:00
seed,baidu,百度联想,https://suggestion.baidu.com/su?wd=%E5%A4%96%E7%BD%91&cb=cb,外网,快手样本-关联表达,10,外网推特下装正版,外网推特下装正版,2026-09-08T01:38:00+00:00
seed,google_web,Google Web 联想,https://suggestqueries.google.com/complete/search?client=firefox&hl=zh-CN&gl=cn&q=%E8%AE%BF%E9%97%AE%E5%A4%96%E7%BD%91,访问外网,快手样本-关联表达,1,访问外网,访问外网,2026-09-08T01:38:00+00:00
seed,google_youtube,Google/YouTube 联想,https://suggestqueries.google.com/complete/search?client=firefox&hl=zh-CN&gl=cn&ds=yt&q=%E8%AE%BF%E9%97%AE%E5%A4%96%E7%BD%91,访问外网,快手样本-关联表达,1,访问外网,访问外网,2026-09-08T01:38:00+00:00
seed,bing_cn,Bing 中文联想,https://api.bing.com/osjson.aspx?query=%E8%AE%BF%E9%97%AE%E5%A4%96%E7%BD%91&mkt=zh-CN,访问外网,快手样本-关联表达,1,访问外网,访问外网,2026-09-08T01:38:00+00:00
seed,bing_cn,Bing 中文联想,https://api.bing.com/osjson.aspx?query=%E8%AE%BF%E9%97%AE%E5%A4%96%E7%BD%91&mkt=zh-CN,访问外网,快手样本-关联表达,2,访问外网的加速器,访问外网的加速器,2026-09-08T01:38:00+00:00
seed,bing_cn,Bing 中文联想,https://api.bing.com/osjson.aspx?query=%E8%AE%BF%E9%97%AE%E5%A4%96%E7%BD%91&mkt=zh-CN,访问外网,快手样本-关联表达,3,访问外网vpn,访问外网vpn,2026-09-08T01:38:00+00:00
seed,bing_cn,Bing 中文联想,https://api.bing.com/osjson.aspx?query=%E8%AE%BF%E9%97%AE%E5%A4%96%E7%BD%91&mkt=zh-CN,访问外网,快手样本-关联表达,4,访问外网的梯子,访问外网的梯子,2026-09-08T01:38:00+00:00
seed,bing_cn,Bing 中文联想,https://api.bing.com/osjson.aspx?query=%E8%AE%BF%E9%97%AE%E5%A4%96%E7%BD%91&mkt=zh-CN,访问外网,快手样本-关联表达,5,访问外网加速器推荐,访问外网加速器推荐,2026-09-08T01:38:00+00:00
seed,bing_cn,Bing 中文联想,https://api.bing.com/osjson.aspx?query=%E8%AE%BF%E9%97%AE%E5%A4%96%E7%BD%91&mkt=zh-CN,访问外网,快手样本-关联表达,6,访问外网的vpn,访问外网的vpn,2026-09-08T01:38:00+00:00
seed,bing_cn,Bing 中文联想,https://api.bing.com/osjson.aspx?query=%E8%AE%BF%E9%97%AE%E5%A4%96%E7%BD%91&mkt=zh-CN,访问外网,快手样本-关联表达,7,访问外网的插件,访问外网的插件,2026-09-08T01:38:00+00:00
seed,bing_cn,Bing 中文联想,https://api.bing.com/osjson.aspx?query=%E8%AE%BF%E9%97%AE%E5%A4%96%E7%BD%91&mkt=zh-CN,访问外网,快手样本-关联表达,8,访问外网的软件,访问外网的软件,2026-09-08T01:38:00+00:00
seed,bing_cn,Bing 中文联想,https://api.bing.com/osjson.aspx?query=%E8%AE%BF%E9%97%AE%E5%A4%96%E7%BD%91&mkt=zh-CN,访问外网,快手样本-关联表达,9,访问外网梯子,访问外网梯子,2026-09-08T01:38:00+00:00
seed,bing_cn,Bing 中文联想,https://api.bing.com/osjson.aspx?query=%E8%AE%BF%E9%97%AE%E5%A4%96%E7%BD%91&mkt=zh-CN,访问外网,快手样本-关联表达,10,访问外网软件,访问外网软件,2026-09-08T01:38:00+00:00
seed,bing_cn,Bing 中文联想,https://api.bing.com/osjson.aspx?query=%E8%AE%BF%E9%97%AE%E5%A4%96%E7%BD%91&mkt=zh-CN,访问外网,快手样本-关联表达,11,访问外网的原因,访问外网的原因,2026-09-08T01:38:00+00:00
seed,bing_cn,Bing 中文联想,https://api.bing.com/osjson.aspx?query=%E8%AE%BF%E9%97%AE%E5%A4%96%E7%BD%91&mkt=zh-CN,访问外网,快手样本-关联表达,12,访问外网的好处,访问外网的好处,2026-09-08T01:38:00+00:00
seed,baidu,百度联想,https://suggestion.baidu.com/su?wd=%E8%AE%BF%E9%97%AE%E5%A4%96%E7%BD%91&cb=cb,访问外网,快手样本-关联表达,1,访问外网犯法吗,访问外网犯法吗,2026-09-08T01:38:00+00:00
seed,baidu,百度联想,https://suggestion.baidu.com/su?wd=%E8%AE%BF%E9%97%AE%E5%A4%96%E7%BD%91&cb=cb,访问外网,快手样本-关联表达,2,哪些国家不能访问外网,哪些国家不能访问外网,2026-09-08T01:38:00+00:00
seed,baidu,百度联想,https://suggestion.baidu.com/su?wd=%E8%AE%BF%E9%97%AE%E5%A4%96%E7%BD%91&cb=cb,访问外网,快手样本-关联表达,3,外国媒体网站,外国媒体网站,2026-09-08T01:38:00+00:00
seed,baidu,百度联想,https://suggestion.baidu.com/su?wd=%E8%AE%BF%E9%97%AE%E5%A4%96%E7%BD%91&cb=cb,访问外网,快手样本-关联表达,4,访问外网是违法行为吗,访问外网是违法行为吗,2026-09-08T01:38:00+00:00
seed,baidu,百度联想,https://suggestion.baidu.com/su?wd=%E8%AE%BF%E9%97%AE%E5%A4%96%E7%BD%91&cb=cb,访问外网,快手样本-关联表达,5,外网访问是什么意思,外网访问是什么意思,2026-09-08T01:38:00+00:00
seed,baidu,百度联想,https://suggestion.baidu.com/su?wd=%E8%AE%BF%E9%97%AE%E5%A4%96%E7%BD%91&cb=cb,访问外网,快手样本-关联表达,6,单纯访问外网犯法吗,单纯访问外网犯法吗,2026-09-08T01:38:00+00:00
seed,google_web,Google Web 联想,https://suggestqueries.google.com/complete/search?client=firefox&hl=zh-CN&gl=cn&q=%E6%A2%AF%E5%AD%90,梯子,快手样本-关联表达,1,梯子,梯子,2026-09-08T01:38:00+00:00
seed,google_web,Google Web 联想,https://suggestqueries.google.com/complete/search?client=firefox&hl=zh-CN&gl=cn&q=%E6%A2%AF%E5%AD%90,梯子,快手样本-关联表达,2,梯子vpn,梯子vpn,2026-09-08T01:38:00+00:00
seed,google_web,Google Web 联想,https://suggestqueries.google.com/complete/search?client=firefox&hl=zh-CN&gl=cn&q=%E6%A2%AF%E5%AD%90,梯子,快手样本-关联表达,3,梯子测速,梯子测速,2026-09-08T01:38:00+00:00
seed,google_web,Google Web 联想,https://suggestqueries.google.com/complete/search?client=firefox&hl=zh-CN&gl=cn&q=%E6%A2%AF%E5%AD%90,梯子,快手样本-关联表达,4,梯子vpn免费,梯子vpn免费,2026-09-08T01:38:00+00:00
seed,google_web,Google Web 联想,https://suggestqueries.google.com/complete/search?client=firefox&hl=zh-CN&gl=cn&q=%E6%A2%AF%E5%AD%90,梯子,快手样本-关联表达,5,梯子机场,梯子机场,2026-09-08T01:38:00+00:00
seed,google_web,Google Web 联想,https://suggestqueries.google.com/complete/search?client=firefox&hl=zh-CN&gl=cn&q=%E6%A2%AF%E5%AD%90,梯子,快手样本-关联表达,6,梯子z,梯子z,2026-09-08T01:38:00+00:00
seed,google_web,Google Web 联想,https://suggestqueries.google.com/complete/search?client=firefox&hl=zh-CN&gl=cn&q=%E6%A2%AF%E5%AD%90,梯子,快手样本-关联表达,7,梯子排名,梯子排名,2026-09-08T01:38:00+00:00
seed,google_web,Google Web 联想,https://suggestqueries.google.com/complete/search?client=firefox&hl=zh-CN&gl=cn&q=%E6%A2%AF%E5%AD%90,梯子,快手样本-关联表达,8,梯子软件,梯子软件,2026-09-08T01:38:00+00:00
seed,google_web,Google Web 联想,https://suggestqueries.google.com/complete/search?client=firefox&hl=zh-CN&gl=cn&q=%E6%A2%AF%E5%AD%90,梯子,快手样本-关联表达,9,梯子推荐github,梯子推荐github,2026-09-08T01:38:00+00:00
seed,google_web,Google Web 联想,https://suggestqueries.google.com/complete/search?client=firefox&hl=zh-CN&gl=cn&q=%E6%A2%AF%E5%AD%90,梯子,快手样本-关联表达,10,梯子搭建,梯子搭建,2026-09-08T01:38:00+00:00
seed,google_youtube,Google/YouTube 联想,https://suggestqueries.google.com/complete/search?client=firefox&hl=zh-CN&gl=cn&ds=yt&q=%E6%A2%AF%E5%AD%90,梯子,快手样本-关联表达,1,梯子,梯子,2026-09-08T01:38:00+00:00
seed,google_youtube,Google/YouTube 联想,https://suggestqueries.google.com/complete/search?client=firefox&hl=zh-CN&gl=cn&ds=yt&q=%E6%A2%AF%E5%AD%90,梯子,快手样本-关联表达,2,梯子搭建,梯子搭建,2026-09-08T01:38:00+00:00
seed,google_youtube,Google/YouTube 联想,https://suggestqueries.google.com/complete/search?client=firefox&hl=zh-CN&gl=cn&ds=yt&q=%E6%A2%AF%E5%AD%90,梯子,快手样本-关联表达,3,梯子软件,梯子软件,2026-09-08T01:38:00+00:00
seed,google_youtube,Google/YouTube 联想,https://suggestqueries.google.com/complete/search?client=firefox&hl=zh-CN&gl=cn&ds=yt&q=%E6%A2%AF%E5%AD%90,梯子,快手样本-关联表达,4,梯子vpn,梯子vpn,2026-09-08T01:38:00+00:00
seed,google_youtube,Google/YouTube 联想,https://suggestqueries.google.com/complete/search?client=firefox&hl=zh-CN&gl=cn&ds=yt&q=%E6%A2%AF%E5%AD%90,梯子,快手样本-关联表达,5,梯子测速,梯子测速,2026-09-08T01:38:00+00:00
seed,google_youtube,Google/YouTube 联想,https://suggestqueries.google.com/complete/search?client=firefox&hl=zh-CN&gl=cn&ds=yt&q=%E6%A2%AF%E5%AD%90,梯子,快手样本-关联表达,6,梯子教程,梯子教程,2026-09-08T01:38:00+00:00
seed,google_youtube,Google/YouTube 联想,https://suggestqueries.google.com/complete/search?client=firefox&hl=zh-CN&gl=cn&ds=yt&q=%E6%A2%AF%E5%AD%90,梯子,快手样本-关联表达,7,梯子是什么,梯子是什么,2026-09-08T01:38:00+00:00
seed,google_youtube,Google/YouTube 联想,https://suggestqueries.google.com/complete/search?client=firefox&hl=zh-CN&gl=cn&ds=yt&q=%E6%A2%AF%E5%AD%90,梯子,快手样本-关联表达,8,梯子安卓,梯子安卓,2026-09-08T01:38:00+00:00
seed,google_youtube,Google/YouTube 联想,https://suggestqueries.google.com/complete/search?client=firefox&hl=zh-CN&gl=cn&ds=yt&q=%E6%A2%AF%E5%AD%90,梯子,快手样本-关联表达,9,梯子协议,梯子协议,2026-09-08T01:38:00+00:00
seed,bing_cn,Bing 中文联想,https://api.bing.com/osjson.aspx?query=%E6%A2%AF%E5%AD%90&mkt=zh-CN,梯子,快手样本-关联表达,1,梯子,梯子,2026-09-08T01:38:00+00:00
seed,bing_cn,Bing 中文联想,https://api.bing.com/osjson.aspx?query=%E6%A2%AF%E5%AD%90&mkt=zh-CN,梯子,快手样本-关联表达,2,梯子工具,梯子工具,2026-09-08T01:38:00+00:00
seed,bing_cn,Bing 中文联想,https://api.bing.com/osjson.aspx?query=%E6%A2%AF%E5%AD%90&mkt=zh-CN,梯子,快手样本-关联表达,3,梯子推荐,梯子推荐,2026-09-08T01:38:00+00:00
seed,bing_cn,Bing 中文联想,https://api.bing.com/osjson.aspx?query=%E6%A2%AF%E5%AD%90&mkt=zh-CN,梯子,快手样本-关联表达,4,梯子猫,梯子猫,2026-09-08T01:38:00+00:00
seed,bing_cn,Bing 中文联想,https://api.bing.com/osjson.aspx?query=%E6%A2%AF%E5%AD%90&mkt=zh-CN,梯子,快手样本-关联表达,5,梯子vpn,梯子vpn,2026-09-08T01:38:00+00:00
seed,bing_cn,Bing 中文联想,https://api.bing.com/osjson.aspx?query=%E6%A2%AF%E5%AD%90&mkt=zh-CN,梯子,快手样本-关联表达,6,梯子免费体验,梯子免费体验,2026-09-08T01:38:00+00:00
seed,bing_cn,Bing 中文联想,https://api.bing.com/osjson.aspx?query=%E6%A2%AF%E5%AD%90&mkt=zh-CN,梯子,快手样本-关联表达,7,梯子下载,梯子下载,2026-09-08T01:38:00+00:00
seed,bing_cn,Bing 中文联想,https://api.bing.com/osjson.aspx?query=%E6%A2%AF%E5%AD%90&mkt=zh-CN,梯子,快手样本-关联表达,8,梯子加速器,梯子加速器,2026-09-08T01:38:00+00:00
seed,bing_cn,Bing 中文联想,https://api.bing.com/osjson.aspx?query=%E6%A2%AF%E5%AD%90&mkt=zh-CN,梯子,快手样本-关联表达,9,梯子软件哪个好用,梯子软件哪个好用,2026-09-08T01:38:00+00:00
seed,bing_cn,Bing 中文联想,https://api.bing.com/osjson.aspx?query=%E6%A2%AF%E5%AD%90&mkt=zh-CN,梯子,快手样本-关联表达,10,梯子免费加速,梯子免费加速,2026-09-08T01:38:00+00:00
seed,bing_cn,Bing 中文联想,https://api.bing.com/osjson.aspx?query=%E6%A2%AF%E5%AD%90&mkt=zh-CN,梯子,快手样本-关联表达,11,梯子节点,梯子节点,2026-09-08T01:38:00+00:00
seed,bing_cn,Bing 中文联想,https://api.bing.com/osjson.aspx?query=%E6%A2%AF%E5%AD%90&mkt=zh-CN,梯子,快手样本-关联表达,12,梯子vpn推荐,梯子vpn推荐,2026-09-08T01:38:00+00:00
seed,baidu,百度联想,https://suggestion.baidu.com/su?wd=%E6%A2%AF%E5%AD%90&cb=cb,梯子,快手样本-关联表达,1,梯子翻推荐,梯子翻推荐,2026-09-08T01:38:00+00:00
seed,baidu,百度联想,https://suggestion.baidu.com/su?wd=%E6%A2%AF%E5%AD%90&cb=cb,梯子,快手样本-关联表达,2,梯子用哪个比较好境外款,梯子用哪个比较好境外款,2026-09-08T01:38:00+00:00
seed,baidu,百度联想,https://suggestion.baidu.com/su?wd=%E6%A2%AF%E5%AD%90&cb=cb,梯子,快手样本-关联表达,3,梯子品牌排行榜前十名,梯子品牌排行榜前十名,2026-09-08T01:38:00+00:00
seed,baidu,百度联想,https://suggestion.baidu.com/su?wd=%E6%A2%AF%E5%AD%90&cb=cb,梯子,快手样本-关联表达,4,梯子用哪个比较好,梯子用哪个比较好,2026-09-08T01:38:00+00:00
seed,baidu,百度联想,https://suggestion.baidu.com/su?wd=%E6%A2%AF%E5%AD%90&cb=cb,梯子,快手样本-关联表达,5,梯子游戏,梯子游戏,2026-09-08T01:38:00+00:00
seed,baidu,百度联想,https://suggestion.baidu.com/su?wd=%E6%A2%AF%E5%AD%90&cb=cb,梯子,快手样本-关联表达,6,梯子推荐使用,梯子推荐使用,2026-09-08T01:38:00+00:00
seed,baidu,百度联想,https://suggestion.baidu.com/su?wd=%E6%A2%AF%E5%AD%90&cb=cb,梯子,快手样本-关联表达,7,梯子图片,梯子图片,2026-09-08T01:38:00+00:00
seed,google_youtube,Google/YouTube 联想,https://suggestqueries.google.com/complete/search?client=firefox&hl=zh-CN&gl=cn&ds=yt&q=%E7%BD%91%E7%BB%9C%E7%94%A8%E8%AF%AD%E6%A2%AF%E5%AD%90,网络用语梯子,快手样本-关联表达,1,翻墙能干嘛,翻墙能干嘛,2026-09-08T01:38:00+00:00
seed,bing_cn,Bing 中文联想,https://api.bing.com/osjson.aspx?query=%E7%BD%91%E7%BB%9C%E7%94%A8%E8%AF%AD%E6%A2%AF%E5%AD%90&mkt=zh-CN,网络用语梯子,快手样本-关联表达,1,网络用语梯子是什么意思,网络用语梯子是什么意思,2026-09-08T01:38:00+00:00
seed,bing_cn,Bing 中文联想,https://api.bing.com/osjson.aspx?query=%E7%BD%91%E7%BB%9C%E7%94%A8%E8%AF%AD%E6%A2%AF%E5%AD%90&mkt=zh-CN,网络用语梯子,快手样本-关联表达,2,梯子是什么意思网络用语,梯子是什么意思网络用语,2026-09-08T01:38:00+00:00
seed,bing_cn,Bing 中文联想,https://api.bing.com/osjson.aspx?query=%E7%BD%91%E7%BB%9C%E7%94%A8%E8%AF%AD%E6%A2%AF%E5%AD%90&mkt=zh-CN,网络用语梯子,快手样本-关联表达,3,梯子是什么意思的网络用语,梯子是什么意思的网络用语,2026-09-08T01:38:00+00:00
seed,bing_cn,Bing 中文联想,https://api.bing.com/osjson.aspx?query=%E7%BD%91%E7%BB%9C%E7%94%A8%E8%AF%AD%E6%A2%AF%E5%AD%90&mkt=zh-CN,网络用语梯子,快手样本-关联表达,4,挂梯子什么意思的网络用语,挂梯子什么意思的网络用语,2026-09-08T01:38:00+00:00
seed,bing_cn,Bing 中文联想,https://api.bing.com/osjson.aspx?query=%E7%BD%91%E7%BB%9C%E7%94%A8%E8%AF%AD%E6%A2%AF%E5%AD%90&mkt=zh-CN,网络用语梯子,快手样本-关联表达,5,梯子什么意思网络用语,梯子什么意思网络用语,2026-09-08T01:38:00+00:00
seed,bing_cn,Bing 中文联想,https://api.bing.com/osjson.aspx?query=%E7%BD%91%E7%BB%9C%E7%94%A8%E8%AF%AD%E6%A2%AF%E5%AD%90&mkt=zh-CN,网络用语梯子,快手样本-关联表达,6,梯子是啥意思网络用语,梯子是啥意思网络用语,2026-09-08T01:38:00+00:00
seed,bing_cn,Bing 中文联想,https://api.bing.com/osjson.aspx?query=%E7%BD%91%E7%BB%9C%E7%94%A8%E8%AF%AD%E6%A2%AF%E5%AD%90&mkt=zh-CN,网络用语梯子,快手样本-关联表达,7,梯子网络用语什么意思,梯子网络用语什么意思,2026-09-08T01:38:00+00:00
seed,bing_cn,Bing 中文联想,https://api.bing.com/osjson.aspx?query=%E7%BD%91%E7%BB%9C%E7%94%A8%E8%AF%AD%E6%A2%AF%E5%AD%90&mkt=zh-CN,网络用语梯子,快手样本-关联表达,8,网络用语中的梯子是什么意思,网络用语中的梯子是什么意思,2026-09-08T01:38:00+00:00
seed,bing_cn,Bing 中文联想,https://api.bing.com/osjson.aspx?query=%E7%BD%91%E7%BB%9C%E7%94%A8%E8%AF%AD%E6%A2%AF%E5%AD%90&mkt=zh-CN,网络用语梯子,快手样本-关联表达,9,挂梯子是什么意思啊网络用语,挂梯子是什么意思啊网络用语,2026-09-08T01:38:00+00:00
seed,google_web,Google Web 联想,https://suggestqueries.google.com/complete/search?client=firefox&hl=zh-CN&gl=cn&q=%E7%A7%91%E5%AD%A6%E4%B8%8A%E7%BD%91,科学上网,快手样本-关联表达,1,科学上网,科学上网,2026-09-08T01:38:00+00:00
seed,google_web,Google Web 联想,https://suggestqueries.google.com/complete/search?client=firefox&hl=zh-CN&gl=cn&q=%E7%A7%91%E5%AD%A6%E4%B8%8A%E7%BD%91,科学上网,快手样本-关联表达,2,科学上网工具,科学上网工具,2026-09-08T01:38:00+00:00
seed,google_web,Google Web 联想,https://suggestqueries.google.com/complete/search?client=firefox&hl=zh-CN&gl=cn&q=%E7%A7%91%E5%AD%A6%E4%B8%8A%E7%BD%91,科学上网,快手样本-关联表达,3,科学上网机场,科学上网机场,2026-09-08T01:38:00+00:00
seed,google_web,Google Web 联想,https://suggestqueries.google.com/complete/search?client=firefox&hl=zh-CN&gl=cn&q=%E7%A7%91%E5%AD%A6%E4%B8%8A%E7%BD%91,科学上网,快手样本-关联表达,4,科学上网梯子,科学上网梯子,2026-09-08T01:38:00+00:00
seed,google_web,Google Web 联想,https://suggestqueries.google.com/complete/search?client=firefox&hl=zh-CN&gl=cn&q=%E7%A7%91%E5%AD%A6%E4%B8%8A%E7%BD%91,科学上网,快手样本-关联表达,5,科学上网vpn,科学上网vpn,2026-09-08T01:38:00+00:00
seed,google_web,Google Web 联想,https://suggestqueries.google.com/complete/search?client=firefox&hl=zh-CN&gl=cn&q=%E7%A7%91%E5%AD%A6%E4%B8%8A%E7%BD%91,科学上网,快手样本-关联表达,6,科学上网推荐,科学上网推荐,2026-09-08T01:38:00+00:00
seed,google_web,Google Web 联想,https://suggestqueries.google.com/complete/search?client=firefox&hl=zh-CN&gl=cn&q=%E7%A7%91%E5%AD%A6%E4%B8%8A%E7%BD%91,科学上网,快手样本-关联表达,7,科学上网github,科学上网github,2026-09-08T01:38:00+00:00
seed,google_web,Google Web 联想,https://suggestqueries.google.com/complete/search?client=firefox&hl=zh-CN&gl=cn&q=%E7%A7%91%E5%AD%A6%E4%B8%8A%E7%BD%91,科学上网,快手样本-关联表达,8,科学上网工具推荐,科学上网工具推荐,2026-09-08T01:38:00+00:00
seed,google_web,Google Web 联想,https://suggestqueries.google.com/complete/search?client=firefox&hl=zh-CN&gl=cn&q=%E7%A7%91%E5%AD%A6%E4%B8%8A%E7%BD%91,科学上网,快手样本-关联表达,9,科学上网软件,科学上网软件,2026-09-08T01:38:00+00:00
seed,google_web,Google Web 联想,https://suggestqueries.google.com/complete/search?client=firefox&hl=zh-CN&gl=cn&q=%E7%A7%91%E5%AD%A6%E4%B8%8A%E7%BD%91,科学上网,快手样本-关联表达,10,科学上网v2ray,科学上网v2ray,2026-09-08T01:38:00+00:00
seed,google_youtube,Google/YouTube 联想,https://suggestqueries.google.com/complete/search?client=firefox&hl=zh-CN&gl=cn&ds=yt&q=%E7%A7%91%E5%AD%A6%E4%B8%8A%E7%BD%91,科学上网,快手样本-关联表达,1,科学上网,科学上网,2026-09-08T01:38:00+00:00
seed,google_youtube,Google/YouTube 联想,https://suggestqueries.google.com/complete/search?client=firefox&hl=zh-CN&gl=cn&ds=yt&q=%E7%A7%91%E5%AD%A6%E4%B8%8A%E7%BD%91,科学上网,快手样本-关联表达,2,科学上网路由器,科学上网路由器,2026-09-08T01:38:00+00:00
seed,google_youtube,Google/YouTube 联想,https://suggestqueries.google.com/complete/search?client=firefox&hl=zh-CN&gl=cn&ds=yt&q=%E7%A7%91%E5%AD%A6%E4%B8%8A%E7%BD%91,科学上网,快手样本-关联表达,3,科学上网教程,科学上网教程,2026-09-08T01:38:00+00:00
seed,google_youtube,Google/YouTube 联想,https://suggestqueries.google.com/complete/search?client=firefox&hl=zh-CN&gl=cn&ds=yt&q=%E7%A7%91%E5%AD%A6%E4%B8%8A%E7%BD%91,科学上网,快手样本-关联表达,4,科学上网工具,科学上网工具,2026-09-08T01:38:00+00:00
seed,google_youtube,Google/YouTube 联想,https://suggestqueries.google.com/complete/search?client=firefox&hl=zh-CN&gl=cn&ds=yt&q=%E7%A7%91%E5%AD%A6%E4%B8%8A%E7%BD%91,科学上网,快手样本-关联表达,5,科学上网软件,科学上网软件,2026-09-08T01:38:00+00:00
seed,google_youtube,Google/YouTube 联想,https://suggestqueries.google.com/complete/search?client=firefox&hl=zh-CN&gl=cn&ds=yt&q=%E7%A7%91%E5%AD%A6%E4%B8%8A%E7%BD%91,科学上网,快手样本-关联表达,6,科学上网机场,科学上网机场,2026-09-08T01:38:00+00:00
seed,google_youtube,Google/YouTube 联想,https://suggestqueries.google.com/complete/search?client=firefox&hl=zh-CN&gl=cn&ds=yt&q=%E7%A7%91%E5%AD%A6%E4%B8%8A%E7%BD%91,科学上网,快手样本-关联表达,7,科学上网节点,科学上网节点,2026-09-08T01:38:00+00:00
seed,google_youtube,Google/YouTube 联想,https://suggestqueries.google.com/complete/search?client=firefox&hl=zh-CN&gl=cn&ds=yt&q=%E7%A7%91%E5%AD%A6%E4%B8%8A%E7%BD%91,科学上网,快手样本-关联表达,8,科学上网搭建,科学上网搭建,2026-09-08T01:38:00+00:00
seed,google_youtube,Google/YouTube 联想,https://suggestqueries.google.com/complete/search?client=firefox&hl=zh-CN&gl=cn&ds=yt&q=%E7%A7%91%E5%AD%A6%E4%B8%8A%E7%BD%91,科学上网,快手样本-关联表达,9,科学上网路由器推荐,科学上网路由器推荐,2026-09-08T01:38:00+00:00
seed,google_youtube,Google/YouTube 联想,https://suggestqueries.google.com/complete/search?client=firefox&hl=zh-CN&gl=cn&ds=yt&q=%E7%A7%91%E5%AD%A6%E4%B8%8A%E7%BD%91,科学上网,快手样本-关联表达,10,科学上网软路由,科学上网软路由,2026-09-08T01:38:00+00:00
seed,bing_cn,Bing 中文联想,https://api.bing.com/osjson.aspx?query=%E7%A7%91%E5%AD%A6%E4%B8%8A%E7%BD%91&mkt=zh-CN,科学上网,快手样本-关联表达,1,科学上网,科学上网,2026-09-08T01:38:00+00:00
seed,bing_cn,Bing 中文联想,https://api.bing.com/osjson.aspx?query=%E7%A7%91%E5%AD%A6%E4%B8%8A%E7%BD%91&mkt=zh-CN,科学上网,快手样本-关联表达,2,科学上网工具,科学上网工具,2026-09-08T01:38:00+00:00
seed,bing_cn,Bing 中文联想,https://api.bing.com/osjson.aspx?query=%E7%A7%91%E5%AD%A6%E4%B8%8A%E7%BD%91&mkt=zh-CN,科学上网,快手样本-关联表达,3,科学上网软件,科学上网软件,2026-09-08T01:38:00+00:00
seed,bing_cn,Bing 中文联想,https://api.bing.com/osjson.aspx?query=%E7%A7%91%E5%AD%A6%E4%B8%8A%E7%BD%91&mkt=zh-CN,科学上网,快手样本-关联表达,4,科学上网安装包,科学上网安装包,2026-09-08T01:38:00+00:00
seed,bing_cn,Bing 中文联想,https://api.bing.com/osjson.aspx?query=%E7%A7%91%E5%AD%A6%E4%B8%8A%E7%BD%91&mkt=zh-CN,科学上网,快手样本-关联表达,5,科学上网vpn,科学上网vpn,2026-09-08T01:38:00+00:00
seed,bing_cn,Bing 中文联想,https://api.bing.com/osjson.aspx?query=%E7%A7%91%E5%AD%A6%E4%B8%8A%E7%BD%91&mkt=zh-CN,科学上网,快手样本-关联表达,6,科学上网教程,科学上网教程,2026-09-08T01:38:00+00:00
seed,bing_cn,Bing 中文联想,https://api.bing.com/osjson.aspx?query=%E7%A7%91%E5%AD%A6%E4%B8%8A%E7%BD%91&mkt=zh-CN,科学上网,快手样本-关联表达,7,科学上网推荐,科学上网推荐,2026-09-08T01:38:00+00:00
seed,bing_cn,Bing 中文联想,https://api.bing.com/osjson.aspx?query=%E7%A7%91%E5%AD%A6%E4%B8%8A%E7%BD%91&mkt=zh-CN,科学上网,快手样本-关联表达,8,科学上网梯子,科学上网梯子,2026-09-08T01:38:00+00:00
seed,bing_cn,Bing 中文联想,https://api.bing.com/osjson.aspx?query=%E7%A7%91%E5%AD%A6%E4%B8%8A%E7%BD%91&mkt=zh-CN,科学上网,快手样本-关联表达,9,科学上网加速器,科学上网加速器,2026-09-08T01:38:00+00:00
seed,bing_cn,Bing 中文联想,https://api.bing.com/osjson.aspx?query=%E7%A7%91%E5%AD%A6%E4%B8%8A%E7%BD%91&mkt=zh-CN,科学上网,快手样本-关联表达,10,科学上网下载,科学上网下载,2026-09-08T01:38:00+00:00
seed,bing_cn,Bing 中文联想,https://api.bing.com/osjson.aspx?query=%E7%A7%91%E5%AD%A6%E4%B8%8A%E7%BD%91&mkt=zh-CN,科学上网,快手样本-关联表达,11,科学上网是什么意思,科学上网是什么意思,2026-09-08T01:38:00+00:00
seed,bing_cn,Bing 中文联想,https://api.bing.com/osjson.aspx?query=%E7%A7%91%E5%AD%A6%E4%B8%8A%E7%BD%91&mkt=zh-CN,科学上网,快手样本-关联表达,12,科学上网机场,科学上网机场,2026-09-08T01:38:00+00:00
seed,google_web,Google Web 联想,https://suggestqueries.google.com/complete/search?client=firefox&hl=zh-CN&gl=cn&q=%E9%AD%94%E6%B3%95%E4%B8%8A%E7%BD%91,魔法上网,快手样本-关联表达,1,魔法上网,魔法上网,2026-09-08T01:38:00+00:00
seed,google_web,Google Web 联想,https://suggestqueries.google.com/complete/search?client=firefox&hl=zh-CN&gl=cn&q=%E9%AD%94%E6%B3%95%E4%B8%8A%E7%BD%91,魔法上网,快手样本-关联表达,2,魔法上网教程,魔法上网教程,2026-09-08T01:38:00+00:00
seed,google_web,Google Web 联想,https://suggestqueries.google.com/complete/search?client=firefox&hl=zh-CN&gl=cn&q=%E9%AD%94%E6%B3%95%E4%B8%8A%E7%BD%91,魔法上网,快手样本-关联表达,3,魔法上网推荐,魔法上网推荐,2026-09-08T01:38:00+00:00
seed,google_youtube,Google/YouTube 联想,https://suggestqueries.google.com/complete/search?client=firefox&hl=zh-CN&gl=cn&ds=yt&q=%E9%AD%94%E6%B3%95%E4%B8%8A%E7%BD%91,魔法上网,快手样本-关联表达,1,魔法上网,魔法上网,2026-09-08T01:38:00+00:00
seed,bing_cn,Bing 中文联想,https://api.bing.com/osjson.aspx?query=%E9%AD%94%E6%B3%95%E4%B8%8A%E7%BD%91&mkt=zh-CN,魔法上网,快手样本-关联表达,1,魔法上网,魔法上网,2026-09-08T01:38:00+00:00
seed,bing_cn,Bing 中文联想,https://api.bing.com/osjson.aspx?query=%E9%AD%94%E6%B3%95%E4%B8%8A%E7%BD%91&mkt=zh-CN,魔法上网,快手样本-关联表达,2,魔法上网工具,魔法上网工具,2026-09-08T01:38:00+00:00
seed,bing_cn,Bing 中文联想,https://api.bing.com/osjson.aspx?query=%E9%AD%94%E6%B3%95%E4%B8%8A%E7%BD%91&mkt=zh-CN,魔法上网,快手样本-关联表达,3,魔法上网软件,魔法上网软件,2026-09-08T01:38:00+00:00
seed,bing_cn,Bing 中文联想,https://api.bing.com/osjson.aspx?query=%E9%AD%94%E6%B3%95%E4%B8%8A%E7%BD%91&mkt=zh-CN,魔法上网,快手样本-关联表达,4,魔法上网教程,魔法上网教程,2026-09-08T01:38:00+00:00
seed,bing_cn,Bing 中文联想,https://api.bing.com/osjson.aspx?query=%E9%AD%94%E6%B3%95%E4%B8%8A%E7%BD%91&mkt=zh-CN,魔法上网,快手样本-关联表达,5,魔法上网加速器,魔法上网加速器,2026-09-08T01:38:00+00:00
seed,bing_cn,Bing 中文联想,https://api.bing.com/osjson.aspx?query=%E9%AD%94%E6%B3%95%E4%B8%8A%E7%BD%91&mkt=zh-CN,魔法上网,快手样本-关联表达,6,魔法上网推荐,魔法上网推荐,2026-09-08T01:38:00+00:00
seed,bing_cn,Bing 中文联想,https://api.bing.com/osjson.aspx?query=%E9%AD%94%E6%B3%95%E4%B8%8A%E7%BD%91&mkt=zh-CN,魔法上网,快手样本-关联表达,7,魔法上网vpn,魔法上网vpn,2026-09-08T01:38:00+00:00
seed,bing_cn,Bing 中文联想,https://api.bing.com/osjson.aspx?query=%E9%AD%94%E6%B3%95%E4%B8%8A%E7%BD%91&mkt=zh-CN,魔法上网,快手样本-关联表达,8,魔法上网是什么意思,魔法上网是什么意思,2026-09-08T01:38:00+00:00
seed,bing_cn,Bing 中文联想,https://api.bing.com/osjson.aspx?query=%E9%AD%94%E6%B3%95%E4%B8%8A%E7%BD%91&mkt=zh-CN,魔法上网,快手样本-关联表达,9,魔法上网梯子,魔法上网梯子,2026-09-08T01:38:00+00:00
seed,bing_cn,Bing 中文联想,https://api.bing.com/osjson.aspx?query=%E9%AD%94%E6%B3%95%E4%B8%8A%E7%BD%91&mkt=zh-CN,魔法上网,快手样本-关联表达,10,魔法上网下载,魔法上网下载,2026-09-08T01:38:00+00:00
seed,bing_cn,Bing 中文联想,https://api.bing.com/osjson.aspx?query=%E9%AD%94%E6%B3%95%E4%B8%8A%E7%BD%91&mkt=zh-CN,魔法上网,快手样本-关联表达,11,魔法上网是啥意思,魔法上网是啥意思,2026-09-08T01:38:00+00:00
seed,bing_cn,Bing 中文联想,https://api.bing.com/osjson.aspx?query=%E9%AD%94%E6%B3%95%E4%B8%8A%E7%BD%91&mkt=zh-CN,魔法上网,快手样本-关联表达,12,魔法上网app,魔法上网app,2026-09-08T01:38:00+00:00
seed,google_web,Google Web 联想,https://suggestqueries.google.com/complete/search?client=firefox&hl=zh-CN&gl=cn&q=%E5%A2%83%E5%A4%96%E7%BD%91%E7%AB%99,境外网站,快手样本-海外访问,1,境外网站,境外网站,2026-09-08T01:38:00+00:00
seed,google_web,Google Web 联想,https://suggestqueries.google.com/complete/search?client=firefox&hl=zh-CN&gl=cn&q=%E5%A2%83%E5%A4%96%E7%BD%91%E7%AB%99,境外网站,快手样本-海外访问,2,境外网站导航,境外网站导航,2026-09-08T01:38:00+00:00
seed,google_web,Google Web 联想,https://suggestqueries.google.com/complete/search?client=firefox&hl=zh-CN&gl=cn&q=%E5%A2%83%E5%A4%96%E7%BD%91%E7%AB%99,境外网站,快手样本-海外访问,3,境外网站写加班经历,境外网站写加班经历,2026-09-08T01:38:00+00:00
seed,google_web,Google Web 联想,https://suggestqueries.google.com/complete/search?client=firefox&hl=zh-CN&gl=cn&q=%E5%A2%83%E5%A4%96%E7%BD%91%E7%AB%99,境外网站,快手样本-海外访问,4,境外网站写加班经历 中国网民被控寻衅滋事,境外网站写加班经历中国网民被控寻衅滋事,2026-09-08T01:38:00+00:00
seed,google_youtube,Google/YouTube 联想,https://suggestqueries.google.com/complete/search?client=firefox&hl=zh-CN&gl=cn&ds=yt&q=%E5%A2%83%E5%A4%96%E7%BD%91%E7%AB%99,境外网站,快手样本-海外访问,1,境外网站,境外网站,2026-09-08T01:38:00+00:00
seed,bing_cn,Bing 中文联想,https://api.bing.com/osjson.aspx?query=%E5%A2%83%E5%A4%96%E7%BD%91%E7%AB%99&mkt=zh-CN,境外网站,快手样本-海外访问,1,境外网站,境外网站,2026-09-08T01:38:00+00:00
seed,bing_cn,Bing 中文联想,https://api.bing.com/osjson.aspx?query=%E5%A2%83%E5%A4%96%E7%BD%91%E7%AB%99&mkt=zh-CN,境外网站,快手样本-海外访问,2,境外网站大全,境外网站大全,2026-09-08T01:38:00+00:00
seed,bing_cn,Bing 中文联想,https://api.bing.com/osjson.aspx?query=%E5%A2%83%E5%A4%96%E7%BD%91%E7%AB%99&mkt=zh-CN,境外网站,快手样本-海外访问,3,境外网站访问工具,境外网站访问工具,2026-09-08T01:38:00+00:00
seed,bing_cn,Bing 中文联想,https://api.bing.com/osjson.aspx?query=%E5%A2%83%E5%A4%96%E7%BD%91%E7%AB%99&mkt=zh-CN,境外网站,快手样本-海外访问,4,境外网站加速器,境外网站加速器,2026-09-08T01:38:00+00:00
seed,bing_cn,Bing 中文联想,https://api.bing.com/osjson.aspx?query=%E5%A2%83%E5%A4%96%E7%BD%91%E7%AB%99&mkt=zh-CN,境外网站,快手样本-海外访问,5,境外网站如何访问,境外网站如何访问,2026-09-08T01:38:00+00:00
seed,bing_cn,Bing 中文联想,https://api.bing.com/osjson.aspx?query=%E5%A2%83%E5%A4%96%E7%BD%91%E7%AB%99&mkt=zh-CN,境外网站,快手样本-海外访问,6,境外网站备案,境外网站备案,2026-09-08T01:38:00+00:00
seed,bing_cn,Bing 中文联想,https://api.bing.com/osjson.aspx?query=%E5%A2%83%E5%A4%96%E7%BD%91%E7%AB%99&mkt=zh-CN,境外网站,快手样本-海外访问,7,境外网站导航,境外网站导航,2026-09-08T01:38:00+00:00
seed,bing_cn,Bing 中文联想,https://api.bing.com/osjson.aspx?query=%E5%A2%83%E5%A4%96%E7%BD%91%E7%AB%99&mkt=zh-CN,境外网站,快手样本-海外访问,8,境外网站在公安部备案,境外网站在公安部备案,2026-09-08T01:38:00+00:00
seed,bing_cn,Bing 中文联想,https://api.bing.com/osjson.aspx?query=%E5%A2%83%E5%A4%96%E7%BD%91%E7%AB%99&mkt=zh-CN,境外网站,快手样本-海外访问,9,境外网站是什么意思,境外网站是什么意思,2026-09-08T01:38:00+00:00
seed,bing_cn,Bing 中文联想,https://api.bing.com/osjson.aspx?query=%E5%A2%83%E5%A4%96%E7%BD%91%E7%AB%99&mkt=zh-CN,境外网站,快手样本-海外访问,10,境外网站地址,境外网站地址,2026-09-08T01:38:00+00:00
seed,bing_cn,Bing 中文联想,https://api.bing.com/osjson.aspx?query=%E5%A2%83%E5%A4%96%E7%BD%91%E7%AB%99&mkt=zh-CN,境外网站,快手样本-海外访问,11,境外网站搭建,境外网站搭建,2026-09-08T01:38:00+00:00
seed,bing_cn,Bing 中文联想,https://api.bing.com/osjson.aspx?query=%E5%A2%83%E5%A4%96%E7%BD%91%E7%AB%99&mkt=zh-CN,境外网站,快手样本-海外访问,12,境外网站访问慢,境外网站访问慢,2026-09-08T01:38:00+00:00
seed,baidu,百度联想,https://suggestion.baidu.com/su?wd=%E5%A2%83%E5%A4%96%E7%BD%91%E7%AB%99&cb=cb,境外网站,快手样本-海外访问,1,境外网站违法吗,境外网站违法吗,2026-09-08T01:38:00+00:00
seed,baidu,百度联想,https://suggestion.baidu.com/su?wd=%E5%A2%83%E5%A4%96%E7%BD%91%E7%AB%99&cb=cb,境外网站,快手样本-海外访问,2,境外网站打不开怎么解决,境外网站打不开怎么解决,2026-09-08T01:38:00+00:00
seed,baidu,百度联想,https://suggestion.baidu.com/su?wd=%E5%A2%83%E5%A4%96%E7%BD%91%E7%AB%99&cb=cb,境外网站,快手样本-海外访问,3,国外网站搜索引擎,国外网站搜索引擎,2026-09-08T01:38:00+00:00
seed,baidu,百度联想,https://suggestion.baidu.com/su?wd=%E5%A2%83%E5%A4%96%E7%BD%91%E7%AB%99&cb=cb,境外网站,快手样本-海外访问,4,国外网站官方网址大全,国外网站官方网址大全,2026-09-08T01:38:00+00:00
seed,baidu,百度联想,https://suggestion.baidu.com/su?wd=%E5%A2%83%E5%A4%96%E7%BD%91%E7%AB%99&cb=cb,境外网站,快手样本-海外访问,5,国外网站facebook,国外网站facebook,2026-09-08T01:38:00+00:00
seed,baidu,百度联想,https://suggestion.baidu.com/su?wd=%E5%A2%83%E5%A4%96%E7%BD%91%E7%AB%99&cb=cb,境外网站,快手样本-海外访问,6,国外网站查资料,国外网站查资料,2026-09-08T01:38:00+00:00
seed,baidu,百度联想,https://suggestion.baidu.com/su?wd=%E5%A2%83%E5%A4%96%E7%BD%91%E7%AB%99&cb=cb,境外网站,快手样本-海外访问,7,国外网站推特,国外网站推特,2026-09-08T01:38:00+00:00
seed,baidu,百度联想,https://suggestion.baidu.com/su?wd=%E5%A2%83%E5%A4%96%E7%BD%91%E7%AB%99&cb=cb,境外网站,快手样本-海外访问,8,国外网站交友有哪些,国外网站交友有哪些,2026-09-08T01:38:00+00:00
seed,baidu,百度联想,https://suggestion.baidu.com/su?wd=%E5%A2%83%E5%A4%96%E7%BD%91%E7%AB%99&cb=cb,境外网站,快手样本-海外访问,9,国外网站油管,国外网站油管,2026-09-08T01:38:00+00:00
seed,baidu,百度联想,https://suggestion.baidu.com/su?wd=%E5%A2%83%E5%A4%96%E7%BD%91%E7%AB%99&cb=cb,境外网站,快手样本-海外访问,10,国外网站查询,国外网站查询,2026-09-08T01:38:00+00:00
seed,google_youtube,Google/YouTube 联想,https://suggestqueries.google.com/complete/search?client=firefox&hl=zh-CN&gl=cn&ds=yt&q=%E5%9B%BD%E5%A4%96%E8%BD%AF%E4%BB%B6%E4%B8%8D%E8%83%BD%E7%94%A8,国外软件不能用,快手样本-海外访问,1,如何下载国外软件,如何下载国外软件,2026-09-08T01:38:00+00:00
seed,google_youtube,Google/YouTube 联想,https://suggestqueries.google.com/complete/search?client=firefox&hl=zh-CN&gl=cn&ds=yt&q=%E5%9B%BD%E5%A4%96%E8%BD%AF%E4%BB%B6%E4%B8%8D%E8%83%BD%E7%94%A8,国外软件不能用,快手样本-海外访问,2,国外软件,国外软件,2026-09-08T01:38:00+00:00
seed,bing_cn,Bing 中文联想,https://api.bing.com/osjson.aspx?query=%E5%9B%BD%E5%A4%96%E8%BD%AF%E4%BB%B6%E4%B8%8D%E8%83%BD%E7%94%A8&mkt=zh-CN,国外软件不能用,快手样本-海外访问,1,国外软件为什么到中国网络不能用,国外软件为什么到中国网络不能用,2026-09-08T01:38:00+00:00
seed,bing_cn,Bing 中文联想,https://api.bing.com/osjson.aspx?query=%E5%9B%BD%E5%A4%96%E8%BD%AF%E4%BB%B6%E4%B8%8D%E8%83%BD%E7%94%A8&mkt=zh-CN,国外软件不能用,快手样本-海外访问,2,比较中国软件开发现状与国外如日本、印度 指出我们的优势与需要改进的地方,比较中国软件开发现状与国外如日本、印度指出我们的优势与需要改进的地方,2026-09-08T01:38:00+00:00
seed,bing_cn,Bing 中文联想,https://api.bing.com/osjson.aspx?query=%E5%9B%BD%E5%A4%96%E8%BD%AF%E4%BB%B6%E4%B8%8D%E8%83%BD%E7%94%A8&mkt=zh-CN,国外软件不能用,快手样本-海外访问,3,中国程序员在国内为海外软件公司工作 105.8万元工资被罚没,中国程序员在国内为海外软件公司工作105.8万元工资被罚没,2026-09-08T01:38:00+00:00
seed,baidu,百度联想,https://suggestion.baidu.com/su?wd=%E5%9B%BD%E5%A4%96%E8%BD%AF%E4%BB%B6%E4%B8%8D%E8%83%BD%E7%94%A8&cb=cb,国外软件不能用,快手样本-海外访问,1,国外软件不能用中文吗,国外软件不能用中文吗,2026-09-08T01:38:00+00:00
seed,baidu,百度联想,https://suggestion.baidu.com/su?wd=%E5%9B%BD%E5%A4%96%E8%BD%AF%E4%BB%B6%E4%B8%8D%E8%83%BD%E7%94%A8&cb=cb,国外软件不能用,快手样本-海外访问,2,国外软件不能用谷歌吗,国外软件不能用谷歌吗,2026-09-08T01:38:00+00:00
seed,baidu,百度联想,https://suggestion.baidu.com/su?wd=%E5%9B%BD%E5%A4%96%E8%BD%AF%E4%BB%B6%E4%B8%8D%E8%83%BD%E7%94%A8&cb=cb,国外软件不能用,快手样本-海外访问,3,国外的软件用不了怎么办,国外的软件用不了怎么办,2026-09-08T01:38:00+00:00
seed,baidu,百度联想,https://suggestion.baidu.com/su?wd=%E5%9B%BD%E5%A4%96%E8%BD%AF%E4%BB%B6%E4%B8%8D%E8%83%BD%E7%94%A8&cb=cb,国外软件不能用,快手样本-海外访问,4,国外软件国内用不了的原因,国外软件国内用不了的原因,2026-09-08T01:38:00+00:00
seed,baidu,百度联想,https://suggestion.baidu.com/su?wd=%E5%9B%BD%E5%A4%96%E8%BD%AF%E4%BB%B6%E4%B8%8D%E8%83%BD%E7%94%A8&cb=cb,国外软件不能用,快手样本-海外访问,5,外国软件在国内用不了原因,外国软件在国内用不了原因,2026-09-08T01:38:00+00:00
seed,baidu,百度联想,https://suggestion.baidu.com/su?wd=%E5%9B%BD%E5%A4%96%E8%BD%AF%E4%BB%B6%E4%B8%8D%E8%83%BD%E7%94%A8&cb=cb,国外软件不能用,快手样本-海外访问,6,国外用不了国内软件怎么办,国外用不了国内软件怎么办,2026-09-08T01:38:00+00:00
seed,baidu,百度联想,https://suggestion.baidu.com/su?wd=%E5%9B%BD%E5%A4%96%E8%BD%AF%E4%BB%B6%E4%B8%8D%E8%83%BD%E7%94%A8&cb=cb,国外软件不能用,快手样本-海外访问,7,国外软件连不上网络怎么办,国外软件连不上网络怎么办,2026-09-08T01:38:00+00:00
seed,baidu,百度联想,https://suggestion.baidu.com/su?wd=%E5%9B%BD%E5%A4%96%E8%BD%AF%E4%BB%B6%E4%B8%8D%E8%83%BD%E7%94%A8&cb=cb,国外软件不能用,快手样本-海外访问,8,为什么国外appstore用不了,为什么国外appstore用不了,2026-09-08T01:38:00+00:00
seed,baidu,百度联想,https://suggestion.baidu.com/su?wd=%E5%9B%BD%E5%A4%96%E8%BD%AF%E4%BB%B6%E4%B8%8D%E8%83%BD%E7%94%A8&cb=cb,国外软件不能用,快手样本-海外访问,9,国外用的app,国外用的app,2026-09-08T01:38:00+00:00
seed,baidu,百度联想,https://suggestion.baidu.com/su?wd=%E5%9B%BD%E5%A4%96%E8%BD%AF%E4%BB%B6%E4%B8%8D%E8%83%BD%E7%94%A8&cb=cb,国外软件不能用,快手样本-海外访问,10,为什么国外的软件下载不了,为什么国外的软件下载不了,2026-09-08T01:38:00+00:00
seed,google_web,Google Web 联想,https://suggestqueries.google.com/complete/search?client=firefox&hl=zh-CN&gl=cn&q=%E6%B5%B7%E5%A4%96%E8%BD%AF%E4%BB%B6%E4%B8%8B%E8%BD%BD,海外软件下载,快手样本-海外访问,1,海外软件下载,海外软件下载,2026-09-08T01:38:00+00:00
seed,google_youtube,Google/YouTube 联想,https://suggestqueries.google.com/complete/search?client=firefox&hl=zh-CN&gl=cn&ds=yt&q=%E6%B5%B7%E5%A4%96%E8%BD%AF%E4%BB%B6%E4%B8%8B%E8%BD%BD,海外软件下载,快手样本-海外访问,1,国外软件下载,国外软件下载,2026-09-08T01:38:00+00:00
seed,bing_cn,Bing 中文联想,https://api.bing.com/osjson.aspx?query=%E6%B5%B7%E5%A4%96%E8%BD%AF%E4%BB%B6%E4%B8%8B%E8%BD%BD&mkt=zh-CN,海外软件下载,快手样本-海外访问,1,海外软件下载平台,海外软件下载平台,2026-09-08T01:38:00+00:00
seed,bing_cn,Bing 中文联想,https://api.bing.com/osjson.aspx?query=%E6%B5%B7%E5%A4%96%E8%BD%AF%E4%BB%B6%E4%B8%8B%E8%BD%BD&mkt=zh-CN,海外软件下载,快手样本-海外访问,2,海外软件下载,海外软件下载,2026-09-08T01:38:00+00:00
seed,bing_cn,Bing 中文联想,https://api.bing.com/osjson.aspx?query=%E6%B5%B7%E5%A4%96%E8%BD%AF%E4%BB%B6%E4%B8%8B%E8%BD%BD&mkt=zh-CN,海外软件下载,快手样本-海外访问,3,海外软件下载慢,海外软件下载慢,2026-09-08T01:38:00+00:00
seed,bing_cn,Bing 中文联想,https://api.bing.com/osjson.aspx?query=%E6%B5%B7%E5%A4%96%E8%BD%AF%E4%BB%B6%E4%B8%8B%E8%BD%BD&mkt=zh-CN,海外软件下载,快手样本-海外访问,4,海外软件下载中心,海外软件下载中心,2026-09-08T01:38:00+00:00
seed,bing_cn,Bing 中文联想,https://api.bing.com/osjson.aspx?query=%E6%B5%B7%E5%A4%96%E8%BD%AF%E4%BB%B6%E4%B8%8B%E8%BD%BD&mkt=zh-CN,海外软件下载,快手样本-海外访问,5,海外软件下载网站,海外软件下载网站,2026-09-08T01:38:00+00:00
seed,bing_cn,Bing 中文联想,https://api.bing.com/osjson.aspx?query=%E6%B5%B7%E5%A4%96%E8%BD%AF%E4%BB%B6%E4%B8%8B%E8%BD%BD&mkt=zh-CN,海外软件下载,快手样本-海外访问,6,下载海外软件,下载海外软件,2026-09-08T01:38:00+00:00
seed,bing_cn,Bing 中文联想,https://api.bing.com/osjson.aspx?query=%E6%B5%B7%E5%A4%96%E8%BD%AF%E4%BB%B6%E4%B8%8B%E8%BD%BD&mkt=zh-CN,海外软件下载,快手样本-海外访问,7,免vpn下载海外软件,免vpn下载海外软件,2026-09-08T01:38:00+00:00
seed,bing_cn,Bing 中文联想,https://api.bing.com/osjson.aspx?query=%E6%B5%B7%E5%A4%96%E8%BD%AF%E4%BB%B6%E4%B8%8B%E8%BD%BD&mkt=zh-CN,海外软件下载,快手样本-海外访问,8,看港澳台海外电视直播软件下载,看港澳台海外电视直播软件下载,2026-09-08T01:38:00+00:00
seed,bing_cn,Bing 中文联想,https://api.bing.com/osjson.aspx?query=%E6%B5%B7%E5%A4%96%E8%BD%AF%E4%BB%B6%E4%B8%8B%E8%BD%BD&mkt=zh-CN,海外软件下载,快手样本-海外访问,9,华为下载海外软件,华为下载海外软件,2026-09-08T01:38:00+00:00
seed,bing_cn,Bing 中文联想,https://api.bing.com/osjson.aspx?query=%E6%B5%B7%E5%A4%96%E8%BD%AF%E4%BB%B6%E4%B8%8B%E8%BD%BD&mkt=zh-CN,海外软件下载,快手样本-海外访问,10,走向共和海外版68集下载软件,走向共和海外版68集下载软件,2026-09-08T01:38:00+00:00
seed,baidu,百度联想,https://suggestion.baidu.com/su?wd=%E6%B5%B7%E5%A4%96%E8%BD%AF%E4%BB%B6%E4%B8%8B%E8%BD%BD&cb=cb,海外软件下载,快手样本-海外访问,1,海外软件下载,海外软件下载,2026-09-08T01:38:00+00:00
seed,baidu,百度联想,https://suggestion.baidu.com/su?wd=%E6%B5%B7%E5%A4%96%E8%BD%AF%E4%BB%B6%E4%B8%8B%E8%BD%BD&cb=cb,海外软件下载,快手样本-海外访问,2,海外软件下载app,海外软件下载app,2026-09-08T01:38:00+00:00
seed,baidu,百度联想,https://suggestion.baidu.com/su?wd=%E6%B5%B7%E5%A4%96%E8%BD%AF%E4%BB%B6%E4%B8%8B%E8%BD%BD&cb=cb,海外软件下载,快手样本-海外访问,3,海外软件下载安装,海外软件下载安装,2026-09-08T01:38:00+00:00
seed,baidu,百度联想,https://suggestion.baidu.com/su?wd=%E6%B5%B7%E5%A4%96%E8%BD%AF%E4%BB%B6%E4%B8%8B%E8%BD%BD&cb=cb,海外软件下载,快手样本-海外访问,4,海外软件下载工具,海外软件下载工具,2026-09-08T01:38:00+00:00
seed,baidu,百度联想,https://suggestion.baidu.com/su?wd=%E6%B5%B7%E5%A4%96%E8%BD%AF%E4%BB%B6%E4%B8%8B%E8%BD%BD&cb=cb,海外软件下载,快手样本-海外访问,5,海外软件下载排行榜,海外软件下载排行榜,2026-09-08T01:38:00+00:00
seed,baidu,百度联想,https://suggestion.baidu.com/su?wd=%E6%B5%B7%E5%A4%96%E8%BD%AF%E4%BB%B6%E4%B8%8B%E8%BD%BD&cb=cb,海外软件下载,快手样本-海外访问,6,海外软件下载平台官网,海外软件下载平台官网,2026-09-08T01:38:00+00:00
seed,baidu,百度联想,https://suggestion.baidu.com/su?wd=%E6%B5%B7%E5%A4%96%E8%BD%AF%E4%BB%B6%E4%B8%8B%E8%BD%BD&cb=cb,海外软件下载,快手样本-海外访问,7,海外软件下载网站有哪些,海外软件下载网站有哪些,2026-09-08T01:38:00+00:00
seed,baidu,百度联想,https://suggestion.baidu.com/su?wd=%E6%B5%B7%E5%A4%96%E8%BD%AF%E4%BB%B6%E4%B8%8B%E8%BD%BD&cb=cb,海外软件下载,快手样本-海外访问,8,海外软件下载平台苹果版,海外软件下载平台苹果版,2026-09-08T01:38:00+00:00
seed,baidu,百度联想,https://suggestion.baidu.com/su?wd=%E6%B5%B7%E5%A4%96%E8%BD%AF%E4%BB%B6%E4%B8%8B%E8%BD%BD&cb=cb,海外软件下载,快手样本-海外访问,9,海外软件下载的应用商店,海外软件下载的应用商店,2026-09-08T01:38:00+00:00
seed,baidu,百度联想,https://suggestion.baidu.com/su?wd=%E6%B5%B7%E5%A4%96%E8%BD%AF%E4%BB%B6%E4%B8%8B%E8%BD%BD&cb=cb,海外软件下载,快手样本-海外访问,10,海外软件下载中心,海外软件下载中心,2026-09-08T01:38:00+00:00
seed,google_web,Google Web 联想,https://suggestqueries.google.com/complete/search?client=firefox&hl=zh-CN&gl=cn&q=%E6%B5%B7%E5%A4%96%E5%BA%94%E7%94%A8%E5%95%86%E5%BA%97,海外应用商店,快手样本-海外访问,1,海外应用商店,海外应用商店,2026-09-08T01:38:00+00:00
seed,google_web,Google Web 联想,https://suggestqueries.google.com/complete/search?client=firefox&hl=zh-CN&gl=cn&q=%E6%B5%B7%E5%A4%96%E5%BA%94%E7%94%A8%E5%95%86%E5%BA%97,海外应用商店,快手样本-海外访问,2,海外应用商店下载,海外应用商店下载,2026-09-08T01:38:00+00:00
seed,google_youtube,Google/YouTube 联想,https://suggestqueries.google.com/complete/search?client=firefox&hl=zh-CN&gl=cn&ds=yt&q=%E6%B5%B7%E5%A4%96%E5%BA%94%E7%94%A8%E5%95%86%E5%BA%97,海外应用商店,快手样本-海外访问,1,国外应用商店,国外应用商店,2026-09-08T01:38:00+00:00
seed,bing_cn,Bing 中文联想,https://api.bing.com/osjson.aspx?query=%E6%B5%B7%E5%A4%96%E5%BA%94%E7%94%A8%E5%95%86%E5%BA%97&mkt=zh-CN,海外应用商店,快手样本-海外访问,1,海外应用商店,海外应用商店,2026-09-08T01:38:00+00:00
seed,bing_cn,Bing 中文联想,https://api.bing.com/osjson.aspx?query=%E6%B5%B7%E5%A4%96%E5%BA%94%E7%94%A8%E5%95%86%E5%BA%97&mkt=zh-CN,海外应用商店,快手样本-海外访问,2,海外应用商店下载,海外应用商店下载,2026-09-08T01:38:00+00:00
seed,bing_cn,Bing 中文联想,https://api.bing.com/osjson.aspx?query=%E6%B5%B7%E5%A4%96%E5%BA%94%E7%94%A8%E5%95%86%E5%BA%97&mkt=zh-CN,海外应用商店,快手样本-海外访问,3,海外应用商店有哪些,海外应用商店有哪些,2026-09-08T01:38:00+00:00
seed,bing_cn,Bing 中文联想,https://api.bing.com/osjson.aspx?query=%E6%B5%B7%E5%A4%96%E5%BA%94%E7%94%A8%E5%95%86%E5%BA%97&mkt=zh-CN,海外应用商店,快手样本-海外访问,4,oppo应用商店海外版,oppo应用商店海外版,2026-09-08T01:38:00+00:00
seed,bing_cn,Bing 中文联想,https://api.bing.com/osjson.aspx?query=%E6%B5%B7%E5%A4%96%E5%BA%94%E7%94%A8%E5%95%86%E5%BA%97&mkt=zh-CN,海外应用商店,快手样本-海外访问,5,小米应用商店海外版,小米应用商店海外版,2026-09-08T01:38:00+00:00
seed,bing_cn,Bing 中文联想,https://api.bing.com/osjson.aspx?query=%E6%B5%B7%E5%A4%96%E5%BA%94%E7%94%A8%E5%95%86%E5%BA%97&mkt=zh-CN,海外应用商店,快手样本-海外访问,6,vivo应用商店海外版,vivo应用商店海外版,2026-09-08T01:38:00+00:00
seed,bing_cn,Bing 中文联想,https://api.bing.com/osjson.aspx?query=%E6%B5%B7%E5%A4%96%E5%BA%94%E7%94%A8%E5%95%86%E5%BA%97&mkt=zh-CN,海外应用商店,快手样本-海外访问,7,oppo海外应用商店,oppo海外应用商店,2026-09-08T01:38:00+00:00
seed,bing_cn,Bing 中文联想,https://api.bing.com/osjson.aspx?query=%E6%B5%B7%E5%A4%96%E5%BA%94%E7%94%A8%E5%95%86%E5%BA%97&mkt=zh-CN,海外应用商店,快手样本-海外访问,8,华为海外应用商店,华为海外应用商店,2026-09-08T01:38:00+00:00
seed,bing_cn,Bing 中文联想,https://api.bing.com/osjson.aspx?query=%E6%B5%B7%E5%A4%96%E5%BA%94%E7%94%A8%E5%95%86%E5%BA%97&mkt=zh-CN,海外应用商店,快手样本-海外访问,9,华为应用商店海外版,华为应用商店海外版,2026-09-08T01:38:00+00:00
seed,bing_cn,Bing 中文联想,https://api.bing.com/osjson.aspx?query=%E6%B5%B7%E5%A4%96%E5%BA%94%E7%94%A8%E5%95%86%E5%BA%97&mkt=zh-CN,海外应用商店,快手样本-海外访问,10,小米海外应用商店,小米海外应用商店,2026-09-08T01:38:00+00:00
seed,baidu,百度联想,https://suggestion.baidu.com/su?wd=%E6%B5%B7%E5%A4%96%E5%BA%94%E7%94%A8%E5%95%86%E5%BA%97&cb=cb,海外应用商店,快手样本-海外访问,1,海外应用商店,海外应用商店,2026-09-08T01:38:00+00:00
seed,baidu,百度联想,https://suggestion.baidu.com/su?wd=%E6%B5%B7%E5%A4%96%E5%BA%94%E7%94%A8%E5%95%86%E5%BA%97&cb=cb,海外应用商店,快手样本-海外访问,2,海外应用商店安卓版下载,海外应用商店安卓版下载,2026-09-08T01:38:00+00:00
seed,baidu,百度联想,https://suggestion.baidu.com/su?wd=%E6%B5%B7%E5%A4%96%E5%BA%94%E7%94%A8%E5%95%86%E5%BA%97&cb=cb,海外应用商店,快手样本-海外访问,3,海外应用商店大全,海外应用商店大全,2026-09-08T01:38:00+00:00
seed,baidu,百度联想,https://suggestion.baidu.com/su?wd=%E6%B5%B7%E5%A4%96%E5%BA%94%E7%94%A8%E5%95%86%E5%BA%97&cb=cb,海外应用商店,快手样本-海外访问,4,vivo海外应用商店,vivo海外应用商店,2026-09-08T01:38:00+00:00
seed,baidu,百度联想,https://suggestion.baidu.com/su?wd=%E6%B5%B7%E5%A4%96%E5%BA%94%E7%94%A8%E5%95%86%E5%BA%97&cb=cb,海外应用商店,快手样本-海外访问,5,APKPure海外应用商店,apkpure海外应用商店,2026-09-08T01:38:00+00:00
seed,baidu,百度联想,https://suggestion.baidu.com/su?wd=%E6%B5%B7%E5%A4%96%E5%BA%94%E7%94%A8%E5%95%86%E5%BA%97&cb=cb,海外应用商店,快手样本-海外访问,6,小米海外应用商店,小米海外应用商店,2026-09-08T01:38:00+00:00
seed,baidu,百度联想,https://suggestion.baidu.com/su?wd=%E6%B5%B7%E5%A4%96%E5%BA%94%E7%94%A8%E5%95%86%E5%BA%97&cb=cb,海外应用商店,快手样本-海外访问,7,OPPO海外应用商店,oppo海外应用商店,2026-09-08T01:38:00+00:00
seed,baidu,百度联想,https://suggestion.baidu.com/su?wd=%E6%B5%B7%E5%A4%96%E5%BA%94%E7%94%A8%E5%95%86%E5%BA%97&cb=cb,海外应用商店,快手样本-海外访问,8,一加海外应用商店,一加海外应用商店,2026-09-08T01:38:00+00:00
seed,baidu,百度联想,https://suggestion.baidu.com/su?wd=%E6%B5%B7%E5%A4%96%E5%BA%94%E7%94%A8%E5%95%86%E5%BA%97&cb=cb,海外应用商店,快手样本-海外访问,9,华为海外应用商店,华为海外应用商店,2026-09-08T01:38:00+00:00
seed,baidu,百度联想,https://suggestion.baidu.com/su?wd=%E6%B5%B7%E5%A4%96%E5%BA%94%E7%94%A8%E5%95%86%E5%BA%97&cb=cb,海外应用商店,快手样本-海外访问,10,Buffbuff海外应用商店,buffbuff海外应用商店,2026-09-08T01:38:00+00:00
seed,google_web,Google Web 联想,https://suggestqueries.google.com/complete/search?client=firefox&hl=zh-CN&gl=cn&q=%E6%B5%B7%E5%A4%96app%E4%B8%8B%E8%BD%BD,海外app下载,快手样本-海外访问,1,海外app下载,海外app下载,2026-09-08T01:38:00+00:00
seed,bing_cn,Bing 中文联想,https://api.bing.com/osjson.aspx?query=%E6%B5%B7%E5%A4%96app%E4%B8%8B%E8%BD%BD&mkt=zh-CN,海外app下载,快手样本-海外访问,1,海外app下载,海外app下载,2026-09-08T01:38:00+00:00
seed,bing_cn,Bing 中文联想,https://api.bing.com/osjson.aspx?query=%E6%B5%B7%E5%A4%96app%E4%B8%8B%E8%BD%BD&mkt=zh-CN,海外app下载,快手样本-海外访问,2,海外app下载平台,海外app下载平台,2026-09-08T01:38:00+00:00
seed,bing_cn,Bing 中文联想,https://api.bing.com/osjson.aspx?query=%E6%B5%B7%E5%A4%96app%E4%B8%8B%E8%BD%BD&mkt=zh-CN,海外app下载,快手样本-海外访问,3,海外app下载网站,海外app下载网站,2026-09-08T01:38:00+00:00
seed,bing_cn,Bing 中文联想,https://api.bing.com/osjson.aspx?query=%E6%B5%B7%E5%A4%96app%E4%B8%8B%E8%BD%BD&mkt=zh-CN,海外app下载,快手样本-海外访问,4,海外app下载软件,海外app下载软件,2026-09-08T01:38:00+00:00
seed,bing_cn,Bing 中文联想,https://api.bing.com/osjson.aspx?query=%E6%B5%B7%E5%A4%96app%E4%B8%8B%E8%BD%BD&mkt=zh-CN,海外app下载,快手样本-海外访问,5,海外app store下载,海外app store下载,2026-09-08T01:38:00+00:00
seed,bing_cn,Bing 中文联想,https://api.bing.com/osjson.aspx?query=%E6%B5%B7%E5%A4%96app%E4%B8%8B%E8%BD%BD&mkt=zh-CN,海外app下载,快手样本-海外访问,6,亚马逊海外购app下载,亚马逊海外购app下载,2026-09-08T01:38:00+00:00
seed,bing_cn,Bing 中文联想,https://api.bing.com/osjson.aspx?query=%E6%B5%B7%E5%A4%96app%E4%B8%8B%E8%BD%BD&mkt=zh-CN,海外app下载,快手样本-海外访问,7,海外华人影院app下载,海外华人影院app下载,2026-09-08T01:38:00+00:00
seed,bing_cn,Bing 中文联想,https://api.bing.com/osjson.aspx?query=%E6%B5%B7%E5%A4%96app%E4%B8%8B%E8%BD%BD&mkt=zh-CN,海外app下载,快手样本-海外访问,8,iqiyi海外版app下载,iqiyi海外版app下载,2026-09-08T01:38:00+00:00
seed,bing_cn,Bing 中文联想,https://api.bing.com/osjson.aspx?query=%E6%B5%B7%E5%A4%96app%E4%B8%8B%E8%BD%BD&mkt=zh-CN,海外app下载,快手样本-海外访问,9,爱壹帆海外追剧网app下载,爱壹帆海外追剧网app下载,2026-09-08T01:38:00+00:00
seed,bing_cn,Bing 中文联想,https://api.bing.com/osjson.aspx?query=%E6%B5%B7%E5%A4%96app%E4%B8%8B%E8%BD%BD&mkt=zh-CN,海外app下载,快手样本-海外访问,10,temu海外版app下载,temu海外版app下载,2026-09-08T01:38:00+00:00
seed,baidu,百度联想,https://suggestion.baidu.com/su?wd=%E6%B5%B7%E5%A4%96app%E4%B8%8B%E8%BD%BD&cb=cb,海外app下载,快手样本-海外访问,1,海外app下载,海外app下载,2026-09-08T01:38:00+00:00
seed,baidu,百度联想,https://suggestion.baidu.com/su?wd=%E6%B5%B7%E5%A4%96app%E4%B8%8B%E8%BD%BD&cb=cb,海外app下载,快手样本-海外访问,2,海外app下载排行榜最新,海外app下载排行榜最新,2026-09-08T01:38:00+00:00
seed,baidu,百度联想,https://suggestion.baidu.com/su?wd=%E6%B5%B7%E5%A4%96app%E4%B8%8B%E8%BD%BD&cb=cb,海外app下载,快手样本-海外访问,3,中国人寿海外app下载,中国人寿海外app下载,2026-09-08T01:38:00+00:00
seed,baidu,百度联想,https://suggestion.baidu.com/su?wd=%E6%B5%B7%E5%A4%96app%E4%B8%8B%E8%BD%BD&cb=cb,海外app下载,快手样本-海外访问,4,国寿海外APP下载,国寿海外app下载,2026-09-08T01:38:00+00:00
seed,baidu,百度联想,https://suggestion.baidu.com/su?wd=%E6%B5%B7%E5%A4%96app%E4%B8%8B%E8%BD%BD&cb=cb,海外app下载,快手样本-海外访问,5,海外APP下载商店,海外app下载商店,2026-09-08T01:38:00+00:00
seed,baidu,百度联想,https://suggestion.baidu.com/su?wd=%E6%B5%B7%E5%A4%96app%E4%B8%8B%E8%BD%BD&cb=cb,海外app下载,快手样本-海外访问,6,海外APP下载排行,海外app下载排行,2026-09-08T01:38:00+00:00
seed,baidu,百度联想,https://suggestion.baidu.com/su?wd=%E6%B5%B7%E5%A4%96app%E4%B8%8B%E8%BD%BD&cb=cb,海外app下载,快手样本-海外访问,7,海外APP下载大全,海外app下载大全,2026-09-08T01:38:00+00:00
seed,baidu,百度联想,https://suggestion.baidu.com/su?wd=%E6%B5%B7%E5%A4%96app%E4%B8%8B%E8%BD%BD&cb=cb,海外app下载,快手样本-海外访问,8,海外APP下载安全方法,海外app下载安全方法,2026-09-08T01:38:00+00:00
seed,baidu,百度联想,https://suggestion.baidu.com/su?wd=%E6%B5%B7%E5%A4%96app%E4%B8%8B%E8%BD%BD&cb=cb,海外app下载,快手样本-海外访问,9,海外看剧app,海外看剧app,2026-09-08T01:38:00+00:00
seed,baidu,百度联想,https://suggestion.baidu.com/su?wd=%E6%B5%B7%E5%A4%96app%E4%B8%8B%E8%BD%BD&cb=cb,海外app下载,快手样本-海外访问,10,海外短剧app,海外短剧app,2026-09-08T01:38:00+00:00
seed,google_web,Google Web 联想,https://suggestqueries.google.com/complete/search?client=firefox&hl=zh-CN&gl=cn&q=%E9%94%81%E5%9B%BD%E5%8C%BA,锁国区,快手样本-海外访问,1,锁国区,锁国区,2026-09-08T01:38:00+00:00
seed,google_web,Google Web 联想,https://suggestqueries.google.com/complete/search?client=firefox&hl=zh-CN&gl=cn&q=%E9%94%81%E5%9B%BD%E5%8C%BA,锁国区,快手样本-海外访问,2,steam 锁国区,steam锁国区,2026-09-08T01:38:00+00:00
seed,google_youtube,Google/YouTube 联想,https://suggestqueries.google.com/complete/search?client=firefox&hl=zh-CN&gl=cn&ds=yt&q=%E9%94%81%E5%9B%BD%E5%8C%BA,锁国区,快手样本-海外访问,1,中国锁国,中国锁国,2026-09-08T01:38:00+00:00
seed,bing_cn,Bing 中文联想,https://api.bing.com/osjson.aspx?query=%E9%94%81%E5%9B%BD%E5%8C%BA&mkt=zh-CN,锁国区,快手样本-海外访问,1,锁国区,锁国区,2026-09-08T01:38:00+00:00
seed,bing_cn,Bing 中文联想,https://api.bing.com/osjson.aspx?query=%E9%94%81%E5%9B%BD%E5%8C%BA&mkt=zh-CN,锁国区,快手样本-海外访问,2,锁国区的游戏怎么入库,锁国区的游戏怎么入库,2026-09-08T01:38:00+00:00
seed,bing_cn,Bing 中文联想,https://api.bing.com/osjson.aspx?query=%E9%94%81%E5%9B%BD%E5%8C%BA&mkt=zh-CN,锁国区,快手样本-海外访问,3,锁国区是什么意思,锁国区是什么意思,2026-09-08T01:38:00+00:00
seed,bing_cn,Bing 中文联想,https://api.bing.com/osjson.aspx?query=%E9%94%81%E5%9B%BD%E5%8C%BA&mkt=zh-CN,锁国区,快手样本-海外访问,4,锁国区游戏,锁国区游戏,2026-09-08T01:38:00+00:00
seed,bing_cn,Bing 中文联想,https://api.bing.com/osjson.aspx?query=%E9%94%81%E5%9B%BD%E5%8C%BA&mkt=zh-CN,锁国区,快手样本-海外访问,5,锁国区的游戏有哪些,锁国区的游戏有哪些,2026-09-08T01:38:00+00:00
seed,bing_cn,Bing 中文联想,https://api.bing.com/osjson.aspx?query=%E9%94%81%E5%9B%BD%E5%8C%BA&mkt=zh-CN,锁国区,快手样本-海外访问,6,锁国区的游戏怎么买,锁国区的游戏怎么买,2026-09-08T01:38:00+00:00
seed,bing_cn,Bing 中文联想,https://api.bing.com/osjson.aspx?query=%E9%94%81%E5%9B%BD%E5%8C%BA&mkt=zh-CN,锁国区,快手样本-海外访问,7,锁国区游戏怎么入库,锁国区游戏怎么入库,2026-09-08T01:38:00+00:00
seed,bing_cn,Bing 中文联想,https://api.bing.com/osjson.aspx?query=%E9%94%81%E5%9B%BD%E5%8C%BA&mkt=zh-CN,锁国区,快手样本-海外访问,8,锁国区怎么办,锁国区怎么办,2026-09-08T01:38:00+00:00
seed,bing_cn,Bing 中文联想,https://api.bing.com/osjson.aspx?query=%E9%94%81%E5%9B%BD%E5%8C%BA&mkt=zh-CN,锁国区,快手样本-海外访问,9,锁国区域,锁国区域,2026-09-08T01:38:00+00:00
seed,bing_cn,Bing 中文联想,https://api.bing.com/osjson.aspx?query=%E9%94%81%E5%9B%BD%E5%8C%BA&mkt=zh-CN,锁国区,快手样本-海外访问,10,锁国区特征,锁国区特征,2026-09-08T01:38:00+00:00
seed,bing_cn,Bing 中文联想,https://api.bing.com/osjson.aspx?query=%E9%94%81%E5%9B%BD%E5%8C%BA&mkt=zh-CN,锁国区,快手样本-海外访问,11,锁国区政策,锁国区政策,2026-09-08T01:38:00+00:00
seed,bing_cn,Bing 中文联想,https://api.bing.com/osjson.aspx?query=%E9%94%81%E5%9B%BD%E5%8C%BA&mkt=zh-CN,锁国区,快手样本-海外访问,12,锁国区历史,锁国区历史,2026-09-08T01:38:00+00:00
seed,baidu,百度联想,https://suggestion.baidu.com/su?wd=%E9%94%81%E5%9B%BD%E5%8C%BA&cb=cb,锁国区,快手样本-海外访问,1,锁国区什么意思,锁国区什么意思,2026-09-08T01:38:00+00:00
seed,baidu,百度联想,https://suggestion.baidu.com/su?wd=%E9%94%81%E5%9B%BD%E5%8C%BA&cb=cb,锁国区,快手样本-海外访问,2,锁国区的游戏,锁国区的游戏,2026-09-08T01:38:00+00:00
seed,baidu,百度联想,https://suggestion.baidu.com/su?wd=%E9%94%81%E5%9B%BD%E5%8C%BA&cb=cb,锁国区,快手样本-海外访问,3,锁国区怎么解决,锁国区怎么解决,2026-09-08T01:38:00+00:00
seed,baidu,百度联想,https://suggestion.baidu.com/su?wd=%E9%94%81%E5%9B%BD%E5%8C%BA&cb=cb,锁国区,快手样本-海外访问,4,锁国区游戏怎么买,锁国区游戏怎么买,2026-09-08T01:38:00+00:00
seed,baidu,百度联想,https://suggestion.baidu.com/su?wd=%E9%94%81%E5%9B%BD%E5%8C%BA&cb=cb,锁国区,快手样本-海外访问,5,锁国区的游戏怎么入库,锁国区的游戏怎么入库,2026-09-08T01:38:00+00:00
seed,baidu,百度联想,https://suggestion.baidu.com/su?wd=%E9%94%81%E5%9B%BD%E5%8C%BA&cb=cb,锁国区,快手样本-海外访问,6,锁国区的游戏可以买key吗,锁国区的游戏可以买key吗,2026-09-08T01:38:00+00:00
seed,baidu,百度联想,https://suggestion.baidu.com/su?wd=%E9%94%81%E5%9B%BD%E5%8C%BA&cb=cb,锁国区,快手样本-海外访问,7,第一狂战士卡赞为什么锁国区,第一狂战士卡赞为什么锁国区,2026-09-08T01:38:00+00:00
seed,baidu,百度联想,https://suggestion.baidu.com/su?wd=%E9%94%81%E5%9B%BD%E5%8C%BA&cb=cb,锁国区,快手样本-海外访问,8,钢铁雄心4为什么锁国区,钢铁雄心4为什么锁国区,2026-09-08T01:38:00+00:00
seed,baidu,百度联想,https://suggestion.baidu.com/su?wd=%E9%94%81%E5%9B%BD%E5%8C%BA&cb=cb,锁国区,快手样本-海外访问,9,绝区零steam锁国区,绝区零steam锁国区,2026-09-08T01:38:00+00:00
seed,baidu,百度联想,https://suggestion.baidu.com/su?wd=%E9%94%81%E5%9B%BD%E5%8C%BA&cb=cb,锁国区,快手样本-海外访问,10,锁国区游戏买了在国区能玩吗,锁国区游戏买了在国区能玩吗,2026-09-08T01:38:00+00:00
seed,bing_cn,Bing 中文联想,https://api.bing.com/osjson.aspx?query=%E5%9B%BD%E5%8C%BA%E9%99%90%E5%88%B6&mkt=zh-CN,国区限制,快手样本-海外访问,1,wallpaper解锁国区限制,wallpaper解锁国区限制,2026-09-08T01:38:00+00:00
seed,bing_cn,Bing 中文联想,https://api.bing.com/osjson.aspx?query=%E5%9B%BD%E5%8C%BA%E9%99%90%E5%88%B6&mkt=zh-CN,国区限制,快手样本-海外访问,2,steam解除国区限制,steam解除国区限制,2026-09-08T01:38:00+00:00
seed,bing_cn,Bing 中文联想,https://api.bing.com/osjson.aspx?query=%E5%9B%BD%E5%8C%BA%E9%99%90%E5%88%B6&mkt=zh-CN,国区限制,快手样本-海外访问,3,wallpaper解除国区限制,wallpaper解除国区限制,2026-09-08T01:38:00+00:00
seed,bing_cn,Bing 中文联想,https://api.bing.com/osjson.aspx?query=%E5%9B%BD%E5%8C%BA%E9%99%90%E5%88%B6&mkt=zh-CN,国区限制,快手样本-海外访问,4,claude国区限制,claude国区限制,2026-09-08T01:38:00+00:00
seed,bing_cn,Bing 中文联想,https://api.bing.com/osjson.aspx?query=%E5%9B%BD%E5%8C%BA%E9%99%90%E5%88%B6&mkt=zh-CN,国区限制,快手样本-海外访问,5,steam国区解锁隐藏的偏好限制,steam国区解锁隐藏的偏好限制,2026-09-08T01:38:00+00:00
seed,bing_cn,Bing 中文联想,https://api.bing.com/osjson.aspx?query=%E5%9B%BD%E5%8C%BA%E9%99%90%E5%88%B6&mkt=zh-CN,国区限制,快手样本-海外访问,6,steam国区限制取消,steam国区限制取消,2026-09-08T01:38:00+00:00
seed,bing_cn,Bing 中文联想,https://api.bing.com/osjson.aspx?query=%E5%9B%BD%E5%8C%BA%E9%99%90%E5%88%B6&mkt=zh-CN,国区限制,快手样本-海外访问,7,steam国区h游戏限制,steam国区h游戏限制,2026-09-08T01:38:00+00:00
seed,bing_cn,Bing 中文联想,https://api.bing.com/osjson.aspx?query=%E5%9B%BD%E5%8C%BA%E9%99%90%E5%88%B6&mkt=zh-CN,国区限制,快手样本-海外访问,8,steam国区和日区的限制,steam国区和日区的限制,2026-09-08T01:38:00+00:00
seed,baidu,百度联想,https://suggestion.baidu.com/su?wd=%E5%9B%BD%E5%8C%BA%E9%99%90%E5%88%B6&cb=cb,国区限制,快手样本-海外访问,1,国际版地区限制,国际版地区限制,2026-09-08T01:38:00+00:00
seed,baidu,百度联想,https://suggestion.baidu.com/su?wd=%E5%9B%BD%E5%8C%BA%E9%99%90%E5%88%B6&cb=cb,国区限制,快手样本-海外访问,2,国内限制玩国外游戏,国内限制玩国外游戏,2026-09-08T01:38:00+00:00
seed,baidu,百度联想,https://suggestion.baidu.com/su?wd=%E5%9B%BD%E5%8C%BA%E9%99%90%E5%88%B6&cb=cb,国区限制,快手样本-海外访问,3,国区key有风险吗,国区key有风险吗,2026-09-08T01:38:00+00:00
seed,baidu,百度联想,https://suggestion.baidu.com/su?wd=%E5%9B%BD%E5%8C%BA%E9%99%90%E5%88%B6&cb=cb,国区限制,快手样本-海外访问,4,steam国区限制,steam国区限制,2026-09-08T01:38:00+00:00
seed,baidu,百度联想,https://suggestion.baidu.com/su?wd=%E5%9B%BD%E5%8C%BA%E9%99%90%E5%88%B6&cb=cb,国区限制,快手样本-海外访问,5,限制区游戏,限制区游戏,2026-09-08T01:38:00+00:00
seed,baidu,百度联想,https://suggestion.baidu.com/su?wd=%E5%9B%BD%E5%8C%BA%E9%99%90%E5%88%B6&cb=cb,国区限制,快手样本-海外访问,6,国际服限制中国玩家,国际服限制中国玩家,2026-09-08T01:38:00+00:00
seed,baidu,百度联想,https://suggestion.baidu.com/su?wd=%E5%9B%BD%E5%8C%BA%E9%99%90%E5%88%B6&cb=cb,国区限制,快手样本-海外访问,7,steam国区限制内容解锁,steam国区限制内容解锁,2026-09-08T01:38:00+00:00
seed,baidu,百度联想,https://suggestion.baidu.com/su?wd=%E5%9B%BD%E5%8C%BA%E9%99%90%E5%88%B6&cb=cb,国区限制,快手样本-海外访问,8,大陆限制苹果手机,大陆限制苹果手机,2026-09-08T01:38:00+00:00
seed,baidu,百度联想,https://suggestion.baidu.com/su?wd=%E5%9B%BD%E5%8C%BA%E9%99%90%E5%88%B6&cb=cb,国区限制,快手样本-海外访问,9,国外地域限制,国外地域限制,2026-09-08T01:38:00+00:00
seed,baidu,百度联想,https://suggestion.baidu.com/su?wd=%E5%9B%BD%E5%8C%BA%E9%99%90%E5%88%B6&cb=cb,国区限制,快手样本-海外访问,10,国区锁区游戏名单,国区锁区游戏名单,2026-09-08T01:38:00+00:00
seed,google_youtube,Google/YouTube 联想,https://suggestqueries.google.com/complete/search?client=firefox&hl=zh-CN&gl=cn&ds=yt&q=tiktok%E7%BD%91%E7%BB%9C%E7%8E%AF%E5%A2%83%E5%BC%82%E5%B8%B8,tiktok网络环境异常,快手样本-跨境平台,1,tiktok 搭建 网络环境,tiktok搭建网络环境,2026-09-08T01:38:00+00:00
seed,google_youtube,Google/YouTube 联想,https://suggestqueries.google.com/complete/search?client=firefox&hl=zh-CN&gl=cn&ds=yt&q=tiktok%E7%BD%91%E7%BB%9C%E7%8E%AF%E5%A2%83%E5%BC%82%E5%B8%B8,tiktok网络环境异常,快手样本-跨境平台,2,tiktok网络环境,tiktok网络环境,2026-09-08T01:38:00+00:00
seed,bing_cn,Bing 中文联想,https://api.bing.com/osjson.aspx?query=tiktok%E7%BD%91%E7%BB%9C%E7%8E%AF%E5%A2%83%E5%BC%82%E5%B8%B8&mkt=zh-CN,tiktok网络环境异常,快手样本-跨境平台,1,tiktok no internet connection怎么解决,tiktok no internet connection怎么解决,2026-09-08T01:38:00+00:00
seed,bing_cn,Bing 中文联想,https://api.bing.com/osjson.aspx?query=tiktok%E7%BD%91%E7%BB%9C%E7%8E%AF%E5%A2%83%E5%BC%82%E5%B8%B8&mkt=zh-CN,tiktok网络环境异常,快手样本-跨境平台,2,tik tok 官方 网络安全,tik tok官方网络安全,2026-09-08T01:38:00+00:00
seed,bing_cn,Bing 中文联想,https://api.bing.com/osjson.aspx?query=tiktok%E7%BD%91%E7%BB%9C%E7%8E%AF%E5%A2%83%E5%BC%82%E5%B8%B8&mkt=zh-CN,tiktok网络环境异常,快手样本-跨境平台,3,www.tiktok.com 打不开,www.tiktok.com打不开,2026-09-08T01:38:00+00:00
seed,bing_cn,Bing 中文联想,https://api.bing.com/osjson.aspx?query=tiktok%E7%BD%91%E7%BB%9C%E7%8E%AF%E5%A2%83%E5%BC%82%E5%B8%B8&mkt=zh-CN,tiktok网络环境异常,快手样本-跨境平台,4,https://www.tiktok.com/进不去,https://www.tiktok.com/进不去,2026-09-08T01:38:00+00:00
seed,bing_cn,Bing 中文联想,https://api.bing.com/osjson.aspx?query=tiktok%E7%BD%91%E7%BB%9C%E7%8E%AF%E5%A2%83%E5%BC%82%E5%B8%B8&mkt=zh-CN,tiktok网络环境异常,快手样本-跨境平台,5,tiktok+绿色,tiktok+绿色,2026-09-08T01:38:00+00:00
seed,bing_cn,Bing 中文联想,https://api.bing.com/osjson.aspx?query=tiktok%E7%BD%91%E7%BB%9C%E7%8E%AF%E5%A2%83%E5%BC%82%E5%B8%B8&mkt=zh-CN,tiktok网络环境异常,快手样本-跨境平台,6,www.tiktok.com 关闭了连接,www.tiktok.com关闭了连接,2026-09-08T01:38:00+00:00
seed,bing_cn,Bing 中文联想,https://api.bing.com/osjson.aspx?query=tiktok%E7%BD%91%E7%BB%9C%E7%8E%AF%E5%A2%83%E5%BC%82%E5%B8%B8&mkt=zh-CN,tiktok网络环境异常,快手样本-跨境平台,7,绿色tiktok+,绿色tiktok+,2026-09-08T01:38:00+00:00
seed,bing_cn,Bing 中文联想,https://api.bing.com/osjson.aspx?query=tiktok%E7%BD%91%E7%BB%9C%E7%8E%AF%E5%A2%83%E5%BC%82%E5%B8%B8&mkt=zh-CN,tiktok网络环境异常,快手样本-跨境平台,8,tiktok.下载,tiktok.下载,2026-09-08T01:38:00+00:00
seed,bing_cn,Bing 中文联想,https://api.bing.com/osjson.aspx?query=tiktok%E7%BD%91%E7%BB%9C%E7%8E%AF%E5%A2%83%E5%BC%82%E5%B8%B8&mkt=zh-CN,tiktok网络环境异常,快手样本-跨境平台,9,为什么 tiktok 翻 墙 也不能看,为什么tiktok翻墙也不能看,2026-09-08T01:38:00+00:00
seed,bing_cn,Bing 中文联想,https://api.bing.com/osjson.aspx?query=tiktok%E7%BD%91%E7%BB%9C%E7%8E%AF%E5%A2%83%E5%BC%82%E5%B8%B8&mkt=zh-CN,tiktok网络环境异常,快手样本-跨境平台,10,www.tiktok.com pc端,www.tiktok.com pc端,2026-09-08T01:38:00+00:00
seed,bing_cn,Bing 中文联想,https://api.bing.com/osjson.aspx?query=tiktok%E7%BD%91%E7%BB%9C%E7%8E%AF%E5%A2%83%E5%BC%82%E5%B8%B8&mkt=zh-CN,tiktok网络环境异常,快手样本-跨境平台,11,tiktok.网页版,tiktok.网页版,2026-09-08T01:38:00+00:00
seed,bing_cn,Bing 中文联想,https://api.bing.com/osjson.aspx?query=tiktok%E7%BD%91%E7%BB%9C%E7%8E%AF%E5%A2%83%E5%BC%82%E5%B8%B8&mkt=zh-CN,tiktok网络环境异常,快手样本-跨境平台,12,tiktok+在线,tiktok+在线,2026-09-08T01:38:00+00:00
seed,baidu,百度联想,https://suggestion.baidu.com/su?wd=tiktok%E7%BD%91%E7%BB%9C%E7%8E%AF%E5%A2%83%E5%BC%82%E5%B8%B8&cb=cb,tiktok网络环境异常,快手样本-跨境平台,1,tiktok网络异常处理方法,tiktok网络异常处理方法,2026-09-08T01:38:00+00:00
seed,baidu,百度联想,https://suggestion.baidu.com/su?wd=tiktok%E7%BD%91%E7%BB%9C%E7%8E%AF%E5%A2%83%E5%BC%82%E5%B8%B8&cb=cb,tiktok网络环境异常,快手样本-跨境平台,2,tiktok网络状态不佳,tiktok网络状态不佳,2026-09-08T01:38:00+00:00
seed,baidu,百度联想,https://suggestion.baidu.com/su?wd=tiktok%E7%BD%91%E7%BB%9C%E7%8E%AF%E5%A2%83%E5%BC%82%E5%B8%B8&cb=cb,tiktok网络环境异常,快手样本-跨境平台,3,tiktok网络异常最简单三个步骤,tiktok网络异常最简单三个步骤,2026-09-08T01:38:00+00:00
seed,baidu,百度联想,https://suggestion.baidu.com/su?wd=tiktok%E7%BD%91%E7%BB%9C%E7%8E%AF%E5%A2%83%E5%BC%82%E5%B8%B8&cb=cb,tiktok网络环境异常,快手样本-跨境平台,4,tiktok网络异常解决方法,tiktok网络异常解决方法,2026-09-08T01:38:00+00:00
seed,baidu,百度联想,https://suggestion.baidu.com/su?wd=tiktok%E7%BD%91%E7%BB%9C%E7%8E%AF%E5%A2%83%E5%BC%82%E5%B8%B8&cb=cb,tiktok网络环境异常,快手样本-跨境平台,5,tiktok 网络错误,tiktok网络错误,2026-09-08T01:38:00+00:00
seed,baidu,百度联想,https://suggestion.baidu.com/su?wd=tiktok%E7%BD%91%E7%BB%9C%E7%8E%AF%E5%A2%83%E5%BC%82%E5%B8%B8&cb=cb,tiktok网络环境异常,快手样本-跨境平台,6,TikTok网络问题10最新版本更新内容,tiktok网络问题10最新版本更新内容,2026-09-08T01:38:00+00:00
seed,baidu,百度联想,https://suggestion.baidu.com/su?wd=tiktok%E7%BD%91%E7%BB%9C%E7%8E%AF%E5%A2%83%E5%BC%82%E5%B8%B8&cb=cb,tiktok网络环境异常,快手样本-跨境平台,7,tiktok网络不太稳定,tiktok网络不太稳定,2026-09-08T01:38:00+00:00
seed,baidu,百度联想,https://suggestion.baidu.com/su?wd=tiktok%E7%BD%91%E7%BB%9C%E7%8E%AF%E5%A2%83%E5%BC%82%E5%B8%B8&cb=cb,tiktok网络环境异常,快手样本-跨境平台,8,tiktok网络解决方案,tiktok网络解决方案,2026-09-08T01:38:00+00:00
seed,baidu,百度联想,https://suggestion.baidu.com/su?wd=tiktok%E7%BD%91%E7%BB%9C%E7%8E%AF%E5%A2%83%E5%BC%82%E5%B8%B8&cb=cb,tiktok网络环境异常,快手样本-跨境平台,9,tiktok网络异常解除步骤,tiktok网络异常解除步骤,2026-09-08T01:38:00+00:00
seed,baidu,百度联想,https://suggestion.baidu.com/su?wd=tiktok%E7%BD%91%E7%BB%9C%E7%8E%AF%E5%A2%83%E5%BC%82%E5%B8%B8&cb=cb,tiktok网络环境异常,快手样本-跨境平台,10,tiktok一直说网络不稳定,tiktok一直说网络不稳定,2026-09-08T01:38:00+00:00
seed,google_web,Google Web 联想,https://suggestqueries.google.com/complete/search?client=firefox&hl=zh-CN&gl=cn&q=tiktok%E6%97%A0%E7%BD%91%E7%BB%9C%E8%BF%9E%E6%8E%A5,tiktok无网络连接,快手样本-跨境平台,1,tiktok无网络连接,tiktok无网络连接,2026-09-08T01:38:00+00:00
seed,google_web,Google Web 联想,https://suggestqueries.google.com/complete/search?client=firefox&hl=zh-CN&gl=cn&q=tiktok%E6%97%A0%E7%BD%91%E7%BB%9C%E8%BF%9E%E6%8E%A5,tiktok无网络连接,快手样本-跨境平台,2,tiktok 无 网络 连接 安卓,tiktok无网络连接安卓,2026-09-08T01:38:00+00:00
seed,google_web,Google Web 联想,https://suggestqueries.google.com/complete/search?client=firefox&hl=zh-CN&gl=cn&q=tiktok%E6%97%A0%E7%BD%91%E7%BB%9C%E8%BF%9E%E6%8E%A5,tiktok无网络连接,快手样本-跨境平台,3,tiktok 无 网络 连接 ios,tiktok无网络连接ios,2026-09-08T01:38:00+00:00
seed,google_web,Google Web 联想,https://suggestqueries.google.com/complete/search?client=firefox&hl=zh-CN&gl=cn&q=tiktok%E6%97%A0%E7%BD%91%E7%BB%9C%E8%BF%9E%E6%8E%A5,tiktok无网络连接,快手样本-跨境平台,4,tiktok无网络连接怎么办,tiktok无网络连接怎么办,2026-09-08T01:38:00+00:00
seed,google_web,Google Web 联想,https://suggestqueries.google.com/complete/search?client=firefox&hl=zh-CN&gl=cn&q=tiktok%E6%97%A0%E7%BD%91%E7%BB%9C%E8%BF%9E%E6%8E%A5,tiktok无网络连接,快手样本-跨境平台,5,tiktok无网络连接 点击重试,tiktok无网络连接点击重试,2026-09-08T01:38:00+00:00
seed,google_youtube,Google/YouTube 联想,https://suggestqueries.google.com/complete/search?client=firefox&hl=zh-CN&gl=cn&ds=yt&q=tiktok%E6%97%A0%E7%BD%91%E7%BB%9C%E8%BF%9E%E6%8E%A5,tiktok无网络连接,快手样本-跨境平台,1,tiktok无网络连接,tiktok无网络连接,2026-09-08T01:38:00+00:00
seed,google_youtube,Google/YouTube 联想,https://suggestqueries.google.com/complete/search?client=firefox&hl=zh-CN&gl=cn&ds=yt&q=tiktok%E6%97%A0%E7%BD%91%E7%BB%9C%E8%BF%9E%E6%8E%A5,tiktok无网络连接,快手样本-跨境平台,2,tiktok无网络连接怎么解决,tiktok无网络连接怎么解决,2026-09-08T01:38:00+00:00
seed,google_youtube,Google/YouTube 联想,https://suggestqueries.google.com/complete/search?client=firefox&hl=zh-CN&gl=cn&ds=yt&q=tiktok%E6%97%A0%E7%BD%91%E7%BB%9C%E8%BF%9E%E6%8E%A5,tiktok无网络连接,快手样本-跨境平台,3,tiktok无网络连接ios,tiktok无网络连接ios,2026-09-08T01:38:00+00:00
seed,google_youtube,Google/YouTube 联想,https://suggestqueries.google.com/complete/search?client=firefox&hl=zh-CN&gl=cn&ds=yt&q=tiktok%E6%97%A0%E7%BD%91%E7%BB%9C%E8%BF%9E%E6%8E%A5,tiktok无网络连接,快手样本-跨境平台,4,tiktok无网络连接安卓,tiktok无网络连接安卓,2026-09-08T01:38:00+00:00
seed,google_youtube,Google/YouTube 联想,https://suggestqueries.google.com/complete/search?client=firefox&hl=zh-CN&gl=cn&ds=yt&q=tiktok%E6%97%A0%E7%BD%91%E7%BB%9C%E8%BF%9E%E6%8E%A5,tiktok无网络连接,快手样本-跨境平台,5,tiktok无网络连接 点击重试,tiktok无网络连接点击重试,2026-09-08T01:38:00+00:00
seed,google_youtube,Google/YouTube 联想,https://suggestqueries.google.com/complete/search?client=firefox&hl=zh-CN&gl=cn&ds=yt&q=tiktok%E6%97%A0%E7%BD%91%E7%BB%9C%E8%BF%9E%E6%8E%A5,tiktok无网络连接,快手样本-跨境平台,6,tiktok无网络连接怎么办,tiktok无网络连接怎么办,2026-09-08T01:38:00+00:00
seed,bing_cn,Bing 中文联想,https://api.bing.com/osjson.aspx?query=tiktok%E6%97%A0%E7%BD%91%E7%BB%9C%E8%BF%9E%E6%8E%A5&mkt=zh-CN,tiktok无网络连接,快手样本-跨境平台,1,tik tok无网络连接,tik tok无网络连接,2026-09-08T01:38:00+00:00
seed,bing_cn,Bing 中文联想,https://api.bing.com/osjson.aspx?query=tiktok%E6%97%A0%E7%BD%91%E7%BB%9C%E8%BF%9E%E6%8E%A5&mkt=zh-CN,tiktok无网络连接,快手样本-跨境平台,2,tiktok无网络连接安卓,tiktok无网络连接安卓,2026-09-08T01:38:00+00:00
seed,bing_cn,Bing 中文联想,https://api.bing.com/osjson.aspx?query=tiktok%E6%97%A0%E7%BD%91%E7%BB%9C%E8%BF%9E%E6%8E%A5&mkt=zh-CN,tiktok无网络连接,快手样本-跨境平台,3,tik tok无网络连接怎么办,tik tok无网络连接怎么办,2026-09-08T01:38:00+00:00
seed,bing_cn,Bing 中文联想,https://api.bing.com/osjson.aspx?query=tiktok%E6%97%A0%E7%BD%91%E7%BB%9C%E8%BF%9E%E6%8E%A5&mkt=zh-CN,tiktok无网络连接,快手样本-跨境平台,4,tiktok无网络连接怎么解决,tiktok无网络连接怎么解决,2026-09-08T01:38:00+00:00
seed,bing_cn,Bing 中文联想,https://api.bing.com/osjson.aspx?query=tiktok%E6%97%A0%E7%BD%91%E7%BB%9C%E8%BF%9E%E6%8E%A5&mkt=zh-CN,tiktok无网络连接,快手样本-跨境平台,5,tiktok无网络连接 点击重试,tiktok无网络连接点击重试,2026-09-08T01:38:00+00:00
seed,bing_cn,Bing 中文联想,https://api.bing.com/osjson.aspx?query=tiktok%E6%97%A0%E7%BD%91%E7%BB%9C%E8%BF%9E%E6%8E%A5&mkt=zh-CN,tiktok无网络连接,快手样本-跨境平台,6,tiktok无网络连接怎么办安卓,tiktok无网络连接怎么办安卓,2026-09-08T01:38:00+00:00
seed,bing_cn,Bing 中文联想,https://api.bing.com/osjson.aspx?query=tiktok%E6%97%A0%E7%BD%91%E7%BB%9C%E8%BF%9E%E6%8E%A5&mkt=zh-CN,tiktok无网络连接,快手样本-跨境平台,7,tiktok 无 网络 连接 ios,tiktok无网络连接ios,2026-09-08T01:38:00+00:00
seed,bing_cn,Bing 中文联想,https://api.bing.com/osjson.aspx?query=tiktok%E6%97%A0%E7%BD%91%E7%BB%9C%E8%BF%9E%E6%8E%A5&mkt=zh-CN,tiktok无网络连接,快手样本-跨境平台,8,tiktok显示无网络连接怎么办,tiktok显示无网络连接怎么办,2026-09-08T01:38:00+00:00
seed,bing_cn,Bing 中文联想,https://api.bing.com/osjson.aspx?query=tiktok%E6%97%A0%E7%BD%91%E7%BB%9C%E8%BF%9E%E6%8E%A5&mkt=zh-CN,tiktok无网络连接,快手样本-跨境平台,9,为什么tiktok无网络连接,为什么tiktok无网络连接,2026-09-08T01:38:00+00:00
seed,bing_cn,Bing 中文联想,https://api.bing.com/osjson.aspx?query=tiktok%E6%97%A0%E7%BD%91%E7%BB%9C%E8%BF%9E%E6%8E%A5&mkt=zh-CN,tiktok无网络连接,快手样本-跨境平台,10,手机tiktok无网络连接,手机tiktok无网络连接,2026-09-08T01:38:00+00:00
seed,baidu,百度联想,https://suggestion.baidu.com/su?wd=tiktok%E6%97%A0%E7%BD%91%E7%BB%9C%E8%BF%9E%E6%8E%A5&cb=cb,tiktok无网络连接,快手样本-跨境平台,1,tiktok无网络连接的解决方法,tiktok无网络连接的解决方法,2026-09-08T01:38:00+00:00
seed,baidu,百度联想,https://suggestion.baidu.com/su?wd=tiktok%E6%97%A0%E7%BD%91%E7%BB%9C%E8%BF%9E%E6%8E%A5&cb=cb,tiktok无网络连接,快手样本-跨境平台,2,tiktok无网络连接怎么办,tiktok无网络连接怎么办,2026-09-08T01:38:00+00:00
seed,baidu,百度联想,https://suggestion.baidu.com/su?wd=tiktok%E6%97%A0%E7%BD%91%E7%BB%9C%E8%BF%9E%E6%8E%A5&cb=cb,tiktok无网络连接,快手样本-跨境平台,3,tiktok无网络连接怎么办安卓,tiktok无网络连接怎么办安卓,2026-09-08T01:38:00+00:00
seed,baidu,百度联想,https://suggestion.baidu.com/su?wd=tiktok%E6%97%A0%E7%BD%91%E7%BB%9C%E8%BF%9E%E6%8E%A5&cb=cb,tiktok无网络连接,快手样本-跨境平台,4,tiktok无网络连接怎么办苹果,tiktok无网络连接怎么办苹果,2026-09-08T01:38:00+00:00
seed,baidu,百度联想,https://suggestion.baidu.com/su?wd=tiktok%E6%97%A0%E7%BD%91%E7%BB%9C%E8%BF%9E%E6%8E%A5&cb=cb,tiktok无网络连接,快手样本-跨境平台,5,"tiktok无网络连接,请连接到互联网","tiktok无网络连接,请连接到互联网",2026-09-08T01:38:00+00:00
seed,baidu,百度联想,https://suggestion.baidu.com/su?wd=tiktok%E6%97%A0%E7%BD%91%E7%BB%9C%E8%BF%9E%E6%8E%A5&cb=cb,tiktok无网络连接,快手样本-跨境平台,6,登录tiktok无网络连接,登录tiktok无网络连接,2026-09-08T01:38:00+00:00
seed,baidu,百度联想,https://suggestion.baidu.com/su?wd=tiktok%E6%97%A0%E7%BD%91%E7%BB%9C%E8%BF%9E%E6%8E%A5&cb=cb,tiktok无网络连接,快手样本-跨境平台,7,为什么tiktok无网络连接,为什么tiktok无网络连接,2026-09-08T01:38:00+00:00
seed,baidu,百度联想,https://suggestion.baidu.com/su?wd=tiktok%E6%97%A0%E7%BD%91%E7%BB%9C%E8%BF%9E%E6%8E%A5&cb=cb,tiktok无网络连接,快手样本-跨境平台,8,小米手机打开tiktok无网络连接,小米手机打开tiktok无网络连接,2026-09-08T01:38:00+00:00
seed,baidu,百度联想,https://suggestion.baidu.com/su?wd=tiktok%E6%97%A0%E7%BD%91%E7%BB%9C%E8%BF%9E%E6%8E%A5&cb=cb,tiktok无网络连接,快手样本-跨境平台,9,tiktok无网络连接原因及解决方法,tiktok无网络连接原因及解决方法,2026-09-08T01:38:00+00:00
seed,baidu,百度联想,https://suggestion.baidu.com/su?wd=tiktok%E6%97%A0%E7%BD%91%E7%BB%9C%E8%BF%9E%E6%8E%A5&cb=cb,tiktok无网络连接,快手样本-跨境平台,10,注册tiktok无网络连接,注册tiktok无网络连接,2026-09-08T01:38:00+00:00
seed,google_web,Google Web 联想,https://suggestqueries.google.com/complete/search?client=firefox&hl=zh-CN&gl=cn&q=telegram%E4%B8%80%E7%9B%B4%E8%BF%9E%E6%8E%A5%E4%B8%AD,telegram一直连接中,快手样本-跨境平台,1,telegram一直连接中,telegram一直连接中,2026-09-08T01:38:00+00:00
seed,google_youtube,Google/YouTube 联想,https://suggestqueries.google.com/complete/search?client=firefox&hl=zh-CN&gl=cn&ds=yt&q=telegram%E4%B8%80%E7%9B%B4%E8%BF%9E%E6%8E%A5%E4%B8%AD,telegram一直连接中,快手样本-跨境平台,1,telegram一直连接中,telegram一直连接中,2026-09-08T01:38:00+00:00
seed,bing_cn,Bing 中文联想,https://api.bing.com/osjson.aspx?query=telegram%E4%B8%80%E7%9B%B4%E8%BF%9E%E6%8E%A5%E4%B8%AD&mkt=zh-CN,telegram一直连接中,快手样本-跨境平台,1,telegram一直连接中,telegram一直连接中,2026-09-08T01:38:00+00:00
seed,bing_cn,Bing 中文联想,https://api.bing.com/osjson.aspx?query=telegram%E4%B8%80%E7%9B%B4%E8%BF%9E%E6%8E%A5%E4%B8%AD&mkt=zh-CN,telegram一直连接中,快手样本-跨境平台,2,telegram一直显示连接中,telegram一直显示连接中,2026-09-08T01:38:00+00:00
seed,bing_cn,Bing 中文联想,https://api.bing.com/osjson.aspx?query=telegram%E4%B8%80%E7%9B%B4%E8%BF%9E%E6%8E%A5%E4%B8%AD&mkt=zh-CN,telegram一直连接中,快手样本-跨境平台,3,telegram为什么一直显示连接中,telegram为什么一直显示连接中,2026-09-08T01:38:00+00:00
seed,bing_cn,Bing 中文联想,https://api.bing.com/osjson.aspx?query=telegram%E4%B8%80%E7%9B%B4%E8%BF%9E%E6%8E%A5%E4%B8%AD&mkt=zh-CN,telegram一直连接中,快手样本-跨境平台,4,telegram一直在连接中,telegram一直在连接中,2026-09-08T01:38:00+00:00
seed,bing_cn,Bing 中文联想,https://api.bing.com/osjson.aspx?query=telegram%E4%B8%80%E7%9B%B4%E8%BF%9E%E6%8E%A5%E4%B8%AD&mkt=zh-CN,telegram一直连接中,快手样本-跨境平台,5,telegram通话一直连接中,telegram通话一直连接中,2026-09-08T01:38:00+00:00
seed,bing_cn,Bing 中文联想,https://api.bing.com/osjson.aspx?query=telegram%E4%B8%80%E7%9B%B4%E8%BF%9E%E6%8E%A5%E4%B8%AD&mkt=zh-CN,telegram一直连接中,快手样本-跨境平台,6,为什么telegram一直在连接中,为什么telegram一直在连接中,2026-09-08T01:38:00+00:00
seed,bing_cn,Bing 中文联想,https://api.bing.com/osjson.aspx?query=telegram%E4%B8%80%E7%9B%B4%E8%BF%9E%E6%8E%A5%E4%B8%AD&mkt=zh-CN,telegram一直连接中,快手样本-跨境平台,7,telegram-x怎么设置中文,telegram-x怎么设置中文,2026-09-08T01:38:00+00:00
seed,bing_cn,Bing 中文联想,https://api.bing.com/osjson.aspx?query=telegram%E4%B8%80%E7%9B%B4%E8%BF%9E%E6%8E%A5%E4%B8%AD&mkt=zh-CN,telegram一直连接中,快手样本-跨境平台,8,web.telegram无法连接,web.telegram无法连接,2026-09-08T01:38:00+00:00
seed,bing_cn,Bing 中文联想,https://api.bing.com/osjson.aspx?query=telegram%E4%B8%80%E7%9B%B4%E8%BF%9E%E6%8E%A5%E4%B8%AD&mkt=zh-CN,telegram一直连接中,快手样本-跨境平台,9,telegram 与 telegram x互通吗,telegram与telegram x互通吗,2026-09-08T01:38:00+00:00
seed,bing_cn,Bing 中文联想,https://api.bing.com/osjson.aspx?query=telegram%E4%B8%80%E7%9B%B4%E8%BF%9E%E6%8E%A5%E4%B8%AD&mkt=zh-CN,telegram一直连接中,快手样本-跨境平台,10,telegram.即时通讯,telegram.即时通讯,2026-09-08T01:38:00+00:00
seed,bing_cn,Bing 中文联想,https://api.bing.com/osjson.aspx?query=telegram%E4%B8%80%E7%9B%B4%E8%BF%9E%E6%8E%A5%E4%B8%AD&mkt=zh-CN,telegram一直连接中,快手样本-跨境平台,11,telegram.org打不开,telegram.org打不开,2026-09-08T01:38:00+00:00
seed,bing_cn,Bing 中文联想,https://api.bing.com/osjson.aspx?query=telegram%E4%B8%80%E7%9B%B4%E8%BF%9E%E6%8E%A5%E4%B8%AD&mkt=zh-CN,telegram一直连接中,快手样本-跨境平台,12,telegram 与 telegram x,telegram与telegram x,2026-09-08T01:38:00+00:00
seed,google_web,Google Web 联想,https://suggestqueries.google.com/complete/search?client=firefox&hl=zh-CN&gl=cn&q=telegram%E8%BF%9E%E6%8E%A5%E4%B8%8D%E4%B8%8A,telegram连接不上,快手样本-跨境平台,1,telegram连接不上,telegram连接不上,2026-09-08T01:38:00+00:00
seed,google_web,Google Web 联想,https://suggestqueries.google.com/complete/search?client=firefox&hl=zh-CN&gl=cn&q=telegram%E8%BF%9E%E6%8E%A5%E4%B8%8D%E4%B8%8A,telegram连接不上,快手样本-跨境平台,2,telegram连接不上代理,telegram连接不上代理,2026-09-08T01:38:00+00:00
seed,google_youtube,Google/YouTube 联想,https://suggestqueries.google.com/complete/search?client=firefox&hl=zh-CN&gl=cn&ds=yt&q=telegram%E8%BF%9E%E6%8E%A5%E4%B8%8D%E4%B8%8A,telegram连接不上,快手样本-跨境平台,1,telegram连接不上,telegram连接不上,2026-09-08T01:38:00+00:00
seed,google_youtube,Google/YouTube 联想,https://suggestqueries.google.com/complete/search?client=firefox&hl=zh-CN&gl=cn&ds=yt&q=telegram%E8%BF%9E%E6%8E%A5%E4%B8%8D%E4%B8%8A,telegram连接不上,快手样本-跨境平台,2,telegram连不上,telegram连不上,2026-09-08T01:38:00+00:00
seed,google_youtube,Google/YouTube 联想,https://suggestqueries.google.com/complete/search?client=firefox&hl=zh-CN&gl=cn&ds=yt&q=telegram%E8%BF%9E%E6%8E%A5%E4%B8%8D%E4%B8%8A,telegram连接不上,快手样本-跨境平台,3,telegram连不上网,telegram连不上网,2026-09-08T01:38:00+00:00
seed,bing_cn,Bing 中文联想,https://api.bing.com/osjson.aspx?query=telegram%E8%BF%9E%E6%8E%A5%E4%B8%8D%E4%B8%8A&mkt=zh-CN,telegram连接不上,快手样本-跨境平台,1,telegram连接不上,telegram连接不上,2026-09-08T01:38:00+00:00
seed,bing_cn,Bing 中文联想,https://api.bing.com/osjson.aspx?query=telegram%E8%BF%9E%E6%8E%A5%E4%B8%8D%E4%B8%8A&mkt=zh-CN,telegram连接不上,快手样本-跨境平台,2,telegram连接不上网络,telegram连接不上网络,2026-09-08T01:38:00+00:00
seed,bing_cn,Bing 中文联想,https://api.bing.com/osjson.aspx?query=telegram%E8%BF%9E%E6%8E%A5%E4%B8%8D%E4%B8%8A&mkt=zh-CN,telegram连接不上,快手样本-跨境平台,3,telegram连接不上代理,telegram连接不上代理,2026-09-08T01:38:00+00:00
seed,bing_cn,Bing 中文联想,https://api.bing.com/osjson.aspx?query=telegram%E8%BF%9E%E6%8E%A5%E4%B8%8D%E4%B8%8A&mkt=zh-CN,telegram连接不上,快手样本-跨境平台,4,telegram网络连接不上,telegram网络连接不上,2026-09-08T01:38:00+00:00
seed,bing_cn,Bing 中文联想,https://api.bing.com/osjson.aspx?query=telegram%E8%BF%9E%E6%8E%A5%E4%B8%8D%E4%B8%8A&mkt=zh-CN,telegram连接不上,快手样本-跨境平台,5,电脑telegram连接不上,电脑telegram连接不上,2026-09-08T01:38:00+00:00
seed,bing_cn,Bing 中文联想,https://api.bing.com/osjson.aspx?query=telegram%E8%BF%9E%E6%8E%A5%E4%B8%8D%E4%B8%8A&mkt=zh-CN,telegram连接不上,快手样本-跨境平台,6,clash连接不上telegram,clash连接不上telegram,2026-09-08T01:38:00+00:00
seed,bing_cn,Bing 中文联想,https://api.bing.com/osjson.aspx?query=telegram%E8%BF%9E%E6%8E%A5%E4%B8%8D%E4%B8%8A&mkt=zh-CN,telegram连接不上,快手样本-跨境平台,7,telegram desktop连接不上,telegram desktop连接不上,2026-09-08T01:38:00+00:00
seed,bing_cn,Bing 中文联想,https://api.bing.com/osjson.aspx?query=telegram%E8%BF%9E%E6%8E%A5%E4%B8%8D%E4%B8%8A&mkt=zh-CN,telegram连接不上,快手样本-跨境平台,8,telegram一直连接不上,telegram一直连接不上,2026-09-08T01:38:00+00:00
seed,bing_cn,Bing 中文联想,https://api.bing.com/osjson.aspx?query=telegram%E8%BF%9E%E6%8E%A5%E4%B8%8D%E4%B8%8A&mkt=zh-CN,telegram连接不上,快手样本-跨境平台,9,telegram代理连接不上,telegram代理连接不上,2026-09-08T01:38:00+00:00
seed,bing_cn,Bing 中文联想,https://api.bing.com/osjson.aspx?query=telegram%E8%BF%9E%E6%8E%A5%E4%B8%8D%E4%B8%8A&mkt=zh-CN,telegram连接不上,快手样本-跨境平台,10,telegram为什么连接不上,telegram为什么连接不上,2026-09-08T01:38:00+00:00
seed,bing_cn,Bing 中文联想,https://api.bing.com/osjson.aspx?query=shadowrocket%E8%BF%9E%E6%8E%A5%E4%B8%8D%E4%B8%8A&mkt=zh-CN,shadowrocket连接不上,快手样本-跨境平台,1,shadowrocket连接不上,shadowrocket连接不上,2026-09-08T01:38:00+00:00
seed,bing_cn,Bing 中文联想,https://api.bing.com/osjson.aspx?query=shadowrocket%E8%BF%9E%E6%8E%A5%E4%B8%8D%E4%B8%8A&mkt=zh-CN,shadowrocket连接不上,快手样本-跨境平台,2,shadowrocket一直连接不上,shadowrocket一直连接不上,2026-09-08T01:38:00+00:00
seed,bing_cn,Bing 中文联想,https://api.bing.com/osjson.aspx?query=shadowrocket%E8%BF%9E%E6%8E%A5%E4%B8%8D%E4%B8%8A&mkt=zh-CN,shadowrocket连接不上,快手样本-跨境平台,3,shadowrocket。常见问题,shadowrocket。常见问题,2026-09-08T01:38:00+00:00
seed,bing_cn,Bing 中文联想,https://api.bing.com/osjson.aspx?query=shadowrocket%E8%BF%9E%E6%8E%A5%E4%B8%8D%E4%B8%8A&mkt=zh-CN,shadowrocket连接不上,快手样本-跨境平台,4,shadowrocket、配置,shadowrocket、配置,2026-09-08T01:38:00+00:00
seed,bing_cn,Bing 中文联想,https://api.bing.com/osjson.aspx?query=shadowrocket%E8%BF%9E%E6%8E%A5%E4%B8%8D%E4%B8%8A&mkt=zh-CN,shadowrocket连接不上,快手样本-跨境平台,5,shadowrocket .配置,shadowrocket .配置,2026-09-08T01:38:00+00:00
seed,bing_cn,Bing 中文联想,https://api.bing.com/osjson.aspx?query=shadowrocket%E8%BF%9E%E6%8E%A5%E4%B8%8D%E4%B8%8A&mkt=zh-CN,shadowrocket连接不上,快手样本-跨境平台,6,‎shadowrocket 设置,‎shadowrocket设置,2026-09-08T01:38:00+00:00
seed,bing_cn,Bing 中文联想,https://api.bing.com/osjson.aspx?query=shadowrocket%E8%BF%9E%E6%8E%A5%E4%B8%8D%E4%B8%8A&mkt=zh-CN,shadowrocket连接不上,快手样本-跨境平台,7,shadowrocket.设置,shadowrocket.设置,2026-09-08T01:38:00+00:00
seed,bing_cn,Bing 中文联想,https://api.bing.com/osjson.aspx?query=shadowrocket%E8%BF%9E%E6%8E%A5%E4%B8%8D%E4%B8%8A&mkt=zh-CN,shadowrocket连接不上,快手样本-跨境平台,8,‎shadowrocket怎么用,‎shadowrocket怎么用,2026-09-08T01:38:00+00:00
seed,bing_cn,Bing 中文联想,https://api.bing.com/osjson.aspx?query=shadowrocket%E8%BF%9E%E6%8E%A5%E4%B8%8D%E4%B8%8A&mkt=zh-CN,shadowrocket连接不上,快手样本-跨境平台,9,‎shadowrocket怎么使用,‎shadowrocket怎么使用,2026-09-08T01:38:00+00:00
seed,bing_cn,Bing 中文联想,https://api.bing.com/osjson.aspx?query=shadowrocket%E8%BF%9E%E6%8E%A5%E4%B8%8D%E4%B8%8A&mkt=zh-CN,shadowrocket连接不上,快手样本-跨境平台,10,shadowrocket、安装,shadowrocket、安装,2026-09-08T01:38:00+00:00
seed,bing_cn,Bing 中文联想,https://api.bing.com/osjson.aspx?query=shadowrocket%E8%BF%9E%E6%8E%A5%E4%B8%8D%E4%B8%8A&mkt=zh-CN,shadowrocket连接不上,快手样本-跨境平台,11,shadowrocket、使用,shadowrocket、使用,2026-09-08T01:38:00+00:00
seed,bing_cn,Bing 中文联想,https://api.bing.com/osjson.aspx?query=shadowrocket%E8%BF%9E%E6%8E%A5%E4%B8%8D%E4%B8%8A&mkt=zh-CN,shadowrocket连接不上,快手样本-跨境平台,12,shadowrocket 配置 代理 直连,shadowrocket配置代理直连,2026-09-08T01:38:00+00:00
seed,google_web,Google Web 联想,https://suggestqueries.google.com/complete/search?client=firefox&hl=zh-CN&gl=cn&q=%E8%B7%A8%E5%A2%83%E7%94%B5%E5%95%86%E7%BD%91%E7%BB%9C%E7%8E%AF%E5%A2%83,跨境电商网络环境,快手样本-跨境电商,1,跨境电商网络环境搭建,跨境电商网络环境搭建,2026-09-08T01:38:00+00:00
seed,google_youtube,Google/YouTube 联想,https://suggestqueries.google.com/complete/search?client=firefox&hl=zh-CN&gl=cn&ds=yt&q=%E8%B7%A8%E5%A2%83%E7%94%B5%E5%95%86%E7%BD%91%E7%BB%9C%E7%8E%AF%E5%A2%83,跨境电商网络环境,快手样本-跨境电商,1,跨境电商网络环境搭建,跨境电商网络环境搭建,2026-09-08T01:38:00+00:00
seed,google_youtube,Google/YouTube 联想,https://suggestqueries.google.com/complete/search?client=firefox&hl=zh-CN&gl=cn&ds=yt&q=%E8%B7%A8%E5%A2%83%E7%94%B5%E5%95%86%E7%BD%91%E7%BB%9C%E7%8E%AF%E5%A2%83,跨境电商网络环境,快手样本-跨境电商,2,跨境电商网络环境,跨境电商网络环境,2026-09-08T01:38:00+00:00
seed,google_youtube,Google/YouTube 联想,https://suggestqueries.google.com/complete/search?client=firefox&hl=zh-CN&gl=cn&ds=yt&q=%E8%B7%A8%E5%A2%83%E7%94%B5%E5%95%86%E7%BD%91%E7%BB%9C%E7%8E%AF%E5%A2%83,跨境电商网络环境,快手样本-跨境电商,3,跨境电商节点搭建,跨境电商节点搭建,2026-09-08T01:38:00+00:00
seed,google_youtube,Google/YouTube 联想,https://suggestqueries.google.com/complete/search?client=firefox&hl=zh-CN&gl=cn&ds=yt&q=%E8%B7%A8%E5%A2%83%E7%94%B5%E5%95%86%E7%BD%91%E7%BB%9C%E7%8E%AF%E5%A2%83,跨境电商网络环境,快手样本-跨境电商,4,tiktok环境搭建,tiktok环境搭建,2026-09-08T01:38:00+00:00
seed,google_youtube,Google/YouTube 联想,https://suggestqueries.google.com/complete/search?client=firefox&hl=zh-CN&gl=cn&ds=yt&q=%E8%B7%A8%E5%A2%83%E7%94%B5%E5%95%86%E7%BD%91%E7%BB%9C%E7%8E%AF%E5%A2%83,跨境电商网络环境,快手样本-跨境电商,5,tiktok 搭建 网络环境,tiktok搭建网络环境,2026-09-08T01:38:00+00:00
seed,bing_cn,Bing 中文联想,https://api.bing.com/osjson.aspx?query=%E8%B7%A8%E5%A2%83%E7%94%B5%E5%95%86%E7%BD%91%E7%BB%9C%E7%8E%AF%E5%A2%83&mkt=zh-CN,跨境电商网络环境,快手样本-跨境电商,1,跨境电商网络环境搭建,跨境电商网络环境搭建,2026-09-08T01:38:00+00:00
seed,bing_cn,Bing 中文联想,https://api.bing.com/osjson.aspx?query=%E8%B7%A8%E5%A2%83%E7%94%B5%E5%95%86%E7%BD%91%E7%BB%9C%E7%8E%AF%E5%A2%83&mkt=zh-CN,跨境电商网络环境,快手样本-跨境电商,2,跨境电商网络环境,跨境电商网络环境,2026-09-08T01:38:00+00:00
seed,bing_cn,Bing 中文联想,https://api.bing.com/osjson.aspx?query=%E8%B7%A8%E5%A2%83%E7%94%B5%E5%95%86%E7%BD%91%E7%BB%9C%E7%8E%AF%E5%A2%83&mkt=zh-CN,跨境电商网络环境,快手样本-跨境电商,3,跨境电商如何搭建网络环境,跨境电商如何搭建网络环境,2026-09-08T01:38:00+00:00
seed,bing_cn,Bing 中文联想,https://api.bing.com/osjson.aspx?query=%E8%B7%A8%E5%A2%83%E7%94%B5%E5%95%86%E7%BD%91%E7%BB%9C%E7%8E%AF%E5%A2%83&mkt=zh-CN,跨境电商网络环境,快手样本-跨境电商,4,电子商务 -跨境电商,电子商务 -跨境电商,2026-09-08T01:38:00+00:00
seed,bing_cn,Bing 中文联想,https://api.bing.com/osjson.aspx?query=%E8%B7%A8%E5%A2%83%E7%94%B5%E5%95%86%E7%BD%91%E7%BB%9C%E7%8E%AF%E5%A2%83&mkt=zh-CN,跨境电商网络环境,快手样本-跨境电商,5,互联网/跨境电商资讯,互联网/跨境电商资讯,2026-09-08T01:38:00+00:00
seed,bing_cn,Bing 中文联想,https://api.bing.com/osjson.aspx?query=%E8%B7%A8%E5%A2%83%E7%94%B5%E5%95%86%E7%BD%91%E7%BB%9C%E7%8E%AF%E5%A2%83&mkt=zh-CN,跨境电商网络环境,快手样本-跨境电商,6,互联网+跨境电子商务,互联网+跨境电子商务,2026-09-08T01:38:00+00:00
seed,bing_cn,Bing 中文联想,https://api.bing.com/osjson.aspx?query=%E8%B7%A8%E5%A2%83%E7%94%B5%E5%95%86%E7%BD%91%E7%BB%9C%E7%8E%AF%E5%A2%83&mkt=zh-CN,跨境电商网络环境,快手样本-跨境电商,7,跨境电商2.0,跨境电商2.0,2026-09-08T01:38:00+00:00
seed,bing_cn,Bing 中文联想,https://api.bing.com/osjson.aspx?query=%E8%B7%A8%E5%A2%83%E7%94%B5%E5%95%86%E7%BD%91%E7%BB%9C%E7%8E%AF%E5%A2%83&mkt=zh-CN,跨境电商网络环境,快手样本-跨境电商,8,跨境电子商务与传统贸易/境内电商有何不同,跨境电子商务与传统贸易/境内电商有何不同,2026-09-08T01:38:00+00:00
seed,bing_cn,Bing 中文联想,https://api.bing.com/osjson.aspx?query=%E8%B7%A8%E5%A2%83%E7%94%B5%E5%95%86%E7%BD%91%E7%BB%9C%E7%8E%AF%E5%A2%83&mkt=zh-CN,跨境电商网络环境,快手样本-跨境电商,9,中文+跨境电商,中文+跨境电商,2026-09-08T01:38:00+00:00
seed,bing_cn,Bing 中文联想,https://api.bing.com/osjson.aspx?query=%E8%B7%A8%E5%A2%83%E7%94%B5%E5%95%86%E7%BD%91%E7%BB%9C%E7%8E%AF%E5%A2%83&mkt=zh-CN,跨境电商网络环境,快手样本-跨境电商,10,2. 你了解的跨境电商平台都有哪些 简要介绍,2. 你了解的跨境电商平台都有哪些简要介绍,2026-09-08T01:38:00+00:00
seed,bing_cn,Bing 中文联想,https://api.bing.com/osjson.aspx?query=%E8%B7%A8%E5%A2%83%E7%94%B5%E5%95%86%E7%BD%91%E7%BB%9C%E7%8E%AF%E5%A2%83&mkt=zh-CN,跨境电商网络环境,快手样本-跨境电商,11,跨境 电商平台、行业及市场竞争环境分析,跨境电商平台、行业及市场竞争环境分析,2026-09-08T01:38:00+00:00
seed,bing_cn,Bing 中文联想,https://api.bing.com/osjson.aspx?query=%E8%B7%A8%E5%A2%83%E7%94%B5%E5%95%86%E7%BD%91%E7%BB%9C%E7%8E%AF%E5%A2%83&mkt=zh-CN,跨境电商网络环境,快手样本-跨境电商,12,跨境电商filetype:pdf,跨境电商filetype:pdf,2026-09-08T01:38:00+00:00
seed,baidu,百度联想,https://suggestion.baidu.com/su?wd=%E8%B7%A8%E5%A2%83%E7%94%B5%E5%95%86%E7%BD%91%E7%BB%9C%E7%8E%AF%E5%A2%83&cb=cb,跨境电商网络环境,快手样本-跨境电商,1,跨境电商网络环境怎么解决,跨境电商网络环境怎么解决,2026-09-08T01:38:00+00:00
seed,baidu,百度联想,https://suggestion.baidu.com/su?wd=%E8%B7%A8%E5%A2%83%E7%94%B5%E5%95%86%E7%BD%91%E7%BB%9C%E7%8E%AF%E5%A2%83&cb=cb,跨境电商网络环境,快手样本-跨境电商,2,跨境电商网络环境保姆级教程,跨境电商网络环境保姆级教程,2026-09-08T01:38:00+00:00
seed,baidu,百度联想,https://suggestion.baidu.com/su?wd=%E8%B7%A8%E5%A2%83%E7%94%B5%E5%95%86%E7%BD%91%E7%BB%9C%E7%8E%AF%E5%A2%83&cb=cb,跨境电商网络环境,快手样本-跨境电商,3,跨境电商网络环境软件,跨境电商网络环境软件,2026-09-08T01:38:00+00:00
seed,baidu,百度联想,https://suggestion.baidu.com/su?wd=%E8%B7%A8%E5%A2%83%E7%94%B5%E5%95%86%E7%BD%91%E7%BB%9C%E7%8E%AF%E5%A2%83&cb=cb,跨境电商网络环境,快手样本-跨境电商,4,跨境电商网络环境tiktok,跨境电商网络环境tiktok,2026-09-08T01:38:00+00:00
seed,baidu,百度联想,https://suggestion.baidu.com/su?wd=%E8%B7%A8%E5%A2%83%E7%94%B5%E5%95%86%E7%BD%91%E7%BB%9C%E7%8E%AF%E5%A2%83&cb=cb,跨境电商网络环境,快手样本-跨境电商,5,跨境电商网络环境服务商有哪些,跨境电商网络环境服务商有哪些,2026-09-08T01:38:00+00:00
seed,baidu,百度联想,https://suggestion.baidu.com/su?wd=%E8%B7%A8%E5%A2%83%E7%94%B5%E5%95%86%E7%BD%91%E7%BB%9C%E7%8E%AF%E5%A2%83&cb=cb,跨境电商网络环境,快手样本-跨境电商,6,跨境电商诈骗怎么举报,跨境电商诈骗怎么举报,2026-09-08T01:38:00+00:00
seed,baidu,百度联想,https://suggestion.baidu.com/su?wd=%E8%B7%A8%E5%A2%83%E7%94%B5%E5%95%86%E7%BD%91%E7%BB%9C%E7%8E%AF%E5%A2%83&cb=cb,跨境电商网络环境,快手样本-跨境电商,7,跨境电商的流程和步骤,跨境电商的流程和步骤,2026-09-08T01:38:00+00:00
seed,baidu,百度联想,https://suggestion.baidu.com/su?wd=%E8%B7%A8%E5%A2%83%E7%94%B5%E5%95%86%E7%BD%91%E7%BB%9C%E7%8E%AF%E5%A2%83&cb=cb,跨境电商网络环境,快手样本-跨境电商,8,跨境电商有哪些平台可以做,跨境电商有哪些平台可以做,2026-09-08T01:38:00+00:00
seed,baidu,百度联想,https://suggestion.baidu.com/su?wd=%E8%B7%A8%E5%A2%83%E7%94%B5%E5%95%86%E7%BD%91%E7%BB%9C%E7%8E%AF%E5%A2%83&cb=cb,跨境电商网络环境,快手样本-跨境电商,9,跨境电商小白怎么入行,跨境电商小白怎么入行,2026-09-08T01:38:00+00:00
seed,baidu,百度联想,https://suggestion.baidu.com/su?wd=%E8%B7%A8%E5%A2%83%E7%94%B5%E5%95%86%E7%BD%91%E7%BB%9C%E7%8E%AF%E5%A2%83&cb=cb,跨境电商网络环境,快手样本-跨境电商,10,跨境电商平台个人开店流程,跨境电商平台个人开店流程,2026-09-08T01:38:00+00:00
seed,google_web,Google Web 联想,https://suggestqueries.google.com/complete/search?client=firefox&hl=zh-CN&gl=cn&q=%E8%B7%A8%E5%A2%83%E7%94%B5%E5%95%86%E7%BD%91%E7%BB%9C%E7%8E%AF%E5%A2%83%E6%90%AD%E5%BB%BA,跨境电商网络环境搭建,快手样本-跨境电商,1,跨境电商网络环境搭建,跨境电商网络环境搭建,2026-09-08T01:38:00+00:00
seed,google_youtube,Google/YouTube 联想,https://suggestqueries.google.com/complete/search?client=firefox&hl=zh-CN&gl=cn&ds=yt&q=%E8%B7%A8%E5%A2%83%E7%94%B5%E5%95%86%E7%BD%91%E7%BB%9C%E7%8E%AF%E5%A2%83%E6%90%AD%E5%BB%BA,跨境电商网络环境搭建,快手样本-跨境电商,1,跨境电商网络环境搭建,跨境电商网络环境搭建,2026-09-08T01:38:00+00:00
seed,google_youtube,Google/YouTube 联想,https://suggestqueries.google.com/complete/search?client=firefox&hl=zh-CN&gl=cn&ds=yt&q=%E8%B7%A8%E5%A2%83%E7%94%B5%E5%95%86%E7%BD%91%E7%BB%9C%E7%8E%AF%E5%A2%83%E6%90%AD%E5%BB%BA,跨境电商网络环境搭建,快手样本-跨境电商,2,跨境电商节点搭建,跨境电商节点搭建,2026-09-08T01:38:00+00:00
seed,google_youtube,Google/YouTube 联想,https://suggestqueries.google.com/complete/search?client=firefox&hl=zh-CN&gl=cn&ds=yt&q=%E8%B7%A8%E5%A2%83%E7%94%B5%E5%95%86%E7%BD%91%E7%BB%9C%E7%8E%AF%E5%A2%83%E6%90%AD%E5%BB%BA,跨境电商网络环境搭建,快手样本-跨境电商,3,网络环境搭建,网络环境搭建,2026-09-08T01:38:00+00:00
seed,bing_cn,Bing 中文联想,https://api.bing.com/osjson.aspx?query=%E8%B7%A8%E5%A2%83%E7%94%B5%E5%95%86%E7%BD%91%E7%BB%9C%E7%8E%AF%E5%A2%83%E6%90%AD%E5%BB%BA&mkt=zh-CN,跨境电商网络环境搭建,快手样本-跨境电商,1,跨境电商网络环境搭建,跨境电商网络环境搭建,2026-09-08T01:38:00+00:00
seed,bing_cn,Bing 中文联想,https://api.bing.com/osjson.aspx?query=%E8%B7%A8%E5%A2%83%E7%94%B5%E5%95%86%E7%BD%91%E7%BB%9C%E7%8E%AF%E5%A2%83%E6%90%AD%E5%BB%BA&mkt=zh-CN,跨境电商网络环境搭建,快手样本-跨境电商,2,跨境电商如何搭建网络环境,跨境电商如何搭建网络环境,2026-09-08T01:38:00+00:00
seed,bing_cn,Bing 中文联想,https://api.bing.com/osjson.aspx?query=%E8%B7%A8%E5%A2%83%E7%94%B5%E5%95%86%E7%BD%91%E7%BB%9C%E7%8E%AF%E5%A2%83%E6%90%AD%E5%BB%BA&mkt=zh-CN,跨境电商网络环境搭建,快手样本-跨境电商,3,电子商务 -跨境电商,电子商务 -跨境电商,2026-09-08T01:38:00+00:00
seed,bing_cn,Bing 中文联想,https://api.bing.com/osjson.aspx?query=%E8%B7%A8%E5%A2%83%E7%94%B5%E5%95%86%E7%BD%91%E7%BB%9C%E7%8E%AF%E5%A2%83%E6%90%AD%E5%BB%BA&mkt=zh-CN,跨境电商网络环境搭建,快手样本-跨境电商,4,互联网+跨境电子商务,互联网+跨境电子商务,2026-09-08T01:38:00+00:00
seed,bing_cn,Bing 中文联想,https://api.bing.com/osjson.aspx?query=%E8%B7%A8%E5%A2%83%E7%94%B5%E5%95%86%E7%BD%91%E7%BB%9C%E7%8E%AF%E5%A2%83%E6%90%AD%E5%BB%BA&mkt=zh-CN,跨境电商网络环境搭建,快手样本-跨境电商,5,跨境电商2.0,跨境电商2.0,2026-09-08T01:38:00+00:00
seed,bing_cn,Bing 中文联想,https://api.bing.com/osjson.aspx?query=%E8%B7%A8%E5%A2%83%E7%94%B5%E5%95%86%E7%BD%91%E7%BB%9C%E7%8E%AF%E5%A2%83%E6%90%AD%E5%BB%BA&mkt=zh-CN,跨境电商网络环境搭建,快手样本-跨境电商,6,2. 你了解的跨境电商平台都有哪些 简要介绍,2. 你了解的跨境电商平台都有哪些简要介绍,2026-09-08T01:38:00+00:00
seed,bing_cn,Bing 中文联想,https://api.bing.com/osjson.aspx?query=%E8%B7%A8%E5%A2%83%E7%94%B5%E5%95%86%E7%BD%91%E7%BB%9C%E7%8E%AF%E5%A2%83%E6%90%AD%E5%BB%BA&mkt=zh-CN,跨境电商网络环境搭建,快手样本-跨境电商,7,跨境 电 商 怎么 做 新手 入门,跨境电商怎么做新手入门,2026-09-08T01:38:00+00:00
seed,bing_cn,Bing 中文联想,https://api.bing.com/osjson.aspx?query=%E8%B7%A8%E5%A2%83%E7%94%B5%E5%95%86%E7%BD%91%E7%BB%9C%E7%8E%AF%E5%A2%83%E6%90%AD%E5%BB%BA&mkt=zh-CN,跨境电商网络环境搭建,快手样本-跨境电商,8,跨境电商filetype:pdf,跨境电商filetype:pdf,2026-09-08T01:38:00+00:00
seed,bing_cn,Bing 中文联想,https://api.bing.com/osjson.aspx?query=%E8%B7%A8%E5%A2%83%E7%94%B5%E5%95%86%E7%BD%91%E7%BB%9C%E7%8E%AF%E5%A2%83%E6%90%AD%E5%BB%BA&mkt=zh-CN,跨境电商网络环境搭建,快手样本-跨境电商,9,跨境电商、挑战,跨境电商、挑战,2026-09-08T01:38:00+00:00
seed,bing_cn,Bing 中文联想,https://api.bing.com/osjson.aspx?query=%E8%B7%A8%E5%A2%83%E7%94%B5%E5%95%86%E7%BD%91%E7%BB%9C%E7%8E%AF%E5%A2%83%E6%90%AD%E5%BB%BA&mkt=zh-CN,跨境电商网络环境搭建,快手样本-跨境电商,10,互联网/跨境电商资讯,互联网/跨境电商资讯,2026-09-08T01:38:00+00:00
seed,bing_cn,Bing 中文联想,https://api.bing.com/osjson.aspx?query=%E8%B7%A8%E5%A2%83%E7%94%B5%E5%95%86%E7%BD%91%E7%BB%9C%E7%8E%AF%E5%A2%83%E6%90%AD%E5%BB%BA&mkt=zh-CN,跨境电商网络环境搭建,快手样本-跨境电商,11,中文+跨境电商,中文+跨境电商,2026-09-08T01:38:00+00:00
seed,bing_cn,Bing 中文联想,https://api.bing.com/osjson.aspx?query=%E8%B7%A8%E5%A2%83%E7%94%B5%E5%95%86%E7%BD%91%E7%BB%9C%E7%8E%AF%E5%A2%83%E6%90%AD%E5%BB%BA&mkt=zh-CN,跨境电商网络环境搭建,快手样本-跨境电商,12,跨境电商+产业带,跨境电商+产业带,2026-09-08T01:38:00+00:00
seed,baidu,百度联想,https://suggestion.baidu.com/su?wd=%E8%B7%A8%E5%A2%83%E7%94%B5%E5%95%86%E7%BD%91%E7%BB%9C%E7%8E%AF%E5%A2%83%E6%90%AD%E5%BB%BA&cb=cb,跨境电商网络环境搭建,快手样本-跨境电商,1,跨境电商平台搭建,跨境电商平台搭建,2026-09-08T01:38:00+00:00
seed,baidu,百度联想,https://suggestion.baidu.com/su?wd=%E8%B7%A8%E5%A2%83%E7%94%B5%E5%95%86%E7%BD%91%E7%BB%9C%E7%8E%AF%E5%A2%83%E6%90%AD%E5%BB%BA&cb=cb,跨境电商网络环境搭建,快手样本-跨境电商,2,跨境电商网络搭建教程,跨境电商网络搭建教程,2026-09-08T01:38:00+00:00
seed,baidu,百度联想,https://suggestion.baidu.com/su?wd=%E8%B7%A8%E5%A2%83%E7%94%B5%E5%95%86%E7%BD%91%E7%BB%9C%E7%8E%AF%E5%A2%83%E6%90%AD%E5%BB%BA&cb=cb,跨境电商网络环境搭建,快手样本-跨境电商,3,跨境电商网络搭建大概要花费多少钱,跨境电商网络搭建大概要花费多少钱,2026-09-08T01:38:00+00:00
seed,baidu,百度联想,https://suggestion.baidu.com/su?wd=%E8%B7%A8%E5%A2%83%E7%94%B5%E5%95%86%E7%BD%91%E7%BB%9C%E7%8E%AF%E5%A2%83%E6%90%AD%E5%BB%BA&cb=cb,跨境电商网络环境搭建,快手样本-跨境电商,4,跨境电商网站建设,跨境电商网站建设,2026-09-08T01:38:00+00:00
seed,baidu,百度联想,https://suggestion.baidu.com/su?wd=%E8%B7%A8%E5%A2%83%E7%94%B5%E5%95%86%E7%BD%91%E7%BB%9C%E7%8E%AF%E5%A2%83%E6%90%AD%E5%BB%BA&cb=cb,跨境电商网络环境搭建,快手样本-跨境电商,5,跨境电商平台建设步骤,跨境电商平台建设步骤,2026-09-08T01:38:00+00:00
seed,baidu,百度联想,https://suggestion.baidu.com/su?wd=%E8%B7%A8%E5%A2%83%E7%94%B5%E5%95%86%E7%BD%91%E7%BB%9C%E7%8E%AF%E5%A2%83%E6%90%AD%E5%BB%BA&cb=cb,跨境电商网络环境搭建,快手样本-跨境电商,6,跨境电商上网解决方案,跨境电商上网解决方案,2026-09-08T01:38:00+00:00
seed,baidu,百度联想,https://suggestion.baidu.com/su?wd=%E8%B7%A8%E5%A2%83%E7%94%B5%E5%95%86%E7%BD%91%E7%BB%9C%E7%8E%AF%E5%A2%83%E6%90%AD%E5%BB%BA&cb=cb,跨境电商网络环境搭建,快手样本-跨境电商,7,跨境电商网络设置步骤,跨境电商网络设置步骤,2026-09-08T01:38:00+00:00
seed,baidu,百度联想,https://suggestion.baidu.com/su?wd=%E8%B7%A8%E5%A2%83%E7%94%B5%E5%95%86%E7%BD%91%E7%BB%9C%E7%8E%AF%E5%A2%83%E6%90%AD%E5%BB%BA&cb=cb,跨境电商网络环境搭建,快手样本-跨境电商,8,跨境电商系统方案,跨境电商系统方案,2026-09-08T01:38:00+00:00
seed,baidu,百度联想,https://suggestion.baidu.com/su?wd=%E8%B7%A8%E5%A2%83%E7%94%B5%E5%95%86%E7%BD%91%E7%BB%9C%E7%8E%AF%E5%A2%83%E6%90%AD%E5%BB%BA&cb=cb,跨境电商网络环境搭建,快手样本-跨境电商,9,跨境电商建设,跨境电商建设,2026-09-08T01:38:00+00:00
seed,baidu,百度联想,https://suggestion.baidu.com/su?wd=%E8%B7%A8%E5%A2%83%E7%94%B5%E5%95%86%E7%BD%91%E7%BB%9C%E7%8E%AF%E5%A2%83%E6%90%AD%E5%BB%BA&cb=cb,跨境电商网络环境搭建,快手样本-跨境电商,10,跨境电商建站,跨境电商建站,2026-09-08T01:38:00+00:00
seed,google_web,Google Web 联想,https://suggestqueries.google.com/complete/search?client=firefox&hl=zh-CN&gl=cn&q=%E8%99%9A%E6%8B%9F%E5%B1%80%E5%9F%9F%E7%BD%91,虚拟局域网,快手样本-网络技术,1,虚拟局域网,虚拟局域网,2026-09-08T01:38:00+00:00
seed,google_web,Google Web 联想,https://suggestqueries.google.com/complete/search?client=firefox&hl=zh-CN&gl=cn&q=%E8%99%9A%E6%8B%9F%E5%B1%80%E5%9F%9F%E7%BD%91,虚拟局域网,快手样本-网络技术,2,虚拟局域网软件,虚拟局域网软件,2026-09-08T01:38:00+00:00
seed,google_web,Google Web 联想,https://suggestqueries.google.com/complete/search?client=firefox&hl=zh-CN&gl=cn&q=%E8%99%9A%E6%8B%9F%E5%B1%80%E5%9F%9F%E7%BD%91,虚拟局域网,快手样本-网络技术,3,虚拟局域网联机,虚拟局域网联机,2026-09-08T01:38:00+00:00
seed,google_web,Google Web 联想,https://suggestqueries.google.com/complete/search?client=firefox&hl=zh-CN&gl=cn&q=%E8%99%9A%E6%8B%9F%E5%B1%80%E5%9F%9F%E7%BD%91,虚拟局域网,快手样本-网络技术,4,虚拟局域网工具,虚拟局域网工具,2026-09-08T01:38:00+00:00
seed,google_web,Google Web 联想,https://suggestqueries.google.com/complete/search?client=firefox&hl=zh-CN&gl=cn&q=%E8%99%9A%E6%8B%9F%E5%B1%80%E5%9F%9F%E7%BD%91,虚拟局域网,快手样本-网络技术,5,虚拟局域网搭建,虚拟局域网搭建,2026-09-08T01:38:00+00:00
seed,google_youtube,Google/YouTube 联想,https://suggestqueries.google.com/complete/search?client=firefox&hl=zh-CN&gl=cn&ds=yt&q=%E8%99%9A%E6%8B%9F%E5%B1%80%E5%9F%9F%E7%BD%91,虚拟局域网,快手样本-网络技术,1,虚拟局域网,虚拟局域网,2026-09-08T01:38:00+00:00
seed,bing_cn,Bing 中文联想,https://api.bing.com/osjson.aspx?query=%E8%99%9A%E6%8B%9F%E5%B1%80%E5%9F%9F%E7%BD%91&mkt=zh-CN,虚拟局域网,快手样本-网络技术,1,虚拟局域网,虚拟局域网,2026-09-08T01:38:00+00:00
seed,bing_cn,Bing 中文联想,https://api.bing.com/osjson.aspx?query=%E8%99%9A%E6%8B%9F%E5%B1%80%E5%9F%9F%E7%BD%91&mkt=zh-CN,虚拟局域网,快手样本-网络技术,2,虚拟局域网软件,虚拟局域网软件,2026-09-08T01:38:00+00:00
seed,bing_cn,Bing 中文联想,https://api.bing.com/osjson.aspx?query=%E8%99%9A%E6%8B%9F%E5%B1%80%E5%9F%9F%E7%BD%91&mkt=zh-CN,虚拟局域网,快手样本-网络技术,3,虚拟局域网联机,虚拟局域网联机,2026-09-08T01:38:00+00:00
seed,bing_cn,Bing 中文联想,https://api.bing.com/osjson.aspx?query=%E8%99%9A%E6%8B%9F%E5%B1%80%E5%9F%9F%E7%BD%91&mkt=zh-CN,虚拟局域网,快手样本-网络技术,4,虚拟局域网工具,虚拟局域网工具,2026-09-08T01:38:00+00:00
seed,bing_cn,Bing 中文联想,https://api.bing.com/osjson.aspx?query=%E8%99%9A%E6%8B%9F%E5%B1%80%E5%9F%9F%E7%BD%91&mkt=zh-CN,虚拟局域网,快手样本-网络技术,5,虚拟局域网radmin,虚拟局域网radmin,2026-09-08T01:38:00+00:00
seed,bing_cn,Bing 中文联想,https://api.bing.com/osjson.aspx?query=%E8%99%9A%E6%8B%9F%E5%B1%80%E5%9F%9F%E7%BD%91&mkt=zh-CN,虚拟局域网,快手样本-网络技术,6,虚拟局域网联机工具,虚拟局域网联机工具,2026-09-08T01:38:00+00:00
seed,bing_cn,Bing 中文联想,https://api.bing.com/osjson.aspx?query=%E8%99%9A%E6%8B%9F%E5%B1%80%E5%9F%9F%E7%BD%91&mkt=zh-CN,虚拟局域网,快手样本-网络技术,7,虚拟局域网是什么,虚拟局域网是什么,2026-09-08T01:38:00+00:00
seed,bing_cn,Bing 中文联想,https://api.bing.com/osjson.aspx?query=%E8%99%9A%E6%8B%9F%E5%B1%80%E5%9F%9F%E7%BD%91&mkt=zh-CN,虚拟局域网,快手样本-网络技术,8,虚拟局域网vlan,虚拟局域网vlan,2026-09-08T01:38:00+00:00
seed,bing_cn,Bing 中文联想,https://api.bing.com/osjson.aspx?query=%E8%99%9A%E6%8B%9F%E5%B1%80%E5%9F%9F%E7%BD%91&mkt=zh-CN,虚拟局域网,快手样本-网络技术,9,虚拟局域网 zerotier,虚拟局域网zerotier,2026-09-08T01:38:00+00:00
seed,bing_cn,Bing 中文联想,https://api.bing.com/osjson.aspx?query=%E8%99%9A%E6%8B%9F%E5%B1%80%E5%9F%9F%E7%BD%91&mkt=zh-CN,虚拟局域网,快手样本-网络技术,10,虚拟局域网的作用,虚拟局域网的作用,2026-09-08T01:38:00+00:00
seed,bing_cn,Bing 中文联想,https://api.bing.com/osjson.aspx?query=%E8%99%9A%E6%8B%9F%E5%B1%80%E5%9F%9F%E7%BD%91&mkt=zh-CN,虚拟局域网,快手样本-网络技术,11,虚拟局域网软件推荐,虚拟局域网软件推荐,2026-09-08T01:38:00+00:00
seed,bing_cn,Bing 中文联想,https://api.bing.com/osjson.aspx?query=%E8%99%9A%E6%8B%9F%E5%B1%80%E5%9F%9F%E7%BD%91&mkt=zh-CN,虚拟局域网,快手样本-网络技术,12,虚拟局域网技术,虚拟局域网技术,2026-09-08T01:38:00+00:00
seed,baidu,百度联想,https://suggestion.baidu.com/su?wd=%E8%99%9A%E6%8B%9F%E5%B1%80%E5%9F%9F%E7%BD%91&cb=cb,虚拟局域网,快手样本-网络技术,1,虚拟局域网,虚拟局域网,2026-09-08T01:38:00+00:00
seed,baidu,百度联想,https://suggestion.baidu.com/su?wd=%E8%99%9A%E6%8B%9F%E5%B1%80%E5%9F%9F%E7%BD%91&cb=cb,虚拟局域网,快手样本-网络技术,2,虚拟局域网怎么搭建,虚拟局域网怎么搭建,2026-09-08T01:38:00+00:00
seed,baidu,百度联想,https://suggestion.baidu.com/su?wd=%E8%99%9A%E6%8B%9F%E5%B1%80%E5%9F%9F%E7%BD%91&cb=cb,虚拟局域网,快手样本-网络技术,3,虚拟局域网工具,虚拟局域网工具,2026-09-08T01:38:00+00:00
seed,baidu,百度联想,https://suggestion.baidu.com/su?wd=%E8%99%9A%E6%8B%9F%E5%B1%80%E5%9F%9F%E7%BD%91&cb=cb,虚拟局域网,快手样本-网络技术,4,虚拟局域网搭建教程,虚拟局域网搭建教程,2026-09-08T01:38:00+00:00
seed,baidu,百度联想,https://suggestion.baidu.com/su?wd=%E8%99%9A%E6%8B%9F%E5%B1%80%E5%9F%9F%E7%BD%91&cb=cb,虚拟局域网,快手样本-网络技术,5,虚拟局域网联机工具,虚拟局域网联机工具,2026-09-08T01:38:00+00:00
seed,baidu,百度联想,https://suggestion.baidu.com/su?wd=%E8%99%9A%E6%8B%9F%E5%B1%80%E5%9F%9F%E7%BD%91&cb=cb,虚拟局域网,快手样本-网络技术,6,虚拟局域网联机,虚拟局域网联机,2026-09-08T01:38:00+00:00
seed,baidu,百度联想,https://suggestion.baidu.com/su?wd=%E8%99%9A%E6%8B%9F%E5%B1%80%E5%9F%9F%E7%BD%91&cb=cb,虚拟局域网,快手样本-网络技术,7,虚拟局域网的作用,虚拟局域网的作用,2026-09-08T01:38:00+00:00
seed,baidu,百度联想,https://suggestion.baidu.com/su?wd=%E8%99%9A%E6%8B%9F%E5%B1%80%E5%9F%9F%E7%BD%91&cb=cb,虚拟局域网,快手样本-网络技术,8,虚拟局域网的概念,虚拟局域网的概念,2026-09-08T01:38:00+00:00
seed,baidu,百度联想,https://suggestion.baidu.com/su?wd=%E8%99%9A%E6%8B%9F%E5%B1%80%E5%9F%9F%E7%BD%91&cb=cb,虚拟局域网,快手样本-网络技术,9,虚拟局域网的英文缩写,虚拟局域网的英文缩写,2026-09-08T01:38:00+00:00
seed,baidu,百度联想,https://suggestion.baidu.com/su?wd=%E8%99%9A%E6%8B%9F%E5%B1%80%E5%9F%9F%E7%BD%91&cb=cb,虚拟局域网,快手样本-网络技术,10,虚拟局域网是一种新型局域网吗,虚拟局域网是一种新型局域网吗,2026-09-08T01:38:00+00:00
seed,google_web,Google Web 联想,https://suggestqueries.google.com/complete/search?client=firefox&hl=zh-CN&gl=cn&q=apn%E8%AE%BE%E7%BD%AE,apn设置,快手样本-移动网络,1,apn设置,apn设置,2026-09-08T01:38:00+00:00
seed,google_youtube,Google/YouTube 联想,https://suggestqueries.google.com/complete/search?client=firefox&hl=zh-CN&gl=cn&ds=yt&q=apn%E8%AE%BE%E7%BD%AE,apn设置,快手样本-移动网络,1,apn设置,apn设置,2026-09-08T01:38:00+00:00
seed,bing_cn,Bing 中文联想,https://api.bing.com/osjson.aspx?query=apn%E8%AE%BE%E7%BD%AE&mkt=zh-CN,apn设置,快手样本-移动网络,1,apn设置,apn设置,2026-09-08T01:38:00+00:00
seed,bing_cn,Bing 中文联想,https://api.bing.com/osjson.aspx?query=apn%E8%AE%BE%E7%BD%AE&mkt=zh-CN,apn设置,快手样本-移动网络,2,apn设置是什么,apn设置是什么,2026-09-08T01:38:00+00:00
seed,bing_cn,Bing 中文联想,https://api.bing.com/osjson.aspx?query=apn%E8%AE%BE%E7%BD%AE&mkt=zh-CN,apn设置,快手样本-移动网络,3,apn设置什么网速比较快,apn设置什么网速比较快,2026-09-08T01:38:00+00:00
seed,bing_cn,Bing 中文联想,https://api.bing.com/osjson.aspx?query=apn%E8%AE%BE%E7%BD%AE&mkt=zh-CN,apn设置,快手样本-移动网络,4,apn设置电信,apn设置电信,2026-09-08T01:38:00+00:00
seed,bing_cn,Bing 中文联想,https://api.bing.com/osjson.aspx?query=apn%E8%AE%BE%E7%BD%AE&mkt=zh-CN,apn设置,快手样本-移动网络,5,apn设置联通,apn设置联通,2026-09-08T01:38:00+00:00
seed,bing_cn,Bing 中文联想,https://api.bing.com/osjson.aspx?query=apn%E8%AE%BE%E7%BD%AE&mkt=zh-CN,apn设置,快手样本-移动网络,6,apn设置为ctnet,apn设置为ctnet,2026-09-08T01:38:00+00:00
seed,bing_cn,Bing 中文联想,https://api.bing.com/osjson.aspx?query=apn%E8%AE%BE%E7%BD%AE&mkt=zh-CN,apn设置,快手样本-移动网络,7,apn设置移动,apn设置移动,2026-09-08T01:38:00+00:00
seed,bing_cn,Bing 中文联想,https://api.bing.com/osjson.aspx?query=apn%E8%AE%BE%E7%BD%AE&mkt=zh-CN,apn设置,快手样本-移动网络,8,apn设置鉴权方式,apn设置鉴权方式,2026-09-08T01:38:00+00:00
seed,bing_cn,Bing 中文联想,https://api.bing.com/osjson.aspx?query=apn%E8%AE%BE%E7%BD%AE&mkt=zh-CN,apn设置,快手样本-移动网络,9,apn设置cmiot,apn设置cmiot,2026-09-08T01:38:00+00:00
seed,bing_cn,Bing 中文联想,https://api.bing.com/osjson.aspx?query=apn%E8%AE%BE%E7%BD%AE&mkt=zh-CN,apn设置,快手样本-移动网络,10,apn设置dns,apn设置dns,2026-09-08T01:38:00+00:00
seed,bing_cn,Bing 中文联想,https://api.bing.com/osjson.aspx?query=apn%E8%AE%BE%E7%BD%AE&mkt=zh-CN,apn设置,快手样本-移动网络,11,apn设置电信4g,apn设置电信4g,2026-09-08T01:38:00+00:00
seed,bing_cn,Bing 中文联想,https://api.bing.com/osjson.aspx?query=apn%E8%AE%BE%E7%BD%AE&mkt=zh-CN,apn设置,快手样本-移动网络,12,apn设置电信5g,apn设置电信5g,2026-09-08T01:38:00+00:00
seed,baidu,百度联想,https://suggestion.baidu.com/su?wd=apn%E8%AE%BE%E7%BD%AE&cb=cb,apn设置,快手样本-移动网络,1,apn设置,apn设置,2026-09-08T01:38:00+00:00
seed,baidu,百度联想,https://suggestion.baidu.com/su?wd=apn%E8%AE%BE%E7%BD%AE&cb=cb,apn设置,快手样本-移动网络,2,apn设置是什么意思,apn设置是什么意思,2026-09-08T01:38:00+00:00
seed,baidu,百度联想,https://suggestion.baidu.com/su?wd=apn%E8%AE%BE%E7%BD%AE&cb=cb,apn设置,快手样本-移动网络,3,apn设置在哪里设置,apn设置在哪里设置,2026-09-08T01:38:00+00:00
seed,baidu,百度联想,https://suggestion.baidu.com/su?wd=apn%E8%AE%BE%E7%BD%AE&cb=cb,apn设置,快手样本-移动网络,4,apn设置成cmtd有什么后果,apn设置成cmtd有什么后果,2026-09-08T01:38:00+00:00
seed,baidu,百度联想,https://suggestion.baidu.com/su?wd=apn%E8%AE%BE%E7%BD%AE&cb=cb,apn设置,快手样本-移动网络,5,移动apn设置,移动apn设置,2026-09-08T01:38:00+00:00
seed,baidu,百度联想,https://suggestion.baidu.com/su?wd=apn%E8%AE%BE%E7%BD%AE&cb=cb,apn设置,快手样本-移动网络,6,联通apn设置,联通apn设置,2026-09-08T01:38:00+00:00
seed,baidu,百度联想,https://suggestion.baidu.com/su?wd=apn%E8%AE%BE%E7%BD%AE&cb=cb,apn设置,快手样本-移动网络,7,联通5g接入点apn设置,联通5g接入点apn设置,2026-09-08T01:38:00+00:00
seed,baidu,百度联想,https://suggestion.baidu.com/su?wd=apn%E8%AE%BE%E7%BD%AE&cb=cb,apn设置,快手样本-移动网络,8,电信5g接入点apn设置,电信5g接入点apn设置,2026-09-08T01:38:00+00:00
seed,baidu,百度联想,https://suggestion.baidu.com/su?wd=apn%E8%AE%BE%E7%BD%AE&cb=cb,apn设置,快手样本-移动网络,9,广电apn设置,广电apn设置,2026-09-08T01:38:00+00:00
seed,baidu,百度联想,https://suggestion.baidu.com/su?wd=apn%E8%AE%BE%E7%BD%AE&cb=cb,apn设置,快手样本-移动网络,10,中国广电apn设置,中国广电apn设置,2026-09-08T01:38:00+00:00
seed,google_web,Google Web 联想,https://suggestqueries.google.com/complete/search?client=firefox&hl=zh-CN&gl=cn&q=%E5%85%A8%E7%90%83%E8%8A%82%E7%82%B9,全球节点,快手样本-节点,1,全球节点,全球节点,2026-09-08T01:38:00+00:00
seed,google_web,Google Web 联想,https://suggestqueries.google.com/complete/search?client=firefox&hl=zh-CN&gl=cn&q=%E5%85%A8%E7%90%83%E8%8A%82%E7%82%B9,全球节点,快手样本-节点,2,全球节点vpn,全球节点vpn,2026-09-08T01:38:00+00:00
seed,google_web,Google Web 联想,https://suggestqueries.google.com/complete/search?client=firefox&hl=zh-CN&gl=cn&q=%E5%85%A8%E7%90%83%E8%8A%82%E7%82%B9,全球节点,快手样本-节点,3,全球节点测速,全球节点测速,2026-09-08T01:38:00+00:00
seed,google_web,Google Web 联想,https://suggestqueries.google.com/complete/search?client=firefox&hl=zh-CN&gl=cn&q=%E5%85%A8%E7%90%83%E8%8A%82%E7%82%B9,全球节点,快手样本-节点,4,全球节点测试,全球节点测试,2026-09-08T01:38:00+00:00
seed,google_youtube,Google/YouTube 联想,https://suggestqueries.google.com/complete/search?client=firefox&hl=zh-CN&gl=cn&ds=yt&q=%E5%85%A8%E7%90%83%E8%8A%82%E7%82%B9,全球节点,快手样本-节点,1,全球节点,全球节点,2026-09-08T01:38:00+00:00
seed,bing_cn,Bing 中文联想,https://api.bing.com/osjson.aspx?query=%E5%85%A8%E7%90%83%E8%8A%82%E7%82%B9&mkt=zh-CN,全球节点,快手样本-节点,1,全球节点,全球节点,2026-09-08T01:38:00+00:00
seed,bing_cn,Bing 中文联想,https://api.bing.com/osjson.aspx?query=%E5%85%A8%E7%90%83%E8%8A%82%E7%82%B9&mkt=zh-CN,全球节点,快手样本-节点,2,全球节点加速器,全球节点加速器,2026-09-08T01:38:00+00:00
seed,bing_cn,Bing 中文联想,https://api.bing.com/osjson.aspx?query=%E5%85%A8%E7%90%83%E8%8A%82%E7%82%B9&mkt=zh-CN,全球节点,快手样本-节点,3,全球节点机场,全球节点机场,2026-09-08T01:38:00+00:00
seed,bing_cn,Bing 中文联想,https://api.bing.com/osjson.aspx?query=%E5%85%A8%E7%90%83%E8%8A%82%E7%82%B9&mkt=zh-CN,全球节点,快手样本-节点,4,全球节点测速,全球节点测速,2026-09-08T01:38:00+00:00
seed,bing_cn,Bing 中文联想,https://api.bing.com/osjson.aspx?query=%E5%85%A8%E7%90%83%E8%8A%82%E7%82%B9&mkt=zh-CN,全球节点,快手样本-节点,5,全球节点订阅,全球节点订阅,2026-09-08T01:38:00+00:00
seed,bing_cn,Bing 中文联想,https://api.bing.com/osjson.aspx?query=%E5%85%A8%E7%90%83%E8%8A%82%E7%82%B9&mkt=zh-CN,全球节点,快手样本-节点,6,全球节点vpn,全球节点vpn,2026-09-08T01:38:00+00:00
seed,bing_cn,Bing 中文联想,https://api.bing.com/osjson.aspx?query=%E5%85%A8%E7%90%83%E8%8A%82%E7%82%B9&mkt=zh-CN,全球节点,快手样本-节点,7,全球节点访问测试,全球节点访问测试,2026-09-08T01:38:00+00:00
seed,bing_cn,Bing 中文联想,https://api.bing.com/osjson.aspx?query=%E5%85%A8%E7%90%83%E8%8A%82%E7%82%B9&mkt=zh-CN,全球节点,快手样本-节点,8,全球节点免费加速器,全球节点免费加速器,2026-09-08T01:38:00+00:00
seed,bing_cn,Bing 中文联想,https://api.bing.com/osjson.aspx?query=%E5%85%A8%E7%90%83%E8%8A%82%E7%82%B9&mkt=zh-CN,全球节点,快手样本-节点,9,全球节点测试,全球节点测试,2026-09-08T01:38:00+00:00
seed,bing_cn,Bing 中文联想,https://api.bing.com/osjson.aspx?query=%E5%85%A8%E7%90%83%E8%8A%82%E7%82%B9&mkt=zh-CN,全球节点,快手样本-节点,10,全球节点插件,全球节点插件,2026-09-08T01:38:00+00:00
seed,bing_cn,Bing 中文联想,https://api.bing.com/osjson.aspx?query=%E5%85%A8%E7%90%83%E8%8A%82%E7%82%B9&mkt=zh-CN,全球节点,快手样本-节点,11,全球节点购买,全球节点购买,2026-09-08T01:38:00+00:00
seed,bing_cn,Bing 中文联想,https://api.bing.com/osjson.aspx?query=%E5%85%A8%E7%90%83%E8%8A%82%E7%82%B9&mkt=zh-CN,全球节点,快手样本-节点,12,全球节点加速器免费,全球节点加速器免费,2026-09-08T01:38:00+00:00
seed,google_youtube,Google/YouTube 联想,https://suggestqueries.google.com/complete/search?client=firefox&hl=zh-CN&gl=cn&ds=yt&q=%E7%BD%91%E7%BB%9C%E5%BB%B6%E8%BF%9F%E5%8D%A1%E9%A1%BF,网络延迟卡顿,快手样本-网络排障,1,网络延迟,网络延迟,2026-09-08T01:38:00+00:00
seed,bing_cn,Bing 中文联想,https://api.bing.com/osjson.aspx?query=%E7%BD%91%E7%BB%9C%E5%BB%B6%E8%BF%9F%E5%8D%A1%E9%A1%BF&mkt=zh-CN,网络延迟卡顿,快手样本-网络排障,1,网络延迟卡顿,网络延迟卡顿,2026-09-08T01:38:00+00:00
seed,bing_cn,Bing 中文联想,https://api.bing.com/osjson.aspx?query=%E7%BD%91%E7%BB%9C%E5%BB%B6%E8%BF%9F%E5%8D%A1%E9%A1%BF&mkt=zh-CN,网络延迟卡顿,快手样本-网络排障,2,暗黑4卡顿与网络延迟,暗黑4卡顿与网络延迟,2026-09-08T01:38:00+00:00
seed,bing_cn,Bing 中文联想,https://api.bing.com/osjson.aspx?query=%E7%BD%91%E7%BB%9C%E5%BB%B6%E8%BF%9F%E5%8D%A1%E9%A1%BF&mkt=zh-CN,网络延迟卡顿,快手样本-网络排障,3,暗黑4卡顿和网络延迟,暗黑4卡顿和网络延迟,2026-09-08T01:38:00+00:00
seed,bing_cn,Bing 中文联想,https://api.bing.com/osjson.aspx?query=%E7%BD%91%E7%BB%9C%E5%BB%B6%E8%BF%9F%E5%8D%A1%E9%A1%BF&mkt=zh-CN,网络延迟卡顿,快手样本-网络排障,4,亚服卡顿与网络延迟的区别,亚服卡顿与网络延迟的区别,2026-09-08T01:38:00+00:00
seed,bing_cn,Bing 中文联想,https://api.bing.com/osjson.aspx?query=%E7%BD%91%E7%BB%9C%E5%BB%B6%E8%BF%9F%E5%8D%A1%E9%A1%BF&mkt=zh-CN,网络延迟卡顿,快手样本-网络排障,5,网络延迟不高但是卡顿,网络延迟不高但是卡顿,2026-09-08T01:38:00+00:00
seed,bing_cn,Bing 中文联想,https://api.bing.com/osjson.aspx?query=%E7%BD%91%E7%BB%9C%E5%BB%B6%E8%BF%9F%E5%8D%A1%E9%A1%BF&mkt=zh-CN,网络延迟卡顿,快手样本-网络排障,6,网络延迟低但是游戏卡顿,网络延迟低但是游戏卡顿,2026-09-08T01:38:00+00:00
seed,bing_cn,Bing 中文联想,https://api.bing.com/osjson.aspx?query=%E7%BD%91%E7%BB%9C%E5%BB%B6%E8%BF%9F%E5%8D%A1%E9%A1%BF&mkt=zh-CN,网络延迟卡顿,快手样本-网络排障,7,网络延迟游戏卡顿,网络延迟游戏卡顿,2026-09-08T01:38:00+00:00
seed,bing_cn,Bing 中文联想,https://api.bing.com/osjson.aspx?query=%E7%BD%91%E7%BB%9C%E5%BB%B6%E8%BF%9F%E5%8D%A1%E9%A1%BF&mkt=zh-CN,网络延迟卡顿,快手样本-网络排障,8,窃贼地精联机高延迟优化网络告别卡顿指南,窃贼地精联机高延迟优化网络告别卡顿指南,2026-09-08T01:38:00+00:00
seed,bing_cn,Bing 中文联想,https://api.bing.com/osjson.aspx?query=%E7%BD%91%E7%BB%9C%E5%BB%B6%E8%BF%9F%E5%8D%A1%E9%A1%BF&mkt=zh-CN,网络延迟卡顿,快手样本-网络排障,9,视频监控画面花屏卡顿网络延迟如何解决,视频监控画面花屏卡顿网络延迟如何解决,2026-09-08T01:38:00+00:00
seed,baidu,百度联想,https://suggestion.baidu.com/su?wd=%E7%BD%91%E7%BB%9C%E5%BB%B6%E8%BF%9F%E5%8D%A1%E9%A1%BF&cb=cb,网络延迟卡顿,快手样本-网络排障,1,网络延迟卡顿怎么解决,网络延迟卡顿怎么解决,2026-09-08T01:38:00+00:00
seed,baidu,百度联想,https://suggestion.baidu.com/su?wd=%E7%BD%91%E7%BB%9C%E5%BB%B6%E8%BF%9F%E5%8D%A1%E9%A1%BF&cb=cb,网络延迟卡顿,快手样本-网络排障,2,网络延迟卡顿怎么回事?,网络延迟卡顿怎么回事,2026-09-08T01:38:00+00:00
seed,baidu,百度联想,https://suggestion.baidu.com/su?wd=%E7%BD%91%E7%BB%9C%E5%BB%B6%E8%BF%9F%E5%8D%A1%E9%A1%BF&cb=cb,网络延迟卡顿,快手样本-网络排障,3,网络延迟卡顿什么原因,网络延迟卡顿什么原因,2026-09-08T01:38:00+00:00
seed,baidu,百度联想,https://suggestion.baidu.com/su?wd=%E7%BD%91%E7%BB%9C%E5%BB%B6%E8%BF%9F%E5%8D%A1%E9%A1%BF&cb=cb,网络延迟卡顿,快手样本-网络排障,4,网络延迟卡顿怎么办,网络延迟卡顿怎么办,2026-09-08T01:38:00+00:00
seed,baidu,百度联想,https://suggestion.baidu.com/su?wd=%E7%BD%91%E7%BB%9C%E5%BB%B6%E8%BF%9F%E5%8D%A1%E9%A1%BF&cb=cb,网络延迟卡顿,快手样本-网络排障,5,怎样解决网络延迟卡顿,怎样解决网络延迟卡顿,2026-09-08T01:38:00+00:00
seed,baidu,百度联想,https://suggestion.baidu.com/su?wd=%E7%BD%91%E7%BB%9C%E5%BB%B6%E8%BF%9F%E5%8D%A1%E9%A1%BF&cb=cb,网络延迟卡顿,快手样本-网络排障,6,网络延迟缓慢怎么办,网络延迟缓慢怎么办,2026-09-08T01:38:00+00:00
seed,baidu,百度联想,https://suggestion.baidu.com/su?wd=%E7%BD%91%E7%BB%9C%E5%BB%B6%E8%BF%9F%E5%8D%A1%E9%A1%BF&cb=cb,网络延迟卡顿,快手样本-网络排障,7,网络延迟kale,网络延迟kale,2026-09-08T01:38:00+00:00
seed,baidu,百度联想,https://suggestion.baidu.com/su?wd=%E7%BD%91%E7%BB%9C%E5%BB%B6%E8%BF%9F%E5%8D%A1%E9%A1%BF&cb=cb,网络延迟卡顿,快手样本-网络排障,8,网络特别卡延迟高,网络特别卡延迟高,2026-09-08T01:38:00+00:00
seed,baidu,百度联想,https://suggestion.baidu.com/su?wd=%E7%BD%91%E7%BB%9C%E5%BB%B6%E8%BF%9F%E5%8D%A1%E9%A1%BF&cb=cb,网络延迟卡顿,快手样本-网络排障,9,网络延迟大解决,网络延迟大解决,2026-09-08T01:38:00+00:00
seed,baidu,百度联想,https://suggestion.baidu.com/su?wd=%E7%BD%91%E7%BB%9C%E5%BB%B6%E8%BF%9F%E5%8D%A1%E9%A1%BF&cb=cb,网络延迟卡顿,快手样本-网络排障,10,网络延迟lags怎么解决,网络延迟lags怎么解决,2026-09-08T01:38:00+00:00
seed,google_youtube,Google/YouTube 联想,https://suggestqueries.google.com/complete/search?client=firefox&hl=zh-CN&gl=cn&ds=yt&q=%E6%B8%B8%E6%88%8F%E7%BD%91%E7%BB%9C%E5%BB%B6%E8%BF%9F,游戏网络延迟,快手样本-游戏网络,1,网络延迟,网络延迟,2026-09-08T01:38:00+00:00
seed,bing_cn,Bing 中文联想,https://api.bing.com/osjson.aspx?query=%E6%B8%B8%E6%88%8F%E7%BD%91%E7%BB%9C%E5%BB%B6%E8%BF%9F&mkt=zh-CN,游戏网络延迟,快手样本-游戏网络,1,游戏网络延迟测试,游戏网络延迟测试,2026-09-08T01:38:00+00:00
seed,bing_cn,Bing 中文联想,https://api.bing.com/osjson.aspx?query=%E6%B8%B8%E6%88%8F%E7%BD%91%E7%BB%9C%E5%BB%B6%E8%BF%9F&mkt=zh-CN,游戏网络延迟,快手样本-游戏网络,2,游戏网络延迟高怎么解决,游戏网络延迟高怎么解决,2026-09-08T01:38:00+00:00
seed,bing_cn,Bing 中文联想,https://api.bing.com/osjson.aspx?query=%E6%B8%B8%E6%88%8F%E7%BD%91%E7%BB%9C%E5%BB%B6%E8%BF%9F&mkt=zh-CN,游戏网络延迟,快手样本-游戏网络,3,游戏网络延迟,游戏网络延迟,2026-09-08T01:38:00+00:00
seed,bing_cn,Bing 中文联想,https://api.bing.com/osjson.aspx?query=%E6%B8%B8%E6%88%8F%E7%BD%91%E7%BB%9C%E5%BB%B6%E8%BF%9F&mkt=zh-CN,游戏网络延迟,快手样本-游戏网络,4,游戏网络延迟测速,游戏网络延迟测速,2026-09-08T01:38:00+00:00
seed,bing_cn,Bing 中文联想,https://api.bing.com/osjson.aspx?query=%E6%B8%B8%E6%88%8F%E7%BD%91%E7%BB%9C%E5%BB%B6%E8%BF%9F&mkt=zh-CN,游戏网络延迟,快手样本-游戏网络,5,游戏网络延迟监控,游戏网络延迟监控,2026-09-08T01:38:00+00:00
seed,bing_cn,Bing 中文联想,https://api.bing.com/osjson.aspx?query=%E6%B8%B8%E6%88%8F%E7%BD%91%E7%BB%9C%E5%BB%B6%E8%BF%9F&mkt=zh-CN,游戏网络延迟,快手样本-游戏网络,6,游戏网络延迟高怎么办,游戏网络延迟高怎么办,2026-09-08T01:38:00+00:00
seed,bing_cn,Bing 中文联想,https://api.bing.com/osjson.aspx?query=%E6%B8%B8%E6%88%8F%E7%BD%91%E7%BB%9C%E5%BB%B6%E8%BF%9F&mkt=zh-CN,游戏网络延迟,快手样本-游戏网络,7,游戏网络延迟测试工具,游戏网络延迟测试工具,2026-09-08T01:38:00+00:00
seed,bing_cn,Bing 中文联想,https://api.bing.com/osjson.aspx?query=%E6%B8%B8%E6%88%8F%E7%BD%91%E7%BB%9C%E5%BB%B6%E8%BF%9F&mkt=zh-CN,游戏网络延迟,快手样本-游戏网络,8,游戏网络延迟怎么降低,游戏网络延迟怎么降低,2026-09-08T01:38:00+00:00
seed,bing_cn,Bing 中文联想,https://api.bing.com/osjson.aspx?query=%E6%B8%B8%E6%88%8F%E7%BD%91%E7%BB%9C%E5%BB%B6%E8%BF%9F&mkt=zh-CN,游戏网络延迟,快手样本-游戏网络,9,游戏网络延迟多少ms算正常,游戏网络延迟多少ms算正常,2026-09-08T01:38:00+00:00
seed,bing_cn,Bing 中文联想,https://api.bing.com/osjson.aspx?query=%E6%B8%B8%E6%88%8F%E7%BD%91%E7%BB%9C%E5%BB%B6%E8%BF%9F&mkt=zh-CN,游戏网络延迟,快手样本-游戏网络,10,游戏网络延迟检测,游戏网络延迟检测,2026-09-08T01:38:00+00:00
seed,bing_cn,Bing 中文联想,https://api.bing.com/osjson.aspx?query=%E6%B8%B8%E6%88%8F%E7%BD%91%E7%BB%9C%E5%BB%B6%E8%BF%9F&mkt=zh-CN,游戏网络延迟,快手样本-游戏网络,11,游戏网络延迟图标,游戏网络延迟图标,2026-09-08T01:38:00+00:00
seed,bing_cn,Bing 中文联想,https://api.bing.com/osjson.aspx?query=%E6%B8%B8%E6%88%8F%E7%BD%91%E7%BB%9C%E5%BB%B6%E8%BF%9F&mkt=zh-CN,游戏网络延迟,快手样本-游戏网络,12,游戏网络延迟很高,游戏网络延迟很高,2026-09-08T01:38:00+00:00
seed,baidu,百度联想,https://suggestion.baidu.com/su?wd=%E6%B8%B8%E6%88%8F%E7%BD%91%E7%BB%9C%E5%BB%B6%E8%BF%9F&cb=cb,游戏网络延迟,快手样本-游戏网络,1,游戏网络延迟多少正常,游戏网络延迟多少正常,2026-09-08T01:38:00+00:00
seed,baidu,百度联想,https://suggestion.baidu.com/su?wd=%E6%B8%B8%E6%88%8F%E7%BD%91%E7%BB%9C%E5%BB%B6%E8%BF%9F&cb=cb,游戏网络延迟,快手样本-游戏网络,2,游戏网络延迟高怎么解决,游戏网络延迟高怎么解决,2026-09-08T01:38:00+00:00
seed,baidu,百度联想,https://suggestion.baidu.com/su?wd=%E6%B8%B8%E6%88%8F%E7%BD%91%E7%BB%9C%E5%BB%B6%E8%BF%9F&cb=cb,游戏网络延迟,快手样本-游戏网络,3,游戏网络延迟测试,游戏网络延迟测试,2026-09-08T01:38:00+00:00
seed,baidu,百度联想,https://suggestion.baidu.com/su?wd=%E6%B8%B8%E6%88%8F%E7%BD%91%E7%BB%9C%E5%BB%B6%E8%BF%9F&cb=cb,游戏网络延迟,快手样本-游戏网络,4,游戏网络延迟多少算正常,游戏网络延迟多少算正常,2026-09-08T01:38:00+00:00
seed,baidu,百度联想,https://suggestion.baidu.com/su?wd=%E6%B8%B8%E6%88%8F%E7%BD%91%E7%BB%9C%E5%BB%B6%E8%BF%9F&cb=cb,游戏网络延迟,快手样本-游戏网络,5,游戏网络延迟多少ms算正常,游戏网络延迟多少ms算正常,2026-09-08T01:38:00+00:00
seed,baidu,百度联想,https://suggestion.baidu.com/su?wd=%E6%B8%B8%E6%88%8F%E7%BD%91%E7%BB%9C%E5%BB%B6%E8%BF%9F&cb=cb,游戏网络延迟,快手样本-游戏网络,6,游戏网络延迟高是什么原因,游戏网络延迟高是什么原因,2026-09-08T01:38:00+00:00
seed,baidu,百度联想,https://suggestion.baidu.com/su?wd=%E6%B8%B8%E6%88%8F%E7%BD%91%E7%BB%9C%E5%BB%B6%E8%BF%9F&cb=cb,游戏网络延迟,快手样本-游戏网络,7,游戏网络延迟和什么有关系吗,游戏网络延迟和什么有关系吗,2026-09-08T01:38:00+00:00
seed,baidu,百度联想,https://suggestion.baidu.com/su?wd=%E6%B8%B8%E6%88%8F%E7%BD%91%E7%BB%9C%E5%BB%B6%E8%BF%9F&cb=cb,游戏网络延迟,快手样本-游戏网络,8,游戏网络延迟怎么看,游戏网络延迟怎么看,2026-09-08T01:38:00+00:00
seed,baidu,百度联想,https://suggestion.baidu.com/su?wd=%E6%B8%B8%E6%88%8F%E7%BD%91%E7%BB%9C%E5%BB%B6%E8%BF%9F&cb=cb,游戏网络延迟,快手样本-游戏网络,9,游戏网络延迟高,游戏网络延迟高,2026-09-08T01:38:00+00:00
seed,baidu,百度联想,https://suggestion.baidu.com/su?wd=%E6%B8%B8%E6%88%8F%E7%BD%91%E7%BB%9C%E5%BB%B6%E8%BF%9F&cb=cb,游戏网络延迟,快手样本-游戏网络,10,游戏网络延迟抖动多少会卡,游戏网络延迟抖动多少会卡,2026-09-08T01:38:00+00:00
seed,google_youtube,Google/YouTube 联想,https://suggestqueries.google.com/complete/search?client=firefox&hl=zh-CN&gl=cn&ds=yt&q=%E6%B5%B7%E5%A4%96%E7%BD%91%E7%BB%9C%E5%8D%A1%E9%A1%BF,海外网络卡顿,快手样本-海外访问,1,苹果手机卡顿反应慢怎么办,苹果手机卡顿反应慢怎么办,2026-09-08T01:38:00+00:00
seed,baidu,百度联想,https://suggestion.baidu.com/su?wd=%E6%B5%B7%E5%A4%96%E7%BD%91%E7%BB%9C%E5%8D%A1%E9%A1%BF&cb=cb,海外网络卡顿,快手样本-海外访问,1,海外网络哪里找,海外网络哪里找,2026-09-08T01:38:00+00:00
seed,baidu,百度联想,https://suggestion.baidu.com/su?wd=%E6%B5%B7%E5%A4%96%E7%BD%91%E7%BB%9C%E5%8D%A1%E9%A1%BF&cb=cb,海外网络卡顿,快手样本-海外访问,2,海外网络专线多少钱,海外网络专线多少钱,2026-09-08T01:38:00+00:00
seed,baidu,百度联想,https://suggestion.baidu.com/su?wd=%E6%B5%B7%E5%A4%96%E7%BD%91%E7%BB%9C%E5%8D%A1%E9%A1%BF&cb=cb,海外网络卡顿,快手样本-海外访问,3,海外网络转换器多少钱一个,海外网络转换器多少钱一个,2026-09-08T01:38:00+00:00
seed,baidu,百度联想,https://suggestion.baidu.com/su?wd=%E6%B5%B7%E5%A4%96%E7%BD%91%E7%BB%9C%E5%8D%A1%E9%A1%BF&cb=cb,海外网络卡顿,快手样本-海外访问,4,海外网络卡顿怎么解决,海外网络卡顿怎么解决,2026-09-08T01:38:00+00:00
seed,baidu,百度联想,https://suggestion.baidu.com/su?wd=%E6%B5%B7%E5%A4%96%E7%BD%91%E7%BB%9C%E5%8D%A1%E9%A1%BF&cb=cb,海外网络卡顿,快手样本-海外访问,5,海外网络卡顿怎么办,海外网络卡顿怎么办,2026-09-08T01:38:00+00:00
seed,baidu,百度联想,https://suggestion.baidu.com/su?wd=%E6%B5%B7%E5%A4%96%E7%BD%91%E7%BB%9C%E5%8D%A1%E9%A1%BF&cb=cb,海外网络卡顿,快手样本-海外访问,6,海外网络卡顿什么原因,海外网络卡顿什么原因,2026-09-08T01:38:00+00:00
seed,baidu,百度联想,https://suggestion.baidu.com/su?wd=%E6%B5%B7%E5%A4%96%E7%BD%91%E7%BB%9C%E5%8D%A1%E9%A1%BF&cb=cb,海外网络卡顿,快手样本-海外访问,7,国外网速慢怎么解决,国外网速慢怎么解决,2026-09-08T01:38:00+00:00
seed,baidu,百度联想,https://suggestion.baidu.com/su?wd=%E6%B5%B7%E5%A4%96%E7%BD%91%E7%BB%9C%E5%8D%A1%E9%A1%BF&cb=cb,海外网络卡顿,快手样本-海外访问,8,国外的网站特别卡怎么办,国外的网站特别卡怎么办,2026-09-08T01:38:00+00:00
seed,baidu,百度联想,https://suggestion.baidu.com/su?wd=%E6%B5%B7%E5%A4%96%E7%BD%91%E7%BB%9C%E5%8D%A1%E9%A1%BF&cb=cb,海外网络卡顿,快手样本-海外访问,9,海外网速,海外网速,2026-09-08T01:38:00+00:00
seed,baidu,百度联想,https://suggestion.baidu.com/su?wd=%E6%B5%B7%E5%A4%96%E7%BD%91%E7%BB%9C%E5%8D%A1%E9%A1%BF&cb=cb,海外网络卡顿,快手样本-海外访问,10,国外上网卡,国外上网卡,2026-09-08T01:38:00+00:00
seed,google_youtube,Google/YouTube 联想,https://suggestqueries.google.com/complete/search?client=firefox&hl=zh-CN&gl=cn&ds=yt&q=%E6%B5%B7%E5%A4%96%E7%95%99%E5%AD%A6%E7%94%9F%E7%BD%91%E7%BB%9C%E5%8D%A1%E9%A1%BF,海外留学生网络卡顿,快手样本-海外访问,1,国外购物app,国外购物app,2026-09-08T01:38:00+00:00
seed,baidu,百度联想,https://suggestion.baidu.com/su?wd=%E6%B5%B7%E5%A4%96%E7%95%99%E5%AD%A6%E7%94%9F%E7%BD%91%E7%BB%9C%E5%8D%A1%E9%A1%BF&cb=cb,海外留学生网络卡顿,快手样本-海外访问,1,海外留学生网络卡顿怎么办,海外留学生网络卡顿怎么办,2026-09-08T01:38:00+00:00
seed,baidu,百度联想,https://suggestion.baidu.com/su?wd=%E6%B5%B7%E5%A4%96%E7%95%99%E5%AD%A6%E7%94%9F%E7%BD%91%E7%BB%9C%E5%8D%A1%E9%A1%BF&cb=cb,海外留学生网络卡顿,快手样本-海外访问,2,海外留学生网络卡顿原因,海外留学生网络卡顿原因,2026-09-08T01:38:00+00:00
seed,baidu,百度联想,https://suggestion.baidu.com/su?wd=%E6%B5%B7%E5%A4%96%E7%95%99%E5%AD%A6%E7%94%9F%E7%BD%91%E7%BB%9C%E5%8D%A1%E9%A1%BF&cb=cb,海外留学生网络卡顿,快手样本-海外访问,3,海外留学生网站,海外留学生网站,2026-09-08T01:38:00+00:00
seed,baidu,百度联想,https://suggestion.baidu.com/su?wd=%E6%B5%B7%E5%A4%96%E7%95%99%E5%AD%A6%E7%94%9F%E7%BD%91%E7%BB%9C%E5%8D%A1%E9%A1%BF&cb=cb,海外留学生网络卡顿,快手样本-海外访问,4,留学生回国上网,留学生回国上网,2026-09-08T01:38:00+00:00
seed,baidu,百度联想,https://suggestion.baidu.com/su?wd=%E6%B5%B7%E5%A4%96%E7%95%99%E5%AD%A6%E7%94%9F%E7%BD%91%E7%BB%9C%E5%8D%A1%E9%A1%BF&cb=cb,海外留学生网络卡顿,快手样本-海外访问,5,海外留学生网的服务内容,海外留学生网的服务内容,2026-09-08T01:38:00+00:00
seed,baidu,百度联想,https://suggestion.baidu.com/su?wd=%E6%B5%B7%E5%A4%96%E7%95%99%E5%AD%A6%E7%94%9F%E7%BD%91%E7%BB%9C%E5%8D%A1%E9%A1%BF&cb=cb,海外留学生网络卡顿,快手样本-海外访问,6,去国外留学国内的手机卡怎么办,去国外留学国内的手机卡怎么办,2026-09-08T01:38:00+00:00
seed,baidu,百度联想,https://suggestion.baidu.com/su?wd=%E6%B5%B7%E5%A4%96%E7%95%99%E5%AD%A6%E7%94%9F%E7%BD%91%E7%BB%9C%E5%8D%A1%E9%A1%BF&cb=cb,海外留学生网络卡顿,快手样本-海外访问,7,学生海外留学,学生海外留学,2026-09-08T01:38:00+00:00
seed,baidu,百度联想,https://suggestion.baidu.com/su?wd=%E6%B5%B7%E5%A4%96%E7%95%99%E5%AD%A6%E7%94%9F%E7%BD%91%E7%BB%9C%E5%8D%A1%E9%A1%BF&cb=cb,海外留学生网络卡顿,快手样本-海外访问,8,海外留学生在线社交平台,海外留学生在线社交平台,2026-09-08T01:38:00+00:00
seed,baidu,百度联想,https://suggestion.baidu.com/su?wd=%E6%B5%B7%E5%A4%96%E7%95%99%E5%AD%A6%E7%94%9F%E7%BD%91%E7%BB%9C%E5%8D%A1%E9%A1%BF&cb=cb,海外留学生网络卡顿,快手样本-海外访问,9,海外留学生论坛汇总,海外留学生论坛汇总,2026-09-08T01:38:00+00:00
seed,baidu,百度联想,https://suggestion.baidu.com/su?wd=%E6%B5%B7%E5%A4%96%E7%95%99%E5%AD%A6%E7%94%9F%E7%BD%91%E7%BB%9C%E5%8D%A1%E9%A1%BF&cb=cb,海外留学生网络卡顿,快手样本-海外访问,10,国外留学手机怎么解决,国外留学手机怎么解决,2026-09-08T01:38:00+00:00
seed,bing_cn,Bing 中文联想,https://api.bing.com/osjson.aspx?query=%E6%A0%A1%E5%9B%AD%E7%BD%91%E5%8D%A1%E9%A1%BF&mkt=zh-CN,校园网卡顿,快手样本-校园网,1,校园网卡顿怎么解决,校园网卡顿怎么解决,2026-09-08T01:38:00+00:00
seed,bing_cn,Bing 中文联想,https://api.bing.com/osjson.aspx?query=%E6%A0%A1%E5%9B%AD%E7%BD%91%E5%8D%A1%E9%A1%BF&mkt=zh-CN,校园网卡顿,快手样本-校园网,2,校园网卡顿,校园网卡顿,2026-09-08T01:38:00+00:00
seed,bing_cn,Bing 中文联想,https://api.bing.com/osjson.aspx?query=%E6%A0%A1%E5%9B%AD%E7%BD%91%E5%8D%A1%E9%A1%BF&mkt=zh-CN,校园网卡顿,快手样本-校园网,3,校园网卡顿丢包,校园网卡顿丢包,2026-09-08T01:38:00+00:00
seed,bing_cn,Bing 中文联想,https://api.bing.com/osjson.aspx?query=%E6%A0%A1%E5%9B%AD%E7%BD%91%E5%8D%A1%E9%A1%BF&mkt=zh-CN,校园网卡顿,快手样本-校园网,4,校园网卡顿怎么办,校园网卡顿怎么办,2026-09-08T01:38:00+00:00
seed,bing_cn,Bing 中文联想,https://api.bing.com/osjson.aspx?query=%E6%A0%A1%E5%9B%AD%E7%BD%91%E5%8D%A1%E9%A1%BF&mkt=zh-CN,校园网卡顿,快手样本-校园网,5,校园网卡顿怎么设置,校园网卡顿怎么设置,2026-09-08T01:38:00+00:00
seed,bing_cn,Bing 中文联想,https://api.bing.com/osjson.aspx?query=%E6%A0%A1%E5%9B%AD%E7%BD%91%E5%8D%A1%E9%A1%BF&mkt=zh-CN,校园网卡顿,快手样本-校园网,6,校园网卡顿怎么投诉,校园网卡顿怎么投诉,2026-09-08T01:38:00+00:00
seed,bing_cn,Bing 中文联想,https://api.bing.com/osjson.aspx?query=%E6%A0%A1%E5%9B%AD%E7%BD%91%E5%8D%A1%E9%A1%BF&mkt=zh-CN,校园网卡顿,快手样本-校园网,7,校园网卡顿解决方案,校园网卡顿解决方案,2026-09-08T01:38:00+00:00
seed,bing_cn,Bing 中文联想,https://api.bing.com/osjson.aspx?query=%E6%A0%A1%E5%9B%AD%E7%BD%91%E5%8D%A1%E9%A1%BF&mkt=zh-CN,校园网卡顿,快手样本-校园网,8,校园网卡顿解决方法,校园网卡顿解决方法,2026-09-08T01:38:00+00:00
seed,bing_cn,Bing 中文联想,https://api.bing.com/osjson.aspx?query=%E6%A0%A1%E5%9B%AD%E7%BD%91%E5%8D%A1%E9%A1%BF&mkt=zh-CN,校园网卡顿,快手样本-校园网,9,校园网卡顿怎么解决电脑,校园网卡顿怎么解决电脑,2026-09-08T01:38:00+00:00
seed,baidu,百度联想,https://suggestion.baidu.com/su?wd=%E6%A0%A1%E5%9B%AD%E7%BD%91%E5%8D%A1%E9%A1%BF&cb=cb,校园网卡顿,快手样本-校园网,1,校园网卡顿,校园网卡顿,2026-09-08T01:38:00+00:00
seed,baidu,百度联想,https://suggestion.baidu.com/su?wd=%E6%A0%A1%E5%9B%AD%E7%BD%91%E5%8D%A1%E9%A1%BF&cb=cb,校园网卡顿,快手样本-校园网,2,校园网卡顿解决方法,校园网卡顿解决方法,2026-09-08T01:38:00+00:00
seed,baidu,百度联想,https://suggestion.baidu.com/su?wd=%E6%A0%A1%E5%9B%AD%E7%BD%91%E5%8D%A1%E9%A1%BF&cb=cb,校园网卡顿,快手样本-校园网,3,校园网卡顿是什么原因,校园网卡顿是什么原因,2026-09-08T01:38:00+00:00
seed,baidu,百度联想,https://suggestion.baidu.com/su?wd=%E6%A0%A1%E5%9B%AD%E7%BD%91%E5%8D%A1%E9%A1%BF&cb=cb,校园网卡顿,快手样本-校园网,4,校园网卡顿解决办法,校园网卡顿解决办法,2026-09-08T01:38:00+00:00
seed,baidu,百度联想,https://suggestion.baidu.com/su?wd=%E6%A0%A1%E5%9B%AD%E7%BD%91%E5%8D%A1%E9%A1%BF&cb=cb,校园网卡顿,快手样本-校园网,5,校园网卡顿怎么处理,校园网卡顿怎么处理,2026-09-08T01:38:00+00:00
seed,baidu,百度联想,https://suggestion.baidu.com/su?wd=%E6%A0%A1%E5%9B%AD%E7%BD%91%E5%8D%A1%E9%A1%BF&cb=cb,校园网卡顿,快手样本-校园网,6,校园网卡顿的原因,校园网卡顿的原因,2026-09-08T01:38:00+00:00
seed,baidu,百度联想,https://suggestion.baidu.com/su?wd=%E6%A0%A1%E5%9B%AD%E7%BD%91%E5%8D%A1%E9%A1%BF&cb=cb,校园网卡顿,快手样本-校园网,7,校园网卡顿向哪个部门投诉,校园网卡顿向哪个部门投诉,2026-09-08T01:38:00+00:00
seed,baidu,百度联想,https://suggestion.baidu.com/su?wd=%E6%A0%A1%E5%9B%AD%E7%BD%91%E5%8D%A1%E9%A1%BF&cb=cb,校园网卡顿,快手样本-校园网,8,"校园网卡顿严重,如何优化网络设置或联系维修?","校园网卡顿严重,如何优化网络设置或联系维修",2026-09-08T01:38:00+00:00
seed,baidu,百度联想,https://suggestion.baidu.com/su?wd=%E6%A0%A1%E5%9B%AD%E7%BD%91%E5%8D%A1%E9%A1%BF&cb=cb,校园网卡顿,快手样本-校园网,9,校园网卡顿解决方法手机,校园网卡顿解决方法手机,2026-09-08T01:38:00+00:00
seed,baidu,百度联想,https://suggestion.baidu.com/su?wd=%E6%A0%A1%E5%9B%AD%E7%BD%91%E5%8D%A1%E9%A1%BF&cb=cb,校园网卡顿,快手样本-校园网,10,校园网卡顿怎么投诉,校园网卡顿怎么投诉,2026-09-08T01:38:00+00:00
seed,google_web,Google Web 联想,https://suggestqueries.google.com/complete/search?client=firefox&hl=zh-CN&gl=cn&q=%E6%A0%A1%E5%9B%AD%E7%BD%91vpn,校园网vpn,快手样本-校园网,1,校园网vpn,校园网vpn,2026-09-08T01:38:00+00:00
seed,google_youtube,Google/YouTube 联想,https://suggestqueries.google.com/complete/search?client=firefox&hl=zh-CN&gl=cn&ds=yt&q=%E6%A0%A1%E5%9B%AD%E7%BD%91vpn,校园网vpn,快手样本-校园网,1,校园网vpn,校园网vpn,2026-09-08T01:38:00+00:00
seed,google_youtube,Google/YouTube 联想,https://suggestqueries.google.com/complete/search?client=firefox&hl=zh-CN&gl=cn&ds=yt&q=%E6%A0%A1%E5%9B%AD%E7%BD%91vpn,校园网vpn,快手样本-校园网,2,校园网,校园网,2026-09-08T01:38:00+00:00
seed,google_youtube,Google/YouTube 联想,https://suggestqueries.google.com/complete/search?client=firefox&hl=zh-CN&gl=cn&ds=yt&q=%E6%A0%A1%E5%9B%AD%E7%BD%91vpn,校园网vpn,快手样本-校园网,3,校园网翻墙,校园网翻墙,2026-09-08T01:38:00+00:00
seed,bing_cn,Bing 中文联想,https://api.bing.com/osjson.aspx?query=%E6%A0%A1%E5%9B%AD%E7%BD%91vpn&mkt=zh-CN,校园网vpn,快手样本-校园网,1,校园网vpn,校园网vpn,2026-09-08T01:38:00+00:00
seed,bing_cn,Bing 中文联想,https://api.bing.com/osjson.aspx?query=%E6%A0%A1%E5%9B%AD%E7%BD%91vpn&mkt=zh-CN,校园网vpn,快手样本-校园网,2,校园网vpn连不上,校园网vpn连不上,2026-09-08T01:38:00+00:00
seed,bing_cn,Bing 中文联想,https://api.bing.com/osjson.aspx?query=%E6%A0%A1%E5%9B%AD%E7%BD%91vpn&mkt=zh-CN,校园网vpn,快手样本-校园网,3,校园网vpn怎么挂,校园网vpn怎么挂,2026-09-08T01:38:00+00:00
seed,bing_cn,Bing 中文联想,https://api.bing.com/osjson.aspx?query=%E6%A0%A1%E5%9B%AD%E7%BD%91vpn&mkt=zh-CN,校园网vpn,快手样本-校园网,4,校园网vpn评测,校园网vpn评测,2026-09-08T01:38:00+00:00
seed,bing_cn,Bing 中文联想,https://api.bing.com/osjson.aspx?query=%E6%A0%A1%E5%9B%AD%E7%BD%91vpn&mkt=zh-CN,校园网vpn,快手样本-校园网,5,校园网vpn软件,校园网vpn软件,2026-09-08T01:38:00+00:00
seed,bing_cn,Bing 中文联想,https://api.bing.com/osjson.aspx?query=%E6%A0%A1%E5%9B%AD%E7%BD%91vpn&mkt=zh-CN,校园网vpn,快手样本-校园网,6,校园网vpn推荐,校园网vpn推荐,2026-09-08T01:38:00+00:00
seed,bing_cn,Bing 中文联想,https://api.bing.com/osjson.aspx?query=%E6%A0%A1%E5%9B%AD%E7%BD%91vpn&mkt=zh-CN,校园网vpn,快手样本-校园网,7,校园网vpn优势,校园网vpn优势,2026-09-08T01:38:00+00:00
seed,bing_cn,Bing 中文联想,https://api.bing.com/osjson.aspx?query=%E6%A0%A1%E5%9B%AD%E7%BD%91vpn&mkt=zh-CN,校园网vpn,快手样本-校园网,8,校园网vpn速度,校园网vpn速度,2026-09-08T01:38:00+00:00
seed,bing_cn,Bing 中文联想,https://api.bing.com/osjson.aspx?query=%E6%A0%A1%E5%9B%AD%E7%BD%91vpn&mkt=zh-CN,校园网vpn,快手样本-校园网,9,校园网vpn问题,校园网vpn问题,2026-09-08T01:38:00+00:00
seed,bing_cn,Bing 中文联想,https://api.bing.com/osjson.aspx?query=%E6%A0%A1%E5%9B%AD%E7%BD%91vpn&mkt=zh-CN,校园网vpn,快手样本-校园网,10,校园网vpn安全,校园网vpn安全,2026-09-08T01:38:00+00:00
seed,bing_cn,Bing 中文联想,https://api.bing.com/osjson.aspx?query=%E6%A0%A1%E5%9B%AD%E7%BD%91vpn&mkt=zh-CN,校园网vpn,快手样本-校园网,11,校园网vpn免费吗,校园网vpn免费吗,2026-09-08T01:38:00+00:00
seed,bing_cn,Bing 中文联想,https://api.bing.com/osjson.aspx?query=%E6%A0%A1%E5%9B%AD%E7%BD%91vpn&mkt=zh-CN,校园网vpn,快手样本-校园网,12,校园网vpn安全性,校园网vpn安全性,2026-09-08T01:38:00+00:00
seed,google_web,Google Web 联想,https://suggestqueries.google.com/complete/search?client=firefox&hl=zh-CN&gl=cn&q=%E9%AB%98ping,高ping,快手样本-网络排障,1,高平陵之变,高平陵之变,2026-09-08T01:38:00+00:00
seed,google_web,Google Web 联想,https://suggestqueries.google.com/complete/search?client=firefox&hl=zh-CN&gl=cn&q=%E9%AB%98ping,高ping,快手样本-网络排障,2,高平,高平,2026-09-08T01:38:00+00:00
seed,google_web,Google Web 联想,https://suggestqueries.google.com/complete/search?client=firefox&hl=zh-CN&gl=cn&q=%E9%AB%98ping,高ping,快手样本-网络排障,3,高平陵,高平陵,2026-09-08T01:38:00+00:00
seed,google_web,Google Web 联想,https://suggestqueries.google.com/complete/search?client=firefox&hl=zh-CN&gl=cn&q=%E9%AB%98ping,高ping,快手样本-网络排障,4,高平市,高平市,2026-09-08T01:38:00+00:00
seed,google_web,Google Web 联想,https://suggestqueries.google.com/complete/search?client=firefox&hl=zh-CN&gl=cn&q=%E9%AB%98ping,高ping,快手样本-网络排障,5,高平之战,高平之战,2026-09-08T01:38:00+00:00
seed,google_web,Google Web 联想,https://suggestqueries.google.com/complete/search?client=firefox&hl=zh-CN&gl=cn&q=%E9%AB%98ping,高ping,快手样本-网络排障,6,高平铁佛寺,高平铁佛寺,2026-09-08T01:38:00+00:00
seed,google_web,Google Web 联想,https://suggestqueries.google.com/complete/search?client=firefox&hl=zh-CN&gl=cn&q=%E9%AB%98ping,高ping,快手样本-网络排障,7,高平省,高平省,2026-09-08T01:38:00+00:00
seed,google_web,Google Web 联想,https://suggestqueries.google.com/complete/search?client=firefox&hl=zh-CN&gl=cn&q=%E9%AB%98ping,高ping,快手样本-网络排障,8,高平战役,高平战役,2026-09-08T01:38:00+00:00
seed,google_web,Google Web 联想,https://suggestqueries.google.com/complete/search?client=firefox&hl=zh-CN&gl=cn&q=%E9%AB%98ping,高ping,快手样本-网络排障,9,高评高贷,高评高贷,2026-09-08T01:38:00+00:00
seed,google_web,Google Web 联想,https://suggestqueries.google.com/complete/search?client=firefox&hl=zh-CN&gl=cn&q=%E9%AB%98ping,高ping,快手样本-网络排障,10,高品 港中深,高品港中深,2026-09-08T01:38:00+00:00
seed,google_youtube,Google/YouTube 联想,https://suggestqueries.google.com/complete/search?client=firefox&hl=zh-CN&gl=cn&ds=yt&q=%E9%AB%98ping,高ping,快手样本-网络排障,1,高平陵之变,高平陵之变,2026-09-08T01:38:00+00:00
seed,google_youtube,Google/YouTube 联想,https://suggestqueries.google.com/complete/search?client=firefox&hl=zh-CN&gl=cn&ds=yt&q=%E9%AB%98ping,高ping,快手样本-网络排障,2,高平,高平,2026-09-08T01:38:00+00:00
seed,google_youtube,Google/YouTube 联想,https://suggestqueries.google.com/complete/search?client=firefox&hl=zh-CN&gl=cn&ds=yt&q=%E9%AB%98ping,高ping,快手样本-网络排障,3,高平陵,高平陵,2026-09-08T01:38:00+00:00
seed,google_youtube,Google/YouTube 联想,https://suggestqueries.google.com/complete/search?client=firefox&hl=zh-CN&gl=cn&ds=yt&q=%E9%AB%98ping,高ping,快手样本-网络排障,4,高平战役,高平战役,2026-09-08T01:38:00+00:00
seed,google_youtube,Google/YouTube 联想,https://suggestqueries.google.com/complete/search?client=firefox&hl=zh-CN&gl=cn&ds=yt&q=%E9%AB%98ping,高ping,快手样本-网络排障,5,高平市,高平市,2026-09-08T01:38:00+00:00
seed,google_youtube,Google/YouTube 联想,https://suggestqueries.google.com/complete/search?client=firefox&hl=zh-CN&gl=cn&ds=yt&q=%E9%AB%98ping,高ping,快手样本-网络排障,6,高平之战,高平之战,2026-09-08T01:38:00+00:00
seed,google_youtube,Google/YouTube 联想,https://suggestqueries.google.com/complete/search?client=firefox&hl=zh-CN&gl=cn&ds=yt&q=%E9%AB%98ping,高ping,快手样本-网络排障,7,高评分电影,高评分电影,2026-09-08T01:38:00+00:00
seed,google_youtube,Google/YouTube 联想,https://suggestqueries.google.com/complete/search?client=firefox&hl=zh-CN&gl=cn&ds=yt&q=%E9%AB%98ping,高ping,快手样本-网络排障,8,高评高贷,高评高贷,2026-09-08T01:38:00+00:00
seed,google_youtube,Google/YouTube 联想,https://suggestqueries.google.com/complete/search?client=firefox&hl=zh-CN&gl=cn&ds=yt&q=%E9%AB%98ping,高ping,快手样本-网络排障,9,高评分短剧,高评分短剧,2026-09-08T01:38:00+00:00
seed,google_youtube,Google/YouTube 联想,https://suggestqueries.google.com/complete/search?client=firefox&hl=zh-CN&gl=cn&ds=yt&q=%E9%AB%98ping,高ping,快手样本-网络排障,10,高频感应加热机,高频感应加热机,2026-09-08T01:38:00+00:00
seed,bing_cn,Bing 中文联想,https://api.bing.com/osjson.aspx?query=%E9%AB%98ping&mkt=zh-CN,高ping,快手样本-网络排障,1,高平,高平,2026-09-08T01:38:00+00:00
seed,bing_cn,Bing 中文联想,https://api.bing.com/osjson.aspx?query=%E9%AB%98ping&mkt=zh-CN,高ping,快手样本-网络排障,2,高平陵之变,高平陵之变,2026-09-08T01:38:00+00:00
seed,bing_cn,Bing 中文联想,https://api.bing.com/osjson.aspx?query=%E9%AB%98ping&mkt=zh-CN,高ping,快手样本-网络排障,3,高平市,高平市,2026-09-08T01:38:00+00:00
seed,bing_cn,Bing 中文联想,https://api.bing.com/osjson.aspx?query=%E9%AB%98ping&mkt=zh-CN,高ping,快手样本-网络排障,4,高平天气,高平天气,2026-09-08T01:38:00+00:00
seed,bing_cn,Bing 中文联想,https://api.bing.com/osjson.aspx?query=%E9%AB%98ping&mkt=zh-CN,高ping,快手样本-网络排障,5,高坪区人民政府,高坪区人民政府,2026-09-08T01:38:00+00:00
seed,bing_cn,Bing 中文联想,https://api.bing.com/osjson.aspx?query=%E9%AB%98ping&mkt=zh-CN,高ping,快手样本-网络排障,6,高平之战,高平之战,2026-09-08T01:38:00+00:00
seed,bing_cn,Bing 中文联想,https://api.bing.com/osjson.aspx?query=%E9%AB%98ping&mkt=zh-CN,高ping,快手样本-网络排障,7,高评分电影,高评分电影,2026-09-08T01:38:00+00:00
seed,bing_cn,Bing 中文联想,https://api.bing.com/osjson.aspx?query=%E9%AB%98ping&mkt=zh-CN,高ping,快手样本-网络排障,8,高平市属于哪个市,高平市属于哪个市,2026-09-08T01:38:00+00:00
seed,bing_cn,Bing 中文联想,https://api.bing.com/osjson.aspx?query=%E9%AB%98ping&mkt=zh-CN,高ping,快手样本-网络排障,9,高平市人民政府网,高平市人民政府网,2026-09-08T01:38:00+00:00
seed,bing_cn,Bing 中文联想,https://api.bing.com/osjson.aspx?query=%E9%AB%98ping&mkt=zh-CN,高ping,快手样本-网络排障,10,高坪区人民医院,高坪区人民医院,2026-09-08T01:38:00+00:00
seed,bing_cn,Bing 中文联想,https://api.bing.com/osjson.aspx?query=%E9%AB%98ping&mkt=zh-CN,高ping,快手样本-网络排障,11,高平天气预报,高平天气预报,2026-09-08T01:38:00+00:00
seed,bing_cn,Bing 中文联想,https://api.bing.com/osjson.aspx?query=%E9%AB%98ping&mkt=zh-CN,高ping,快手样本-网络排障,12,高坪区人民政府官网,高坪区人民政府官网,2026-09-08T01:38:00+00:00
seed,baidu,百度联想,https://suggestion.baidu.com/su?wd=%E9%AB%98ping&cb=cb,高ping,快手样本-网络排障,1,高ping战士,高ping战士,2026-09-08T01:38:00+00:00
seed,baidu,百度联想,https://suggestion.baidu.com/su?wd=%E9%AB%98ping&cb=cb,高ping,快手样本-网络排障,2,高坪,高坪,2026-09-08T01:38:00+00:00
seed,baidu,百度联想,https://suggestion.baidu.com/su?wd=%E9%AB%98ping&cb=cb,高ping,快手样本-网络排障,3,高评高贷违法吗,高评高贷违法吗,2026-09-08T01:38:00+00:00
seed,baidu,百度联想,https://suggestion.baidu.com/su?wd=%E9%AB%98ping&cb=cb,高ping,快手样本-网络排障,4,高平陵之变,高平陵之变,2026-09-08T01:38:00+00:00
seed,baidu,百度联想,https://suggestion.baidu.com/su?wd=%E9%AB%98ping&cb=cb,高ping,快手样本-网络排障,5,高萍,高萍,2026-09-08T01:38:00+00:00
seed,baidu,百度联想,https://suggestion.baidu.com/su?wd=%E9%AB%98ping&cb=cb,高ping,快手样本-网络排障,6,高平市,高平市,2026-09-08T01:38:00+00:00
seed,baidu,百度联想,https://suggestion.baidu.com/su?wd=%E9%AB%98ping&cb=cb,高ping,快手样本-网络排障,7,高平天气,高平天气,2026-09-08T01:38:00+00:00
seed,baidu,百度联想,https://suggestion.baidu.com/su?wd=%E9%AB%98ping&cb=cb,高ping,快手样本-网络排障,8,高坪机场,高坪机场,2026-09-08T01:38:00+00:00
seed,baidu,百度联想,https://suggestion.baidu.com/su?wd=%E9%AB%98ping&cb=cb,高ping,快手样本-网络排障,9,高平市属于山西省哪个市,高平市属于山西省哪个市,2026-09-08T01:38:00+00:00
seed,baidu,百度联想,https://suggestion.baidu.com/su?wd=%E9%AB%98ping&cb=cb,高ping,快手样本-网络排障,10,高坪区属于哪个市,高坪区属于哪个市,2026-09-08T01:38:00+00:00
seed,google_web,Google Web 联想,https://suggestqueries.google.com/complete/search?client=firefox&hl=zh-CN&gl=cn&q=%E9%9A%8F%E8%BA%ABwifi,随身wifi,快手样本-移动网络,1,随身wifi,随身wifi,2026-09-08T01:38:00+00:00
seed,google_web,Google Web 联想,https://suggestqueries.google.com/complete/search?client=firefox&hl=zh-CN&gl=cn&q=%E9%9A%8F%E8%BA%ABwifi,随身wifi,快手样本-移动网络,2,随身wifi破解,随身wifi破解,2026-09-08T01:38:00+00:00
seed,google_web,Google Web 联想,https://suggestqueries.google.com/complete/search?client=firefox&hl=zh-CN&gl=cn&q=%E9%9A%8F%E8%BA%ABwifi,随身wifi,快手样本-移动网络,3,随身wifi推荐,随身wifi推荐,2026-09-08T01:38:00+00:00
seed,google_web,Google Web 联想,https://suggestqueries.google.com/complete/search?client=firefox&hl=zh-CN&gl=cn&q=%E9%9A%8F%E8%BA%ABwifi,随身wifi,快手样本-移动网络,4,随身wifi刷机,随身wifi刷机,2026-09-08T01:38:00+00:00
seed,google_web,Google Web 联想,https://suggestqueries.google.com/complete/search?client=firefox&hl=zh-CN&gl=cn&q=%E9%9A%8F%E8%BA%ABwifi,随身wifi,快手样本-移动网络,5,随身wifi助手github,随身wifi助手github,2026-09-08T01:38:00+00:00
seed,google_web,Google Web 联想,https://suggestqueries.google.com/complete/search?client=firefox&hl=zh-CN&gl=cn&q=%E9%9A%8F%E8%BA%ABwifi,随身wifi,快手样本-移动网络,6,随身wifi哪个好,随身wifi哪个好,2026-09-08T01:38:00+00:00
seed,google_web,Google Web 联想,https://suggestqueries.google.com/complete/search?client=firefox&hl=zh-CN&gl=cn&q=%E9%9A%8F%E8%BA%ABwifi,随身wifi,快手样本-移动网络,7,随身wifi破解无限流量,随身wifi破解无限流量,2026-09-08T01:38:00+00:00
seed,google_web,Google Web 联想,https://suggestqueries.google.com/complete/search?client=firefox&hl=zh-CN&gl=cn&q=%E9%9A%8F%E8%BA%ABwifi,随身wifi,快手样本-移动网络,8,随身wifi破解限速,随身wifi破解限速,2026-09-08T01:38:00+00:00
seed,google_web,Google Web 联想,https://suggestqueries.google.com/complete/search?client=firefox&hl=zh-CN&gl=cn&q=%E9%9A%8F%E8%BA%ABwifi,随身wifi,快手样本-移动网络,9,随身wifi怎么用,随身wifi怎么用,2026-09-08T01:38:00+00:00
seed,google_web,Google Web 联想,https://suggestqueries.google.com/complete/search?client=firefox&hl=zh-CN&gl=cn&q=%E9%9A%8F%E8%BA%ABwifi,随身wifi,快手样本-移动网络,10,随身wifi openwrt,随身wifi openwrt,2026-09-08T01:38:00+00:00
seed,google_youtube,Google/YouTube 联想,https://suggestqueries.google.com/complete/search?client=firefox&hl=zh-CN&gl=cn&ds=yt&q=%E9%9A%8F%E8%BA%ABwifi,随身wifi,快手样本-移动网络,1,随身wifi,随身wifi,2026-09-08T01:38:00+00:00
seed,google_youtube,Google/YouTube 联想,https://suggestqueries.google.com/complete/search?client=firefox&hl=zh-CN&gl=cn&ds=yt&q=%E9%9A%8F%E8%BA%ABwifi,随身wifi,快手样本-移动网络,2,随身wifi破解,随身wifi破解,2026-09-08T01:38:00+00:00
seed,google_youtube,Google/YouTube 联想,https://suggestqueries.google.com/complete/search?client=firefox&hl=zh-CN&gl=cn&ds=yt&q=%E9%9A%8F%E8%BA%ABwifi,随身wifi,快手样本-移动网络,3,随身wifi推荐,随身wifi推荐,2026-09-08T01:38:00+00:00
seed,google_youtube,Google/YouTube 联想,https://suggestqueries.google.com/complete/search?client=firefox&hl=zh-CN&gl=cn&ds=yt&q=%E9%9A%8F%E8%BA%ABwifi,随身wifi,快手样本-移动网络,4,随身wifi破解无限流量,随身wifi破解无限流量,2026-09-08T01:38:00+00:00
seed,google_youtube,Google/YouTube 联想,https://suggestqueries.google.com/complete/search?client=firefox&hl=zh-CN&gl=cn&ds=yt&q=%E9%9A%8F%E8%BA%ABwifi,随身wifi,快手样本-移动网络,5,随身wifi openwrt,随身wifi openwrt,2026-09-08T01:38:00+00:00
seed,google_youtube,Google/YouTube 联想,https://suggestqueries.google.com/complete/search?client=firefox&hl=zh-CN&gl=cn&ds=yt&q=%E9%9A%8F%E8%BA%ABwifi,随身wifi,快手样本-移动网络,6,随身wifi 翻墙,随身wifi翻墙,2026-09-08T01:38:00+00:00
seed,google_youtube,Google/YouTube 联想,https://suggestqueries.google.com/complete/search?client=firefox&hl=zh-CN&gl=cn&ds=yt&q=%E9%9A%8F%E8%BA%ABwifi,随身wifi,快手样本-移动网络,7,随身wifi去控,随身wifi去控,2026-09-08T01:38:00+00:00
seed,google_youtube,Google/YouTube 联想,https://suggestqueries.google.com/complete/search?client=firefox&hl=zh-CN&gl=cn&ds=yt&q=%E9%9A%8F%E8%BA%ABwifi,随身wifi,快手样本-移动网络,8,随身wifi刷openwrt,随身wifi刷openwrt,2026-09-08T01:38:00+00:00
seed,google_youtube,Google/YouTube 联想,https://suggestqueries.google.com/complete/search?client=firefox&hl=zh-CN&gl=cn&ds=yt&q=%E9%9A%8F%E8%BA%ABwifi,随身wifi,快手样本-移动网络,9,随身wifi刷机,随身wifi刷机,2026-09-08T01:38:00+00:00
seed,google_youtube,Google/YouTube 联想,https://suggestqueries.google.com/complete/search?client=firefox&hl=zh-CN&gl=cn&ds=yt&q=%E9%9A%8F%E8%BA%ABwifi,随身wifi,快手样本-移动网络,10,随身wifi 科学上网,随身wifi科学上网,2026-09-08T01:38:00+00:00
seed,bing_cn,Bing 中文联想,https://api.bing.com/osjson.aspx?query=%E9%9A%8F%E8%BA%ABwifi&mkt=zh-CN,随身wifi,快手样本-移动网络,1,随身wifi,随身wifi,2026-09-08T01:38:00+00:00
seed,bing_cn,Bing 中文联想,https://api.bing.com/osjson.aspx?query=%E9%9A%8F%E8%BA%ABwifi&mkt=zh-CN,随身wifi,快手样本-移动网络,2,随身wifi助手,随身wifi助手,2026-09-08T01:38:00+00:00
seed,bing_cn,Bing 中文联想,https://api.bing.com/osjson.aspx?query=%E9%9A%8F%E8%BA%ABwifi&mkt=zh-CN,随身wifi,快手样本-移动网络,3,随身wifi哪个牌子好,随身wifi哪个牌子好,2026-09-08T01:38:00+00:00
seed,bing_cn,Bing 中文联想,https://api.bing.com/osjson.aspx?query=%E9%9A%8F%E8%BA%ABwifi&mkt=zh-CN,随身wifi,快手样本-移动网络,4,随身wifi刷机,随身wifi刷机,2026-09-08T01:38:00+00:00
seed,bing_cn,Bing 中文联想,https://api.bing.com/osjson.aspx?query=%E9%9A%8F%E8%BA%ABwifi&mkt=zh-CN,随身wifi,快手样本-移动网络,5,随身wifi上飞机,随身wifi上飞机,2026-09-08T01:38:00+00:00
seed,bing_cn,Bing 中文联想,https://api.bing.com/osjson.aspx?query=%E9%9A%8F%E8%BA%ABwifi&mkt=zh-CN,随身wifi,快手样本-移动网络,6,随身wifi推荐,随身wifi推荐,2026-09-08T01:38:00+00:00
seed,bing_cn,Bing 中文联想,https://api.bing.com/osjson.aspx?query=%E9%9A%8F%E8%BA%ABwifi&mkt=zh-CN,随身wifi,快手样本-移动网络,7,随身wifi网速慢怎么解决,随身wifi网速慢怎么解决,2026-09-08T01:38:00+00:00
seed,bing_cn,Bing 中文联想,https://api.bing.com/osjson.aspx?query=%E9%9A%8F%E8%BA%ABwifi&mkt=zh-CN,随身wifi,快手样本-移动网络,8,随身wifi好用吗,随身wifi好用吗,2026-09-08T01:38:00+00:00
seed,bing_cn,Bing 中文联想,https://api.bing.com/osjson.aspx?query=%E9%9A%8F%E8%BA%ABwifi&mkt=zh-CN,随身wifi,快手样本-移动网络,9,随身wifi原理,随身wifi原理,2026-09-08T01:38:00+00:00
seed,bing_cn,Bing 中文联想,https://api.bing.com/osjson.aspx?query=%E9%9A%8F%E8%BA%ABwifi&mkt=zh-CN,随身wifi,快手样本-移动网络,10,随身wifi助手下载,随身wifi助手下载,2026-09-08T01:38:00+00:00
seed,bing_cn,Bing 中文联想,https://api.bing.com/osjson.aspx?query=%E9%9A%8F%E8%BA%ABwifi&mkt=zh-CN,随身wifi,快手样本-移动网络,11,随身wifi刷机工具,随身wifi刷机工具,2026-09-08T01:38:00+00:00
seed,bing_cn,Bing 中文联想,https://api.bing.com/osjson.aspx?query=%E9%9A%8F%E8%BA%ABwifi&mkt=zh-CN,随身wifi,快手样本-移动网络,12,随身wifi工具箱,随身wifi工具箱,2026-09-08T01:38:00+00:00
seed,baidu,百度联想,https://suggestion.baidu.com/su?wd=%E9%9A%8F%E8%BA%ABwifi&cb=cb,随身wifi,快手样本-移动网络,1,随身wifi哪个品牌好,随身wifi哪个品牌好,2026-09-08T01:38:00+00:00
seed,baidu,百度联想,https://suggestion.baidu.com/su?wd=%E9%9A%8F%E8%BA%ABwifi&cb=cb,随身wifi,快手样本-移动网络,2,随身wifi怎么交费,随身wifi怎么交费,2026-09-08T01:38:00+00:00
seed,baidu,百度联想,https://suggestion.baidu.com/su?wd=%E9%9A%8F%E8%BA%ABwifi&cb=cb,随身wifi,快手样本-移动网络,3,随身wifi可靠吗?,随身wifi可靠吗,2026-09-08T01:38:00+00:00
seed,baidu,百度联想,https://suggestion.baidu.com/su?wd=%E9%9A%8F%E8%BA%ABwifi&cb=cb,随身wifi,快手样本-移动网络,4,随身wifi怎么用,随身wifi怎么用,2026-09-08T01:38:00+00:00
seed,baidu,百度联想,https://suggestion.baidu.com/su?wd=%E9%9A%8F%E8%BA%ABwifi&cb=cb,随身wifi,快手样本-移动网络,5,随身wifi哪个牌子好信号稳定快,随身wifi哪个牌子好信号稳定快,2026-09-08T01:38:00+00:00
seed,baidu,百度联想,https://suggestion.baidu.com/su?wd=%E9%9A%8F%E8%BA%ABwifi&cb=cb,随身wifi,快手样本-移动网络,6,随身wifi那个牌子好用又实惠,随身wifi那个牌子好用又实惠,2026-09-08T01:38:00+00:00
seed,baidu,百度联想,https://suggestion.baidu.com/su?wd=%E9%9A%8F%E8%BA%ABwifi&cb=cb,随身wifi,快手样本-移动网络,7,随身wifi实名认证有风险吗,随身wifi实名认证有风险吗,2026-09-08T01:38:00+00:00
seed,baidu,百度联想,https://suggestion.baidu.com/su?wd=%E9%9A%8F%E8%BA%ABwifi&cb=cb,随身wifi,快手样本-移动网络,8,随身wifi修改密码登录入口,随身wifi修改密码登录入口,2026-09-08T01:38:00+00:00
seed,baidu,百度联想,https://suggestion.baidu.com/su?wd=%E9%9A%8F%E8%BA%ABwifi&cb=cb,随身wifi,快手样本-移动网络,9,随身wifi多少钱一个月,随身wifi多少钱一个月,2026-09-08T01:38:00+00:00
seed,baidu,百度联想,https://suggestion.baidu.com/su?wd=%E9%9A%8F%E8%BA%ABwifi&cb=cb,随身wifi,快手样本-移动网络,10,随身wifi最建议买三个牌子,随身wifi最建议买三个牌子,2026-09-08T01:38:00+00:00
seed,google_youtube,Google/YouTube 联想,https://suggestqueries.google.com/complete/search?client=firefox&hl=zh-CN&gl=cn&ds=yt&q=%E9%9A%8F%E8%BA%AB%E6%97%A0%E7%BA%BF%E5%AE%BD%E5%B8%A6,随身无线宽带,快手样本-移动网络,1,无线宽带,无线宽带,2026-09-08T01:38:00+00:00
seed,google_youtube,Google/YouTube 联想,https://suggestqueries.google.com/complete/search?client=firefox&hl=zh-CN&gl=cn&ds=yt&q=%E9%9A%8F%E8%BA%AB%E6%97%A0%E7%BA%BF%E5%AE%BD%E5%B8%A6,随身无线宽带,快手样本-移动网络,2,闲置宽带,闲置宽带,2026-09-08T01:38:00+00:00
seed,bing_cn,Bing 中文联想,https://api.bing.com/osjson.aspx?query=%E9%9A%8F%E8%BA%AB%E6%97%A0%E7%BA%BF%E5%AE%BD%E5%B8%A6&mkt=zh-CN,随身无线宽带,快手样本-移动网络,1,无线宽带和随身wifi,无线宽带和随身wifi,2026-09-08T01:38:00+00:00
seed,baidu,百度联想,https://suggestion.baidu.com/su?wd=%E9%9A%8F%E8%BA%AB%E6%97%A0%E7%BA%BF%E5%AE%BD%E5%B8%A6&cb=cb,随身无线宽带,快手样本-移动网络,1,随身无线宽带好用吗,随身无线宽带好用吗,2026-09-08T01:38:00+00:00
seed,baidu,百度联想,https://suggestion.baidu.com/su?wd=%E9%9A%8F%E8%BA%AB%E6%97%A0%E7%BA%BF%E5%AE%BD%E5%B8%A6&cb=cb,随身无线宽带,快手样本-移动网络,2,随身无线宽带是真的吗,随身无线宽带是真的吗,2026-09-08T01:38:00+00:00
seed,baidu,百度联想,https://suggestion.baidu.com/su?wd=%E9%9A%8F%E8%BA%AB%E6%97%A0%E7%BA%BF%E5%AE%BD%E5%B8%A6&cb=cb,随身无线宽带,快手样本-移动网络,3,随身无线宽带是什么意思,随身无线宽带是什么意思,2026-09-08T01:38:00+00:00
seed,baidu,百度联想,https://suggestion.baidu.com/su?wd=%E9%9A%8F%E8%BA%AB%E6%97%A0%E7%BA%BF%E5%AE%BD%E5%B8%A6&cb=cb,随身无线宽带,快手样本-移动网络,4,随身无线宽带哪个最好,随身无线宽带哪个最好,2026-09-08T01:38:00+00:00
seed,baidu,百度联想,https://suggestion.baidu.com/su?wd=%E9%9A%8F%E8%BA%AB%E6%97%A0%E7%BA%BF%E5%AE%BD%E5%B8%A6&cb=cb,随身无线宽带,快手样本-移动网络,5,随身无线宽带怎么样,随身无线宽带怎么样,2026-09-08T01:38:00+00:00
seed,baidu,百度联想,https://suggestion.baidu.com/su?wd=%E9%9A%8F%E8%BA%AB%E6%97%A0%E7%BA%BF%E5%AE%BD%E5%B8%A6&cb=cb,随身无线宽带,快手样本-移动网络,6,随身无线宽带哪个最划算,随身无线宽带哪个最划算,2026-09-08T01:38:00+00:00
seed,baidu,百度联想,https://suggestion.baidu.com/su?wd=%E9%9A%8F%E8%BA%AB%E6%97%A0%E7%BA%BF%E5%AE%BD%E5%B8%A6&cb=cb,随身无线宽带,快手样本-移动网络,7,"随身无线宽带怎么办理,大概多少钱","随身无线宽带怎么办理,大概多少钱",2026-09-08T01:38:00+00:00
seed,baidu,百度联想,https://suggestion.baidu.com/su?wd=%E9%9A%8F%E8%BA%AB%E6%97%A0%E7%BA%BF%E5%AE%BD%E5%B8%A6&cb=cb,随身无线宽带,快手样本-移动网络,8,随身无线宽带联系不到卖家不好缴费,随身无线宽带联系不到卖家不好缴费,2026-09-08T01:38:00+00:00
seed,baidu,百度联想,https://suggestion.baidu.com/su?wd=%E9%9A%8F%E8%BA%AB%E6%97%A0%E7%BA%BF%E5%AE%BD%E5%B8%A6&cb=cb,随身无线宽带,快手样本-移动网络,9,随身无线宽带路由器怎么用,随身无线宽带路由器怎么用,2026-09-08T01:38:00+00:00
seed,baidu,百度联想,https://suggestion.baidu.com/su?wd=%E9%9A%8F%E8%BA%AB%E6%97%A0%E7%BA%BF%E5%AE%BD%E5%B8%A6&cb=cb,随身无线宽带,快手样本-移动网络,10,随身无线宽带怎么收费,随身无线宽带怎么收费,2026-09-08T01:38:00+00:00
seed,google_web,Google Web 联想,https://suggestqueries.google.com/complete/search?client=firefox&hl=zh-CN&gl=cn&q=%E4%B8%8A%E7%BD%91%E5%8D%A1,上网卡,快手样本-移动网络,1,上网卡,上网卡,2026-09-08T01:38:00+00:00
seed,google_web,Google Web 联想,https://suggestqueries.google.com/complete/search?client=firefox&hl=zh-CN&gl=cn&q=%E4%B8%8A%E7%BD%91%E5%8D%A1,上网卡,快手样本-移动网络,2,上网卡 台湾,上网卡台湾,2026-09-08T01:38:00+00:00
seed,google_web,Google Web 联想,https://suggestqueries.google.com/complete/search?client=firefox&hl=zh-CN&gl=cn&q=%E4%B8%8A%E7%BD%91%E5%8D%A1,上网卡,快手样本-移动网络,3,上网卡哪里买,上网卡哪里买,2026-09-08T01:38:00+00:00
seed,google_web,Google Web 联想,https://suggestqueries.google.com/complete/search?client=firefox&hl=zh-CN&gl=cn&q=%E4%B8%8A%E7%BD%91%E5%8D%A1,上网卡,快手样本-移动网络,4,上网卡香港,上网卡香港,2026-09-08T01:38:00+00:00
seed,google_web,Google Web 联想,https://suggestqueries.google.com/complete/search?client=firefox&hl=zh-CN&gl=cn&q=%E4%B8%8A%E7%BD%91%E5%8D%A1,上网卡,快手样本-移动网络,5,上网卡实名登记,上网卡实名登记,2026-09-08T01:38:00+00:00
seed,google_web,Google Web 联想,https://suggestqueries.google.com/complete/search?client=firefox&hl=zh-CN&gl=cn&q=%E4%B8%8A%E7%BD%91%E5%8D%A1,上网卡,快手样本-移动网络,6,上网卡 中国,上网卡中国,2026-09-08T01:38:00+00:00
seed,google_web,Google Web 联想,https://suggestqueries.google.com/complete/search?client=firefox&hl=zh-CN&gl=cn&q=%E4%B8%8A%E7%BD%91%E5%8D%A1,上网卡,快手样本-移动网络,7,上网卡达人,上网卡达人,2026-09-08T01:38:00+00:00
seed,google_web,Google Web 联想,https://suggestqueries.google.com/complete/search?client=firefox&hl=zh-CN&gl=cn&q=%E4%B8%8A%E7%BD%91%E5%8D%A1,上网卡,快手样本-移动网络,8,上网卡是什么,上网卡是什么,2026-09-08T01:38:00+00:00
seed,google_web,Google Web 联想,https://suggestqueries.google.com/complete/search?client=firefox&hl=zh-CN&gl=cn&q=%E4%B8%8A%E7%BD%91%E5%8D%A1,上网卡,快手样本-移动网络,9,上网卡大陆,上网卡大陆,2026-09-08T01:38:00+00:00
seed,google_web,Google Web 联想,https://suggestqueries.google.com/complete/search?client=firefox&hl=zh-CN&gl=cn&q=%E4%B8%8A%E7%BD%91%E5%8D%A1,上网卡,快手样本-移动网络,10,上网卡怎么用,上网卡怎么用,2026-09-08T01:38:00+00:00
seed,google_youtube,Google/YouTube 联想,https://suggestqueries.google.com/complete/search?client=firefox&hl=zh-CN&gl=cn&ds=yt&q=%E4%B8%8A%E7%BD%91%E5%8D%A1,上网卡,快手样本-移动网络,1,上网卡,上网卡,2026-09-08T01:38:00+00:00
seed,google_youtube,Google/YouTube 联想,https://suggestqueries.google.com/complete/search?client=firefox&hl=zh-CN&gl=cn&ds=yt&q=%E4%B8%8A%E7%BD%91%E5%8D%A1,上网卡,快手样本-移动网络,2,上网卡 香港 无限,上网卡香港无限,2026-09-08T01:38:00+00:00
seed,google_youtube,Google/YouTube 联想,https://suggestqueries.google.com/complete/search?client=firefox&hl=zh-CN&gl=cn&ds=yt&q=%E4%B8%8A%E7%BD%91%E5%8D%A1,上网卡,快手样本-移动网络,3,大陆 上网卡,大陆上网卡,2026-09-08T01:38:00+00:00
seed,google_youtube,Google/YouTube 联想,https://suggestqueries.google.com/complete/search?client=firefox&hl=zh-CN&gl=cn&ds=yt&q=%E4%B8%8A%E7%BD%91%E5%8D%A1,上网卡,快手样本-移动网络,4,lucky2 上网卡,lucky2上网卡,2026-09-08T01:38:00+00:00
seed,google_youtube,Google/YouTube 联想,https://suggestqueries.google.com/complete/search?client=firefox&hl=zh-CN&gl=cn&ds=yt&q=%E4%B8%8A%E7%BD%91%E5%8D%A1,上网卡,快手样本-移动网络,5,台湾 上网卡,台湾上网卡,2026-09-08T01:38:00+00:00
seed,google_youtube,Google/YouTube 联想,https://suggestqueries.google.com/complete/search?client=firefox&hl=zh-CN&gl=cn&ds=yt&q=%E4%B8%8A%E7%BD%91%E5%8D%A1,上网卡,快手样本-移动网络,6,中国联通 上网卡,中国联通上网卡,2026-09-08T01:38:00+00:00
seed,google_youtube,Google/YouTube 联想,https://suggestqueries.google.com/complete/search?client=firefox&hl=zh-CN&gl=cn&ds=yt&q=%E4%B8%8A%E7%BD%91%E5%8D%A1,上网卡,快手样本-移动网络,7,日本 上网卡,日本上网卡,2026-09-08T01:38:00+00:00
seed,bing_cn,Bing 中文联想,https://api.bing.com/osjson.aspx?query=%E4%B8%8A%E7%BD%91%E5%8D%A1&mkt=zh-CN,上网卡,快手样本-移动网络,1,上网卡,上网卡,2026-09-08T01:38:00+00:00
seed,bing_cn,Bing 中文联想,https://api.bing.com/osjson.aspx?query=%E4%B8%8A%E7%BD%91%E5%8D%A1&mkt=zh-CN,上网卡,快手样本-移动网络,2,上网卡纯流量卡,上网卡纯流量卡,2026-09-08T01:38:00+00:00
seed,bing_cn,Bing 中文联想,https://api.bing.com/osjson.aspx?query=%E4%B8%8A%E7%BD%91%E5%8D%A1&mkt=zh-CN,上网卡,快手样本-移动网络,3,上网卡是什么,上网卡是什么,2026-09-08T01:38:00+00:00
seed,bing_cn,Bing 中文联想,https://api.bing.com/osjson.aspx?query=%E4%B8%8A%E7%BD%91%E5%8D%A1&mkt=zh-CN,上网卡,快手样本-移动网络,4,上网卡顿怎么解决,上网卡顿怎么解决,2026-09-08T01:38:00+00:00
seed,bing_cn,Bing 中文联想,https://api.bing.com/osjson.aspx?query=%E4%B8%8A%E7%BD%91%E5%8D%A1&mkt=zh-CN,上网卡,快手样本-移动网络,5,上网卡 无限流量,上网卡无限流量,2026-09-08T01:38:00+00:00
seed,bing_cn,Bing 中文联想,https://api.bing.com/osjson.aspx?query=%E4%B8%8A%E7%BD%91%E5%8D%A1&mkt=zh-CN,上网卡,快手样本-移动网络,6,上网卡托,上网卡托,2026-09-08T01:38:00+00:00
seed,bing_cn,Bing 中文联想,https://api.bing.com/osjson.aspx?query=%E4%B8%8A%E7%BD%91%E5%8D%A1&mkt=zh-CN,上网卡,快手样本-移动网络,7,上网卡通,上网卡通,2026-09-08T01:38:00+00:00
seed,bing_cn,Bing 中文联想,https://api.bing.com/osjson.aspx?query=%E4%B8%8A%E7%BD%91%E5%8D%A1&mkt=zh-CN,上网卡,快手样本-移动网络,8,上网卡通图片,上网卡通图片,2026-09-08T01:38:00+00:00
seed,bing_cn,Bing 中文联想,https://api.bing.com/osjson.aspx?query=%E4%B8%8A%E7%BD%91%E5%8D%A1&mkt=zh-CN,上网卡,快手样本-移动网络,9,上网卡和随身wifi哪个好,上网卡和随身wifi哪个好,2026-09-08T01:38:00+00:00
seed,bing_cn,Bing 中文联想,https://api.bing.com/osjson.aspx?query=%E4%B8%8A%E7%BD%91%E5%8D%A1&mkt=zh-CN,上网卡,快手样本-移动网络,10,上网卡设备,上网卡设备,2026-09-08T01:38:00+00:00
seed,bing_cn,Bing 中文联想,https://api.bing.com/osjson.aspx?query=%E4%B8%8A%E7%BD%91%E5%8D%A1&mkt=zh-CN,上网卡,快手样本-移动网络,11,上网卡实名认证,上网卡实名认证,2026-09-08T01:38:00+00:00
seed,bing_cn,Bing 中文联想,https://api.bing.com/osjson.aspx?query=%E4%B8%8A%E7%BD%91%E5%8D%A1&mkt=zh-CN,上网卡,快手样本-移动网络,12,上网卡是什么原因,上网卡是什么原因,2026-09-08T01:38:00+00:00
seed,baidu,百度联想,https://suggestion.baidu.com/su?wd=%E4%B8%8A%E7%BD%91%E5%8D%A1&cb=cb,上网卡,快手样本-移动网络,1,上网卡纯流量卡,上网卡纯流量卡,2026-09-08T01:38:00+00:00
seed,baidu,百度联想,https://suggestion.baidu.com/su?wd=%E4%B8%8A%E7%BD%91%E5%8D%A1&cb=cb,上网卡,快手样本-移动网络,2,上网卡怎么办理,上网卡怎么办理,2026-09-08T01:38:00+00:00
seed,baidu,百度联想,https://suggestion.baidu.com/su?wd=%E4%B8%8A%E7%BD%91%E5%8D%A1&cb=cb,上网卡,快手样本-移动网络,3,上网卡是什么卡,上网卡是什么卡,2026-09-08T01:38:00+00:00
seed,baidu,百度联想,https://suggestion.baidu.com/su?wd=%E4%B8%8A%E7%BD%91%E5%8D%A1&cb=cb,上网卡,快手样本-移动网络,4,上网卡怎么使用,上网卡怎么使用,2026-09-08T01:38:00+00:00
seed,baidu,百度联想,https://suggestion.baidu.com/su?wd=%E4%B8%8A%E7%BD%91%E5%8D%A1&cb=cb,上网卡,快手样本-移动网络,5,上网卡多少钱,上网卡多少钱,2026-09-08T01:38:00+00:00
seed,baidu,百度联想,https://suggestion.baidu.com/su?wd=%E4%B8%8A%E7%BD%91%E5%8D%A1&cb=cb,上网卡,快手样本-移动网络,6,上网卡顿怎么处理,上网卡顿怎么处理,2026-09-08T01:38:00+00:00
seed,baidu,百度联想,https://suggestion.baidu.com/su?wd=%E4%B8%8A%E7%BD%91%E5%8D%A1&cb=cb,上网卡,快手样本-移动网络,7,上网卡哪个又好又便宜,上网卡哪个又好又便宜,2026-09-08T01:38:00+00:00
seed,baidu,百度联想,https://suggestion.baidu.com/su?wd=%E4%B8%8A%E7%BD%91%E5%8D%A1&cb=cb,上网卡,快手样本-移动网络,8,上网卡装在卡1还是装在卡2上网好?,上网卡装在卡1还是装在卡2上网好,2026-09-08T01:38:00+00:00
seed,baidu,百度联想,https://suggestion.baidu.com/su?wd=%E4%B8%8A%E7%BD%91%E5%8D%A1&cb=cb,上网卡,快手样本-移动网络,9,上网卡能打电话吗,上网卡能打电话吗,2026-09-08T01:38:00+00:00
seed,baidu,百度联想,https://suggestion.baidu.com/su?wd=%E4%B8%8A%E7%BD%91%E5%8D%A1&cb=cb,上网卡,快手样本-移动网络,10,上网卡和手机卡的区别,上网卡和手机卡的区别,2026-09-08T01:38:00+00:00
seed,bing_cn,Bing 中文联想,https://api.bing.com/osjson.aspx?query=%E6%89%8B%E6%9C%BA%E5%8D%A1%E4%B8%8A%E5%A4%96%E7%BD%91&mkt=zh-CN,手机卡上外网,快手样本-移动网络,1,香港手机卡在内地能直接上外网吗,香港手机卡在内地能直接上外网吗,2026-09-08T01:38:00+00:00
seed,bing_cn,Bing 中文联想,https://api.bing.com/osjson.aspx?query=%E6%89%8B%E6%9C%BA%E5%8D%A1%E4%B8%8A%E5%A4%96%E7%BD%91&mkt=zh-CN,手机卡上外网,快手样本-移动网络,2,国外手机卡在国内能上外网吗,国外手机卡在国内能上外网吗,2026-09-08T01:38:00+00:00
seed,bing_cn,Bing 中文联想,https://api.bing.com/osjson.aspx?query=%E6%89%8B%E6%9C%BA%E5%8D%A1%E4%B8%8A%E5%A4%96%E7%BD%91&mkt=zh-CN,手机卡上外网,快手样本-移动网络,3,香港手机卡可以上外网吗,香港手机卡可以上外网吗,2026-09-08T01:38:00+00:00
seed,google_web,Google Web 联想,https://suggestqueries.google.com/complete/search?client=firefox&hl=zh-CN&gl=cn&q=%E5%85%8D%E8%B4%B9%E5%8A%A0%E9%80%9F%E5%99%A8,免费加速器,快手样本-加速器,1,免费加速器vpn,免费加速器vpn,2026-09-08T01:38:00+00:00
seed,google_web,Google Web 联想,https://suggestqueries.google.com/complete/search?client=firefox&hl=zh-CN&gl=cn&q=%E5%85%8D%E8%B4%B9%E5%8A%A0%E9%80%9F%E5%99%A8,免费加速器,快手样本-加速器,2,免费加速器vpn推荐,免费加速器vpn推荐,2026-09-08T01:38:00+00:00
seed,google_web,Google Web 联想,https://suggestqueries.google.com/complete/search?client=firefox&hl=zh-CN&gl=cn&q=%E5%85%8D%E8%B4%B9%E5%8A%A0%E9%80%9F%E5%99%A8,免费加速器,快手样本-加速器,3,免费加速器vpn下载,免费加速器vpn下载,2026-09-08T01:38:00+00:00
seed,google_web,Google Web 联想,https://suggestqueries.google.com/complete/search?client=firefox&hl=zh-CN&gl=cn&q=%E5%85%8D%E8%B4%B9%E5%8A%A0%E9%80%9F%E5%99%A8,免费加速器,快手样本-加速器,4,免费加速器游戏,免费加速器游戏,2026-09-08T01:38:00+00:00
seed,google_web,Google Web 联想,https://suggestqueries.google.com/complete/search?client=firefox&hl=zh-CN&gl=cn&q=%E5%85%8D%E8%B4%B9%E5%8A%A0%E9%80%9F%E5%99%A8,免费加速器,快手样本-加速器,5,免费加速器手机,免费加速器手机,2026-09-08T01:38:00+00:00
seed,google_web,Google Web 联想,https://suggestqueries.google.com/complete/search?client=firefox&hl=zh-CN&gl=cn&q=%E5%85%8D%E8%B4%B9%E5%8A%A0%E9%80%9F%E5%99%A8,免费加速器,快手样本-加速器,6,免费加速器试用,免费加速器试用,2026-09-08T01:38:00+00:00
seed,google_web,Google Web 联想,https://suggestqueries.google.com/complete/search?client=firefox&hl=zh-CN&gl=cn&q=%E5%85%8D%E8%B4%B9%E5%8A%A0%E9%80%9F%E5%99%A8,免费加速器,快手样本-加速器,7,免费加速器ptt,免费加速器ptt,2026-09-08T01:38:00+00:00
seed,google_web,Google Web 联想,https://suggestqueries.google.com/complete/search?client=firefox&hl=zh-CN&gl=cn&q=%E5%85%8D%E8%B4%B9%E5%8A%A0%E9%80%9F%E5%99%A8,免费加速器,快手样本-加速器,8,免费加速器翻墙,免费加速器翻墙,2026-09-08T01:38:00+00:00
seed,google_youtube,Google/YouTube 联想,https://suggestqueries.google.com/complete/search?client=firefox&hl=zh-CN&gl=cn&ds=yt&q=%E5%85%8D%E8%B4%B9%E5%8A%A0%E9%80%9F%E5%99%A8,免费加速器,快手样本-加速器,1,免费加速器vpn,免费加速器vpn,2026-09-08T01:38:00+00:00
seed,google_youtube,Google/YouTube 联想,https://suggestqueries.google.com/complete/search?client=firefox&hl=zh-CN&gl=cn&ds=yt&q=%E5%85%8D%E8%B4%B9%E5%8A%A0%E9%80%9F%E5%99%A8,免费加速器,快手样本-加速器,2,免费加速器游戏,免费加速器游戏,2026-09-08T01:38:00+00:00
seed,bing_cn,Bing 中文联想,https://api.bing.com/osjson.aspx?query=%E5%85%8D%E8%B4%B9%E5%8A%A0%E9%80%9F%E5%99%A8&mkt=zh-CN,免费加速器,快手样本-加速器,1,免费加速器,免费加速器,2026-09-08T01:38:00+00:00
seed,bing_cn,Bing 中文联想,https://api.bing.com/osjson.aspx?query=%E5%85%8D%E8%B4%B9%E5%8A%A0%E9%80%9F%E5%99%A8&mkt=zh-CN,免费加速器,快手样本-加速器,2,免费加速器永久免费,免费加速器永久免费,2026-09-08T01:38:00+00:00
seed,bing_cn,Bing 中文联想,https://api.bing.com/osjson.aspx?query=%E5%85%8D%E8%B4%B9%E5%8A%A0%E9%80%9F%E5%99%A8&mkt=zh-CN,免费加速器,快手样本-加速器,3,免费加速器vpn,免费加速器vpn,2026-09-08T01:38:00+00:00
seed,bing_cn,Bing 中文联想,https://api.bing.com/osjson.aspx?query=%E5%85%8D%E8%B4%B9%E5%8A%A0%E9%80%9F%E5%99%A8&mkt=zh-CN,免费加速器,快手样本-加速器,4,免费加速器vpn梯子,免费加速器vpn梯子,2026-09-08T01:38:00+00:00
seed,bing_cn,Bing 中文联想,https://api.bing.com/osjson.aspx?query=%E5%85%8D%E8%B4%B9%E5%8A%A0%E9%80%9F%E5%99%A8&mkt=zh-CN,免费加速器,快手样本-加速器,5,免费加速器下载,免费加速器下载,2026-09-08T01:38:00+00:00
seed,bing_cn,Bing 中文联想,https://api.bing.com/osjson.aspx?query=%E5%85%8D%E8%B4%B9%E5%8A%A0%E9%80%9F%E5%99%A8&mkt=zh-CN,免费加速器,快手样本-加速器,6,免费加速器推荐,免费加速器推荐,2026-09-08T01:38:00+00:00
seed,bing_cn,Bing 中文联想,https://api.bing.com/osjson.aspx?query=%E5%85%8D%E8%B4%B9%E5%8A%A0%E9%80%9F%E5%99%A8&mkt=zh-CN,免费加速器,快手样本-加速器,7,免费加速器梯子,免费加速器梯子,2026-09-08T01:38:00+00:00
seed,bing_cn,Bing 中文联想,https://api.bing.com/osjson.aspx?query=%E5%85%8D%E8%B4%B9%E5%8A%A0%E9%80%9F%E5%99%A8&mkt=zh-CN,免费加速器,快手样本-加速器,8,免费加速器电脑,免费加速器电脑,2026-09-08T01:38:00+00:00
seed,bing_cn,Bing 中文联想,https://api.bing.com/osjson.aspx?query=%E5%85%8D%E8%B4%B9%E5%8A%A0%E9%80%9F%E5%99%A8&mkt=zh-CN,免费加速器,快手样本-加速器,9,免费加速器steam,免费加速器steam,2026-09-08T01:38:00+00:00
seed,bing_cn,Bing 中文联想,https://api.bing.com/osjson.aspx?query=%E5%85%8D%E8%B4%B9%E5%8A%A0%E9%80%9F%E5%99%A8&mkt=zh-CN,免费加速器,快手样本-加速器,10,免费加速器官网首页,免费加速器官网首页,2026-09-08T01:38:00+00:00
seed,bing_cn,Bing 中文联想,https://api.bing.com/osjson.aspx?query=%E5%85%8D%E8%B4%B9%E5%8A%A0%E9%80%9F%E5%99%A8&mkt=zh-CN,免费加速器,快手样本-加速器,11,免费加速器排行榜,免费加速器排行榜,2026-09-08T01:38:00+00:00
seed,bing_cn,Bing 中文联想,https://api.bing.com/osjson.aspx?query=%E5%85%8D%E8%B4%B9%E5%8A%A0%E9%80%9F%E5%99%A8&mkt=zh-CN,免费加速器,快手样本-加速器,12,免费加速器vpn下载,免费加速器vpn下载,2026-09-08T01:38:00+00:00
seed,google_web,Google Web 联想,https://suggestqueries.google.com/complete/search?client=firefox&hl=zh-CN&gl=cn&q=%E6%B0%B8%E4%B9%85%E5%85%8D%E8%B4%B9%E5%8A%A0%E9%80%9F%E5%99%A8,永久免费加速器,快手样本-加速器,1,永久免费加速器vpn,永久免费加速器vpn,2026-09-08T01:38:00+00:00
seed,bing_cn,Bing 中文联想,https://api.bing.com/osjson.aspx?query=%E6%B0%B8%E4%B9%85%E5%85%8D%E8%B4%B9%E5%8A%A0%E9%80%9F%E5%99%A8&mkt=zh-CN,永久免费加速器,快手样本-加速器,1,永久免费加速器,永久免费加速器,2026-09-08T01:38:00+00:00
seed,bing_cn,Bing 中文联想,https://api.bing.com/osjson.aspx?query=%E6%B0%B8%E4%B9%85%E5%85%8D%E8%B4%B9%E5%8A%A0%E9%80%9F%E5%99%A8&mkt=zh-CN,永久免费加速器,快手样本-加速器,2,永久免费加速器vpn,永久免费加速器vpn,2026-09-08T01:38:00+00:00
seed,bing_cn,Bing 中文联想,https://api.bing.com/osjson.aspx?query=%E6%B0%B8%E4%B9%85%E5%85%8D%E8%B4%B9%E5%8A%A0%E9%80%9F%E5%99%A8&mkt=zh-CN,永久免费加速器,快手样本-加速器,3,永久免费加速器下载,永久免费加速器下载,2026-09-08T01:38:00+00:00
seed,bing_cn,Bing 中文联想,https://api.bing.com/osjson.aspx?query=%E6%B0%B8%E4%B9%85%E5%85%8D%E8%B4%B9%E5%8A%A0%E9%80%9F%E5%99%A8&mkt=zh-CN,永久免费加速器,快手样本-加速器,4,永久免费加速器电脑版,永久免费加速器电脑版,2026-09-08T01:38:00+00:00
seed,bing_cn,Bing 中文联想,https://api.bing.com/osjson.aspx?query=%E6%B0%B8%E4%B9%85%E5%85%8D%E8%B4%B9%E5%8A%A0%E9%80%9F%E5%99%A8&mkt=zh-CN,永久免费加速器,快手样本-加速器,5,永久免费加速器vpn安装,永久免费加速器vpn安装,2026-09-08T01:38:00+00:00
seed,bing_cn,Bing 中文联想,https://api.bing.com/osjson.aspx?query=%E6%B0%B8%E4%B9%85%E5%85%8D%E8%B4%B9%E5%8A%A0%E9%80%9F%E5%99%A8&mkt=zh-CN,永久免费加速器,快手样本-加速器,6,永久免费加速器vpn推荐,永久免费加速器vpn推荐,2026-09-08T01:38:00+00:00
seed,bing_cn,Bing 中文联想,https://api.bing.com/osjson.aspx?query=%E6%B0%B8%E4%B9%85%E5%85%8D%E8%B4%B9%E5%8A%A0%E9%80%9F%E5%99%A8&mkt=zh-CN,永久免费加速器,快手样本-加速器,7,永久免费加速器vpn更新,永久免费加速器vpn更新,2026-09-08T01:38:00+00:00
seed,bing_cn,Bing 中文联想,https://api.bing.com/osjson.aspx?query=%E6%B0%B8%E4%B9%85%E5%85%8D%E8%B4%B9%E5%8A%A0%E9%80%9F%E5%99%A8&mkt=zh-CN,永久免费加速器,快手样本-加速器,8,永久免费加速器vpn评测,永久免费加速器vpn评测,2026-09-08T01:38:00+00:00
seed,bing_cn,Bing 中文联想,https://api.bing.com/osjson.aspx?query=%E6%B0%B8%E4%B9%85%E5%85%8D%E8%B4%B9%E5%8A%A0%E9%80%9F%E5%99%A8&mkt=zh-CN,永久免费加速器,快手样本-加速器,9,永久免费加速器vpn优缺点,永久免费加速器vpn优缺点,2026-09-08T01:38:00+00:00
seed,bing_cn,Bing 中文联想,https://api.bing.com/osjson.aspx?query=%E6%B0%B8%E4%B9%85%E5%85%8D%E8%B4%B9%E5%8A%A0%E9%80%9F%E5%99%A8&mkt=zh-CN,永久免费加速器,快手样本-加速器,10,永久免费加速器vpn使用教程,永久免费加速器vpn使用教程,2026-09-08T01:38:00+00:00
seed,bing_cn,Bing 中文联想,https://api.bing.com/osjson.aspx?query=%E6%B0%B8%E4%B9%85%E5%85%8D%E8%B4%B9%E5%8A%A0%E9%80%9F%E5%99%A8&mkt=zh-CN,永久免费加速器,快手样本-加速器,11,永久免费加速器vpn问题解决,永久免费加速器vpn问题解决,2026-09-08T01:38:00+00:00
seed,bing_cn,Bing 中文联想,https://api.bing.com/osjson.aspx?query=%E6%B0%B8%E4%B9%85%E5%85%8D%E8%B4%B9%E5%8A%A0%E9%80%9F%E5%99%A8&mkt=zh-CN,永久免费加速器,快手样本-加速器,12,永久免费加速器外网,永久免费加速器外网,2026-09-08T01:38:00+00:00
seed,google_web,Google Web 联想,https://suggestqueries.google.com/complete/search?client=firefox&hl=zh-CN&gl=cn&q=%E5%8A%A0%E9%80%9F%E5%99%A8%E6%B5%8B%E8%AF%84,加速器测评,快手样本-加速器,1,加速器测评,加速器测评,2026-09-08T01:38:00+00:00
seed,bing_cn,Bing 中文联想,https://api.bing.com/osjson.aspx?query=%E5%8A%A0%E9%80%9F%E5%99%A8%E6%B5%8B%E8%AF%84&mkt=zh-CN,加速器测评,快手样本-加速器,1,加速器测评,加速器测评,2026-09-08T01:38:00+00:00
seed,bing_cn,Bing 中文联想,https://api.bing.com/osjson.aspx?query=%E5%8A%A0%E9%80%9F%E5%99%A8%E6%B5%8B%E8%AF%84&mkt=zh-CN,加速器测评,快手样本-加速器,2,加速器测评推荐,加速器测评推荐,2026-09-08T01:38:00+00:00
seed,bing_cn,Bing 中文联想,https://api.bing.com/osjson.aspx?query=%E5%8A%A0%E9%80%9F%E5%99%A8%E6%B5%8B%E8%AF%84&mkt=zh-CN,加速器测评,快手样本-加速器,3,加速器测评博客,加速器测评博客,2026-09-08T01:38:00+00:00
seed,bing_cn,Bing 中文联想,https://api.bing.com/osjson.aspx?query=%E5%8A%A0%E9%80%9F%E5%99%A8%E6%B5%8B%E8%AF%84&mkt=zh-CN,加速器测评,快手样本-加速器,4,游戏加速器测评,游戏加速器测评,2026-09-08T01:38:00+00:00
seed,bing_cn,Bing 中文联想,https://api.bing.com/osjson.aspx?query=%E5%8A%A0%E9%80%9F%E5%99%A8%E6%B5%8B%E8%AF%84&mkt=zh-CN,加速器测评,快手样本-加速器,5,迅游加速器价格测评,迅游加速器价格测评,2026-09-08T01:38:00+00:00
seed,bing_cn,Bing 中文联想,https://api.bing.com/osjson.aspx?query=%E5%8A%A0%E9%80%9F%E5%99%A8%E6%B5%8B%E8%AF%84&mkt=zh-CN,加速器测评,快手样本-加速器,6,免费加速器测评,免费加速器测评,2026-09-08T01:38:00+00:00
seed,bing_cn,Bing 中文联想,https://api.bing.com/osjson.aspx?query=%E5%8A%A0%E9%80%9F%E5%99%A8%E6%B5%8B%E8%AF%84&mkt=zh-CN,加速器测评,快手样本-加速器,7,雷神加速器测评,雷神加速器测评,2026-09-08T01:38:00+00:00
seed,bing_cn,Bing 中文联想,https://api.bing.com/osjson.aspx?query=%E5%8A%A0%E9%80%9F%E5%99%A8%E6%B5%8B%E8%AF%84&mkt=zh-CN,加速器测评,快手样本-加速器,8,给梨加速器测评,给梨加速器测评,2026-09-08T01:38:00+00:00
seed,bing_cn,Bing 中文联想,https://api.bing.com/osjson.aspx?query=%E5%8A%A0%E9%80%9F%E5%99%A8%E6%B5%8B%E8%AF%84&mkt=zh-CN,加速器测评,快手样本-加速器,9,古怪加速器测评,古怪加速器测评,2026-09-08T01:38:00+00:00
seed,bing_cn,Bing 中文联想,https://api.bing.com/osjson.aspx?query=%E5%8A%A0%E9%80%9F%E5%99%A8%E6%B5%8B%E8%AF%84&mkt=zh-CN,加速器测评,快手样本-加速器,10,vpn加速器测评,vpn加速器测评,2026-09-08T01:38:00+00:00
seed,bing_cn,Bing 中文联想,https://api.bing.com/osjson.aspx?query=ios%E5%8A%A0%E9%80%9F%E5%99%A8%E6%B5%8B%E8%AF%84&mkt=zh-CN,ios加速器测评,快手样本-加速器,1,ios 16.5.1 加速器,ios 16.5.1加速器,2026-09-08T01:38:00+00:00
seed,bing_cn,Bing 中文联想,https://api.bing.com/osjson.aspx?query=ios%E5%8A%A0%E9%80%9F%E5%99%A8%E6%B5%8B%E8%AF%84&mkt=zh-CN,ios加速器测评,快手样本-加速器,2,app store 加速器 哪个好,app store加速器哪个好,2026-09-08T01:38:00+00:00
seed,bing_cn,Bing 中文联想,https://api.bing.com/osjson.aspx?query=ios%E5%8A%A0%E9%80%9F%E5%99%A8%E6%B5%8B%E8%AF%84&mkt=zh-CN,ios加速器测评,快手样本-加速器,3,mod.io加速器,mod.io加速器,2026-09-08T01:38:00+00:00
seed,bing_cn,Bing 中文联想,https://api.bing.com/osjson.aspx?query=ios%E5%8A%A0%E9%80%9F%E5%99%A8%E6%B5%8B%E8%AF%84&mkt=zh-CN,ios加速器测评,快手样本-加速器,4,wi-fi加速器评测,wi-fi加速器评测,2026-09-08T01:38:00+00:00
seed,bing_cn,Bing 中文联想,https://api.bing.com/osjson.aspx?query=ios%E5%8A%A0%E9%80%9F%E5%99%A8%E6%B5%8B%E8%AF%84&mkt=zh-CN,ios加速器测评,快手样本-加速器,5,奇游加速器、苹果版,奇游加速器、苹果版,2026-09-08T01:38:00+00:00
seed,bing_cn,Bing 中文联想,https://api.bing.com/osjson.aspx?query=ios%E5%8A%A0%E9%80%9F%E5%99%A8%E6%B5%8B%E8%AF%84&mkt=zh-CN,ios加速器测评,快手样本-加速器,6,c++ios加速,c++ios加速,2026-09-08T01:38:00+00:00
seed,bing_cn,Bing 中文联想,https://api.bing.com/osjson.aspx?query=ios%E5%8A%A0%E9%80%9F%E5%99%A8%E6%B5%8B%E8%AF%84&mkt=zh-CN,ios加速器测评,快手样本-加速器,7,github.io加速器,github.io加速器,2026-09-08T01:38:00+00:00
seed,bing_cn,Bing 中文联想,https://api.bing.com/osjson.aspx?query=ios%E5%8A%A0%E9%80%9F%E5%99%A8%E6%B5%8B%E8%AF%84&mkt=zh-CN,ios加速器测评,快手样本-加速器,8,免费加速器、推荐,免费加速器、推荐,2026-09-08T01:38:00+00:00
seed,bing_cn,Bing 中文联想,https://api.bing.com/osjson.aspx?query=ios%E5%8A%A0%E9%80%9F%E5%99%A8%E6%B5%8B%E8%AF%84&mkt=zh-CN,ios加速器测评,快手样本-加速器,9,ios加速c++,ios加速c++,2026-09-08T01:38:00+00:00
seed,bing_cn,Bing 中文联想,https://api.bing.com/osjson.aspx?query=ios%E5%8A%A0%E9%80%9F%E5%99%A8%E6%B5%8B%E8%AF%84&mkt=zh-CN,ios加速器测评,快手样本-加速器,10,旋风加速器 ios 安卓 官网,旋风加速器ios安卓官网,2026-09-08T01:38:00+00:00
seed,bing_cn,Bing 中文联想,https://api.bing.com/osjson.aspx?query=ios%E5%8A%A0%E9%80%9F%E5%99%A8%E6%B5%8B%E8%AF%84&mkt=zh-CN,ios加速器测评,快手样本-加速器,11,ios 16.5.1 加载速度,ios 16.5.1加载速度,2026-09-08T01:38:00+00:00
seed,bing_cn,Bing 中文联想,https://api.bing.com/osjson.aspx?query=ios%E5%8A%A0%E9%80%9F%E5%99%A8%E6%B5%8B%E8%AF%84&mkt=zh-CN,ios加速器测评,快手样本-加速器,12,加速器 +官网,加速器 +官网,2026-09-08T01:38:00+00:00
seed,google_web,Google Web 联想,https://suggestqueries.google.com/complete/search?client=firefox&hl=zh-CN&gl=cn&q=%E5%8A%A0%E9%80%9F%E5%99%A8%E6%8E%92%E8%A1%8C%E6%A6%9C,加速器排行榜,快手样本-加速器,1,加速器排行榜,加速器排行榜,2026-09-08T01:38:00+00:00
seed,bing_cn,Bing 中文联想,https://api.bing.com/osjson.aspx?query=%E5%8A%A0%E9%80%9F%E5%99%A8%E6%8E%92%E8%A1%8C%E6%A6%9C&mkt=zh-CN,加速器排行榜,快手样本-加速器,1,加速器排行榜,加速器排行榜,2026-09-08T01:38:00+00:00
seed,bing_cn,Bing 中文联想,https://api.bing.com/osjson.aspx?query=%E5%8A%A0%E9%80%9F%E5%99%A8%E6%8E%92%E8%A1%8C%E6%A6%9C&mkt=zh-CN,加速器排行榜,快手样本-加速器,2,加速器排行榜免费,加速器排行榜免费,2026-09-08T01:38:00+00:00
seed,bing_cn,Bing 中文联想,https://api.bing.com/osjson.aspx?query=%E5%8A%A0%E9%80%9F%E5%99%A8%E6%8E%92%E8%A1%8C%E6%A6%9C&mkt=zh-CN,加速器排行榜,快手样本-加速器,3,加速器排行榜官网,加速器排行榜官网,2026-09-08T01:38:00+00:00
seed,bing_cn,Bing 中文联想,https://api.bing.com/osjson.aspx?query=%E5%8A%A0%E9%80%9F%E5%99%A8%E6%8E%92%E8%A1%8C%E6%A6%9C&mkt=zh-CN,加速器排行榜,快手样本-加速器,4,加速器排行榜vpn,加速器排行榜vpn,2026-09-08T01:38:00+00:00
seed,bing_cn,Bing 中文联想,https://api.bing.com/osjson.aspx?query=%E5%8A%A0%E9%80%9F%E5%99%A8%E6%8E%92%E8%A1%8C%E6%A6%9C&mkt=zh-CN,加速器排行榜,快手样本-加速器,5,加速器排行榜前十名,加速器排行榜前十名,2026-09-08T01:38:00+00:00
seed,bing_cn,Bing 中文联想,https://api.bing.com/osjson.aspx?query=%E5%8A%A0%E9%80%9F%E5%99%A8%E6%8E%92%E8%A1%8C%E6%A6%9C&mkt=zh-CN,加速器排行榜,快手样本-加速器,6,加速器排行榜网站,加速器排行榜网站,2026-09-08T01:38:00+00:00
seed,bing_cn,Bing 中文联想,https://api.bing.com/osjson.aspx?query=%E5%8A%A0%E9%80%9F%E5%99%A8%E6%8E%92%E8%A1%8C%E6%A6%9C&mkt=zh-CN,加速器排行榜,快手样本-加速器,7,加速器排行榜兑换码,加速器排行榜兑换码,2026-09-08T01:38:00+00:00
seed,bing_cn,Bing 中文联想,https://api.bing.com/osjson.aspx?query=%E5%8A%A0%E9%80%9F%E5%99%A8%E6%8E%92%E8%A1%8C%E6%A6%9C&mkt=zh-CN,加速器排行榜,快手样本-加速器,8,加速器排行榜官网教程,加速器排行榜官网教程,2026-09-08T01:38:00+00:00
seed,bing_cn,Bing 中文联想,https://api.bing.com/osjson.aspx?query=%E5%8A%A0%E9%80%9F%E5%99%A8%E6%8E%92%E8%A1%8C%E6%A6%9C&mkt=zh-CN,加速器排行榜,快手样本-加速器,9,加速器排行榜官网更新,加速器排行榜官网更新,2026-09-08T01:38:00+00:00
seed,bing_cn,Bing 中文联想,https://api.bing.com/osjson.aspx?query=%E5%8A%A0%E9%80%9F%E5%99%A8%E6%8E%92%E8%A1%8C%E6%A6%9C&mkt=zh-CN,加速器排行榜,快手样本-加速器,10,加速器排行榜官网比较,加速器排行榜官网比较,2026-09-08T01:38:00+00:00
seed,bing_cn,Bing 中文联想,https://api.bing.com/osjson.aspx?query=%E5%8A%A0%E9%80%9F%E5%99%A8%E6%8E%92%E8%A1%8C%E6%A6%9C&mkt=zh-CN,加速器排行榜,快手样本-加速器,11,加速器排行榜官网注册,加速器排行榜官网注册,2026-09-08T01:38:00+00:00
seed,bing_cn,Bing 中文联想,https://api.bing.com/osjson.aspx?query=%E5%8A%A0%E9%80%9F%E5%99%A8%E6%8E%92%E8%A1%8C%E6%A6%9C&mkt=zh-CN,加速器排行榜,快手样本-加速器,12,加速器排行榜官网2021,加速器排行榜官网2021,2026-09-08T01:38:00+00:00
seed,google_web,Google Web 联想,https://suggestqueries.google.com/complete/search?client=firefox&hl=zh-CN&gl=cn&q=%E6%B8%B8%E6%88%8F%E5%8A%A0%E9%80%9F%E5%99%A8%E6%8E%A8%E8%8D%90,游戏加速器推荐,快手样本-加速器,1,游戏加速器推荐dcard,游戏加速器推荐dcard,2026-09-08T01:38:00+00:00
seed,google_web,Google Web 联想,https://suggestqueries.google.com/complete/search?client=firefox&hl=zh-CN&gl=cn&q=%E6%B8%B8%E6%88%8F%E5%8A%A0%E9%80%9F%E5%99%A8%E6%8E%A8%E8%8D%90,游戏加速器推荐,快手样本-加速器,2,游戏加速器推荐手机,游戏加速器推荐手机,2026-09-08T01:38:00+00:00
seed,google_web,Google Web 联想,https://suggestqueries.google.com/complete/search?client=firefox&hl=zh-CN&gl=cn&q=%E6%B8%B8%E6%88%8F%E5%8A%A0%E9%80%9F%E5%99%A8%E6%8E%A8%E8%8D%90,游戏加速器推荐,快手样本-加速器,3,游戏加速器推荐巴哈,游戏加速器推荐巴哈,2026-09-08T01:38:00+00:00
seed,google_web,Google Web 联想,https://suggestqueries.google.com/complete/search?client=firefox&hl=zh-CN&gl=cn&q=%E6%B8%B8%E6%88%8F%E5%8A%A0%E9%80%9F%E5%99%A8%E6%8E%A8%E8%8D%90,游戏加速器推荐,快手样本-加速器,4,游戏加速器推荐ptt,游戏加速器推荐ptt,2026-09-08T01:38:00+00:00
seed,google_youtube,Google/YouTube 联想,https://suggestqueries.google.com/complete/search?client=firefox&hl=zh-CN&gl=cn&ds=yt&q=%E6%B8%B8%E6%88%8F%E5%8A%A0%E9%80%9F%E5%99%A8%E6%8E%A8%E8%8D%90,游戏加速器推荐,快手样本-加速器,1,游戏加速器推荐手机,游戏加速器推荐手机,2026-09-08T01:38:00+00:00
seed,google_youtube,Google/YouTube 联想,https://suggestqueries.google.com/complete/search?client=firefox&hl=zh-CN&gl=cn&ds=yt&q=%E6%B8%B8%E6%88%8F%E5%8A%A0%E9%80%9F%E5%99%A8%E6%8E%A8%E8%8D%90,游戏加速器推荐,快手样本-加速器,2,游戏加速搭建,游戏加速搭建,2026-09-08T01:38:00+00:00
seed,bing_cn,Bing 中文联想,https://api.bing.com/osjson.aspx?query=%E6%B8%B8%E6%88%8F%E5%8A%A0%E9%80%9F%E5%99%A8%E6%8E%A8%E8%8D%90&mkt=zh-CN,游戏加速器推荐,快手样本-加速器,1,游戏加速器推荐,游戏加速器推荐,2026-09-08T01:38:00+00:00
seed,bing_cn,Bing 中文联想,https://api.bing.com/osjson.aspx?query=%E6%B8%B8%E6%88%8F%E5%8A%A0%E9%80%9F%E5%99%A8%E6%8E%A8%E8%8D%90&mkt=zh-CN,游戏加速器推荐,快手样本-加速器,2,游戏加速器推荐免费,游戏加速器推荐免费,2026-09-08T01:38:00+00:00
seed,bing_cn,Bing 中文联想,https://api.bing.com/osjson.aspx?query=%E6%B8%B8%E6%88%8F%E5%8A%A0%E9%80%9F%E5%99%A8%E6%8E%A8%E8%8D%90&mkt=zh-CN,游戏加速器推荐,快手样本-加速器,3,游戏加速器推荐网站,游戏加速器推荐网站,2026-09-08T01:38:00+00:00
seed,bing_cn,Bing 中文联想,https://api.bing.com/osjson.aspx?query=%E6%B8%B8%E6%88%8F%E5%8A%A0%E9%80%9F%E5%99%A8%E6%8E%A8%E8%8D%90&mkt=zh-CN,游戏加速器推荐,快手样本-加速器,4,游戏加速器推荐软件,游戏加速器推荐软件,2026-09-08T01:38:00+00:00
seed,bing_cn,Bing 中文联想,https://api.bing.com/osjson.aspx?query=%E6%B8%B8%E6%88%8F%E5%8A%A0%E9%80%9F%E5%99%A8%E6%8E%A8%E8%8D%90&mkt=zh-CN,游戏加速器推荐,快手样本-加速器,5,游戏加速器推荐高速,游戏加速器推荐高速,2026-09-08T01:38:00+00:00
seed,bing_cn,Bing 中文联想,https://api.bing.com/osjson.aspx?query=%E6%B8%B8%E6%88%8F%E5%8A%A0%E9%80%9F%E5%99%A8%E6%8E%A8%E8%8D%90&mkt=zh-CN,游戏加速器推荐,快手样本-加速器,6,游戏加速器推荐优惠券,游戏加速器推荐优惠券,2026-09-08T01:38:00+00:00
seed,bing_cn,Bing 中文联想,https://api.bing.com/osjson.aspx?query=%E6%B8%B8%E6%88%8F%E5%8A%A0%E9%80%9F%E5%99%A8%E6%8E%A8%E8%8D%90&mkt=zh-CN,游戏加速器推荐,快手样本-加速器,7,游戏加速器推荐低延迟,游戏加速器推荐低延迟,2026-09-08T01:38:00+00:00
seed,bing_cn,Bing 中文联想,https://api.bing.com/osjson.aspx?query=%E6%B8%B8%E6%88%8F%E5%8A%A0%E9%80%9F%E5%99%A8%E6%8E%A8%E8%8D%90&mkt=zh-CN,游戏加速器推荐,快手样本-加速器,8,游戏加速器推荐手机版,游戏加速器推荐手机版,2026-09-08T01:38:00+00:00
seed,bing_cn,Bing 中文联想,https://api.bing.com/osjson.aspx?query=%E6%B8%B8%E6%88%8F%E5%8A%A0%E9%80%9F%E5%99%A8%E6%8E%A8%E8%8D%90&mkt=zh-CN,游戏加速器推荐,快手样本-加速器,9,游戏加速器推荐电脑版,游戏加速器推荐电脑版,2026-09-08T01:38:00+00:00
seed,bing_cn,Bing 中文联想,https://api.bing.com/osjson.aspx?query=%E6%B8%B8%E6%88%8F%E5%8A%A0%E9%80%9F%E5%99%A8%E6%8E%A8%E8%8D%90&mkt=zh-CN,游戏加速器推荐,快手样本-加速器,10,游戏加速器推荐2021,游戏加速器推荐2021,2026-09-08T01:38:00+00:00
seed,bing_cn,Bing 中文联想,https://api.bing.com/osjson.aspx?query=%E6%B8%B8%E6%88%8F%E5%8A%A0%E9%80%9F%E5%99%A8%E6%8E%A8%E8%8D%90&mkt=zh-CN,游戏加速器推荐,快手样本-加速器,11,游戏加速器推荐知乎,游戏加速器推荐知乎,2026-09-08T01:38:00+00:00
seed,bing_cn,Bing 中文联想,https://api.bing.com/osjson.aspx?query=%E6%B8%B8%E6%88%8F%E5%8A%A0%E9%80%9F%E5%99%A8%E6%8E%A8%E8%8D%90&mkt=zh-CN,游戏加速器推荐,快手样本-加速器,12,游戏加速器推荐评测,游戏加速器推荐评测,2026-09-08T01:38:00+00:00
seed,google_web,Google Web 联想,https://suggestqueries.google.com/complete/search?client=firefox&hl=zh-CN&gl=cn&q=%E6%B8%B8%E6%88%8F%E5%8A%A0%E9%80%9F%E5%99%A8%E4%B8%8B%E8%BD%BD,游戏加速器下载,快手样本-加速器,1,游戏加速器下载,游戏加速器下载,2026-09-08T01:38:00+00:00
seed,google_youtube,Google/YouTube 联想,https://suggestqueries.google.com/complete/search?client=firefox&hl=zh-CN&gl=cn&ds=yt&q=%E6%B8%B8%E6%88%8F%E5%8A%A0%E9%80%9F%E5%99%A8%E4%B8%8B%E8%BD%BD,游戏加速器下载,快手样本-加速器,1,游戏加速搭建,游戏加速搭建,2026-09-08T01:38:00+00:00
seed,bing_cn,Bing 中文联想,https://api.bing.com/osjson.aspx?query=%E6%B8%B8%E6%88%8F%E5%8A%A0%E9%80%9F%E5%99%A8%E4%B8%8B%E8%BD%BD&mkt=zh-CN,游戏加速器下载,快手样本-加速器,1,游戏加速器下载,游戏加速器下载,2026-09-08T01:38:00+00:00
seed,bing_cn,Bing 中文联想,https://api.bing.com/osjson.aspx?query=%E6%B8%B8%E6%88%8F%E5%8A%A0%E9%80%9F%E5%99%A8%E4%B8%8B%E8%BD%BD&mkt=zh-CN,游戏加速器下载,快手样本-加速器,2,游戏加速器下载地址,游戏加速器下载地址,2026-09-08T01:38:00+00:00
seed,bing_cn,Bing 中文联想,https://api.bing.com/osjson.aspx?query=%E6%B8%B8%E6%88%8F%E5%8A%A0%E9%80%9F%E5%99%A8%E4%B8%8B%E8%BD%BD&mkt=zh-CN,游戏加速器下载,快手样本-加速器,3,游戏加速器下载教程,游戏加速器下载教程,2026-09-08T01:38:00+00:00
seed,bing_cn,Bing 中文联想,https://api.bing.com/osjson.aspx?query=%E6%B8%B8%E6%88%8F%E5%8A%A0%E9%80%9F%E5%99%A8%E4%B8%8B%E8%BD%BD&mkt=zh-CN,游戏加速器下载,快手样本-加速器,4,游戏加速器下载软件,游戏加速器下载软件,2026-09-08T01:38:00+00:00
seed,bing_cn,Bing 中文联想,https://api.bing.com/osjson.aspx?query=%E6%B8%B8%E6%88%8F%E5%8A%A0%E9%80%9F%E5%99%A8%E4%B8%8B%E8%BD%BD&mkt=zh-CN,游戏加速器下载,快手样本-加速器,5,游戏加速器下载手机版,游戏加速器下载手机版,2026-09-08T01:38:00+00:00
seed,bing_cn,Bing 中文联想,https://api.bing.com/osjson.aspx?query=%E6%B8%B8%E6%88%8F%E5%8A%A0%E9%80%9F%E5%99%A8%E4%B8%8B%E8%BD%BD&mkt=zh-CN,游戏加速器下载,快手样本-加速器,6,游戏加速器下载排行榜,游戏加速器下载排行榜,2026-09-08T01:38:00+00:00
seed,bing_cn,Bing 中文联想,https://api.bing.com/osjson.aspx?query=%E6%B8%B8%E6%88%8F%E5%8A%A0%E9%80%9F%E5%99%A8%E4%B8%8B%E8%BD%BD&mkt=zh-CN,游戏加速器下载,快手样本-加速器,7,游戏加速器下载电脑版,游戏加速器下载电脑版,2026-09-08T01:38:00+00:00
seed,bing_cn,Bing 中文联想,https://api.bing.com/osjson.aspx?query=%E6%B8%B8%E6%88%8F%E5%8A%A0%E9%80%9F%E5%99%A8%E4%B8%8B%E8%BD%BD&mkt=zh-CN,游戏加速器下载,快手样本-加速器,8,游戏加速器下载哪个好,游戏加速器下载哪个好,2026-09-08T01:38:00+00:00
seed,bing_cn,Bing 中文联想,https://api.bing.com/osjson.aspx?query=%E6%B8%B8%E6%88%8F%E5%8A%A0%E9%80%9F%E5%99%A8%E4%B8%8B%E8%BD%BD&mkt=zh-CN,游戏加速器下载,快手样本-加速器,9,游戏加速器下载免费版,游戏加速器下载免费版,2026-09-08T01:38:00+00:00
seed,google_youtube,Google/YouTube 联想,https://suggestqueries.google.com/complete/search?client=firefox&hl=zh-CN&gl=cn&ds=yt&q=%E5%8A%A0%E9%80%9F%E5%99%A8%E5%BB%B6%E8%BF%9F%E9%AB%98,加速器延迟高,快手样本-加速器,1,节点延迟高,节点延迟高,2026-09-08T01:38:00+00:00
seed,bing_cn,Bing 中文联想,https://api.bing.com/osjson.aspx?query=%E5%8A%A0%E9%80%9F%E5%99%A8%E5%BB%B6%E8%BF%9F%E9%AB%98&mkt=zh-CN,加速器延迟高,快手样本-加速器,1,加速器延迟高怎么办,加速器延迟高怎么办,2026-09-08T01:38:00+00:00
seed,bing_cn,Bing 中文联想,https://api.bing.com/osjson.aspx?query=%E5%8A%A0%E9%80%9F%E5%99%A8%E5%BB%B6%E8%BF%9F%E9%AB%98&mkt=zh-CN,加速器延迟高,快手样本-加速器,2,加速器延迟高,加速器延迟高,2026-09-08T01:38:00+00:00
seed,bing_cn,Bing 中文联想,https://api.bing.com/osjson.aspx?query=%E5%8A%A0%E9%80%9F%E5%99%A8%E5%BB%B6%E8%BF%9F%E9%AB%98&mkt=zh-CN,加速器延迟高,快手样本-加速器,3,加速器延迟高好低好,加速器延迟高好低好,2026-09-08T01:38:00+00:00
seed,bing_cn,Bing 中文联想,https://api.bing.com/osjson.aspx?query=%E5%8A%A0%E9%80%9F%E5%99%A8%E5%BB%B6%E8%BF%9F%E9%AB%98&mkt=zh-CN,加速器延迟高,快手样本-加速器,4,uu加速器延迟高,uu加速器延迟高,2026-09-08T01:38:00+00:00
seed,bing_cn,Bing 中文联想,https://api.bing.com/osjson.aspx?query=%E5%8A%A0%E9%80%9F%E5%99%A8%E5%BB%B6%E8%BF%9F%E9%AB%98&mkt=zh-CN,加速器延迟高,快手样本-加速器,5,雷神加速器延迟高,雷神加速器延迟高,2026-09-08T01:38:00+00:00
seed,bing_cn,Bing 中文联想,https://api.bing.com/osjson.aspx?query=%E5%8A%A0%E9%80%9F%E5%99%A8%E5%BB%B6%E8%BF%9F%E9%AB%98&mkt=zh-CN,加速器延迟高,快手样本-加速器,6,apex开了加速器延迟还是高,apex开了加速器延迟还是高,2026-09-08T01:38:00+00:00
seed,bing_cn,Bing 中文联想,https://api.bing.com/osjson.aspx?query=%E5%8A%A0%E9%80%9F%E5%99%A8%E5%BB%B6%E8%BF%9F%E9%AB%98&mkt=zh-CN,加速器延迟高,快手样本-加速器,7,迅游加速器延迟高,迅游加速器延迟高,2026-09-08T01:38:00+00:00
seed,bing_cn,Bing 中文联想,https://api.bing.com/osjson.aspx?query=%E5%8A%A0%E9%80%9F%E5%99%A8%E5%BB%B6%E8%BF%9F%E9%AB%98&mkt=zh-CN,加速器延迟高,快手样本-加速器,8,为什么加速器显示延迟低实际很高,为什么加速器显示延迟低实际很高,2026-09-08T01:38:00+00:00
seed,bing_cn,Bing 中文联想,https://api.bing.com/osjson.aspx?query=%E5%8A%A0%E9%80%9F%E5%99%A8%E5%BB%B6%E8%BF%9F%E9%AB%98&mkt=zh-CN,加速器延迟高,快手样本-加速器,9,apex延迟高可以用加速器吗,apex延迟高可以用加速器吗,2026-09-08T01:38:00+00:00
seed,bing_cn,Bing 中文联想,https://api.bing.com/osjson.aspx?query=%E5%8A%A0%E9%80%9F%E5%99%A8%E5%BB%B6%E8%BF%9F%E9%AB%98&mkt=zh-CN,加速器延迟高,快手样本-加速器,10,网络延迟高怎么办使用网络加速器,网络延迟高怎么办使用网络加速器,2026-09-08T01:38:00+00:00
seed,google_youtube,Google/YouTube 联想,https://suggestqueries.google.com/complete/search?client=firefox&hl=zh-CN&gl=cn&ds=yt&q=%E5%8A%A0%E9%80%9F%E5%99%A8%E5%8D%A1%E9%A1%BF,加速器卡顿,快手样本-加速器,1,电脑卡顿不流畅是什么原因,电脑卡顿不流畅是什么原因,2026-09-08T01:38:00+00:00
seed,bing_cn,Bing 中文联想,https://api.bing.com/osjson.aspx?query=%E5%8A%A0%E9%80%9F%E5%99%A8%E5%8D%A1%E9%A1%BF&mkt=zh-CN,加速器卡顿,快手样本-加速器,1,加速器卡顿,加速器卡顿,2026-09-08T01:38:00+00:00
seed,bing_cn,Bing 中文联想,https://api.bing.com/osjson.aspx?query=%E5%8A%A0%E9%80%9F%E5%99%A8%E5%8D%A1%E9%A1%BF&mkt=zh-CN,加速器卡顿,快手样本-加速器,2,雷神加速器卡顿,雷神加速器卡顿,2026-09-08T01:38:00+00:00
seed,bing_cn,Bing 中文联想,https://api.bing.com/osjson.aspx?query=%E5%8A%A0%E9%80%9F%E5%99%A8%E5%8D%A1%E9%A1%BF&mkt=zh-CN,加速器卡顿,快手样本-加速器,3,uu加速器卡顿,uu加速器卡顿,2026-09-08T01:38:00+00:00
seed,bing_cn,Bing 中文联想,https://api.bing.com/osjson.aspx?query=%E5%8A%A0%E9%80%9F%E5%99%A8%E5%8D%A1%E9%A1%BF&mkt=zh-CN,加速器卡顿,快手样本-加速器,4,kk加速器打开后卡顿,kk加速器打开后卡顿,2026-09-08T01:38:00+00:00
seed,bing_cn,Bing 中文联想,https://api.bing.com/osjson.aspx?query=%E5%8A%A0%E9%80%9F%E5%99%A8%E5%8D%A1%E9%A1%BF&mkt=zh-CN,加速器卡顿,快手样本-加速器,5,游戏加速器哪个好不卡顿,游戏加速器哪个好不卡顿,2026-09-08T01:38:00+00:00
seed,bing_cn,Bing 中文联想,https://api.bing.com/osjson.aspx?query=%E5%8A%A0%E9%80%9F%E5%99%A8%E5%8D%A1%E9%A1%BF&mkt=zh-CN,加速器卡顿,快手样本-加速器,6,小牛加速器可以解决卡顿,小牛加速器可以解决卡顿,2026-09-08T01:38:00+00:00
seed,bing_cn,Bing 中文联想,https://api.bing.com/osjson.aspx?query=%E5%8A%A0%E9%80%9F%E5%99%A8%E5%8D%A1%E9%A1%BF&mkt=zh-CN,加速器卡顿,快手样本-加速器,7,腾讯加速器为什么会卡顿,腾讯加速器为什么会卡顿,2026-09-08T01:38:00+00:00
seed,bing_cn,Bing 中文联想,https://api.bing.com/osjson.aspx?query=%E5%8A%A0%E9%80%9F%E5%99%A8%E5%8D%A1%E9%A1%BF&mkt=zh-CN,加速器卡顿,快手样本-加速器,8,迅游加速器打开游戏卡顿,迅游加速器打开游戏卡顿,2026-09-08T01:38:00+00:00
seed,bing_cn,Bing 中文联想,https://api.bing.com/osjson.aspx?query=%E5%8A%A0%E9%80%9F%E5%99%A8%E5%8D%A1%E9%A1%BF&mkt=zh-CN,加速器卡顿,快手样本-加速器,9,电脑怎么用加速器解决卡顿,电脑怎么用加速器解决卡顿,2026-09-08T01:38:00+00:00
seed,bing_cn,Bing 中文联想,https://api.bing.com/osjson.aspx?query=%E5%8A%A0%E9%80%9F%E5%99%A8%E5%85%8D%E8%B4%B9%E6%97%B6%E9%95%BF&mkt=zh-CN,加速器免费时长,快手样本-加速器,1,加速器免费时长,加速器免费时长,2026-09-08T01:38:00+00:00
seed,bing_cn,Bing 中文联想,https://api.bing.com/osjson.aspx?query=%E5%8A%A0%E9%80%9F%E5%99%A8%E5%85%8D%E8%B4%B9%E6%97%B6%E9%95%BF&mkt=zh-CN,加速器免费时长,快手样本-加速器,2,加速器免费时长口令,加速器免费时长口令,2026-09-08T01:38:00+00:00
seed,bing_cn,Bing 中文联想,https://api.bing.com/osjson.aspx?query=%E5%8A%A0%E9%80%9F%E5%99%A8%E5%85%8D%E8%B4%B9%E6%97%B6%E9%95%BF&mkt=zh-CN,加速器免费时长,快手样本-加速器,3,雷神加速器免费时长,雷神加速器免费时长,2026-09-08T01:38:00+00:00
seed,bing_cn,Bing 中文联想,https://api.bing.com/osjson.aspx?query=%E5%8A%A0%E9%80%9F%E5%99%A8%E5%85%8D%E8%B4%B9%E6%97%B6%E9%95%BF&mkt=zh-CN,加速器免费时长,快手样本-加速器,4,uu加速器免费时长,uu加速器免费时长,2026-09-08T01:38:00+00:00
seed,bing_cn,Bing 中文联想,https://api.bing.com/osjson.aspx?query=%E5%8A%A0%E9%80%9F%E5%99%A8%E5%85%8D%E8%B4%B9%E6%97%B6%E9%95%BF&mkt=zh-CN,加速器免费时长,快手样本-加速器,5,免费时长加速器,免费时长加速器,2026-09-08T01:38:00+00:00
seed,bing_cn,Bing 中文联想,https://api.bing.com/osjson.aspx?query=%E5%8A%A0%E9%80%9F%E5%99%A8%E5%85%8D%E8%B4%B9%E6%97%B6%E9%95%BF&mkt=zh-CN,加速器免费时长,快手样本-加速器,6,雷神加速器免费时长cdk,雷神加速器免费时长cdk,2026-09-08T01:38:00+00:00
seed,bing_cn,Bing 中文联想,https://api.bing.com/osjson.aspx?query=%E5%8A%A0%E9%80%9F%E5%99%A8%E5%85%8D%E8%B4%B9%E6%97%B6%E9%95%BF&mkt=zh-CN,加速器免费时长,快手样本-加速器,7,ak加速器免费时长,ak加速器免费时长,2026-09-08T01:38:00+00:00
seed,bing_cn,Bing 中文联想,https://api.bing.com/osjson.aspx?query=%E5%8A%A0%E9%80%9F%E5%99%A8%E5%85%8D%E8%B4%B9%E6%97%B6%E9%95%BF&mkt=zh-CN,加速器免费时长,快手样本-加速器,8,小黑盒加速器免费时长,小黑盒加速器免费时长,2026-09-08T01:38:00+00:00
seed,bing_cn,Bing 中文联想,https://api.bing.com/osjson.aspx?query=%E5%8A%A0%E9%80%9F%E5%99%A8%E5%85%8D%E8%B4%B9%E6%97%B6%E9%95%BF&mkt=zh-CN,加速器免费时长,快手样本-加速器,9,迅游加速器免费时长,迅游加速器免费时长,2026-09-08T01:38:00+00:00
seed,bing_cn,Bing 中文联想,https://api.bing.com/osjson.aspx?query=%E5%8A%A0%E9%80%9F%E5%99%A8%E7%9B%B4%E8%A3%85&mkt=zh-CN,加速器直装,快手样本-加速器,1,球球大作战加速器直装免费,球球大作战加速器直装免费,2026-09-08T01:38:00+00:00
seed,google_web,Google Web 联想,https://suggestqueries.google.com/complete/search?client=firefox&hl=zh-CN&gl=cn&q=%E5%9B%BD%E9%99%85%E6%9C%8D%E5%8A%A0%E9%80%9F%E5%99%A8,国际服加速器,快手样本-游戏加速,1,国际服加速器,国际服加速器,2026-09-08T01:38:00+00:00
seed,google_youtube,Google/YouTube 联想,https://suggestqueries.google.com/complete/search?client=firefox&hl=zh-CN&gl=cn&ds=yt&q=%E5%9B%BD%E9%99%85%E6%9C%8D%E5%8A%A0%E9%80%9F%E5%99%A8,国际服加速器,快手样本-游戏加速,1,国际服加速器,国际服加速器,2026-09-08T01:38:00+00:00
seed,bing_cn,Bing 中文联想,https://api.bing.com/osjson.aspx?query=%E5%9B%BD%E9%99%85%E6%9C%8D%E5%8A%A0%E9%80%9F%E5%99%A8&mkt=zh-CN,国际服加速器,快手样本-游戏加速,1,国际服加速器,国际服加速器,2026-09-08T01:38:00+00:00
seed,bing_cn,Bing 中文联想,https://api.bing.com/osjson.aspx?query=%E5%9B%BD%E9%99%85%E6%9C%8D%E5%8A%A0%E9%80%9F%E5%99%A8&mkt=zh-CN,国际服加速器,快手样本-游戏加速,2,国际服加速器永久免费,国际服加速器永久免费,2026-09-08T01:38:00+00:00
seed,bing_cn,Bing 中文联想,https://api.bing.com/osjson.aspx?query=%E5%9B%BD%E9%99%85%E6%9C%8D%E5%8A%A0%E9%80%9F%E5%99%A8&mkt=zh-CN,国际服加速器,快手样本-游戏加速,3,国际服加速器免费,国际服加速器免费,2026-09-08T01:38:00+00:00
seed,bing_cn,Bing 中文联想,https://api.bing.com/osjson.aspx?query=%E5%9B%BD%E9%99%85%E6%9C%8D%E5%8A%A0%E9%80%9F%E5%99%A8&mkt=zh-CN,国际服加速器,快手样本-游戏加速,4,国际服加速器推荐,国际服加速器推荐,2026-09-08T01:38:00+00:00
seed,bing_cn,Bing 中文联想,https://api.bing.com/osjson.aspx?query=%E5%9B%BD%E9%99%85%E6%9C%8D%E5%8A%A0%E9%80%9F%E5%99%A8&mkt=zh-CN,国际服加速器,快手样本-游戏加速,5,原神国际服加速器,原神国际服加速器,2026-09-08T01:38:00+00:00
seed,bing_cn,Bing 中文联想,https://api.bing.com/osjson.aspx?query=%E5%9B%BD%E9%99%85%E6%9C%8D%E5%8A%A0%E9%80%9F%E5%99%A8&mkt=zh-CN,国际服加速器,快手样本-游戏加速,6,鸣潮国际服加速器,鸣潮国际服加速器,2026-09-08T01:38:00+00:00
seed,bing_cn,Bing 中文联想,https://api.bing.com/osjson.aspx?query=%E5%9B%BD%E9%99%85%E6%9C%8D%E5%8A%A0%E9%80%9F%E5%99%A8&mkt=zh-CN,国际服加速器,快手样本-游戏加速,7,无畏契约国际服加速器,无畏契约国际服加速器,2026-09-08T01:38:00+00:00
seed,bing_cn,Bing 中文联想,https://api.bing.com/osjson.aspx?query=%E5%9B%BD%E9%99%85%E6%9C%8D%E5%8A%A0%E9%80%9F%E5%99%A8&mkt=zh-CN,国际服加速器,快手样本-游戏加速,8,三角洲国际服加速器,三角洲国际服加速器,2026-09-08T01:38:00+00:00
seed,bing_cn,Bing 中文联想,https://api.bing.com/osjson.aspx?query=%E5%9B%BD%E9%99%85%E6%9C%8D%E5%8A%A0%E9%80%9F%E5%99%A8&mkt=zh-CN,国际服加速器,快手样本-游戏加速,9,冒险岛国际服加速器,冒险岛国际服加速器,2026-09-08T01:38:00+00:00
seed,bing_cn,Bing 中文联想,https://api.bing.com/osjson.aspx?query=%E5%9B%BD%E9%99%85%E6%9C%8D%E5%8A%A0%E9%80%9F%E5%99%A8&mkt=zh-CN,国际服加速器,快手样本-游戏加速,10,cs2国际服加速器,cs2国际服加速器,2026-09-08T01:38:00+00:00
seed,bing_cn,Bing 中文联想,https://api.bing.com/osjson.aspx?query=%E5%9B%BD%E9%99%85%E6%9C%8D%E4%B8%8B%E8%BD%BD%E5%8A%A0%E9%80%9F&mkt=zh-CN,国际服下载加速,快手样本-游戏加速,1,原神国际服下载加速,原神国际服下载加速,2026-09-08T01:38:00+00:00
seed,bing_cn,Bing 中文联想,https://api.bing.com/osjson.aspx?query=%E5%9B%BD%E9%99%85%E6%9C%8D%E4%B8%8B%E8%BD%BD%E5%8A%A0%E9%80%9F&mkt=zh-CN,国际服下载加速,快手样本-游戏加速,2,鸣潮国际服下载加速,鸣潮国际服下载加速,2026-09-08T01:38:00+00:00
seed,bing_cn,Bing 中文联想,https://api.bing.com/osjson.aspx?query=%E5%9B%BD%E9%99%85%E6%9C%8D%E4%B8%8B%E8%BD%BD%E5%8A%A0%E9%80%9F&mkt=zh-CN,国际服下载加速,快手样本-游戏加速,3,战网国际服加速器下载,战网国际服加速器下载,2026-09-08T01:38:00+00:00
seed,bing_cn,Bing 中文联想,https://api.bing.com/osjson.aspx?query=%E5%9B%BD%E9%99%85%E6%9C%8D%E4%B8%8B%E8%BD%BD%E5%8A%A0%E9%80%9F&mkt=zh-CN,国际服下载加速,快手样本-游戏加速,4,lol国际服加速器下载,lol国际服加速器下载,2026-09-08T01:38:00+00:00
seed,bing_cn,Bing 中文联想,https://api.bing.com/osjson.aspx?query=%E5%9B%BD%E9%99%85%E6%9C%8D%E4%B8%8B%E8%BD%BD%E5%8A%A0%E9%80%9F&mkt=zh-CN,国际服下载加速,快手样本-游戏加速,5,炉石传说国际服怎么下载加速,炉石传说国际服怎么下载加速,2026-09-08T01:38:00+00:00
seed,bing_cn,Bing 中文联想,https://api.bing.com/osjson.aspx?query=%E5%9B%BD%E9%99%85%E6%9C%8D%E4%B8%8B%E8%BD%BD%E5%8A%A0%E9%80%9F&mkt=zh-CN,国际服下载加速,快手样本-游戏加速,6,暴雪战网国际服怎么下载加速,暴雪战网国际服怎么下载加速,2026-09-08T01:38:00+00:00
seed,bing_cn,Bing 中文联想,https://api.bing.com/osjson.aspx?query=%E5%9B%BD%E9%99%85%E6%9C%8D%E4%B8%8B%E8%BD%BD%E5%8A%A0%E9%80%9F&mkt=zh-CN,国际服下载加速,快手样本-游戏加速,7,瓦罗兰特国际服怎么下载加速,瓦罗兰特国际服怎么下载加速,2026-09-08T01:38:00+00:00
seed,bing_cn,Bing 中文联想,https://api.bing.com/osjson.aspx?query=%E5%9B%BD%E9%99%85%E6%9C%8D%E4%B8%8B%E8%BD%BD%E5%8A%A0%E9%80%9F&mkt=zh-CN,国际服下载加速,快手样本-游戏加速,8,流放之路国际服下载加速,流放之路国际服下载加速,2026-09-08T01:38:00+00:00
seed,baidu,百度联想,https://suggestion.baidu.com/su?wd=%E5%9B%BD%E9%99%85%E6%9C%8D%E4%B8%8B%E8%BD%BD%E5%8A%A0%E9%80%9F&cb=cb,国际服下载加速,快手样本-游戏加速,1,国际服怎么下载,国际服怎么下载,2026-09-08T01:38:00+00:00
seed,baidu,百度联想,https://suggestion.baidu.com/su?wd=%E5%9B%BD%E9%99%85%E6%9C%8D%E4%B8%8B%E8%BD%BD%E5%8A%A0%E9%80%9F&cb=cb,国际服下载加速,快手样本-游戏加速,2,国际服下载app,国际服下载app,2026-09-08T01:38:00+00:00
seed,baidu,百度联想,https://suggestion.baidu.com/su?wd=%E5%9B%BD%E9%99%85%E6%9C%8D%E4%B8%8B%E8%BD%BD%E5%8A%A0%E9%80%9F&cb=cb,国际服下载加速,快手样本-游戏加速,3,国际服下载大全,国际服下载大全,2026-09-08T01:38:00+00:00
seed,baidu,百度联想,https://suggestion.baidu.com/su?wd=%E5%9B%BD%E9%99%85%E6%9C%8D%E4%B8%8B%E8%BD%BD%E5%8A%A0%E9%80%9F&cb=cb,国际服下载加速,快手样本-游戏加速,4,南京小学教师,南京小学教师,2026-09-08T01:38:00+00:00
seed,baidu,百度联想,https://suggestion.baidu.com/su?wd=%E5%9B%BD%E9%99%85%E6%9C%8D%E4%B8%8B%E8%BD%BD%E5%8A%A0%E9%80%9F&cb=cb,国际服下载加速,快手样本-游戏加速,5,人体结构几何体速写,人体结构几何体速写,2026-09-08T01:38:00+00:00
seed,baidu,百度联想,https://suggestion.baidu.com/su?wd=%E5%9B%BD%E9%99%85%E6%9C%8D%E4%B8%8B%E8%BD%BD%E5%8A%A0%E9%80%9F&cb=cb,国际服下载加速,快手样本-游戏加速,6,一亩桃树能产多少桃胶,一亩桃树能产多少桃胶,2026-09-08T01:38:00+00:00
seed,baidu,百度联想,https://suggestion.baidu.com/su?wd=%E5%9B%BD%E9%99%85%E6%9C%8D%E4%B8%8B%E8%BD%BD%E5%8A%A0%E9%80%9F&cb=cb,国际服下载加速,快手样本-游戏加速,7,产品商标怎么查,产品商标怎么查,2026-09-08T01:38:00+00:00
seed,baidu,百度联想,https://suggestion.baidu.com/su?wd=%E5%9B%BD%E9%99%85%E6%9C%8D%E4%B8%8B%E8%BD%BD%E5%8A%A0%E9%80%9F&cb=cb,国际服下载加速,快手样本-游戏加速,8,14油耗投多少钱一公里,14油耗投多少钱一公里,2026-09-08T01:38:00+00:00
seed,baidu,百度联想,https://suggestion.baidu.com/su?wd=%E5%9B%BD%E9%99%85%E6%9C%8D%E4%B8%8B%E8%BD%BD%E5%8A%A0%E9%80%9F&cb=cb,国际服下载加速,快手样本-游戏加速,9,光遇墓土城堡在哪里,光遇墓土城堡在哪里,2026-09-08T01:38:00+00:00
seed,baidu,百度联想,https://suggestion.baidu.com/su?wd=%E5%9B%BD%E9%99%85%E6%9C%8D%E4%B8%8B%E8%BD%BD%E5%8A%A0%E9%80%9F&cb=cb,国际服下载加速,快手样本-游戏加速,10,一口高压锅划拳歌视频,一口高压锅划拳歌视频,2026-09-08T01:38:00+00:00
seed,google_web,Google Web 联想,https://suggestqueries.google.com/complete/search?client=firefox&hl=zh-CN&gl=cn&q=steam%E6%B8%B8%E6%88%8F%E5%8A%A0%E9%80%9F%E5%99%A8,steam游戏加速器,快手样本-游戏加速,1,steam游戏加速器,steam游戏加速器,2026-09-08T01:38:00+00:00
seed,google_youtube,Google/YouTube 联想,https://suggestqueries.google.com/complete/search?client=firefox&hl=zh-CN&gl=cn&ds=yt&q=steam%E6%B8%B8%E6%88%8F%E5%8A%A0%E9%80%9F%E5%99%A8,steam游戏加速器,快手样本-游戏加速,1,steam游戏加速器,steam游戏加速器,2026-09-08T01:38:00+00:00
seed,bing_cn,Bing 中文联想,https://api.bing.com/osjson.aspx?query=steam%E6%B8%B8%E6%88%8F%E5%8A%A0%E9%80%9F%E5%99%A8&mkt=zh-CN,steam游戏加速器,快手样本-游戏加速,1,steam游戏加速器,steam游戏加速器,2026-09-08T01:38:00+00:00
seed,bing_cn,Bing 中文联想,https://api.bing.com/osjson.aspx?query=steam%E6%B8%B8%E6%88%8F%E5%8A%A0%E9%80%9F%E5%99%A8&mkt=zh-CN,steam游戏加速器,快手样本-游戏加速,2,steam游戏加速器免费,steam游戏加速器免费,2026-09-08T01:38:00+00:00
seed,bing_cn,Bing 中文联想,https://api.bing.com/osjson.aspx?query=steam%E6%B8%B8%E6%88%8F%E5%8A%A0%E9%80%9F%E5%99%A8&mkt=zh-CN,steam游戏加速器,快手样本-游戏加速,3,steam游戏加速器推荐,steam游戏加速器推荐,2026-09-08T01:38:00+00:00
seed,bing_cn,Bing 中文联想,https://api.bing.com/osjson.aspx?query=steam%E6%B8%B8%E6%88%8F%E5%8A%A0%E9%80%9F%E5%99%A8&mkt=zh-CN,steam游戏加速器,快手样本-游戏加速,4,steam游戏加速器永久免费版,steam游戏加速器永久免费版,2026-09-08T01:38:00+00:00
seed,bing_cn,Bing 中文联想,https://api.bing.com/osjson.aspx?query=steam%E6%B8%B8%E6%88%8F%E5%8A%A0%E9%80%9F%E5%99%A8&mkt=zh-CN,steam游戏加速器,快手样本-游戏加速,5,steam游戏加速器免费对比,steam游戏加速器免费对比,2026-09-08T01:38:00+00:00
seed,bing_cn,Bing 中文联想,https://api.bing.com/osjson.aspx?query=steam%E6%B8%B8%E6%88%8F%E5%8A%A0%E9%80%9F%E5%99%A8&mkt=zh-CN,steam游戏加速器,快手样本-游戏加速,6,steam游戏加速器免费试用,steam游戏加速器免费试用,2026-09-08T01:38:00+00:00
seed,bing_cn,Bing 中文联想,https://api.bing.com/osjson.aspx?query=steam%E6%B8%B8%E6%88%8F%E5%8A%A0%E9%80%9F%E5%99%A8&mkt=zh-CN,steam游戏加速器,快手样本-游戏加速,7,steam游戏加速器推荐免费,steam游戏加速器推荐免费,2026-09-08T01:38:00+00:00
seed,bing_cn,Bing 中文联想,https://api.bing.com/osjson.aspx?query=steam%E6%B8%B8%E6%88%8F%E5%8A%A0%E9%80%9F%E5%99%A8&mkt=zh-CN,steam游戏加速器,快手样本-游戏加速,8,steam游戏加速器免费优惠券,steam游戏加速器免费优惠券,2026-09-08T01:38:00+00:00
seed,bing_cn,Bing 中文联想,https://api.bing.com/osjson.aspx?query=steam%E6%B8%B8%E6%88%8F%E5%8A%A0%E9%80%9F%E5%99%A8&mkt=zh-CN,steam游戏加速器,快手样本-游戏加速,9,steam游戏加速器免费安全吗,steam游戏加速器免费安全吗,2026-09-08T01:38:00+00:00
seed,bing_cn,Bing 中文联想,https://api.bing.com/osjson.aspx?query=steam%E6%B8%B8%E6%88%8F%E5%8A%A0%E9%80%9F%E5%99%A8&mkt=zh-CN,steam游戏加速器,快手样本-游戏加速,10,steam游戏加速器免费排行榜,steam游戏加速器免费排行榜,2026-09-08T01:38:00+00:00
seed,bing_cn,Bing 中文联想,https://api.bing.com/osjson.aspx?query=steam%E6%B8%B8%E6%88%8F%E5%8A%A0%E9%80%9F%E5%99%A8&mkt=zh-CN,steam游戏加速器,快手样本-游戏加速,11,steam游戏加速器下载,steam游戏加速器下载,2026-09-08T01:38:00+00:00
seed,bing_cn,Bing 中文联想,https://api.bing.com/osjson.aspx?query=steam%E6%B8%B8%E6%88%8F%E5%8A%A0%E9%80%9F%E5%99%A8&mkt=zh-CN,steam游戏加速器,快手样本-游戏加速,12,steam游戏加速器哪个好用,steam游戏加速器哪个好用,2026-09-08T01:38:00+00:00
seed,google_web,Google Web 联想,https://suggestqueries.google.com/complete/search?client=firefox&hl=zh-CN&gl=cn&q=pubg%E5%8A%A0%E9%80%9F%E5%99%A8,pubg加速器,快手样本-游戏加速,1,pubg加速器,pubg加速器,2026-09-08T01:38:00+00:00
seed,google_web,Google Web 联想,https://suggestqueries.google.com/complete/search?client=firefox&hl=zh-CN&gl=cn&q=pubg%E5%8A%A0%E9%80%9F%E5%99%A8,pubg加速器,快手样本-游戏加速,2,pubg 加速器 推荐,pubg加速器推荐,2026-09-08T01:38:00+00:00
seed,google_web,Google Web 联想,https://suggestqueries.google.com/complete/search?client=firefox&hl=zh-CN&gl=cn&q=pubg%E5%8A%A0%E9%80%9F%E5%99%A8,pubg加速器,快手样本-游戏加速,3,pubg 加速器 台湾,pubg加速器台湾,2026-09-08T01:38:00+00:00
seed,google_youtube,Google/YouTube 联想,https://suggestqueries.google.com/complete/search?client=firefox&hl=zh-CN&gl=cn&ds=yt&q=pubg%E5%8A%A0%E9%80%9F%E5%99%A8,pubg加速器,快手样本-游戏加速,1,pubg加速器,pubg加速器,2026-09-08T01:38:00+00:00
seed,google_youtube,Google/YouTube 联想,https://suggestqueries.google.com/complete/search?client=firefox&hl=zh-CN&gl=cn&ds=yt&q=pubg%E5%8A%A0%E9%80%9F%E5%99%A8,pubg加速器,快手样本-游戏加速,2,pubg加速器免费,pubg加速器免费,2026-09-08T01:38:00+00:00
seed,bing_cn,Bing 中文联想,https://api.bing.com/osjson.aspx?query=pubg%E5%8A%A0%E9%80%9F%E5%99%A8&mkt=zh-CN,pubg加速器,快手样本-游戏加速,1,pubg加速器,pubg加速器,2026-09-08T01:38:00+00:00
seed,bing_cn,Bing 中文联想,https://api.bing.com/osjson.aspx?query=pubg%E5%8A%A0%E9%80%9F%E5%99%A8&mkt=zh-CN,pubg加速器,快手样本-游戏加速,2,pubg加速器免费,pubg加速器免费,2026-09-08T01:38:00+00:00
seed,bing_cn,Bing 中文联想,https://api.bing.com/osjson.aspx?query=pubg%E5%8A%A0%E9%80%9F%E5%99%A8&mkt=zh-CN,pubg加速器,快手样本-游戏加速,3,pubg加速器免费版,pubg加速器免费版,2026-09-08T01:38:00+00:00
seed,bing_cn,Bing 中文联想,https://api.bing.com/osjson.aspx?query=pubg%E5%8A%A0%E9%80%9F%E5%99%A8&mkt=zh-CN,pubg加速器,快手样本-游戏加速,4,pubg加速器哪个好用,pubg加速器哪个好用,2026-09-08T01:38:00+00:00
seed,bing_cn,Bing 中文联想,https://api.bing.com/osjson.aspx?query=pubg%E5%8A%A0%E9%80%9F%E5%99%A8&mkt=zh-CN,pubg加速器,快手样本-游戏加速,5,pubg加速器推荐,pubg加速器推荐,2026-09-08T01:38:00+00:00
seed,bing_cn,Bing 中文联想,https://api.bing.com/osjson.aspx?query=pubg%E5%8A%A0%E9%80%9F%E5%99%A8&mkt=zh-CN,pubg加速器,快手样本-游戏加速,6,pubg加速器选哪个区服,pubg加速器选哪个区服,2026-09-08T01:38:00+00:00
seed,bing_cn,Bing 中文联想,https://api.bing.com/osjson.aspx?query=pubg%E5%8A%A0%E9%80%9F%E5%99%A8&mkt=zh-CN,pubg加速器,快手样本-游戏加速,7,pubg加速器免费版哪个好,pubg加速器免费版哪个好,2026-09-08T01:38:00+00:00
seed,bing_cn,Bing 中文联想,https://api.bing.com/osjson.aspx?query=pubg%E5%8A%A0%E9%80%9F%E5%99%A8&mkt=zh-CN,pubg加速器,快手样本-游戏加速,8,pubg加速器哪个好评,pubg加速器哪个好评,2026-09-08T01:38:00+00:00
seed,bing_cn,Bing 中文联想,https://api.bing.com/osjson.aspx?query=pubg%E5%8A%A0%E9%80%9F%E5%99%A8&mkt=zh-CN,pubg加速器,快手样本-游戏加速,9,pubg加速器哪个好稳定,pubg加速器哪个好稳定,2026-09-08T01:38:00+00:00
seed,bing_cn,Bing 中文联想,https://api.bing.com/osjson.aspx?query=pubg%E5%8A%A0%E9%80%9F%E5%99%A8&mkt=zh-CN,pubg加速器,快手样本-游戏加速,10,pubg加速器哪个好下载,pubg加速器哪个好下载,2026-09-08T01:38:00+00:00
seed,bing_cn,Bing 中文联想,https://api.bing.com/osjson.aspx?query=pubg%E5%8A%A0%E9%80%9F%E5%99%A8&mkt=zh-CN,pubg加速器,快手样本-游戏加速,11,pubg加速器哪个好介绍,pubg加速器哪个好介绍,2026-09-08T01:38:00+00:00
seed,bing_cn,Bing 中文联想,https://api.bing.com/osjson.aspx?query=pubg%E5%8A%A0%E9%80%9F%E5%99%A8&mkt=zh-CN,pubg加速器,快手样本-游戏加速,12,pubg加速器哪个好安全,pubg加速器哪个好安全,2026-09-08T01:38:00+00:00
seed,bing_cn,Bing 中文联想,https://api.bing.com/osjson.aspx?query=%E5%92%8C%E5%B9%B3%E7%B2%BE%E8%8B%B1%E5%8A%A0%E9%80%9F%E5%99%A8&mkt=zh-CN,和平精英加速器,快手样本-游戏加速,1,和平精英加速器,和平精英加速器,2026-09-08T01:38:00+00:00
seed,bing_cn,Bing 中文联想,https://api.bing.com/osjson.aspx?query=%E5%92%8C%E5%B9%B3%E7%B2%BE%E8%8B%B1%E5%8A%A0%E9%80%9F%E5%99%A8&mkt=zh-CN,和平精英加速器,快手样本-游戏加速,2,和平精英加速器免费版,和平精英加速器免费版,2026-09-08T01:38:00+00:00
seed,bing_cn,Bing 中文联想,https://api.bing.com/osjson.aspx?query=%E5%92%8C%E5%B9%B3%E7%B2%BE%E8%8B%B1%E5%8A%A0%E9%80%9F%E5%99%A8&mkt=zh-CN,和平精英加速器,快手样本-游戏加速,3,和平精英加速器电脑版,和平精英加速器电脑版,2026-09-08T01:38:00+00:00
seed,bing_cn,Bing 中文联想,https://api.bing.com/osjson.aspx?query=%E5%92%8C%E5%B9%B3%E7%B2%BE%E8%8B%B1%E5%8A%A0%E9%80%9F%E5%99%A8&mkt=zh-CN,和平精英加速器,快手样本-游戏加速,4,和平精英加速器下载,和平精英加速器下载,2026-09-08T01:38:00+00:00
seed,bing_cn,Bing 中文联想,https://api.bing.com/osjson.aspx?query=%E5%92%8C%E5%B9%B3%E7%B2%BE%E8%8B%B1%E5%8A%A0%E9%80%9F%E5%99%A8&mkt=zh-CN,和平精英加速器,快手样本-游戏加速,5,和平精英加速器推荐,和平精英加速器推荐,2026-09-08T01:38:00+00:00
seed,bing_cn,Bing 中文联想,https://api.bing.com/osjson.aspx?query=%E5%92%8C%E5%B9%B3%E7%B2%BE%E8%8B%B1%E5%8A%A0%E9%80%9F%E5%99%A8&mkt=zh-CN,和平精英加速器,快手样本-游戏加速,6,和平精英加速器哪个好,和平精英加速器哪个好,2026-09-08T01:38:00+00:00
seed,bing_cn,Bing 中文联想,https://api.bing.com/osjson.aspx?query=%E5%92%8C%E5%B9%B3%E7%B2%BE%E8%8B%B1%E5%8A%A0%E9%80%9F%E5%99%A8&mkt=zh-CN,和平精英加速器,快手样本-游戏加速,7,和平精英加速器有用吗,和平精英加速器有用吗,2026-09-08T01:38:00+00:00
seed,bing_cn,Bing 中文联想,https://api.bing.com/osjson.aspx?query=%E5%92%8C%E5%B9%B3%E7%B2%BE%E8%8B%B1%E5%8A%A0%E9%80%9F%E5%99%A8&mkt=zh-CN,和平精英加速器,快手样本-游戏加速,8,和平精英pc端加速器,和平精英pc端加速器,2026-09-08T01:38:00+00:00
seed,bing_cn,Bing 中文联想,https://api.bing.com/osjson.aspx?query=%E5%92%8C%E5%B9%B3%E7%B2%BE%E8%8B%B1%E5%8A%A0%E9%80%9F%E5%99%A8&mkt=zh-CN,和平精英加速器,快手样本-游戏加速,9,和平精英模拟器加速器,和平精英模拟器加速器,2026-09-08T01:38:00+00:00
seed,bing_cn,Bing 中文联想,https://api.bing.com/osjson.aspx?query=%E5%9C%B0%E9%93%81%E9%80%83%E7%94%9F%E5%8A%A0%E9%80%9F%E5%99%A8&mkt=zh-CN,地铁逃生加速器,快手样本-游戏加速,1,地铁逃生加速器,地铁逃生加速器,2026-09-08T01:38:00+00:00
seed,bing_cn,Bing 中文联想,https://api.bing.com/osjson.aspx?query=%E5%9C%B0%E9%93%81%E9%80%83%E7%94%9F%E5%8A%A0%E9%80%9F%E5%99%A8&mkt=zh-CN,地铁逃生加速器,快手样本-游戏加速,2,地铁逃生pubg加速器,地铁逃生pubg加速器,2026-09-08T01:38:00+00:00
seed,bing_cn,Bing 中文联想,https://api.bing.com/osjson.aspx?query=%E5%9C%B0%E9%93%81%E9%80%83%E7%94%9F%E5%8A%A0%E9%80%9F%E5%99%A8&mkt=zh-CN,地铁逃生加速器,快手样本-游戏加速,3,pubg地铁逃生加速器,pubg地铁逃生加速器,2026-09-08T01:38:00+00:00
seed,bing_cn,Bing 中文联想,https://api.bing.com/osjson.aspx?query=%E5%9C%B0%E9%93%81%E9%80%83%E7%94%9F%E5%8A%A0%E9%80%9F%E5%99%A8&mkt=zh-CN,地铁逃生加速器,快手样本-游戏加速,4,地铁逃生3 . 1,地铁逃生3 . 1,2026-09-08T01:38:00+00:00
seed,bing_cn,Bing 中文联想,https://api.bing.com/osjson.aspx?query=%E5%9C%B0%E9%93%81%E9%80%83%E7%94%9F%E5%8A%A0%E9%80%9F%E5%99%A8&mkt=zh-CN,地铁逃生加速器,快手样本-游戏加速,5,地铁逃生 ch.11,地铁逃生ch.11,2026-09-08T01:38:00+00:00
seed,google_youtube,Google/YouTube 联想,https://suggestqueries.google.com/complete/search?client=firefox&hl=zh-CN&gl=cn&ds=yt&q=apex%E8%8B%B1%E9%9B%84%E5%8A%A0%E9%80%9F%E5%99%A8,apex英雄加速器,快手样本-游戏加速,1,apex legends 教学,apex legends教学,2026-09-08T01:38:00+00:00
seed,bing_cn,Bing 中文联想,https://api.bing.com/osjson.aspx?query=apex%E8%8B%B1%E9%9B%84%E5%8A%A0%E9%80%9F%E5%99%A8&mkt=zh-CN,apex英雄加速器,快手样本-游戏加速,1,apex英雄加速器优惠,apex英雄加速器优惠,2026-09-08T01:38:00+00:00
seed,bing_cn,Bing 中文联想,https://api.bing.com/osjson.aspx?query=apex%E8%8B%B1%E9%9B%84%E5%8A%A0%E9%80%9F%E5%99%A8&mkt=zh-CN,apex英雄加速器,快手样本-游戏加速,2,apex英雄加速器安装,apex英雄加速器安装,2026-09-08T01:38:00+00:00
seed,bing_cn,Bing 中文联想,https://api.bing.com/osjson.aspx?query=apex%E8%8B%B1%E9%9B%84%E5%8A%A0%E9%80%9F%E5%99%A8&mkt=zh-CN,apex英雄加速器,快手样本-游戏加速,3,apex英雄加速器对比,apex英雄加速器对比,2026-09-08T01:38:00+00:00
seed,bing_cn,Bing 中文联想,https://api.bing.com/osjson.aspx?query=apex%E8%8B%B1%E9%9B%84%E5%8A%A0%E9%80%9F%E5%99%A8&mkt=zh-CN,apex英雄加速器,快手样本-游戏加速,4,apex英雄加速器教程,apex英雄加速器教程,2026-09-08T01:38:00+00:00
seed,bing_cn,Bing 中文联想,https://api.bing.com/osjson.aspx?query=apex%E8%8B%B1%E9%9B%84%E5%8A%A0%E9%80%9F%E5%99%A8&mkt=zh-CN,apex英雄加速器,快手样本-游戏加速,5,apex英雄加速器评测,apex英雄加速器评测,2026-09-08T01:38:00+00:00
seed,bing_cn,Bing 中文联想,https://api.bing.com/osjson.aspx?query=apex%E8%8B%B1%E9%9B%84%E5%8A%A0%E9%80%9F%E5%99%A8&mkt=zh-CN,apex英雄加速器,快手样本-游戏加速,6,apex英雄加速器怎么用,apex英雄加速器怎么用,2026-09-08T01:38:00+00:00
seed,bing_cn,Bing 中文联想,https://api.bing.com/osjson.aspx?query=apex%E8%8B%B1%E9%9B%84%E5%8A%A0%E9%80%9F%E5%99%A8&mkt=zh-CN,apex英雄加速器,快手样本-游戏加速,7,apex英雄加速器,apex英雄加速器,2026-09-08T01:38:00+00:00
seed,bing_cn,Bing 中文联想,https://api.bing.com/osjson.aspx?query=apex%E8%8B%B1%E9%9B%84%E5%8A%A0%E9%80%9F%E5%99%A8&mkt=zh-CN,apex英雄加速器,快手样本-游戏加速,8,apex英雄需要加速器吗,apex英雄需要加速器吗,2026-09-08T01:38:00+00:00
seed,bing_cn,Bing 中文联想,https://api.bing.com/osjson.aspx?query=apex%E8%8B%B1%E9%9B%84%E5%8A%A0%E9%80%9F%E5%99%A8&mkt=zh-CN,apex英雄加速器,快手样本-游戏加速,9,apex英雄免费加速器,apex英雄免费加速器,2026-09-08T01:38:00+00:00
seed,bing_cn,Bing 中文联想,https://api.bing.com/osjson.aspx?query=apex%E8%8B%B1%E9%9B%84%E5%8A%A0%E9%80%9F%E5%99%A8&mkt=zh-CN,apex英雄加速器,快手样本-游戏加速,10,apex英雄不用加速器能玩吗,apex英雄不用加速器能玩吗,2026-09-08T01:38:00+00:00
seed,bing_cn,Bing 中文联想,https://api.bing.com/osjson.aspx?query=%E5%AF%B9%E5%B3%992%E5%8A%A0%E9%80%9F%E5%99%A8&mkt=zh-CN,对峙2加速器,快手样本-游戏加速,1,对峙2加速器,对峙2加速器,2026-09-08T01:38:00+00:00
seed,bing_cn,Bing 中文联想,https://api.bing.com/osjson.aspx?query=%E5%AF%B9%E5%B3%992%E5%8A%A0%E9%80%9F%E5%99%A8&mkt=zh-CN,对峙2加速器,快手样本-游戏加速,2,对峙2加速器推荐,对峙2加速器推荐,2026-09-08T01:38:00+00:00
seed,bing_cn,Bing 中文联想,https://api.bing.com/osjson.aspx?query=%E5%AF%B9%E5%B3%992%E5%8A%A0%E9%80%9F%E5%99%A8&mkt=zh-CN,对峙2加速器,快手样本-游戏加速,3,对峙2免费加速器,对峙2免费加速器,2026-09-08T01:38:00+00:00
seed,bing_cn,Bing 中文联想,https://api.bing.com/osjson.aspx?query=%E5%AF%B9%E5%B3%992%E5%8A%A0%E9%80%9F%E5%99%A8&mkt=zh-CN,对峙2加速器,快手样本-游戏加速,4,对峙2要加速器吗,对峙2要加速器吗,2026-09-08T01:38:00+00:00
seed,bing_cn,Bing 中文联想,https://api.bing.com/osjson.aspx?query=%E5%AF%B9%E5%B3%992%E5%8A%A0%E9%80%9F%E5%99%A8&mkt=zh-CN,对峙2加速器,快手样本-游戏加速,5,对峙2需要加速器吗,对峙2需要加速器吗,2026-09-08T01:38:00+00:00
seed,bing_cn,Bing 中文联想,https://api.bing.com/osjson.aspx?query=%E5%AF%B9%E5%B3%992%E5%8A%A0%E9%80%9F%E5%99%A8&mkt=zh-CN,对峙2加速器,快手样本-游戏加速,6,对峙2用什么加速器,对峙2用什么加速器,2026-09-08T01:38:00+00:00
seed,bing_cn,Bing 中文联想,https://api.bing.com/osjson.aspx?query=%E8%8D%92%E9%87%8E%E4%B9%B1%E6%96%97%E5%9B%BD%E9%99%85%E6%9C%8D%E5%8A%A0%E9%80%9F%E5%99%A8&mkt=zh-CN,荒野乱斗国际服加速器,快手样本-游戏加速,1,荒野乱斗国际服加速器,荒野乱斗国际服加速器,2026-09-08T01:38:00+00:00
seed,bing_cn,Bing 中文联想,https://api.bing.com/osjson.aspx?query=%E8%8D%92%E9%87%8E%E4%B9%B1%E6%96%97%E5%9B%BD%E9%99%85%E6%9C%8D%E5%8A%A0%E9%80%9F%E5%99%A8&mkt=zh-CN,荒野乱斗国际服加速器,快手样本-游戏加速,2,荒野乱斗国际服要加速器吗,荒野乱斗国际服要加速器吗,2026-09-08T01:38:00+00:00
seed,bing_cn,Bing 中文联想,https://api.bing.com/osjson.aspx?query=%E8%8D%92%E9%87%8E%E4%B9%B1%E6%96%97%E5%9B%BD%E9%99%85%E6%9C%8D%E5%8A%A0%E9%80%9F%E5%99%A8&mkt=zh-CN,荒野乱斗国际服加速器,快手样本-游戏加速,3,荒野乱斗国际服需要加速器吗,荒野乱斗国际服需要加速器吗,2026-09-08T01:38:00+00:00
seed,bing_cn,Bing 中文联想,https://api.bing.com/osjson.aspx?query=%E8%8D%92%E9%87%8E%E4%B9%B1%E6%96%97%E5%9B%BD%E9%99%85%E6%9C%8D%E5%8A%A0%E9%80%9F%E5%99%A8&mkt=zh-CN,荒野乱斗国际服加速器,快手样本-游戏加速,4,荒野乱斗兑换码.cn,荒野乱斗兑换码.cn,2026-09-08T01:38:00+00:00
seed,bing_cn,Bing 中文联想,https://api.bing.com/osjson.aspx?query=%E8%8D%92%E9%87%8E%E4%B9%B1%E6%96%97%E5%9B%BD%E9%99%85%E6%9C%8D%E5%8A%A0%E9%80%9F%E5%99%A8&mkt=zh-CN,荒野乱斗国际服加速器,快手样本-游戏加速,5,电游.cc荒野乱斗,电游.cc荒野乱斗,2026-09-08T01:38:00+00:00
seed,google_youtube,Google/YouTube 联想,https://suggestqueries.google.com/complete/search?client=firefox&hl=zh-CN&gl=cn&ds=yt&q=%E6%B0%A7%E5%8C%96%E7%89%A9%E7%94%9F%E5%AD%98%E5%B2%9B%E5%8A%A0%E9%80%9F%E5%99%A8,氧化物生存岛加速器,快手样本-游戏加速,1,氧化物生存岛,氧化物生存岛,2026-09-08T01:38:00+00:00
seed,google_youtube,Google/YouTube 联想,https://suggestqueries.google.com/complete/search?client=firefox&hl=zh-CN&gl=cn&ds=yt&q=%E4%B8%89%E8%A7%92%E6%B4%B2%E6%97%A5%E6%9C%8D%E5%8A%A0%E9%80%9F%E5%99%A8,三角洲日服加速器,快手样本-游戏加速,1,vpn不限速,vpn不限速,2026-09-08T01:38:00+00:00
seed,google_youtube,Google/YouTube 联想,https://suggestqueries.google.com/complete/search?client=firefox&hl=zh-CN&gl=cn&ds=yt&q=%E4%B8%89%E8%A7%92%E6%B4%B2%E6%97%A5%E6%9C%8D%E5%8A%A0%E9%80%9F%E5%99%A8,三角洲日服加速器,快手样本-游戏加速,2,vpn科普,vpn科普,2026-09-08T01:38:00+00:00
seed,bing_cn,Bing 中文联想,https://api.bing.com/osjson.aspx?query=%E4%B8%89%E8%A7%92%E6%B4%B2%E6%97%A5%E6%9C%8D%E5%8A%A0%E9%80%9F%E5%99%A8&mkt=zh-CN,三角洲日服加速器,快手样本-游戏加速,1,三角洲日服加速器,三角洲日服加速器,2026-09-08T01:38:00+00:00
seed,bing_cn,Bing 中文联想,https://api.bing.com/osjson.aspx?query=%E4%B8%89%E8%A7%92%E6%B4%B2%E6%97%A5%E6%9C%8D%E5%8A%A0%E9%80%9F%E5%99%A8&mkt=zh-CN,三角洲日服加速器,快手样本-游戏加速,2,三角洲日服免费加速器,三角洲日服免费加速器,2026-09-08T01:38:00+00:00
seed,bing_cn,Bing 中文联想,https://api.bing.com/osjson.aspx?query=%E4%B8%89%E8%A7%92%E6%B4%B2%E6%97%A5%E6%9C%8D%E5%8A%A0%E9%80%9F%E5%99%A8&mkt=zh-CN,三角洲日服加速器,快手样本-游戏加速,3,三角洲3*3速通,三角洲3*3速通,2026-09-08T01:38:00+00:00
seed,bing_cn,Bing 中文联想,https://api.bing.com/osjson.aspx?query=%E4%B8%89%E8%A7%92%E6%B4%B2%E6%97%A5%E6%9C%8D%E5%8A%A0%E9%80%9F%E5%99%A8&mkt=zh-CN,三角洲日服加速器,快手样本-游戏加速,4,三角洲1.9m,三角洲1.9m,2026-09-08T01:38:00+00:00
seed,bing_cn,Bing 中文联想,https://api.bing.com/osjson.aspx?query=%E4%B8%89%E8%A7%92%E6%B4%B2%E6%97%A5%E6%9C%8D%E5%8A%A0%E9%80%9F%E5%99%A8&mkt=zh-CN,三角洲日服加速器,快手样本-游戏加速,5,三角洲19.3m,三角洲19.3m,2026-09-08T01:38:00+00:00
seed,bing_cn,Bing 中文联想,https://api.bing.com/osjson.aspx?query=%E4%B8%89%E8%A7%92%E6%B4%B2%E6%97%A5%E6%9C%8D%E5%8A%A0%E9%80%9F%E5%99%A8&mkt=zh-CN,三角洲日服加速器,快手样本-游戏加速,6,4.6*30三角洲,4.6*30三角洲,2026-09-08T01:38:00+00:00
seed,bing_cn,Bing 中文联想,https://api.bing.com/osjson.aspx?query=%E4%B8%89%E8%A7%92%E6%B4%B2%E6%97%A5%E6%9C%8D%E5%8A%A0%E9%80%9F%E5%99%A8&mkt=zh-CN,三角洲日服加速器,快手样本-游戏加速,7,7.62*51 m80 三角洲,7.62*51 m80三角洲,2026-09-08T01:38:00+00:00
seed,bing_cn,Bing 中文联想,https://api.bing.com/osjson.aspx?query=%E4%B8%89%E8%A7%92%E6%B4%B2%E6%97%A5%E6%9C%8D%E5%8A%A0%E9%80%9F%E5%99%A8&mkt=zh-CN,三角洲日服加速器,快手样本-游戏加速,8,三角洲4.5m,三角洲4.5m,2026-09-08T01:38:00+00:00
seed,bing_cn,Bing 中文联想,https://api.bing.com/osjson.aspx?query=%E4%B8%89%E8%A7%92%E6%B4%B2%E6%97%A5%E6%9C%8D%E5%8A%A0%E9%80%9F%E5%99%A8&mkt=zh-CN,三角洲日服加速器,快手样本-游戏加速,9,三角洲4.6*30,三角洲4.6*30,2026-09-08T01:38:00+00:00
seed,bing_cn,Bing 中文联想,https://api.bing.com/osjson.aspx?query=%E4%B8%89%E8%A7%92%E6%B4%B2%E6%97%A5%E6%9C%8D%E5%8A%A0%E9%80%9F%E5%99%A8&mkt=zh-CN,三角洲日服加速器,快手样本-游戏加速,10,三角洲1.2m,三角洲1.2m,2026-09-08T01:38:00+00:00
seed,bing_cn,Bing 中文联想,https://api.bing.com/osjson.aspx?query=%E4%B8%89%E8%A7%92%E6%B4%B2%E6%97%A5%E6%9C%8D%E5%8A%A0%E9%80%9F%E5%99%A8&mkt=zh-CN,三角洲日服加速器,快手样本-游戏加速,11,三角洲.45super,三角洲.45super,2026-09-08T01:38:00+00:00
seed,bing_cn,Bing 中文联想,https://api.bing.com/osjson.aspx?query=%E4%B8%89%E8%A7%92%E6%B4%B2%E6%97%A5%E6%9C%8D%E5%8A%A0%E9%80%9F%E5%99%A8&mkt=zh-CN,三角洲日服加速器,快手样本-游戏加速,12,三角洲16-0,三角洲16-0,2026-09-08T01:38:00+00:00
seed,bing_cn,Bing 中文联想,https://api.bing.com/osjson.aspx?query=%E7%90%83%E7%90%83%E5%A4%A7%E4%BD%9C%E6%88%98%E5%8A%A0%E9%80%9F%E5%99%A8&mkt=zh-CN,球球大作战加速器,快手样本-游戏加速,1,球球大作战加速器,球球大作战加速器,2026-09-08T01:38:00+00:00
seed,bing_cn,Bing 中文联想,https://api.bing.com/osjson.aspx?query=%E7%90%83%E7%90%83%E5%A4%A7%E4%BD%9C%E6%88%98%E5%8A%A0%E9%80%9F%E5%99%A8&mkt=zh-CN,球球大作战加速器,快手样本-游戏加速,2,球球大作战加速器ios,球球大作战加速器ios,2026-09-08T01:38:00+00:00
seed,bing_cn,Bing 中文联想,https://api.bing.com/osjson.aspx?query=%E7%90%83%E7%90%83%E5%A4%A7%E4%BD%9C%E6%88%98%E5%8A%A0%E9%80%9F%E5%99%A8&mkt=zh-CN,球球大作战加速器,快手样本-游戏加速,3,球球大作战加速器辅助电脑版,球球大作战加速器辅助电脑版,2026-09-08T01:38:00+00:00
seed,bing_cn,Bing 中文联想,https://api.bing.com/osjson.aspx?query=%E7%90%83%E7%90%83%E5%A4%A7%E4%BD%9C%E6%88%98%E5%8A%A0%E9%80%9F%E5%99%A8&mkt=zh-CN,球球大作战加速器,快手样本-游戏加速,4,球球大作战加速器脚本,球球大作战加速器脚本,2026-09-08T01:38:00+00:00
seed,bing_cn,Bing 中文联想,https://api.bing.com/osjson.aspx?query=%E7%90%83%E7%90%83%E5%A4%A7%E4%BD%9C%E6%88%98%E5%8A%A0%E9%80%9F%E5%99%A8&mkt=zh-CN,球球大作战加速器,快手样本-游戏加速,5,球球大作战加速器安卓,球球大作战加速器安卓,2026-09-08T01:38:00+00:00
seed,bing_cn,Bing 中文联想,https://api.bing.com/osjson.aspx?query=%E7%90%83%E7%90%83%E5%A4%A7%E4%BD%9C%E6%88%98%E5%8A%A0%E9%80%9F%E5%99%A8&mkt=zh-CN,球球大作战加速器,快手样本-游戏加速,6,球球大作战加速器吐球下载,球球大作战加速器吐球下载,2026-09-08T01:38:00+00:00
seed,bing_cn,Bing 中文联想,https://api.bing.com/osjson.aspx?query=%E7%90%83%E7%90%83%E5%A4%A7%E4%BD%9C%E6%88%98%E5%8A%A0%E9%80%9F%E5%99%A8&mkt=zh-CN,球球大作战加速器,快手样本-游戏加速,7,球球大作战加速器ios免费,球球大作战加速器ios免费,2026-09-08T01:38:00+00:00
seed,bing_cn,Bing 中文联想,https://api.bing.com/osjson.aspx?query=%E7%90%83%E7%90%83%E5%A4%A7%E4%BD%9C%E6%88%98%E5%8A%A0%E9%80%9F%E5%99%A8&mkt=zh-CN,球球大作战加速器,快手样本-游戏加速,8,球球大作战加速器辅助ios,球球大作战加速器辅助ios,2026-09-08T01:38:00+00:00
seed,bing_cn,Bing 中文联想,https://api.bing.com/osjson.aspx?query=%E7%90%83%E7%90%83%E5%A4%A7%E4%BD%9C%E6%88%98%E5%8A%A0%E9%80%9F%E5%99%A8&mkt=zh-CN,球球大作战加速器,快手样本-游戏加速,9,球球大作战加速器苹果,球球大作战加速器苹果,2026-09-08T01:38:00+00:00
seed,bing_cn,Bing 中文联想,https://api.bing.com/osjson.aspx?query=%E7%90%83%E7%90%83%E5%A4%A7%E4%BD%9C%E6%88%98%E5%8A%A0%E9%80%9F%E5%99%A8&mkt=zh-CN,球球大作战加速器,快手样本-游戏加速,10,球球大作战加速器制作,球球大作战加速器制作,2026-09-08T01:38:00+00:00
seed,bing_cn,Bing 中文联想,https://api.bing.com/osjson.aspx?query=%E7%90%83%E7%90%83%E5%A4%A7%E4%BD%9C%E6%88%98%E5%8A%A0%E9%80%9F%E5%99%A8&mkt=zh-CN,球球大作战加速器,快手样本-游戏加速,11,球球大作战加速器吐球ios,球球大作战加速器吐球ios,2026-09-08T01:38:00+00:00
seed,bing_cn,Bing 中文联想,https://api.bing.com/osjson.aspx?query=%E7%90%83%E7%90%83%E5%A4%A7%E4%BD%9C%E6%88%98%E5%8A%A0%E9%80%9F%E5%99%A8&mkt=zh-CN,球球大作战加速器,快手样本-游戏加速,12,球球大作战加速器ios下载,球球大作战加速器ios下载,2026-09-08T01:38:00+00:00
seed,google_web,Google Web 联想,https://suggestqueries.google.com/complete/search?client=firefox&hl=zh-CN&gl=cn&q=%E8%BF%85%E6%B8%B8%E5%8A%A0%E9%80%9F%E5%99%A8,迅游加速器,快手样本-加速器品牌,1,迅游加速器,迅游加速器,2026-09-08T01:38:00+00:00
seed,google_web,Google Web 联想,https://suggestqueries.google.com/complete/search?client=firefox&hl=zh-CN&gl=cn&q=%E8%BF%85%E6%B8%B8%E5%8A%A0%E9%80%9F%E5%99%A8,迅游加速器,快手样本-加速器品牌,2,迅游加速器mac,迅游加速器mac,2026-09-08T01:38:00+00:00
seed,google_web,Google Web 联想,https://suggestqueries.google.com/complete/search?client=firefox&hl=zh-CN&gl=cn&q=%E8%BF%85%E6%B8%B8%E5%8A%A0%E9%80%9F%E5%99%A8,迅游加速器,快手样本-加速器品牌,3,迅游加速器口令,迅游加速器口令,2026-09-08T01:38:00+00:00
seed,google_web,Google Web 联想,https://suggestqueries.google.com/complete/search?client=firefox&hl=zh-CN&gl=cn&q=%E8%BF%85%E6%B8%B8%E5%8A%A0%E9%80%9F%E5%99%A8,迅游加速器,快手样本-加速器品牌,4,迅游加速器海外版,迅游加速器海外版,2026-09-08T01:38:00+00:00
seed,google_web,Google Web 联想,https://suggestqueries.google.com/complete/search?client=firefox&hl=zh-CN&gl=cn&q=%E8%BF%85%E6%B8%B8%E5%8A%A0%E9%80%9F%E5%99%A8,迅游加速器,快手样本-加速器品牌,5,迅游加速器价格,迅游加速器价格,2026-09-08T01:38:00+00:00
seed,google_web,Google Web 联想,https://suggestqueries.google.com/complete/search?client=firefox&hl=zh-CN&gl=cn&q=%E8%BF%85%E6%B8%B8%E5%8A%A0%E9%80%9F%E5%99%A8,迅游加速器,快手样本-加速器品牌,6,迅游加速器国际版,迅游加速器国际版,2026-09-08T01:38:00+00:00
seed,google_web,Google Web 联想,https://suggestqueries.google.com/complete/search?client=firefox&hl=zh-CN&gl=cn&q=%E8%BF%85%E6%B8%B8%E5%8A%A0%E9%80%9F%E5%99%A8,迅游加速器,快手样本-加速器品牌,7,迅游加速器官网,迅游加速器官网,2026-09-08T01:38:00+00:00
seed,google_web,Google Web 联想,https://suggestqueries.google.com/complete/search?client=firefox&hl=zh-CN&gl=cn&q=%E8%BF%85%E6%B8%B8%E5%8A%A0%E9%80%9F%E5%99%A8,迅游加速器,快手样本-加速器品牌,8,迅游加速器openwrt,迅游加速器openwrt,2026-09-08T01:38:00+00:00
seed,google_web,Google Web 联想,https://suggestqueries.google.com/complete/search?client=firefox&hl=zh-CN&gl=cn&q=%E8%BF%85%E6%B8%B8%E5%8A%A0%E9%80%9F%E5%99%A8,迅游加速器,快手样本-加速器品牌,9,迅游加速器下载,迅游加速器下载,2026-09-08T01:38:00+00:00
seed,google_web,Google Web 联想,https://suggestqueries.google.com/complete/search?client=firefox&hl=zh-CN&gl=cn&q=%E8%BF%85%E6%B8%B8%E5%8A%A0%E9%80%9F%E5%99%A8,迅游加速器,快手样本-加速器品牌,10,迅游加速器兑换码,迅游加速器兑换码,2026-09-08T01:38:00+00:00
seed,google_youtube,Google/YouTube 联想,https://suggestqueries.google.com/complete/search?client=firefox&hl=zh-CN&gl=cn&ds=yt&q=%E8%BF%85%E6%B8%B8%E5%8A%A0%E9%80%9F%E5%99%A8,迅游加速器,快手样本-加速器品牌,1,迅游加速器,迅游加速器,2026-09-08T01:38:00+00:00
seed,google_youtube,Google/YouTube 联想,https://suggestqueries.google.com/complete/search?client=firefox&hl=zh-CN&gl=cn&ds=yt&q=%E8%BF%85%E6%B8%B8%E5%8A%A0%E9%80%9F%E5%99%A8,迅游加速器,快手样本-加速器品牌,2,迅游加速器口令,迅游加速器口令,2026-09-08T01:38:00+00:00
seed,google_youtube,Google/YouTube 联想,https://suggestqueries.google.com/complete/search?client=firefox&hl=zh-CN&gl=cn&ds=yt&q=%E8%BF%85%E6%B8%B8%E5%8A%A0%E9%80%9F%E5%99%A8,迅游加速器,快手样本-加速器品牌,3,游戏加速器免费,游戏加速器免费,2026-09-08T01:38:00+00:00
seed,bing_cn,Bing 中文联想,https://api.bing.com/osjson.aspx?query=%E8%BF%85%E6%B8%B8%E5%8A%A0%E9%80%9F%E5%99%A8&mkt=zh-CN,迅游加速器,快手样本-加速器品牌,1,迅游加速器,迅游加速器,2026-09-08T01:38:00+00:00
seed,bing_cn,Bing 中文联想,https://api.bing.com/osjson.aspx?query=%E8%BF%85%E6%B8%B8%E5%8A%A0%E9%80%9F%E5%99%A8&mkt=zh-CN,迅游加速器,快手样本-加速器品牌,2,迅游加速器官网首页,迅游加速器官网首页,2026-09-08T01:38:00+00:00
seed,bing_cn,Bing 中文联想,https://api.bing.com/osjson.aspx?query=%E8%BF%85%E6%B8%B8%E5%8A%A0%E9%80%9F%E5%99%A8&mkt=zh-CN,迅游加速器,快手样本-加速器品牌,3,迅游加速器兑换码,迅游加速器兑换码,2026-09-08T01:38:00+00:00
seed,bing_cn,Bing 中文联想,https://api.bing.com/osjson.aspx?query=%E8%BF%85%E6%B8%B8%E5%8A%A0%E9%80%9F%E5%99%A8&mkt=zh-CN,迅游加速器,快手样本-加速器品牌,4,迅游加速器口令,迅游加速器口令,2026-09-08T01:38:00+00:00
seed,bing_cn,Bing 中文联想,https://api.bing.com/osjson.aspx?query=%E8%BF%85%E6%B8%B8%E5%8A%A0%E9%80%9F%E5%99%A8&mkt=zh-CN,迅游加速器,快手样本-加速器品牌,5,迅游加速器官网首页电脑版,迅游加速器官网首页电脑版,2026-09-08T01:38:00+00:00
seed,bing_cn,Bing 中文联想,https://api.bing.com/osjson.aspx?query=%E8%BF%85%E6%B8%B8%E5%8A%A0%E9%80%9F%E5%99%A8&mkt=zh-CN,迅游加速器,快手样本-加速器品牌,6,迅游加速器官网下载,迅游加速器官网下载,2026-09-08T01:38:00+00:00
seed,bing_cn,Bing 中文联想,https://api.bing.com/osjson.aspx?query=%E8%BF%85%E6%B8%B8%E5%8A%A0%E9%80%9F%E5%99%A8&mkt=zh-CN,迅游加速器,快手样本-加速器品牌,7,迅游加速器下载,迅游加速器下载,2026-09-08T01:38:00+00:00
seed,bing_cn,Bing 中文联想,https://api.bing.com/osjson.aspx?query=%E8%BF%85%E6%B8%B8%E5%8A%A0%E9%80%9F%E5%99%A8&mkt=zh-CN,迅游加速器,快手样本-加速器品牌,8,迅游加速器官网首页下载,迅游加速器官网首页下载,2026-09-08T01:38:00+00:00
seed,bing_cn,Bing 中文联想,https://api.bing.com/osjson.aspx?query=%E8%BF%85%E6%B8%B8%E5%8A%A0%E9%80%9F%E5%99%A8&mkt=zh-CN,迅游加速器,快手样本-加速器品牌,9,迅游加速器国际版,迅游加速器国际版,2026-09-08T01:38:00+00:00
seed,bing_cn,Bing 中文联想,https://api.bing.com/osjson.aspx?query=%E8%BF%85%E6%B8%B8%E5%8A%A0%E9%80%9F%E5%99%A8&mkt=zh-CN,迅游加速器,快手样本-加速器品牌,10,迅游加速器网吧版,迅游加速器网吧版,2026-09-08T01:38:00+00:00
seed,bing_cn,Bing 中文联想,https://api.bing.com/osjson.aspx?query=%E8%BF%85%E6%B8%B8%E5%8A%A0%E9%80%9F%E5%99%A8&mkt=zh-CN,迅游加速器,快手样本-加速器品牌,11,迅游加速器价格,迅游加速器价格,2026-09-08T01:38:00+00:00
seed,bing_cn,Bing 中文联想,https://api.bing.com/osjson.aspx?query=%E8%BF%85%E6%B8%B8%E5%8A%A0%E9%80%9F%E5%99%A8&mkt=zh-CN,迅游加速器,快手样本-加速器品牌,12,迅游加速器口令2026,迅游加速器口令2026,2026-09-08T01:38:00+00:00
seed,google_web,Google Web 联想,https://suggestqueries.google.com/complete/search?client=firefox&hl=zh-CN&gl=cn&q=%E9%9B%B7%E7%A5%9E%E5%8A%A0%E9%80%9F%E5%99%A8,雷神加速器,快手样本-加速器品牌,1,雷神加速器,雷神加速器,2026-09-08T01:38:00+00:00
seed,google_web,Google Web 联想,https://suggestqueries.google.com/complete/search?client=firefox&hl=zh-CN&gl=cn&q=%E9%9B%B7%E7%A5%9E%E5%8A%A0%E9%80%9F%E5%99%A8,雷神加速器,快手样本-加速器品牌,2,雷神加速器口令,雷神加速器口令,2026-09-08T01:38:00+00:00
seed,google_web,Google Web 联想,https://suggestqueries.google.com/complete/search?client=firefox&hl=zh-CN&gl=cn&q=%E9%9B%B7%E7%A5%9E%E5%8A%A0%E9%80%9F%E5%99%A8,雷神加速器,快手样本-加速器品牌,3,雷神加速器 linux,雷神加速器linux,2026-09-08T01:38:00+00:00
seed,google_web,Google Web 联想,https://suggestqueries.google.com/complete/search?client=firefox&hl=zh-CN&gl=cn&q=%E9%9B%B7%E7%A5%9E%E5%8A%A0%E9%80%9F%E5%99%A8,雷神加速器,快手样本-加速器品牌,4,雷神加速器折扣码,雷神加速器折扣码,2026-09-08T01:38:00+00:00
seed,google_web,Google Web 联想,https://suggestqueries.google.com/complete/search?client=firefox&hl=zh-CN&gl=cn&q=%E9%9B%B7%E7%A5%9E%E5%8A%A0%E9%80%9F%E5%99%A8,雷神加速器,快手样本-加速器品牌,5,雷神加速器自动暂停,雷神加速器自动暂停,2026-09-08T01:38:00+00:00
seed,google_web,Google Web 联想,https://suggestqueries.google.com/complete/search?client=firefox&hl=zh-CN&gl=cn&q=%E9%9B%B7%E7%A5%9E%E5%8A%A0%E9%80%9F%E5%99%A8,雷神加速器,快手样本-加速器品牌,6,雷神加速器 switch,雷神加速器switch,2026-09-08T01:38:00+00:00
seed,google_web,Google Web 联想,https://suggestqueries.google.com/complete/search?client=firefox&hl=zh-CN&gl=cn&q=%E9%9B%B7%E7%A5%9E%E5%8A%A0%E9%80%9F%E5%99%A8,雷神加速器,快手样本-加速器品牌,7,雷神加速器apk,雷神加速器apk,2026-09-08T01:38:00+00:00
seed,google_web,Google Web 联想,https://suggestqueries.google.com/complete/search?client=firefox&hl=zh-CN&gl=cn&q=%E9%9B%B7%E7%A5%9E%E5%8A%A0%E9%80%9F%E5%99%A8,雷神加速器,快手样本-加速器品牌,8,雷神加速器 路由器,雷神加速器路由器,2026-09-08T01:38:00+00:00
seed,google_web,Google Web 联想,https://suggestqueries.google.com/complete/search?client=firefox&hl=zh-CN&gl=cn&q=%E9%9B%B7%E7%A5%9E%E5%8A%A0%E9%80%9F%E5%99%A8,雷神加速器,快手样本-加速器品牌,9,雷神加速器app,雷神加速器app,2026-09-08T01:38:00+00:00
seed,google_youtube,Google/YouTube 联想,https://suggestqueries.google.com/complete/search?client=firefox&hl=zh-CN&gl=cn&ds=yt&q=%E9%9B%B7%E7%A5%9E%E5%8A%A0%E9%80%9F%E5%99%A8,雷神加速器,快手样本-加速器品牌,1,雷神加速器,雷神加速器,2026-09-08T01:38:00+00:00
seed,bing_cn,Bing 中文联想,https://api.bing.com/osjson.aspx?query=%E9%9B%B7%E7%A5%9E%E5%8A%A0%E9%80%9F%E5%99%A8&mkt=zh-CN,雷神加速器,快手样本-加速器品牌,1,雷神加速器,雷神加速器,2026-09-08T01:38:00+00:00
seed,bing_cn,Bing 中文联想,https://api.bing.com/osjson.aspx?query=%E9%9B%B7%E7%A5%9E%E5%8A%A0%E9%80%9F%E5%99%A8&mkt=zh-CN,雷神加速器,快手样本-加速器品牌,2,雷神加速器cdkey,雷神加速器cdkey,2026-09-08T01:38:00+00:00
seed,bing_cn,Bing 中文联想,https://api.bing.com/osjson.aspx?query=%E9%9B%B7%E7%A5%9E%E5%8A%A0%E9%80%9F%E5%99%A8&mkt=zh-CN,雷神加速器,快手样本-加速器品牌,3,雷神加速器官网首页电脑版,雷神加速器官网首页电脑版,2026-09-08T01:38:00+00:00
seed,bing_cn,Bing 中文联想,https://api.bing.com/osjson.aspx?query=%E9%9B%B7%E7%A5%9E%E5%8A%A0%E9%80%9F%E5%99%A8&mkt=zh-CN,雷神加速器,快手样本-加速器品牌,4,雷神加速器客服,雷神加速器客服,2026-09-08T01:38:00+00:00
seed,bing_cn,Bing 中文联想,https://api.bing.com/osjson.aspx?query=%E9%9B%B7%E7%A5%9E%E5%8A%A0%E9%80%9F%E5%99%A8&mkt=zh-CN,雷神加速器,快手样本-加速器品牌,5,雷神加速器cdk,雷神加速器cdk,2026-09-08T01:38:00+00:00
seed,bing_cn,Bing 中文联想,https://api.bing.com/osjson.aspx?query=%E9%9B%B7%E7%A5%9E%E5%8A%A0%E9%80%9F%E5%99%A8&mkt=zh-CN,雷神加速器,快手样本-加速器品牌,6,雷神加速器 官网,雷神加速器官网,2026-09-08T01:38:00+00:00
seed,bing_cn,Bing 中文联想,https://api.bing.com/osjson.aspx?query=%E9%9B%B7%E7%A5%9E%E5%8A%A0%E9%80%9F%E5%99%A8&mkt=zh-CN,雷神加速器,快手样本-加速器品牌,7,雷神加速器口令,雷神加速器口令,2026-09-08T01:38:00+00:00
seed,bing_cn,Bing 中文联想,https://api.bing.com/osjson.aspx?query=%E9%9B%B7%E7%A5%9E%E5%8A%A0%E9%80%9F%E5%99%A8&mkt=zh-CN,雷神加速器,快手样本-加速器品牌,8,雷神加速器下载,雷神加速器下载,2026-09-08T01:38:00+00:00
seed,bing_cn,Bing 中文联想,https://api.bing.com/osjson.aspx?query=%E9%9B%B7%E7%A5%9E%E5%8A%A0%E9%80%9F%E5%99%A8&mkt=zh-CN,雷神加速器,快手样本-加速器品牌,9,雷神加速器、,雷神加速器、,2026-09-08T01:38:00+00:00
seed,bing_cn,Bing 中文联想,https://api.bing.com/osjson.aspx?query=%E9%9B%B7%E7%A5%9E%E5%8A%A0%E9%80%9F%E5%99%A8&mkt=zh-CN,雷神加速器,快手样本-加速器品牌,10,雷神加速器1,雷神加速器1,2026-09-08T01:38:00+00:00
seed,bing_cn,Bing 中文联想,https://api.bing.com/osjson.aspx?query=%E9%9B%B7%E7%A5%9E%E5%8A%A0%E9%80%9F%E5%99%A8&mkt=zh-CN,雷神加速器,快手样本-加速器品牌,11,雷神加速器官网客服,雷神加速器官网客服,2026-09-08T01:38:00+00:00
seed,bing_cn,Bing 中文联想,https://api.bing.com/osjson.aspx?query=%E9%9B%B7%E7%A5%9E%E5%8A%A0%E9%80%9F%E5%99%A8&mkt=zh-CN,雷神加速器,快手样本-加速器品牌,12,雷神加速器下载最新版,雷神加速器下载最新版,2026-09-08T01:38:00+00:00
seed,google_web,Google Web 联想,https://suggestqueries.google.com/complete/search?client=firefox&hl=zh-CN&gl=cn&q=%E5%A5%87%E6%B8%B8%E6%89%8B%E6%B8%B8%E5%8A%A0%E9%80%9F%E5%99%A8,奇游手游加速器,快手样本-加速器品牌,1,奇游手游加速器,奇游手游加速器,2026-09-08T01:38:00+00:00
seed,google_youtube,Google/YouTube 联想,https://suggestqueries.google.com/complete/search?client=firefox&hl=zh-CN&gl=cn&ds=yt&q=%E5%A5%87%E6%B8%B8%E6%89%8B%E6%B8%B8%E5%8A%A0%E9%80%9F%E5%99%A8,奇游手游加速器,快手样本-加速器品牌,1,手机游戏加速器,手机游戏加速器,2026-09-08T01:38:00+00:00
seed,bing_cn,Bing 中文联想,https://api.bing.com/osjson.aspx?query=%E5%A5%87%E6%B8%B8%E6%89%8B%E6%B8%B8%E5%8A%A0%E9%80%9F%E5%99%A8&mkt=zh-CN,奇游手游加速器,快手样本-加速器品牌,1,奇游手游加速器,奇游手游加速器,2026-09-08T01:38:00+00:00
seed,bing_cn,Bing 中文联想,https://api.bing.com/osjson.aspx?query=%E5%A5%87%E6%B8%B8%E6%89%8B%E6%B8%B8%E5%8A%A0%E9%80%9F%E5%99%A8&mkt=zh-CN,奇游手游加速器,快手样本-加速器品牌,2,奇游手游加速器官网,奇游手游加速器官网,2026-09-08T01:38:00+00:00
seed,bing_cn,Bing 中文联想,https://api.bing.com/osjson.aspx?query=%E5%A5%87%E6%B8%B8%E6%89%8B%E6%B8%B8%E5%8A%A0%E9%80%9F%E5%99%A8&mkt=zh-CN,奇游手游加速器,快手样本-加速器品牌,3,奇游手游加速器下载,奇游手游加速器下载,2026-09-08T01:38:00+00:00
seed,bing_cn,Bing 中文联想,https://api.bing.com/osjson.aspx?query=%E5%A5%87%E6%B8%B8%E6%89%8B%E6%B8%B8%E5%8A%A0%E9%80%9F%E5%99%A8&mkt=zh-CN,奇游手游加速器,快手样本-加速器品牌,4,奇游手游加速器官网下载,奇游手游加速器官网下载,2026-09-08T01:38:00+00:00
seed,bing_cn,Bing 中文联想,https://api.bing.com/osjson.aspx?query=%E5%A5%87%E6%B8%B8%E6%89%8B%E6%B8%B8%E5%8A%A0%E9%80%9F%E5%99%A8&mkt=zh-CN,奇游手游加速器,快手样本-加速器品牌,5,奇游手游加速器官网正版下载,奇游手游加速器官网正版下载,2026-09-08T01:38:00+00:00
seed,bing_cn,Bing 中文联想,https://api.bing.com/osjson.aspx?query=%E5%A5%87%E6%B8%B8%E6%89%8B%E6%B8%B8%E5%8A%A0%E9%80%9F%E5%99%A8&mkt=zh-CN,奇游手游加速器,快手样本-加速器品牌,6,奇游手游加速器下载官网,奇游手游加速器下载官网,2026-09-08T01:38:00+00:00
seed,bing_cn,Bing 中文联想,https://api.bing.com/osjson.aspx?query=%E5%A5%87%E6%B8%B8%E6%89%8B%E6%B8%B8%E5%8A%A0%E9%80%9F%E5%99%A8&mkt=zh-CN,奇游手游加速器,快手样本-加速器品牌,7,奇游手游加速器官网优惠,奇游手游加速器官网优惠,2026-09-08T01:38:00+00:00
seed,bing_cn,Bing 中文联想,https://api.bing.com/osjson.aspx?query=%E5%A5%87%E6%B8%B8%E6%89%8B%E6%B8%B8%E5%8A%A0%E9%80%9F%E5%99%A8&mkt=zh-CN,奇游手游加速器,快手样本-加速器品牌,8,奇游手游加速器官网教程,奇游手游加速器官网教程,2026-09-08T01:38:00+00:00
seed,bing_cn,Bing 中文联想,https://api.bing.com/osjson.aspx?query=%E5%A5%87%E6%B8%B8%E6%89%8B%E6%B8%B8%E5%8A%A0%E9%80%9F%E5%99%A8&mkt=zh-CN,奇游手游加速器,快手样本-加速器品牌,9,奇游手游加速器官网活动,奇游手游加速器官网活动,2026-09-08T01:38:00+00:00
seed,bing_cn,Bing 中文联想,https://api.bing.com/osjson.aspx?query=%E5%A5%87%E6%B8%B8%E6%89%8B%E6%B8%B8%E5%8A%A0%E9%80%9F%E5%99%A8&mkt=zh-CN,奇游手游加速器,快手样本-加速器品牌,10,奇游手游加速器官网充值,奇游手游加速器官网充值,2026-09-08T01:38:00+00:00
seed,bing_cn,Bing 中文联想,https://api.bing.com/osjson.aspx?query=%E5%A5%87%E6%B8%B8%E6%89%8B%E6%B8%B8%E5%8A%A0%E9%80%9F%E5%99%A8&mkt=zh-CN,奇游手游加速器,快手样本-加速器品牌,11,奇游手游加速器官网安装,奇游手游加速器官网安装,2026-09-08T01:38:00+00:00
seed,bing_cn,Bing 中文联想,https://api.bing.com/osjson.aspx?query=%E5%A5%87%E6%B8%B8%E6%89%8B%E6%B8%B8%E5%8A%A0%E9%80%9F%E5%99%A8&mkt=zh-CN,奇游手游加速器,快手样本-加速器品牌,12,奇游手游加速器官网客服,奇游手游加速器官网客服,2026-09-08T01:38:00+00:00
seed,google_web,Google Web 联想,https://suggestqueries.google.com/complete/search?client=firefox&hl=zh-CN&gl=cn&q=tt%E5%8A%A0%E9%80%9F%E5%99%A8,tt加速器,快手样本-加速器品牌,1,天天加速器,天天加速器,2026-09-08T01:38:00+00:00
seed,bing_cn,Bing 中文联想,https://api.bing.com/osjson.aspx?query=tt%E5%8A%A0%E9%80%9F%E5%99%A8&mkt=zh-CN,tt加速器,快手样本-加速器品牌,1,tt加速器,tt加速器,2026-09-08T01:38:00+00:00
seed,bing_cn,Bing 中文联想,https://api.bing.com/osjson.aspx?query=tt%E5%8A%A0%E9%80%9F%E5%99%A8&mkt=zh-CN,tt加速器,快手样本-加速器品牌,2,tt加速器官网首页,tt加速器官网首页,2026-09-08T01:38:00+00:00
seed,bing_cn,Bing 中文联想,https://api.bing.com/osjson.aspx?query=tt%E5%8A%A0%E9%80%9F%E5%99%A8&mkt=zh-CN,tt加速器,快手样本-加速器品牌,3,推特加速器免费,推特加速器免费,2026-09-08T01:38:00+00:00
seed,bing_cn,Bing 中文联想,https://api.bing.com/osjson.aspx?query=tt%E5%8A%A0%E9%80%9F%E5%99%A8&mkt=zh-CN,tt加速器,快手样本-加速器品牌,4,突突加速器,突突加速器,2026-09-08T01:38:00+00:00
seed,bing_cn,Bing 中文联想,https://api.bing.com/osjson.aspx?query=tt%E5%8A%A0%E9%80%9F%E5%99%A8&mkt=zh-CN,tt加速器,快手样本-加速器品牌,5,tt加速器口令,tt加速器口令,2026-09-08T01:38:00+00:00
seed,bing_cn,Bing 中文联想,https://api.bing.com/osjson.aspx?query=tt%E5%8A%A0%E9%80%9F%E5%99%A8&mkt=zh-CN,tt加速器,快手样本-加速器品牌,6,tt加速器下载,tt加速器下载,2026-09-08T01:38:00+00:00
seed,bing_cn,Bing 中文联想,https://api.bing.com/osjson.aspx?query=tt%E5%8A%A0%E9%80%9F%E5%99%A8&mkt=zh-CN,tt加速器,快手样本-加速器品牌,7,推特加速器免费版vpn,推特加速器免费版vpn,2026-09-08T01:38:00+00:00
seed,bing_cn,Bing 中文联想,https://api.bing.com/osjson.aspx?query=tt%E5%8A%A0%E9%80%9F%E5%99%A8&mkt=zh-CN,tt加速器,快手样本-加速器品牌,8,tt加速器兑换码,tt加速器兑换码,2026-09-08T01:38:00+00:00
seed,bing_cn,Bing 中文联想,https://api.bing.com/osjson.aspx?query=tt%E5%8A%A0%E9%80%9F%E5%99%A8&mkt=zh-CN,tt加速器,快手样本-加速器品牌,9,tt加速器官网下载,tt加速器官网下载,2026-09-08T01:38:00+00:00
seed,bing_cn,Bing 中文联想,https://api.bing.com/osjson.aspx?query=tt%E5%8A%A0%E9%80%9F%E5%99%A8&mkt=zh-CN,tt加速器,快手样本-加速器品牌,10,推特加速器推荐,推特加速器推荐,2026-09-08T01:38:00+00:00
seed,bing_cn,Bing 中文联想,https://api.bing.com/osjson.aspx?query=tt%E5%8A%A0%E9%80%9F%E5%99%A8&mkt=zh-CN,tt加速器,快手样本-加速器品牌,11,tt加速器1,tt加速器1,2026-09-08T01:38:00+00:00
seed,bing_cn,Bing 中文联想,https://api.bing.com/osjson.aspx?query=tt%E5%8A%A0%E9%80%9F%E5%99%A8&mkt=zh-CN,tt加速器,快手样本-加速器品牌,12,tt加速器口令码,tt加速器口令码,2026-09-08T01:38:00+00:00
seed,google_web,Google Web 联想,https://suggestqueries.google.com/complete/search?client=firefox&hl=zh-CN&gl=cn&q=%E7%81%AB%E7%AE%AD%E5%8A%A0%E9%80%9F%E5%99%A8,火箭加速器,快手样本-加速器品牌,1,火箭加速器官网,火箭加速器官网,2026-09-08T01:38:00+00:00
seed,bing_cn,Bing 中文联想,https://api.bing.com/osjson.aspx?query=%E7%81%AB%E7%AE%AD%E5%8A%A0%E9%80%9F%E5%99%A8&mkt=zh-CN,火箭加速器,快手样本-加速器品牌,1,火箭加速器,火箭加速器,2026-09-08T01:38:00+00:00
seed,bing_cn,Bing 中文联想,https://api.bing.com/osjson.aspx?query=%E7%81%AB%E7%AE%AD%E5%8A%A0%E9%80%9F%E5%99%A8&mkt=zh-CN,火箭加速器,快手样本-加速器品牌,2,火箭加速器vpn,火箭加速器vpn,2026-09-08T01:38:00+00:00
seed,bing_cn,Bing 中文联想,https://api.bing.com/osjson.aspx?query=%E7%81%AB%E7%AE%AD%E5%8A%A0%E9%80%9F%E5%99%A8&mkt=zh-CN,火箭加速器,快手样本-加速器品牌,3,火箭加速器下载,火箭加速器下载,2026-09-08T01:38:00+00:00
seed,bing_cn,Bing 中文联想,https://api.bing.com/osjson.aspx?query=%E7%81%AB%E7%AE%AD%E5%8A%A0%E9%80%9F%E5%99%A8&mkt=zh-CN,火箭加速器,快手样本-加速器品牌,4,火箭加速器官网,火箭加速器官网,2026-09-08T01:38:00+00:00
seed,bing_cn,Bing 中文联想,https://api.bing.com/osjson.aspx?query=%E7%81%AB%E7%AE%AD%E5%8A%A0%E9%80%9F%E5%99%A8&mkt=zh-CN,火箭加速器,快手样本-加速器品牌,5,火箭加速器免费,火箭加速器免费,2026-09-08T01:38:00+00:00
seed,bing_cn,Bing 中文联想,https://api.bing.com/osjson.aspx?query=%E7%81%AB%E7%AE%AD%E5%8A%A0%E9%80%9F%E5%99%A8&mkt=zh-CN,火箭加速器,快手样本-加速器品牌,6,火箭加速器电脑版,火箭加速器电脑版,2026-09-08T01:38:00+00:00
seed,bing_cn,Bing 中文联想,https://api.bing.com/osjson.aspx?query=%E7%81%AB%E7%AE%AD%E5%8A%A0%E9%80%9F%E5%99%A8&mkt=zh-CN,火箭加速器,快手样本-加速器品牌,7,火箭加速器官网下载,火箭加速器官网下载,2026-09-08T01:38:00+00:00
seed,bing_cn,Bing 中文联想,https://api.bing.com/osjson.aspx?query=%E7%81%AB%E7%AE%AD%E5%8A%A0%E9%80%9F%E5%99%A8&mkt=zh-CN,火箭加速器,快手样本-加速器品牌,8,火箭加速器官方,火箭加速器官方,2026-09-08T01:38:00+00:00
seed,bing_cn,Bing 中文联想,https://api.bing.com/osjson.aspx?query=%E7%81%AB%E7%AE%AD%E5%8A%A0%E9%80%9F%E5%99%A8&mkt=zh-CN,火箭加速器,快手样本-加速器品牌,9,火箭加速器vpn教程,火箭加速器vpn教程,2026-09-08T01:38:00+00:00
seed,bing_cn,Bing 中文联想,https://api.bing.com/osjson.aspx?query=%E7%81%AB%E7%AE%AD%E5%8A%A0%E9%80%9F%E5%99%A8&mkt=zh-CN,火箭加速器,快手样本-加速器品牌,10,火箭加速器vpn评测,火箭加速器vpn评测,2026-09-08T01:38:00+00:00
seed,bing_cn,Bing 中文联想,https://api.bing.com/osjson.aspx?query=%E7%81%AB%E7%AE%AD%E5%8A%A0%E9%80%9F%E5%99%A8&mkt=zh-CN,火箭加速器,快手样本-加速器品牌,11,火箭加速器官网下载apk,火箭加速器官网下载apk,2026-09-08T01:38:00+00:00
seed,bing_cn,Bing 中文联想,https://api.bing.com/osjson.aspx?query=%E7%81%AB%E7%AE%AD%E5%8A%A0%E9%80%9F%E5%99%A8&mkt=zh-CN,火箭加速器,快手样本-加速器品牌,12,火箭加速器官网下载ios,火箭加速器官网下载ios,2026-09-08T01:38:00+00:00
seed,bing_cn,Bing 中文联想,https://api.bing.com/osjson.aspx?query=%E4%B8%BB%E6%9C%BA%E6%B8%B8%E6%88%8F%E5%8A%A0%E9%80%9F%E5%99%A8&mkt=zh-CN,主机游戏加速器,快手样本-游戏加速,1,主机游戏加速器,主机游戏加速器,2026-09-08T01:38:00+00:00
seed,bing_cn,Bing 中文联想,https://api.bing.com/osjson.aspx?query=%E4%B8%BB%E6%9C%BA%E6%B8%B8%E6%88%8F%E5%8A%A0%E9%80%9F%E5%99%A8&mkt=zh-CN,主机游戏加速器,快手样本-游戏加速,2,主机游戏加速器免费,主机游戏加速器免费,2026-09-08T01:38:00+00:00
seed,bing_cn,Bing 中文联想,https://api.bing.com/osjson.aspx?query=%E4%B8%BB%E6%9C%BA%E6%B8%B8%E6%88%8F%E5%8A%A0%E9%80%9F%E5%99%A8&mkt=zh-CN,主机游戏加速器,快手样本-游戏加速,3,主机游戏加速器推荐,主机游戏加速器推荐,2026-09-08T01:38:00+00:00
seed,bing_cn,Bing 中文联想,https://api.bing.com/osjson.aspx?query=%E4%B8%BB%E6%9C%BA%E6%B8%B8%E6%88%8F%E5%8A%A0%E9%80%9F%E5%99%A8&mkt=zh-CN,主机游戏加速器,快手样本-游戏加速,4,uu加速器主机加速器支持的游戏,uu加速器主机加速器支持的游戏,2026-09-08T01:38:00+00:00
seed,bing_cn,Bing 中文联想,https://api.bing.com/osjson.aspx?query=%E4%B8%BB%E6%9C%BA%E6%B8%B8%E6%88%8F%E5%8A%A0%E9%80%9F%E5%99%A8&mkt=zh-CN,主机游戏加速器,快手样本-游戏加速,5,免费主机游戏加速器,免费主机游戏加速器,2026-09-08T01:38:00+00:00
seed,bing_cn,Bing 中文联想,https://api.bing.com/osjson.aspx?query=%E4%B8%BB%E6%9C%BA%E6%B8%B8%E6%88%8F%E5%8A%A0%E9%80%9F%E5%99%A8&mkt=zh-CN,主机游戏加速器,快手样本-游戏加速,6,雷神加速器怎么加速主机游戏,雷神加速器怎么加速主机游戏,2026-09-08T01:38:00+00:00
seed,bing_cn,Bing 中文联想,https://api.bing.com/osjson.aspx?query=%E4%B8%BB%E6%9C%BA%E6%B8%B8%E6%88%8F%E5%8A%A0%E9%80%9F%E5%99%A8&mkt=zh-CN,主机游戏加速器,快手样本-游戏加速,7,uu加速器云游戏主机版,uu加速器云游戏主机版,2026-09-08T01:38:00+00:00
seed,bing_cn,Bing 中文联想,https://api.bing.com/osjson.aspx?query=%E4%B8%BB%E6%9C%BA%E6%B8%B8%E6%88%8F%E5%8A%A0%E9%80%9F%E5%99%A8&mkt=zh-CN,主机游戏加速器,快手样本-游戏加速,8,uu主机加速器支持的游戏,uu主机加速器支持的游戏,2026-09-08T01:38:00+00:00
seed,bing_cn,Bing 中文联想,https://api.bing.com/osjson.aspx?query=%E4%B8%BB%E6%9C%BA%E6%B8%B8%E6%88%8F%E5%8A%A0%E9%80%9F%E5%99%A8&mkt=zh-CN,主机游戏加速器,快手样本-游戏加速,9,golink手游加速器全球手游主机游戏一键加速,golink手游加速器全球手游主机游戏一键加速,2026-09-08T01:38:00+00:00
seed,google_youtube,Google/YouTube 联想,https://suggestqueries.google.com/complete/search?client=firefox&hl=zh-CN&gl=cn&ds=yt&q=%E8%81%94%E6%9C%BA%E6%B8%B8%E6%88%8F%E5%8A%A0%E9%80%9F%E5%99%A8,联机游戏加速器,快手样本-游戏加速,1,游戏加速搭建,游戏加速搭建,2026-09-08T01:38:00+00:00
seed,bing_cn,Bing 中文联想,https://api.bing.com/osjson.aspx?query=%E8%81%94%E6%9C%BA%E6%B8%B8%E6%88%8F%E5%8A%A0%E9%80%9F%E5%99%A8&mkt=zh-CN,联机游戏加速器,快手样本-游戏加速,1,联机游戏加速器,联机游戏加速器,2026-09-08T01:38:00+00:00
seed,bing_cn,Bing 中文联想,https://api.bing.com/osjson.aspx?query=%E8%81%94%E6%9C%BA%E6%B8%B8%E6%88%8F%E5%8A%A0%E9%80%9F%E5%99%A8&mkt=zh-CN,联机游戏加速器,快手样本-游戏加速,2,联机游戏需要加速器吗,联机游戏需要加速器吗,2026-09-08T01:38:00+00:00
seed,bing_cn,Bing 中文联想,https://api.bing.com/osjson.aspx?query=%E8%81%94%E6%9C%BA%E6%B8%B8%E6%88%8F%E5%8A%A0%E9%80%9F%E5%99%A8&mkt=zh-CN,联机游戏加速器,快手样本-游戏加速,3,游戏加速器游戏联机平台远程游戏贝锐蒲公英官网,游戏加速器游戏联机平台远程游戏贝锐蒲公英官网,2026-09-08T01:38:00+00:00
seed,bing_cn,Bing 中文联想,https://api.bing.com/osjson.aspx?query=%E8%81%94%E6%9C%BA%E6%B8%B8%E6%88%8F%E5%8A%A0%E9%80%9F%E5%99%A8&mkt=zh-CN,联机游戏加速器,快手样本-游戏加速,4,蒲公英游戏联机加速器,蒲公英游戏联机加速器,2026-09-08T01:38:00+00:00
seed,bing_cn,Bing 中文联想,https://api.bing.com/osjson.aspx?query=%E8%81%94%E6%9C%BA%E6%B8%B8%E6%88%8F%E5%8A%A0%E9%80%9F%E5%99%A8&mkt=zh-CN,联机游戏加速器,快手样本-游戏加速,5,无需加速器的联机游戏,无需加速器的联机游戏,2026-09-08T01:38:00+00:00
seed,bing_cn,Bing 中文联想,https://api.bing.com/osjson.aspx?query=%E8%81%94%E6%9C%BA%E6%B8%B8%E6%88%8F%E5%8A%A0%E9%80%9F%E5%99%A8&mkt=zh-CN,联机游戏加速器,快手样本-游戏加速,6,不用加速器的联机游戏,不用加速器的联机游戏,2026-09-08T01:38:00+00:00
seed,bing_cn,Bing 中文联想,https://api.bing.com/osjson.aspx?query=%E8%81%94%E6%9C%BA%E6%B8%B8%E6%88%8F%E5%8A%A0%E9%80%9F%E5%99%A8&mkt=zh-CN,联机游戏加速器,快手样本-游戏加速,7,不需要加速器的联机游戏,不需要加速器的联机游戏,2026-09-08T01:38:00+00:00
seed,bing_cn,Bing 中文联想,https://api.bing.com/osjson.aspx?query=%E8%81%94%E6%9C%BA%E6%B8%B8%E6%88%8F%E5%8A%A0%E9%80%9F%E5%99%A8&mkt=zh-CN,联机游戏加速器,快手样本-游戏加速,8,steam联机游戏加速器,steam联机游戏加速器,2026-09-08T01:38:00+00:00
seed,bing_cn,Bing 中文联想,https://api.bing.com/osjson.aspx?query=%E8%81%94%E6%9C%BA%E6%B8%B8%E6%88%8F%E5%8A%A0%E9%80%9F%E5%99%A8&mkt=zh-CN,联机游戏加速器,快手样本-游戏加速,9,steam联机游戏需要加速器吗,steam联机游戏需要加速器吗,2026-09-08T01:38:00+00:00
seed,bing_cn,Bing 中文联想,https://api.bing.com/osjson.aspx?query=%E8%81%94%E6%9C%BA%E6%B8%B8%E6%88%8F%E5%8A%A0%E9%80%9F%E5%99%A8&mkt=zh-CN,联机游戏加速器,快手样本-游戏加速,10,免费游戏、加速器,免费游戏、加速器,2026-09-08T01:38:00+00:00
seed,bing_cn,Bing 中文联想,https://api.bing.com/osjson.aspx?query=%E8%81%94%E6%9C%BA%E6%B8%B8%E6%88%8F%E5%8A%A0%E9%80%9F%E5%99%A8&mkt=zh-CN,联机游戏加速器,快手样本-游戏加速,11,加速器 +官网,加速器 +官网,2026-09-08T01:38:00+00:00
seed,bing_cn,Bing 中文联想,https://api.bing.com/osjson.aspx?query=%E8%81%94%E6%9C%BA%E6%B8%B8%E6%88%8F%E5%8A%A0%E9%80%9F%E5%99%A8&mkt=zh-CN,联机游戏加速器,快手样本-游戏加速,12,快连游戏加速器2.0,快连游戏加速器2.0,2026-09-08T01:38:00+00:00
seed,google_web,Google Web 联想,https://suggestqueries.google.com/complete/search?client=firefox&hl=zh-CN&gl=cn&q=%E6%89%8B%E6%B8%B8%E5%8A%A0%E9%80%9F%E5%99%A8,手游加速器,快手样本-游戏加速,1,手游加速器,手游加速器,2026-09-08T01:38:00+00:00
seed,google_web,Google Web 联想,https://suggestqueries.google.com/complete/search?client=firefox&hl=zh-CN&gl=cn&q=%E6%89%8B%E6%B8%B8%E5%8A%A0%E9%80%9F%E5%99%A8,手游加速器,快手样本-游戏加速,2,手游加速器台湾,手游加速器台湾,2026-09-08T01:38:00+00:00
seed,google_web,Google Web 联想,https://suggestqueries.google.com/complete/search?client=firefox&hl=zh-CN&gl=cn&q=%E6%89%8B%E6%B8%B8%E5%8A%A0%E9%80%9F%E5%99%A8,手游加速器,快手样本-游戏加速,3,手游加速器免费,手游加速器免费,2026-09-08T01:38:00+00:00
seed,google_web,Google Web 联想,https://suggestqueries.google.com/complete/search?client=firefox&hl=zh-CN&gl=cn&q=%E6%89%8B%E6%B8%B8%E5%8A%A0%E9%80%9F%E5%99%A8,手游加速器,快手样本-游戏加速,4,手游加速器推荐,手游加速器推荐,2026-09-08T01:38:00+00:00
seed,google_web,Google Web 联想,https://suggestqueries.google.com/complete/search?client=firefox&hl=zh-CN&gl=cn&q=%E6%89%8B%E6%B8%B8%E5%8A%A0%E9%80%9F%E5%99%A8,手游加速器,快手样本-游戏加速,5,手游加速器海外,手游加速器海外,2026-09-08T01:38:00+00:00
seed,google_web,Google Web 联想,https://suggestqueries.google.com/complete/search?client=firefox&hl=zh-CN&gl=cn&q=%E6%89%8B%E6%B8%B8%E5%8A%A0%E9%80%9F%E5%99%A8,手游加速器,快手样本-游戏加速,6,手游加速器 巴哈,手游加速器巴哈,2026-09-08T01:38:00+00:00
seed,google_youtube,Google/YouTube 联想,https://suggestqueries.google.com/complete/search?client=firefox&hl=zh-CN&gl=cn&ds=yt&q=%E6%89%8B%E6%B8%B8%E5%8A%A0%E9%80%9F%E5%99%A8,手游加速器,快手样本-游戏加速,1,手游加速器,手游加速器,2026-09-08T01:38:00+00:00
seed,google_youtube,Google/YouTube 联想,https://suggestqueries.google.com/complete/search?client=firefox&hl=zh-CN&gl=cn&ds=yt&q=%E6%89%8B%E6%B8%B8%E5%8A%A0%E9%80%9F%E5%99%A8,手游加速器,快手样本-游戏加速,2,手游加速器推荐,手游加速器推荐,2026-09-08T01:38:00+00:00
seed,google_youtube,Google/YouTube 联想,https://suggestqueries.google.com/complete/search?client=firefox&hl=zh-CN&gl=cn&ds=yt&q=%E6%89%8B%E6%B8%B8%E5%8A%A0%E9%80%9F%E5%99%A8,手游加速器,快手样本-游戏加速,3,手机游戏加速器,手机游戏加速器,2026-09-08T01:38:00+00:00
seed,bing_cn,Bing 中文联想,https://api.bing.com/osjson.aspx?query=%E6%89%8B%E6%B8%B8%E5%8A%A0%E9%80%9F%E5%99%A8&mkt=zh-CN,手游加速器,快手样本-游戏加速,1,手游加速器,手游加速器,2026-09-08T01:38:00+00:00
seed,bing_cn,Bing 中文联想,https://api.bing.com/osjson.aspx?query=%E6%89%8B%E6%B8%B8%E5%8A%A0%E9%80%9F%E5%99%A8&mkt=zh-CN,手游加速器,快手样本-游戏加速,2,手游加速器免费,手游加速器免费,2026-09-08T01:38:00+00:00
seed,bing_cn,Bing 中文联想,https://api.bing.com/osjson.aspx?query=%E6%89%8B%E6%B8%B8%E5%8A%A0%E9%80%9F%E5%99%A8&mkt=zh-CN,手游加速器,快手样本-游戏加速,3,手游加速器推荐,手游加速器推荐,2026-09-08T01:38:00+00:00
seed,bing_cn,Bing 中文联想,https://api.bing.com/osjson.aspx?query=%E6%89%8B%E6%B8%B8%E5%8A%A0%E9%80%9F%E5%99%A8&mkt=zh-CN,手游加速器,快手样本-游戏加速,4,手游加速器哪个好用,手游加速器哪个好用,2026-09-08T01:38:00+00:00
seed,bing_cn,Bing 中文联想,https://api.bing.com/osjson.aspx?query=%E6%89%8B%E6%B8%B8%E5%8A%A0%E9%80%9F%E5%99%A8&mkt=zh-CN,手游加速器,快手样本-游戏加速,5,手游加速器全局,手游加速器全局,2026-09-08T01:38:00+00:00
seed,bing_cn,Bing 中文联想,https://api.bing.com/osjson.aspx?query=%E6%89%8B%E6%B8%B8%E5%8A%A0%E9%80%9F%E5%99%A8&mkt=zh-CN,手游加速器,快手样本-游戏加速,6,手游加速器免费对比,手游加速器免费对比,2026-09-08T01:38:00+00:00
seed,bing_cn,Bing 中文联想,https://api.bing.com/osjson.aspx?query=%E6%89%8B%E6%B8%B8%E5%8A%A0%E9%80%9F%E5%99%A8&mkt=zh-CN,手游加速器,快手样本-游戏加速,7,手游加速器免费评测,手游加速器免费评测,2026-09-08T01:38:00+00:00
seed,bing_cn,Bing 中文联想,https://api.bing.com/osjson.aspx?query=%E6%89%8B%E6%B8%B8%E5%8A%A0%E9%80%9F%E5%99%A8&mkt=zh-CN,手游加速器,快手样本-游戏加速,8,手游加速器免费优惠券,手游加速器免费优惠券,2026-09-08T01:38:00+00:00
seed,bing_cn,Bing 中文联想,https://api.bing.com/osjson.aspx?query=%E6%89%8B%E6%B8%B8%E5%8A%A0%E9%80%9F%E5%99%A8&mkt=zh-CN,手游加速器,快手样本-游戏加速,9,手游加速器免费使用教程,手游加速器免费使用教程,2026-09-08T01:38:00+00:00
seed,bing_cn,Bing 中文联想,https://api.bing.com/osjson.aspx?query=%E6%89%8B%E6%B8%B8%E5%8A%A0%E9%80%9F%E5%99%A8&mkt=zh-CN,手游加速器,快手样本-游戏加速,10,手游加速器apk,手游加速器apk,2026-09-08T01:38:00+00:00
seed,bing_cn,Bing 中文联想,https://api.bing.com/osjson.aspx?query=%E6%89%8B%E6%B8%B8%E5%8A%A0%E9%80%9F%E5%99%A8&mkt=zh-CN,手游加速器,快手样本-游戏加速,11,手游加速器免费加速,手游加速器免费加速,2026-09-08T01:38:00+00:00
seed,bing_cn,Bing 中文联想,https://api.bing.com/osjson.aspx?query=%E6%89%8B%E6%B8%B8%E5%8A%A0%E9%80%9F%E5%99%A8&mkt=zh-CN,手游加速器,快手样本-游戏加速,12,手游加速器推荐免费,手游加速器推荐免费,2026-09-08T01:38:00+00:00
seed,google_web,Google Web 联想,https://suggestqueries.google.com/complete/search?client=firefox&hl=zh-CN&gl=cn&q=%E6%89%8B%E6%9C%BA%E6%B8%B8%E6%88%8F%E5%8A%A0%E9%80%9F%E5%99%A8,手机游戏加速器,快手样本-游戏加速,1,手机游戏加速器,手机游戏加速器,2026-09-08T01:38:00+00:00
seed,google_web,Google Web 联想,https://suggestqueries.google.com/complete/search?client=firefox&hl=zh-CN&gl=cn&q=%E6%89%8B%E6%9C%BA%E6%B8%B8%E6%88%8F%E5%8A%A0%E9%80%9F%E5%99%A8,手机游戏加速器,快手样本-游戏加速,2,手机游戏加速器台湾,手机游戏加速器台湾,2026-09-08T01:38:00+00:00
seed,google_web,Google Web 联想,https://suggestqueries.google.com/complete/search?client=firefox&hl=zh-CN&gl=cn&q=%E6%89%8B%E6%9C%BA%E6%B8%B8%E6%88%8F%E5%8A%A0%E9%80%9F%E5%99%A8,手机游戏加速器,快手样本-游戏加速,3,手机游戏加速器有用吗,手机游戏加速器有用吗,2026-09-08T01:38:00+00:00
seed,google_web,Google Web 联想,https://suggestqueries.google.com/complete/search?client=firefox&hl=zh-CN&gl=cn&q=%E6%89%8B%E6%9C%BA%E6%B8%B8%E6%88%8F%E5%8A%A0%E9%80%9F%E5%99%A8,手机游戏加速器,快手样本-游戏加速,4,手机游戏加速器免费,手机游戏加速器免费,2026-09-08T01:38:00+00:00
seed,google_youtube,Google/YouTube 联想,https://suggestqueries.google.com/complete/search?client=firefox&hl=zh-CN&gl=cn&ds=yt&q=%E6%89%8B%E6%9C%BA%E6%B8%B8%E6%88%8F%E5%8A%A0%E9%80%9F%E5%99%A8,手机游戏加速器,快手样本-游戏加速,1,手机游戏加速器,手机游戏加速器,2026-09-08T01:38:00+00:00
seed,bing_cn,Bing 中文联想,https://api.bing.com/osjson.aspx?query=%E6%89%8B%E6%9C%BA%E6%B8%B8%E6%88%8F%E5%8A%A0%E9%80%9F%E5%99%A8&mkt=zh-CN,手机游戏加速器,快手样本-游戏加速,1,手机游戏加速器,手机游戏加速器,2026-09-08T01:38:00+00:00
seed,bing_cn,Bing 中文联想,https://api.bing.com/osjson.aspx?query=%E6%89%8B%E6%9C%BA%E6%B8%B8%E6%88%8F%E5%8A%A0%E9%80%9F%E5%99%A8&mkt=zh-CN,手机游戏加速器,快手样本-游戏加速,2,手机游戏加速器免费,手机游戏加速器免费,2026-09-08T01:38:00+00:00
seed,bing_cn,Bing 中文联想,https://api.bing.com/osjson.aspx?query=%E6%89%8B%E6%9C%BA%E6%B8%B8%E6%88%8F%E5%8A%A0%E9%80%9F%E5%99%A8&mkt=zh-CN,手机游戏加速器,快手样本-游戏加速,3,手机游戏加速器10倍速度,手机游戏加速器10倍速度,2026-09-08T01:38:00+00:00
seed,bing_cn,Bing 中文联想,https://api.bing.com/osjson.aspx?query=%E6%89%8B%E6%9C%BA%E6%B8%B8%E6%88%8F%E5%8A%A0%E9%80%9F%E5%99%A8&mkt=zh-CN,手机游戏加速器,快手样本-游戏加速,4,手机游戏加速器推荐,手机游戏加速器推荐,2026-09-08T01:38:00+00:00
seed,bing_cn,Bing 中文联想,https://api.bing.com/osjson.aspx?query=%E6%89%8B%E6%9C%BA%E6%B8%B8%E6%88%8F%E5%8A%A0%E9%80%9F%E5%99%A8&mkt=zh-CN,手机游戏加速器,快手样本-游戏加速,5,手机游戏加速器永久免费版,手机游戏加速器永久免费版,2026-09-08T01:38:00+00:00
seed,bing_cn,Bing 中文联想,https://api.bing.com/osjson.aspx?query=%E6%89%8B%E6%9C%BA%E6%B8%B8%E6%88%8F%E5%8A%A0%E9%80%9F%E5%99%A8&mkt=zh-CN,手机游戏加速器,快手样本-游戏加速,6,手机游戏加速器下载,手机游戏加速器下载,2026-09-08T01:38:00+00:00
seed,bing_cn,Bing 中文联想,https://api.bing.com/osjson.aspx?query=%E6%89%8B%E6%9C%BA%E6%B8%B8%E6%88%8F%E5%8A%A0%E9%80%9F%E5%99%A8&mkt=zh-CN,手机游戏加速器,快手样本-游戏加速,7,手机游戏加速器免费推荐,手机游戏加速器免费推荐,2026-09-08T01:38:00+00:00
seed,bing_cn,Bing 中文联想,https://api.bing.com/osjson.aspx?query=%E6%89%8B%E6%9C%BA%E6%B8%B8%E6%88%8F%E5%8A%A0%E9%80%9F%E5%99%A8&mkt=zh-CN,手机游戏加速器,快手样本-游戏加速,8,免费手机游戏加速器,免费手机游戏加速器,2026-09-08T01:38:00+00:00
seed,bing_cn,Bing 中文联想,https://api.bing.com/osjson.aspx?query=%E6%89%8B%E6%9C%BA%E6%B8%B8%E6%88%8F%E5%8A%A0%E9%80%9F%E5%99%A8&mkt=zh-CN,手机游戏加速器,快手样本-游戏加速,9,游戏加速器永久免费版手机,游戏加速器永久免费版手机,2026-09-08T01:38:00+00:00
seed,google_web,Google Web 联想,https://suggestqueries.google.com/complete/search?client=firefox&hl=zh-CN&gl=cn&q=%E7%94%B5%E8%84%91%E6%B8%B8%E6%88%8F%E5%8A%A0%E9%80%9F%E5%99%A8,电脑游戏加速器,快手样本-游戏加速,1,电脑游戏加速器,电脑游戏加速器,2026-09-08T01:38:00+00:00
seed,google_youtube,Google/YouTube 联想,https://suggestqueries.google.com/complete/search?client=firefox&hl=zh-CN&gl=cn&ds=yt&q=%E7%94%B5%E8%84%91%E6%B8%B8%E6%88%8F%E5%8A%A0%E9%80%9F%E5%99%A8,电脑游戏加速器,快手样本-游戏加速,1,电脑游戏加速器,电脑游戏加速器,2026-09-08T01:38:00+00:00
seed,google_youtube,Google/YouTube 联想,https://suggestqueries.google.com/complete/search?client=firefox&hl=zh-CN&gl=cn&ds=yt&q=%E7%94%B5%E8%84%91%E6%B8%B8%E6%88%8F%E5%8A%A0%E9%80%9F%E5%99%A8,电脑游戏加速器,快手样本-游戏加速,2,电脑游戏加速,电脑游戏加速,2026-09-08T01:38:00+00:00
seed,bing_cn,Bing 中文联想,https://api.bing.com/osjson.aspx?query=%E7%94%B5%E8%84%91%E6%B8%B8%E6%88%8F%E5%8A%A0%E9%80%9F%E5%99%A8&mkt=zh-CN,电脑游戏加速器,快手样本-游戏加速,1,电脑游戏加速器,电脑游戏加速器,2026-09-08T01:38:00+00:00
seed,bing_cn,Bing 中文联想,https://api.bing.com/osjson.aspx?query=%E7%94%B5%E8%84%91%E6%B8%B8%E6%88%8F%E5%8A%A0%E9%80%9F%E5%99%A8&mkt=zh-CN,电脑游戏加速器,快手样本-游戏加速,2,电脑游戏加速器免费,电脑游戏加速器免费,2026-09-08T01:38:00+00:00
seed,bing_cn,Bing 中文联想,https://api.bing.com/osjson.aspx?query=%E7%94%B5%E8%84%91%E6%B8%B8%E6%88%8F%E5%8A%A0%E9%80%9F%E5%99%A8&mkt=zh-CN,电脑游戏加速器,快手样本-游戏加速,3,电脑游戏加速器永久免费版,电脑游戏加速器永久免费版,2026-09-08T01:38:00+00:00
seed,bing_cn,Bing 中文联想,https://api.bing.com/osjson.aspx?query=%E7%94%B5%E8%84%91%E6%B8%B8%E6%88%8F%E5%8A%A0%E9%80%9F%E5%99%A8&mkt=zh-CN,电脑游戏加速器,快手样本-游戏加速,4,电脑游戏加速器推荐,电脑游戏加速器推荐,2026-09-08T01:38:00+00:00
seed,bing_cn,Bing 中文联想,https://api.bing.com/osjson.aspx?query=%E7%94%B5%E8%84%91%E6%B8%B8%E6%88%8F%E5%8A%A0%E9%80%9F%E5%99%A8&mkt=zh-CN,电脑游戏加速器,快手样本-游戏加速,5,电脑游戏加速器哪个最好用,电脑游戏加速器哪个最好用,2026-09-08T01:38:00+00:00
seed,bing_cn,Bing 中文联想,https://api.bing.com/osjson.aspx?query=%E7%94%B5%E8%84%91%E6%B8%B8%E6%88%8F%E5%8A%A0%E9%80%9F%E5%99%A8&mkt=zh-CN,电脑游戏加速器,快手样本-游戏加速,6,电脑游戏加速器排行榜,电脑游戏加速器排行榜,2026-09-08T01:38:00+00:00
seed,bing_cn,Bing 中文联想,https://api.bing.com/osjson.aspx?query=%E7%94%B5%E8%84%91%E6%B8%B8%E6%88%8F%E5%8A%A0%E9%80%9F%E5%99%A8&mkt=zh-CN,电脑游戏加速器,快手样本-游戏加速,7,电脑游戏加速器免费永久,电脑游戏加速器免费永久,2026-09-08T01:38:00+00:00
seed,bing_cn,Bing 中文联想,https://api.bing.com/osjson.aspx?query=%E7%94%B5%E8%84%91%E6%B8%B8%E6%88%8F%E5%8A%A0%E9%80%9F%E5%99%A8&mkt=zh-CN,电脑游戏加速器,快手样本-游戏加速,8,电脑游戏加速器哪个好用,电脑游戏加速器哪个好用,2026-09-08T01:38:00+00:00
seed,bing_cn,Bing 中文联想,https://api.bing.com/osjson.aspx?query=%E7%94%B5%E8%84%91%E6%B8%B8%E6%88%8F%E5%8A%A0%E9%80%9F%E5%99%A8&mkt=zh-CN,电脑游戏加速器,快手样本-游戏加速,9,电脑游戏加速器哪个好,电脑游戏加速器哪个好,2026-09-08T01:38:00+00:00
expanded,google_web,Google Web 联想,https://suggestqueries.google.com/complete/search?client=firefox&hl=zh-CN&gl=cn&q=tiktok%E7%BD%91%E7%BB%9C%E8%BF%9E%E6%8E%A5%E4%B8%8D%E7%A8%B3%E5%AE%9A,tiktok网络连接不稳定,二级扩展,1,tiktok网络连接不稳定,tiktok网络连接不稳定,2026-09-08T01:38:00+00:00
expanded,google_web,Google Web 联想,https://suggestqueries.google.com/complete/search?client=firefox&hl=zh-CN&gl=cn&q=tiktok%E7%BD%91%E7%BB%9C%E8%BF%9E%E6%8E%A5%E4%B8%8D%E7%A8%B3%E5%AE%9A,tiktok网络连接不稳定,二级扩展,2,tiktok 网络 连接 不 稳定 ios,tiktok网络连接不稳定ios,2026-09-08T01:38:00+00:00
expanded,google_web,Google Web 联想,https://suggestqueries.google.com/complete/search?client=firefox&hl=zh-CN&gl=cn&q=tiktok%E7%BD%91%E7%BB%9C%E8%BF%9E%E6%8E%A5%E4%B8%8D%E7%A8%B3%E5%AE%9A,tiktok网络连接不稳定,二级扩展,3,tiktok网络连接不稳定怎么解决,tiktok网络连接不稳定怎么解决,2026-09-08T01:38:00+00:00
expanded,google_youtube,Google/YouTube 联想,https://suggestqueries.google.com/complete/search?client=firefox&hl=zh-CN&gl=cn&ds=yt&q=tiktok%E7%BD%91%E7%BB%9C%E8%BF%9E%E6%8E%A5%E4%B8%8D%E7%A8%B3%E5%AE%9A,tiktok网络连接不稳定,二级扩展,1,tiktok网络连接不稳定,tiktok网络连接不稳定,2026-09-08T01:38:00+00:00
expanded,google_youtube,Google/YouTube 联想,https://suggestqueries.google.com/complete/search?client=firefox&hl=zh-CN&gl=cn&ds=yt&q=tiktok%E7%BD%91%E7%BB%9C%E8%BF%9E%E6%8E%A5%E4%B8%8D%E7%A8%B3%E5%AE%9A,tiktok网络连接不稳定,二级扩展,2,tiktok网络连接不稳定ios,tiktok网络连接不稳定ios,2026-09-08T01:38:00+00:00
expanded,google_youtube,Google/YouTube 联想,https://suggestqueries.google.com/complete/search?client=firefox&hl=zh-CN&gl=cn&ds=yt&q=tiktok%E7%BD%91%E7%BB%9C%E8%BF%9E%E6%8E%A5%E4%B8%8D%E7%A8%B3%E5%AE%9A,tiktok网络连接不稳定,二级扩展,3,tiktok无网络连接怎么解决,tiktok无网络连接怎么解决,2026-09-08T01:38:00+00:00
expanded,google_youtube,Google/YouTube 联想,https://suggestqueries.google.com/complete/search?client=firefox&hl=zh-CN&gl=cn&ds=yt&q=tiktok%E7%BD%91%E7%BB%9C%E8%BF%9E%E6%8E%A5%E4%B8%8D%E7%A8%B3%E5%AE%9A,tiktok网络连接不稳定,二级扩展,4,tiktok无网络连接怎么办,tiktok无网络连接怎么办,2026-09-08T01:38:00+00:00
expanded,bing_cn,Bing 中文联想,https://api.bing.com/osjson.aspx?query=tiktok%E7%BD%91%E7%BB%9C%E8%BF%9E%E6%8E%A5%E4%B8%8D%E7%A8%B3%E5%AE%9A&mkt=zh-CN,tiktok网络连接不稳定,二级扩展,1,tiktok网络连接不稳定,tiktok网络连接不稳定,2026-09-08T01:38:00+00:00
expanded,bing_cn,Bing 中文联想,https://api.bing.com/osjson.aspx?query=tiktok%E7%BD%91%E7%BB%9C%E8%BF%9E%E6%8E%A5%E4%B8%8D%E7%A8%B3%E5%AE%9A&mkt=zh-CN,tiktok网络连接不稳定,二级扩展,2,tiktok网络连接不稳定 ios,tiktok网络连接不稳定ios,2026-09-08T01:38:00+00:00
expanded,bing_cn,Bing 中文联想,https://api.bing.com/osjson.aspx?query=tiktok%E7%BD%91%E7%BB%9C%E8%BF%9E%E6%8E%A5%E4%B8%8D%E7%A8%B3%E5%AE%9A&mkt=zh-CN,tiktok网络连接不稳定,二级扩展,3,tiktok网络连接不稳定无法注册,tiktok网络连接不稳定无法注册,2026-09-08T01:38:00+00:00
expanded,bing_cn,Bing 中文联想,https://api.bing.com/osjson.aspx?query=tiktok%E7%BD%91%E7%BB%9C%E8%BF%9E%E6%8E%A5%E4%B8%8D%E7%A8%B3%E5%AE%9A&mkt=zh-CN,tiktok网络连接不稳定,二级扩展,4,tiktok网络连接不稳定登录不上,tiktok网络连接不稳定登录不上,2026-09-08T01:38:00+00:00
expanded,bing_cn,Bing 中文联想,https://api.bing.com/osjson.aspx?query=tiktok%E7%BD%91%E7%BB%9C%E8%BF%9E%E6%8E%A5%E4%B8%8D%E7%A8%B3%E5%AE%9A&mkt=zh-CN,tiktok网络连接不稳定,二级扩展,5,tiktok网络连接不稳定苹果手机,tiktok网络连接不稳定苹果手机,2026-09-08T01:38:00+00:00
expanded,bing_cn,Bing 中文联想,https://api.bing.com/osjson.aspx?query=tiktok%E7%BD%91%E7%BB%9C%E8%BF%9E%E6%8E%A5%E4%B8%8D%E7%A8%B3%E5%AE%9A&mkt=zh-CN,tiktok网络连接不稳定,二级扩展,6,tiktok网络连接不稳定怎么办,tiktok网络连接不稳定怎么办,2026-09-08T01:38:00+00:00
expanded,bing_cn,Bing 中文联想,https://api.bing.com/osjson.aspx?query=tiktok%E7%BD%91%E7%BB%9C%E8%BF%9E%E6%8E%A5%E4%B8%8D%E7%A8%B3%E5%AE%9A&mkt=zh-CN,tiktok网络连接不稳定,二级扩展,7,tiktok网络连接不稳定怎么解决,tiktok网络连接不稳定怎么解决,2026-09-08T01:38:00+00:00
expanded,bing_cn,Bing 中文联想,https://api.bing.com/osjson.aspx?query=tiktok%E7%BD%91%E7%BB%9C%E8%BF%9E%E6%8E%A5%E4%B8%8D%E7%A8%B3%E5%AE%9A&mkt=zh-CN,tiktok网络连接不稳定,二级扩展,8,tiktok网络连接不稳定 ipad,tiktok网络连接不稳定ipad,2026-09-08T01:38:00+00:00
expanded,bing_cn,Bing 中文联想,https://api.bing.com/osjson.aspx?query=tiktok%E7%BD%91%E7%BB%9C%E8%BF%9E%E6%8E%A5%E4%B8%8D%E7%A8%B3%E5%AE%9A&mkt=zh-CN,tiktok网络连接不稳定,二级扩展,9,tiktok注册网络连接不稳定,tiktok注册网络连接不稳定,2026-09-08T01:38:00+00:00
expanded,baidu,百度联想,https://suggestion.baidu.com/su?wd=tiktok%E7%BD%91%E7%BB%9C%E8%BF%9E%E6%8E%A5%E4%B8%8D%E7%A8%B3%E5%AE%9A&cb=cb,tiktok网络连接不稳定,二级扩展,1,tiktok网络连接不稳定,tiktok网络连接不稳定,2026-09-08T01:38:00+00:00
expanded,baidu,百度联想,https://suggestion.baidu.com/su?wd=tiktok%E7%BD%91%E7%BB%9C%E8%BF%9E%E6%8E%A5%E4%B8%8D%E7%A8%B3%E5%AE%9A&cb=cb,tiktok网络连接不稳定,二级扩展,2,tiktok网络连接不稳定怎么解决,tiktok网络连接不稳定怎么解决,2026-09-08T01:38:00+00:00
expanded,baidu,百度联想,https://suggestion.baidu.com/su?wd=tiktok%E7%BD%91%E7%BB%9C%E8%BF%9E%E6%8E%A5%E4%B8%8D%E7%A8%B3%E5%AE%9A&cb=cb,tiktok网络连接不稳定,二级扩展,3,tiktok网络连接不稳定苹果手机,tiktok网络连接不稳定苹果手机,2026-09-08T01:38:00+00:00
expanded,baidu,百度联想,https://suggestion.baidu.com/su?wd=tiktok%E7%BD%91%E7%BB%9C%E8%BF%9E%E6%8E%A5%E4%B8%8D%E7%A8%B3%E5%AE%9A&cb=cb,tiktok网络连接不稳定,二级扩展,4,tiktok网络连接不稳定无法注册,tiktok网络连接不稳定无法注册,2026-09-08T01:38:00+00:00
expanded,baidu,百度联想,https://suggestion.baidu.com/su?wd=tiktok%E7%BD%91%E7%BB%9C%E8%BF%9E%E6%8E%A5%E4%B8%8D%E7%A8%B3%E5%AE%9A&cb=cb,tiktok网络连接不稳定,二级扩展,5,tiktok网络连接不稳定无法登陆,tiktok网络连接不稳定无法登陆,2026-09-08T01:38:00+00:00
expanded,baidu,百度联想,https://suggestion.baidu.com/su?wd=tiktok%E7%BD%91%E7%BB%9C%E8%BF%9E%E6%8E%A5%E4%B8%8D%E7%A8%B3%E5%AE%9A&cb=cb,tiktok网络连接不稳定,二级扩展,6,tiktok网络连接不稳定怎么办苹果,tiktok网络连接不稳定怎么办苹果,2026-09-08T01:38:00+00:00
expanded,baidu,百度联想,https://suggestion.baidu.com/su?wd=tiktok%E7%BD%91%E7%BB%9C%E8%BF%9E%E6%8E%A5%E4%B8%8D%E7%A8%B3%E5%AE%9A&cb=cb,tiktok网络连接不稳定,二级扩展,7,国内登陆tiktok网络连接不稳定,国内登陆tiktok网络连接不稳定,2026-09-08T01:38:00+00:00
expanded,baidu,百度联想,https://suggestion.baidu.com/su?wd=tiktok%E7%BD%91%E7%BB%9C%E8%BF%9E%E6%8E%A5%E4%B8%8D%E7%A8%B3%E5%AE%9A&cb=cb,tiktok网络连接不稳定,二级扩展,8,tiktok网络连接不稳定登录不上,tiktok网络连接不稳定登录不上,2026-09-08T01:38:00+00:00
expanded,baidu,百度联想,https://suggestion.baidu.com/su?wd=tiktok%E7%BD%91%E7%BB%9C%E8%BF%9E%E6%8E%A5%E4%B8%8D%E7%A8%B3%E5%AE%9A&cb=cb,tiktok网络连接不稳定,二级扩展,9,tiktok网络连接不稳定登不上,tiktok网络连接不稳定登不上,2026-09-08T01:38:00+00:00
expanded,baidu,百度联想,https://suggestion.baidu.com/su?wd=tiktok%E7%BD%91%E7%BB%9C%E8%BF%9E%E6%8E%A5%E4%B8%8D%E7%A8%B3%E5%AE%9A&cb=cb,tiktok网络连接不稳定,二级扩展,10,tiktok网络连接不稳定ios,tiktok网络连接不稳定ios,2026-09-08T01:38:00+00:00
expanded,google_web,Google Web 联想,https://suggestqueries.google.com/complete/search?client=firefox&hl=zh-CN&gl=cn&q=%E5%A4%96%E8%B4%B8%E7%BD%91%E7%BB%9C%E6%90%AD%E5%BB%BA,外贸网络搭建,二级扩展,1,外贸网络搭建,外贸网络搭建,2026-09-08T01:38:00+00:00
expanded,google_youtube,Google/YouTube 联想,https://suggestqueries.google.com/complete/search?client=firefox&hl=zh-CN&gl=cn&ds=yt&q=%E5%A4%96%E8%B4%B8%E7%BD%91%E7%BB%9C%E6%90%AD%E5%BB%BA,外贸网络搭建,二级扩展,1,外贸网络搭建,外贸网络搭建,2026-09-08T01:38:00+00:00
expanded,google_youtube,Google/YouTube 联想,https://suggestqueries.google.com/complete/search?client=firefox&hl=zh-CN&gl=cn&ds=yt&q=%E5%A4%96%E8%B4%B8%E7%BD%91%E7%BB%9C%E6%90%AD%E5%BB%BA,外贸网络搭建,二级扩展,2,外贸开发,外贸开发,2026-09-08T01:38:00+00:00
expanded,google_youtube,Google/YouTube 联想,https://suggestqueries.google.com/complete/search?client=firefox&hl=zh-CN&gl=cn&ds=yt&q=%E5%A4%96%E8%B4%B8%E7%BD%91%E7%BB%9C%E6%90%AD%E5%BB%BA,外贸网络搭建,二级扩展,3,外贸软件,外贸软件,2026-09-08T01:38:00+00:00
expanded,google_youtube,Google/YouTube 联想,https://suggestqueries.google.com/complete/search?client=firefox&hl=zh-CN&gl=cn&ds=yt&q=%E5%A4%96%E8%B4%B8%E7%BD%91%E7%BB%9C%E6%90%AD%E5%BB%BA,外贸网络搭建,二级扩展,4,外贸路由器,外贸路由器,2026-09-08T01:38:00+00:00
expanded,bing_cn,Bing 中文联想,https://api.bing.com/osjson.aspx?query=%E5%A4%96%E8%B4%B8%E7%BD%91%E7%BB%9C%E6%90%AD%E5%BB%BA&mkt=zh-CN,外贸网络搭建,二级扩展,1,外贸网络搭建,外贸网络搭建,2026-09-08T01:38:00+00:00
expanded,bing_cn,Bing 中文联想,https://api.bing.com/osjson.aspx?query=%E5%A4%96%E8%B4%B8%E7%BD%91%E7%BB%9C%E6%90%AD%E5%BB%BA&mkt=zh-CN,外贸网络搭建,二级扩展,2,外贸网络搭建教程,外贸网络搭建教程,2026-09-08T01:38:00+00:00
expanded,bing_cn,Bing 中文联想,https://api.bing.com/osjson.aspx?query=%E5%A4%96%E8%B4%B8%E7%BD%91%E7%BB%9C%E6%90%AD%E5%BB%BA&mkt=zh-CN,外贸网络搭建,二级扩展,3,外贸网络搭建ip怎么购买的,外贸网络搭建ip怎么购买的,2026-09-08T01:38:00+00:00
expanded,bing_cn,Bing 中文联想,https://api.bing.com/osjson.aspx?query=%E5%A4%96%E8%B4%B8%E7%BD%91%E7%BB%9C%E6%90%AD%E5%BB%BA&mkt=zh-CN,外贸网络搭建,二级扩展,4,外贸网络怎么搭建,外贸网络怎么搭建,2026-09-08T01:38:00+00:00
expanded,bing_cn,Bing 中文联想,https://api.bing.com/osjson.aspx?query=%E5%A4%96%E8%B4%B8%E7%BD%91%E7%BB%9C%E6%90%AD%E5%BB%BA&mkt=zh-CN,外贸网络搭建,二级扩展,5,做外贸怎么搭建网络,做外贸怎么搭建网络,2026-09-08T01:38:00+00:00
expanded,bing_cn,Bing 中文联想,https://api.bing.com/osjson.aspx?query=%E5%A4%96%E8%B4%B8%E7%BD%91%E7%BB%9C%E6%90%AD%E5%BB%BA&mkt=zh-CN,外贸网络搭建,二级扩展,6,如何搭建外贸网络,如何搭建外贸网络,2026-09-08T01:38:00+00:00
expanded,bing_cn,Bing 中文联想,https://api.bing.com/osjson.aspx?query=%E5%A4%96%E8%B4%B8%E7%BD%91%E7%BB%9C%E6%90%AD%E5%BB%BA&mkt=zh-CN,外贸网络搭建,二级扩展,7,外贸soho网络搭建,外贸soho网络搭建,2026-09-08T01:38:00+00:00
expanded,bing_cn,Bing 中文联想,https://api.bing.com/osjson.aspx?query=%E5%A4%96%E8%B4%B8%E7%BD%91%E7%BB%9C%E6%90%AD%E5%BB%BA&mkt=zh-CN,外贸网络搭建,二级扩展,8,外贸静态ip网络搭建,外贸静态ip网络搭建,2026-09-08T01:38:00+00:00
expanded,bing_cn,Bing 中文联想,https://api.bing.com/osjson.aspx?query=%E5%A4%96%E8%B4%B8%E7%BD%91%E7%BB%9C%E6%90%AD%E5%BB%BA&mkt=zh-CN,外贸网络搭建,二级扩展,9,外贸网络环境搭建,外贸网络环境搭建,2026-09-08T01:38:00+00:00
expanded,baidu,百度联想,https://suggestion.baidu.com/su?wd=%E5%A4%96%E8%B4%B8%E7%BD%91%E7%BB%9C%E6%90%AD%E5%BB%BA&cb=cb,外贸网络搭建,二级扩展,1,外贸网络搭建步骤图解,外贸网络搭建步骤图解,2026-09-08T01:38:00+00:00
expanded,baidu,百度联想,https://suggestion.baidu.com/su?wd=%E5%A4%96%E8%B4%B8%E7%BD%91%E7%BB%9C%E6%90%AD%E5%BB%BA&cb=cb,外贸网络搭建,二级扩展,2,外贸网络搭建教程,外贸网络搭建教程,2026-09-08T01:38:00+00:00
expanded,baidu,百度联想,https://suggestion.baidu.com/su?wd=%E5%A4%96%E8%B4%B8%E7%BD%91%E7%BB%9C%E6%90%AD%E5%BB%BA&cb=cb,外贸网络搭建,二级扩展,3,外贸网络搭建ip,外贸网络搭建ip,2026-09-08T01:38:00+00:00
expanded,baidu,百度联想,https://suggestion.baidu.com/su?wd=%E5%A4%96%E8%B4%B8%E7%BD%91%E7%BB%9C%E6%90%AD%E5%BB%BA&cb=cb,外贸网络搭建,二级扩展,4,外贸网络搭建那家最便宜,外贸网络搭建那家最便宜,2026-09-08T01:38:00+00:00
expanded,baidu,百度联想,https://suggestion.baidu.com/su?wd=%E5%A4%96%E8%B4%B8%E7%BD%91%E7%BB%9C%E6%90%AD%E5%BB%BA&cb=cb,外贸网络搭建,二级扩展,5,外贸网络搭建方案,外贸网络搭建方案,2026-09-08T01:38:00+00:00
expanded,baidu,百度联想,https://suggestion.baidu.com/su?wd=%E5%A4%96%E8%B4%B8%E7%BD%91%E7%BB%9C%E6%90%AD%E5%BB%BA&cb=cb,外贸网络搭建,二级扩展,6,外贸网络搭建是什么意思,外贸网络搭建是什么意思,2026-09-08T01:38:00+00:00
expanded,baidu,百度联想,https://suggestion.baidu.com/su?wd=%E5%A4%96%E8%B4%B8%E7%BD%91%E7%BB%9C%E6%90%AD%E5%BB%BA&cb=cb,外贸网络搭建,二级扩展,7,外贸网络搭建新手必看步骤,外贸网络搭建新手必看步骤,2026-09-08T01:38:00+00:00
expanded,baidu,百度联想,https://suggestion.baidu.com/su?wd=%E5%A4%96%E8%B4%B8%E7%BD%91%E7%BB%9C%E6%90%AD%E5%BB%BA&cb=cb,外贸网络搭建,二级扩展,8,外贸网络搭建流程图,外贸网络搭建流程图,2026-09-08T01:38:00+00:00
expanded,baidu,百度联想,https://suggestion.baidu.com/su?wd=%E5%A4%96%E8%B4%B8%E7%BD%91%E7%BB%9C%E6%90%AD%E5%BB%BA&cb=cb,外贸网络搭建,二级扩展,9,外贸网络搭建需要专用网线吗?能不能家庭共用,外贸网络搭建需要专用网线吗?能不能家庭共用,2026-09-08T01:38:00+00:00
expanded,baidu,百度联想,https://suggestion.baidu.com/su?wd=%E5%A4%96%E8%B4%B8%E7%BD%91%E7%BB%9C%E6%90%AD%E5%BB%BA&cb=cb,外贸网络搭建,二级扩展,10,外贸网络,外贸网络,2026-09-08T01:38:00+00:00
expanded,google_web,Google Web 联想,https://suggestqueries.google.com/complete/search?client=firefox&hl=zh-CN&gl=cn&q=tiktok%E7%BD%91%E7%BB%9C%E6%97%A0%E6%B3%95%E8%BF%9E%E6%8E%A5,tiktok网络无法连接,二级扩展,1,tiktok网络无法连接,tiktok网络无法连接,2026-09-08T01:38:00+00:00
expanded,google_youtube,Google/YouTube 联想,https://suggestqueries.google.com/complete/search?client=firefox&hl=zh-CN&gl=cn&ds=yt&q=tiktok%E7%BD%91%E7%BB%9C%E6%97%A0%E6%B3%95%E8%BF%9E%E6%8E%A5,tiktok网络无法连接,二级扩展,1,tiktok网络无法连接,tiktok网络无法连接,2026-09-08T01:38:00+00:00
expanded,bing_cn,Bing 中文联想,https://api.bing.com/osjson.aspx?query=tiktok%E7%BD%91%E7%BB%9C%E6%97%A0%E6%B3%95%E8%BF%9E%E6%8E%A5&mkt=zh-CN,tiktok网络无法连接,二级扩展,1,tiktok网络无法连接,tiktok网络无法连接,2026-09-08T01:38:00+00:00
expanded,bing_cn,Bing 中文联想,https://api.bing.com/osjson.aspx?query=tiktok%E7%BD%91%E7%BB%9C%E6%97%A0%E6%B3%95%E8%BF%9E%E6%8E%A5&mkt=zh-CN,tiktok网络无法连接,二级扩展,2,tiktok网络无法连接怎么办,tiktok网络无法连接怎么办,2026-09-08T01:38:00+00:00
expanded,bing_cn,Bing 中文联想,https://api.bing.com/osjson.aspx?query=tiktok%E7%BD%91%E7%BB%9C%E6%97%A0%E6%B3%95%E8%BF%9E%E6%8E%A5&mkt=zh-CN,tiktok网络无法连接,二级扩展,3,tiktok无法连接网络怎么解决,tiktok无法连接网络怎么解决,2026-09-08T01:38:00+00:00
expanded,bing_cn,Bing 中文联想,https://api.bing.com/osjson.aspx?query=tiktok%E7%BD%91%E7%BB%9C%E6%97%A0%E6%B3%95%E8%BF%9E%E6%8E%A5&mkt=zh-CN,tiktok网络无法连接,二级扩展,4,tiktok网络连接不稳定无法注册,tiktok网络连接不稳定无法注册,2026-09-08T01:38:00+00:00
expanded,bing_cn,Bing 中文联想,https://api.bing.com/osjson.aspx?query=tiktok%E7%BD%91%E7%BB%9C%E6%97%A0%E6%B3%95%E8%BF%9E%E6%8E%A5&mkt=zh-CN,tiktok网络无法连接,二级扩展,5,下载tiktok后网络无法连接,下载tiktok后网络无法连接,2026-09-08T01:38:00+00:00
expanded,bing_cn,Bing 中文联想,https://api.bing.com/osjson.aspx?query=tiktok%E7%BD%91%E7%BB%9C%E6%97%A0%E6%B3%95%E8%BF%9E%E6%8E%A5&mkt=zh-CN,tiktok网络无法连接,二级扩展,6,tiktok国际版无法连接网络,tiktok国际版无法连接网络,2026-09-08T01:38:00+00:00
expanded,bing_cn,Bing 中文联想,https://api.bing.com/osjson.aspx?query=tiktok%E7%BD%91%E7%BB%9C%E6%97%A0%E6%B3%95%E8%BF%9E%E6%8E%A5&mkt=zh-CN,tiktok网络无法连接,二级扩展,7,安卓tiktok无法连接网络,安卓tiktok无法连接网络,2026-09-08T01:38:00+00:00
expanded,bing_cn,Bing 中文联想,https://api.bing.com/osjson.aspx?query=tiktok%E7%BD%91%E7%BB%9C%E6%97%A0%E6%B3%95%E8%BF%9E%E6%8E%A5&mkt=zh-CN,tiktok网络无法连接,二级扩展,8,为什么tiktok无法连接网络,为什么tiktok无法连接网络,2026-09-08T01:38:00+00:00
expanded,bing_cn,Bing 中文联想,https://api.bing.com/osjson.aspx?query=tiktok%E7%BD%91%E7%BB%9C%E6%97%A0%E6%B3%95%E8%BF%9E%E6%8E%A5&mkt=zh-CN,tiktok网络无法连接,二级扩展,9,下载完tiktok无法连接网络,下载完tiktok无法连接网络,2026-09-08T01:38:00+00:00
expanded,baidu,百度联想,https://suggestion.baidu.com/su?wd=tiktok%E7%BD%91%E7%BB%9C%E6%97%A0%E6%B3%95%E8%BF%9E%E6%8E%A5&cb=cb,tiktok网络无法连接,二级扩展,1,tiktok网络无法连接怎么办?,tiktok网络无法连接怎么办,2026-09-08T01:38:00+00:00
expanded,baidu,百度联想,https://suggestion.baidu.com/su?wd=tiktok%E7%BD%91%E7%BB%9C%E6%97%A0%E6%B3%95%E8%BF%9E%E6%8E%A5&cb=cb,tiktok网络无法连接,二级扩展,2,tiktok网络无法连接解决方法,tiktok网络无法连接解决方法,2026-09-08T01:38:00+00:00
expanded,baidu,百度联想,https://suggestion.baidu.com/su?wd=tiktok%E7%BD%91%E7%BB%9C%E6%97%A0%E6%B3%95%E8%BF%9E%E6%8E%A5&cb=cb,tiktok网络无法连接,二级扩展,3,tiktok网络无法连接到服务器,tiktok网络无法连接到服务器,2026-09-08T01:38:00+00:00
expanded,baidu,百度联想,https://suggestion.baidu.com/su?wd=tiktok%E7%BD%91%E7%BB%9C%E6%97%A0%E6%B3%95%E8%BF%9E%E6%8E%A5&cb=cb,tiktok网络无法连接,二级扩展,4,tiktok网络无法连接ios,tiktok网络无法连接ios,2026-09-08T01:38:00+00:00
expanded,baidu,百度联想,https://suggestion.baidu.com/su?wd=tiktok%E7%BD%91%E7%BB%9C%E6%97%A0%E6%B3%95%E8%BF%9E%E6%8E%A5&cb=cb,tiktok网络无法连接,二级扩展,5,为什么tiktok网络无法连接,为什么tiktok网络无法连接,2026-09-08T01:38:00+00:00
expanded,baidu,百度联想,https://suggestion.baidu.com/su?wd=tiktok%E7%BD%91%E7%BB%9C%E6%97%A0%E6%B3%95%E8%BF%9E%E6%8E%A5&cb=cb,tiktok网络无法连接,二级扩展,6,tiktok无法连接网络怎么解决,tiktok无法连接网络怎么解决,2026-09-08T01:38:00+00:00
expanded,baidu,百度联想,https://suggestion.baidu.com/su?wd=tiktok%E7%BD%91%E7%BB%9C%E6%97%A0%E6%B3%95%E8%BF%9E%E6%8E%A5&cb=cb,tiktok网络无法连接,二级扩展,7,tiktok无法联网,tiktok无法联网,2026-09-08T01:38:00+00:00
expanded,baidu,百度联想,https://suggestion.baidu.com/su?wd=tiktok%E7%BD%91%E7%BB%9C%E6%97%A0%E6%B3%95%E8%BF%9E%E6%8E%A5&cb=cb,tiktok网络无法连接,二级扩展,8,tiktok连不上网络,tiktok连不上网络,2026-09-08T01:38:00+00:00
expanded,baidu,百度联想,https://suggestion.baidu.com/su?wd=tiktok%E7%BD%91%E7%BB%9C%E6%97%A0%E6%B3%95%E8%BF%9E%E6%8E%A5&cb=cb,tiktok网络无法连接,二级扩展,9,tiktok连接不上,tiktok连接不上,2026-09-08T01:38:00+00:00
expanded,baidu,百度联想,https://suggestion.baidu.com/su?wd=tiktok%E7%BD%91%E7%BB%9C%E6%97%A0%E6%B3%95%E8%BF%9E%E6%8E%A5&cb=cb,tiktok网络无法连接,二级扩展,10,TikTok显示无法连接网络,tiktok显示无法连接网络,2026-09-08T01:38:00+00:00
expanded,google_web,Google Web 联想,https://suggestqueries.google.com/complete/search?client=firefox&hl=zh-CN&gl=cn&q=ipsec%20vpn%E6%90%AD%E5%BB%BA,ipsec vpn搭建,二级扩展,1,ipsec vpn 搭建,ipsec vpn搭建,2026-09-08T01:38:00+00:00
expanded,google_youtube,Google/YouTube 联想,https://suggestqueries.google.com/complete/search?client=firefox&hl=zh-CN&gl=cn&ds=yt&q=ipsec%20vpn%E6%90%AD%E5%BB%BA,ipsec vpn搭建,二级扩展,1,ipsec vpn 搭建,ipsec vpn搭建,2026-09-08T01:38:00+00:00
expanded,bing_cn,Bing 中文联想,https://api.bing.com/osjson.aspx?query=ipsec%20vpn%E6%90%AD%E5%BB%BA&mkt=zh-CN,ipsec vpn搭建,二级扩展,1,ipsec vpn搭建,ipsec vpn搭建,2026-09-08T01:38:00+00:00
expanded,bing_cn,Bing 中文联想,https://api.bing.com/osjson.aspx?query=ipsec%20vpn%E6%90%AD%E5%BB%BA&mkt=zh-CN,ipsec vpn搭建,二级扩展,2,ipsec vpn搭建教程,ipsec vpn搭建教程,2026-09-08T01:38:00+00:00
expanded,bing_cn,Bing 中文联想,https://api.bing.com/osjson.aspx?query=ipsec%20vpn%E6%90%AD%E5%BB%BA&mkt=zh-CN,ipsec vpn搭建,二级扩展,3,ipsec vpn搭建过程,ipsec vpn搭建过程,2026-09-08T01:38:00+00:00
expanded,bing_cn,Bing 中文联想,https://api.bing.com/osjson.aspx?query=ipsec%20vpn%E6%90%AD%E5%BB%BA&mkt=zh-CN,ipsec vpn搭建,二级扩展,4,ipsec vpn服务器搭建,ipsec vpn服务器搭建,2026-09-08T01:38:00+00:00
expanded,bing_cn,Bing 中文联想,https://api.bing.com/osjson.aspx?query=ipsec%20vpn%E6%90%AD%E5%BB%BA&mkt=zh-CN,ipsec vpn搭建,二级扩展,5,搭建ipsec vpn,搭建ipsec vpn,2026-09-08T01:38:00+00:00
expanded,bing_cn,Bing 中文联想,https://api.bing.com/osjson.aspx?query=ipsec%20vpn%E6%90%AD%E5%BB%BA&mkt=zh-CN,ipsec vpn搭建,二级扩展,6,l2tp ipsec vpn搭建,l2tp ipsec vpn搭建,2026-09-08T01:38:00+00:00
expanded,bing_cn,Bing 中文联想,https://api.bing.com/osjson.aspx?query=ipsec%20vpn%E6%90%AD%E5%BB%BA&mkt=zh-CN,ipsec vpn搭建,二级扩展,7,ikev2 ipsec vpn搭建,ikev2 ipsec vpn搭建,2026-09-08T01:38:00+00:00
expanded,bing_cn,Bing 中文联想,https://api.bing.com/osjson.aspx?query=ipsec%20vpn%E6%90%AD%E5%BB%BA&mkt=zh-CN,ipsec vpn搭建,二级扩展,8,怎么搭建ipsec vpn,怎么搭建ipsec vpn,2026-09-08T01:38:00+00:00
expanded,bing_cn,Bing 中文联想,https://api.bing.com/osjson.aspx?query=ipsec%20vpn%E6%90%AD%E5%BB%BA&mkt=zh-CN,ipsec vpn搭建,二级扩展,9,搭建ipsec vpn服务器,搭建ipsec vpn服务器,2026-09-08T01:38:00+00:00
expanded,bing_cn,Bing 中文联想,https://api.bing.com/osjson.aspx?query=ipsec%20vpn%E6%90%AD%E5%BB%BA&mkt=zh-CN,ipsec vpn搭建,二级扩展,10,防火墙搭建ipsec vpn,防火墙搭建ipsec vpn,2026-09-08T01:38:00+00:00
expanded,google_web,Google Web 联想,https://suggestqueries.google.com/complete/search?client=firefox&hl=zh-CN&gl=cn&q=%E8%B7%A8%E5%A2%83%E7%94%B5%E5%95%86%E7%BD%91%E7%BB%9C%E7%8E%AF%E5%A2%83%E6%90%AD%E5%BB%BA,跨境电商网络环境搭建,二级扩展,1,跨境电商网络环境搭建,跨境电商网络环境搭建,2026-09-08T01:38:00+00:00
expanded,google_youtube,Google/YouTube 联想,https://suggestqueries.google.com/complete/search?client=firefox&hl=zh-CN&gl=cn&ds=yt&q=%E8%B7%A8%E5%A2%83%E7%94%B5%E5%95%86%E7%BD%91%E7%BB%9C%E7%8E%AF%E5%A2%83%E6%90%AD%E5%BB%BA,跨境电商网络环境搭建,二级扩展,1,跨境电商网络环境搭建,跨境电商网络环境搭建,2026-09-08T01:38:00+00:00
expanded,google_youtube,Google/YouTube 联想,https://suggestqueries.google.com/complete/search?client=firefox&hl=zh-CN&gl=cn&ds=yt&q=%E8%B7%A8%E5%A2%83%E7%94%B5%E5%95%86%E7%BD%91%E7%BB%9C%E7%8E%AF%E5%A2%83%E6%90%AD%E5%BB%BA,跨境电商网络环境搭建,二级扩展,2,跨境电商节点搭建,跨境电商节点搭建,2026-09-08T01:38:00+00:00
expanded,google_youtube,Google/YouTube 联想,https://suggestqueries.google.com/complete/search?client=firefox&hl=zh-CN&gl=cn&ds=yt&q=%E8%B7%A8%E5%A2%83%E7%94%B5%E5%95%86%E7%BD%91%E7%BB%9C%E7%8E%AF%E5%A2%83%E6%90%AD%E5%BB%BA,跨境电商网络环境搭建,二级扩展,3,网络环境搭建,网络环境搭建,2026-09-08T01:38:00+00:00
expanded,bing_cn,Bing 中文联想,https://api.bing.com/osjson.aspx?query=%E8%B7%A8%E5%A2%83%E7%94%B5%E5%95%86%E7%BD%91%E7%BB%9C%E7%8E%AF%E5%A2%83%E6%90%AD%E5%BB%BA&mkt=zh-CN,跨境电商网络环境搭建,二级扩展,1,跨境电商网络环境搭建,跨境电商网络环境搭建,2026-09-08T01:38:00+00:00
expanded,bing_cn,Bing 中文联想,https://api.bing.com/osjson.aspx?query=%E8%B7%A8%E5%A2%83%E7%94%B5%E5%95%86%E7%BD%91%E7%BB%9C%E7%8E%AF%E5%A2%83%E6%90%AD%E5%BB%BA&mkt=zh-CN,跨境电商网络环境搭建,二级扩展,2,跨境电商如何搭建网络环境,跨境电商如何搭建网络环境,2026-09-08T01:38:00+00:00
expanded,bing_cn,Bing 中文联想,https://api.bing.com/osjson.aspx?query=%E8%B7%A8%E5%A2%83%E7%94%B5%E5%95%86%E7%BD%91%E7%BB%9C%E7%8E%AF%E5%A2%83%E6%90%AD%E5%BB%BA&mkt=zh-CN,跨境电商网络环境搭建,二级扩展,3,电子商务 -跨境电商,电子商务 -跨境电商,2026-09-08T01:38:00+00:00
expanded,bing_cn,Bing 中文联想,https://api.bing.com/osjson.aspx?query=%E8%B7%A8%E5%A2%83%E7%94%B5%E5%95%86%E7%BD%91%E7%BB%9C%E7%8E%AF%E5%A2%83%E6%90%AD%E5%BB%BA&mkt=zh-CN,跨境电商网络环境搭建,二级扩展,4,互联网+跨境电子商务,互联网+跨境电子商务,2026-09-08T01:38:00+00:00
expanded,bing_cn,Bing 中文联想,https://api.bing.com/osjson.aspx?query=%E8%B7%A8%E5%A2%83%E7%94%B5%E5%95%86%E7%BD%91%E7%BB%9C%E7%8E%AF%E5%A2%83%E6%90%AD%E5%BB%BA&mkt=zh-CN,跨境电商网络环境搭建,二级扩展,5,跨境电商2.0,跨境电商2.0,2026-09-08T01:38:00+00:00
expanded,bing_cn,Bing 中文联想,https://api.bing.com/osjson.aspx?query=%E8%B7%A8%E5%A2%83%E7%94%B5%E5%95%86%E7%BD%91%E7%BB%9C%E7%8E%AF%E5%A2%83%E6%90%AD%E5%BB%BA&mkt=zh-CN,跨境电商网络环境搭建,二级扩展,6,2. 你了解的跨境电商平台都有哪些 简要介绍,2. 你了解的跨境电商平台都有哪些简要介绍,2026-09-08T01:38:00+00:00
expanded,bing_cn,Bing 中文联想,https://api.bing.com/osjson.aspx?query=%E8%B7%A8%E5%A2%83%E7%94%B5%E5%95%86%E7%BD%91%E7%BB%9C%E7%8E%AF%E5%A2%83%E6%90%AD%E5%BB%BA&mkt=zh-CN,跨境电商网络环境搭建,二级扩展,7,跨境 电 商 怎么 做 新手 入门,跨境电商怎么做新手入门,2026-09-08T01:38:00+00:00
expanded,bing_cn,Bing 中文联想,https://api.bing.com/osjson.aspx?query=%E8%B7%A8%E5%A2%83%E7%94%B5%E5%95%86%E7%BD%91%E7%BB%9C%E7%8E%AF%E5%A2%83%E6%90%AD%E5%BB%BA&mkt=zh-CN,跨境电商网络环境搭建,二级扩展,8,跨境电商filetype:pdf,跨境电商filetype:pdf,2026-09-08T01:38:00+00:00
expanded,bing_cn,Bing 中文联想,https://api.bing.com/osjson.aspx?query=%E8%B7%A8%E5%A2%83%E7%94%B5%E5%95%86%E7%BD%91%E7%BB%9C%E7%8E%AF%E5%A2%83%E6%90%AD%E5%BB%BA&mkt=zh-CN,跨境电商网络环境搭建,二级扩展,9,跨境电商、挑战,跨境电商、挑战,2026-09-08T01:38:00+00:00
expanded,bing_cn,Bing 中文联想,https://api.bing.com/osjson.aspx?query=%E8%B7%A8%E5%A2%83%E7%94%B5%E5%95%86%E7%BD%91%E7%BB%9C%E7%8E%AF%E5%A2%83%E6%90%AD%E5%BB%BA&mkt=zh-CN,跨境电商网络环境搭建,二级扩展,10,互联网/跨境电商资讯,互联网/跨境电商资讯,2026-09-08T01:38:00+00:00
expanded,bing_cn,Bing 中文联想,https://api.bing.com/osjson.aspx?query=%E8%B7%A8%E5%A2%83%E7%94%B5%E5%95%86%E7%BD%91%E7%BB%9C%E7%8E%AF%E5%A2%83%E6%90%AD%E5%BB%BA&mkt=zh-CN,跨境电商网络环境搭建,二级扩展,11,中文+跨境电商,中文+跨境电商,2026-09-08T01:38:00+00:00
expanded,bing_cn,Bing 中文联想,https://api.bing.com/osjson.aspx?query=%E8%B7%A8%E5%A2%83%E7%94%B5%E5%95%86%E7%BD%91%E7%BB%9C%E7%8E%AF%E5%A2%83%E6%90%AD%E5%BB%BA&mkt=zh-CN,跨境电商网络环境搭建,二级扩展,12,跨境电商+产业带,跨境电商+产业带,2026-09-08T01:38:00+00:00
expanded,baidu,百度联想,https://suggestion.baidu.com/su?wd=%E8%B7%A8%E5%A2%83%E7%94%B5%E5%95%86%E7%BD%91%E7%BB%9C%E7%8E%AF%E5%A2%83%E6%90%AD%E5%BB%BA&cb=cb,跨境电商网络环境搭建,二级扩展,1,跨境电商平台搭建,跨境电商平台搭建,2026-09-08T01:38:00+00:00
expanded,baidu,百度联想,https://suggestion.baidu.com/su?wd=%E8%B7%A8%E5%A2%83%E7%94%B5%E5%95%86%E7%BD%91%E7%BB%9C%E7%8E%AF%E5%A2%83%E6%90%AD%E5%BB%BA&cb=cb,跨境电商网络环境搭建,二级扩展,2,跨境电商网络搭建教程,跨境电商网络搭建教程,2026-09-08T01:38:00+00:00
expanded,baidu,百度联想,https://suggestion.baidu.com/su?wd=%E8%B7%A8%E5%A2%83%E7%94%B5%E5%95%86%E7%BD%91%E7%BB%9C%E7%8E%AF%E5%A2%83%E6%90%AD%E5%BB%BA&cb=cb,跨境电商网络环境搭建,二级扩展,3,跨境电商网络搭建大概要花费多少钱,跨境电商网络搭建大概要花费多少钱,2026-09-08T01:38:00+00:00
expanded,baidu,百度联想,https://suggestion.baidu.com/su?wd=%E8%B7%A8%E5%A2%83%E7%94%B5%E5%95%86%E7%BD%91%E7%BB%9C%E7%8E%AF%E5%A2%83%E6%90%AD%E5%BB%BA&cb=cb,跨境电商网络环境搭建,二级扩展,4,跨境电商网站建设,跨境电商网站建设,2026-09-08T01:38:00+00:00
expanded,baidu,百度联想,https://suggestion.baidu.com/su?wd=%E8%B7%A8%E5%A2%83%E7%94%B5%E5%95%86%E7%BD%91%E7%BB%9C%E7%8E%AF%E5%A2%83%E6%90%AD%E5%BB%BA&cb=cb,跨境电商网络环境搭建,二级扩展,5,跨境电商平台建设步骤,跨境电商平台建设步骤,2026-09-08T01:38:00+00:00
expanded,baidu,百度联想,https://suggestion.baidu.com/su?wd=%E8%B7%A8%E5%A2%83%E7%94%B5%E5%95%86%E7%BD%91%E7%BB%9C%E7%8E%AF%E5%A2%83%E6%90%AD%E5%BB%BA&cb=cb,跨境电商网络环境搭建,二级扩展,6,跨境电商上网解决方案,跨境电商上网解决方案,2026-09-08T01:38:00+00:00
expanded,baidu,百度联想,https://suggestion.baidu.com/su?wd=%E8%B7%A8%E5%A2%83%E7%94%B5%E5%95%86%E7%BD%91%E7%BB%9C%E7%8E%AF%E5%A2%83%E6%90%AD%E5%BB%BA&cb=cb,跨境电商网络环境搭建,二级扩展,7,跨境电商网络设置步骤,跨境电商网络设置步骤,2026-09-08T01:38:00+00:00
expanded,baidu,百度联想,https://suggestion.baidu.com/su?wd=%E8%B7%A8%E5%A2%83%E7%94%B5%E5%95%86%E7%BD%91%E7%BB%9C%E7%8E%AF%E5%A2%83%E6%90%AD%E5%BB%BA&cb=cb,跨境电商网络环境搭建,二级扩展,8,跨境电商系统方案,跨境电商系统方案,2026-09-08T01:38:00+00:00
expanded,baidu,百度联想,https://suggestion.baidu.com/su?wd=%E8%B7%A8%E5%A2%83%E7%94%B5%E5%95%86%E7%BD%91%E7%BB%9C%E7%8E%AF%E5%A2%83%E6%90%AD%E5%BB%BA&cb=cb,跨境电商网络环境搭建,二级扩展,9,跨境电商建设,跨境电商建设,2026-09-08T01:38:00+00:00
expanded,baidu,百度联想,https://suggestion.baidu.com/su?wd=%E8%B7%A8%E5%A2%83%E7%94%B5%E5%95%86%E7%BD%91%E7%BB%9C%E7%8E%AF%E5%A2%83%E6%90%AD%E5%BB%BA&cb=cb,跨境电商网络环境搭建,二级扩展,10,跨境电商建站,跨境电商建站,2026-09-08T01:38:00+00:00
expanded,google_web,Google Web 联想,https://suggestqueries.google.com/complete/search?client=firefox&hl=zh-CN&gl=cn&q=vpn%E6%9C%8D%E5%8A%A1%E5%99%A8%E6%8E%A8%E8%8D%90,vpn服务器推荐,二级扩展,1,vpn服务器推荐,vpn服务器推荐,2026-09-08T01:38:00+00:00
expanded,google_youtube,Google/YouTube 联想,https://suggestqueries.google.com/complete/search?client=firefox&hl=zh-CN&gl=cn&ds=yt&q=vpn%E6%9C%8D%E5%8A%A1%E5%99%A8%E6%8E%A8%E8%8D%90,vpn服务器推荐,二级扩展,1,vpn服务器推荐,vpn服务器推荐,2026-09-08T01:38:00+00:00
expanded,bing_cn,Bing 中文联想,https://api.bing.com/osjson.aspx?query=vpn%E6%9C%8D%E5%8A%A1%E5%99%A8%E6%8E%A8%E8%8D%90&mkt=zh-CN,vpn服务器推荐,二级扩展,1,vpn服务器推荐,vpn服务器推荐,2026-09-08T01:38:00+00:00
expanded,bing_cn,Bing 中文联想,https://api.bing.com/osjson.aspx?query=vpn%E6%9C%8D%E5%8A%A1%E5%99%A8%E6%8E%A8%E8%8D%90&mkt=zh-CN,vpn服务器推荐,二级扩展,2,搭建vpn服务器推荐,搭建vpn服务器推荐,2026-09-08T01:38:00+00:00
expanded,bing_cn,Bing 中文联想,https://api.bing.com/osjson.aspx?query=vpn%E6%9C%8D%E5%8A%A1%E5%99%A8%E6%8E%A8%E8%8D%90&mkt=zh-CN,vpn服务器推荐,二级扩展,3,vpn代理服务器的推荐,vpn代理服务器的推荐,2026-09-08T01:38:00+00:00
expanded,bing_cn,Bing 中文联想,https://api.bing.com/osjson.aspx?query=vpn%E6%9C%8D%E5%8A%A1%E5%99%A8%E6%8E%A8%E8%8D%90&mkt=zh-CN,vpn服务器推荐,二级扩展,4,云服务器搭建vpn推荐,云服务器搭建vpn推荐,2026-09-08T01:38:00+00:00
expanded,bing_cn,Bing 中文联想,https://api.bing.com/osjson.aspx?query=vpn%E6%9C%8D%E5%8A%A1%E5%99%A8%E6%8E%A8%E8%8D%90&mkt=zh-CN,vpn服务器推荐,二级扩展,5,腾讯云服务器vpn推荐,腾讯云服务器vpn推荐,2026-09-08T01:38:00+00:00
expanded,bing_cn,Bing 中文联想,https://api.bing.com/osjson.aspx?query=vpn%E6%9C%8D%E5%8A%A1%E5%99%A8%E6%8E%A8%E8%8D%90&mkt=zh-CN,vpn服务器推荐,二级扩展,6,nord vpn推荐服务器,nord vpn推荐服务器,2026-09-08T01:38:00+00:00
expanded,bing_cn,Bing 中文联想,https://api.bing.com/osjson.aspx?query=vpn%E6%9C%8D%E5%8A%A1%E5%99%A8%E6%8E%A8%E8%8D%90&mkt=zh-CN,vpn服务器推荐,二级扩展,7,搭建vpn服务器的软件推荐,搭建vpn服务器的软件推荐,2026-09-08T01:38:00+00:00
expanded,bing_cn,Bing 中文联想,https://api.bing.com/osjson.aspx?query=vpn%E6%9C%8D%E5%8A%A1%E5%99%A8%E6%8E%A8%E8%8D%90&mkt=zh-CN,vpn服务器推荐,二级扩展,8,服务器安装vpn的软件推荐,服务器安装vpn的软件推荐,2026-09-08T01:38:00+00:00
expanded,bing_cn,Bing 中文联想,https://api.bing.com/osjson.aspx?query=vpn%E6%9C%8D%E5%8A%A1%E5%99%A8%E6%8E%A8%E8%8D%90&mkt=zh-CN,vpn服务器推荐,二级扩展,9,win10 vpn服务器推荐,win10 vpn服务器推荐,2026-09-08T01:38:00+00:00
expanded,bing_cn,Bing 中文联想,https://api.bing.com/osjson.aspx?query=vpn%E6%9C%8D%E5%8A%A1%E5%99%A8%E6%8E%A8%E8%8D%90&mkt=zh-CN,vpn服务器推荐,二级扩展,10,用 windows 自带的 vpn 服务器功能,用windows自带的vpn服务器功能,2026-09-08T01:38:00+00:00
expanded,bing_cn,Bing 中文联想,https://api.bing.com/osjson.aspx?query=vpn%E6%9C%8D%E5%8A%A1%E5%99%A8%E6%8E%A8%E8%8D%90&mkt=zh-CN,vpn服务器推荐,二级扩展,11,windows server vpn 服务器,windows server vpn服务器,2026-09-08T01:38:00+00:00
expanded,bing_cn,Bing 中文联想,https://api.bing.com/osjson.aspx?query=vpn%E6%9C%8D%E5%8A%A1%E5%99%A8%E6%8E%A8%E8%8D%90&mkt=zh-CN,vpn服务器推荐,二级扩展,12,windows 搭建 vpn 服务器,windows搭建vpn服务器,2026-09-08T01:38:00+00:00
expanded,google_web,Google Web 联想,https://suggestqueries.google.com/complete/search?client=firefox&hl=zh-CN&gl=cn&q=%E5%85%8D%E8%B4%B9%E5%8A%A0%E9%80%9F%E5%99%A8vpn,免费加速器vpn,二级扩展,1,免费加速器vpn,免费加速器vpn,2026-09-08T01:38:00+00:00
expanded,google_web,Google Web 联想,https://suggestqueries.google.com/complete/search?client=firefox&hl=zh-CN&gl=cn&q=%E5%85%8D%E8%B4%B9%E5%8A%A0%E9%80%9F%E5%99%A8vpn,免费加速器vpn,二级扩展,2,免费加速器vpn推荐,免费加速器vpn推荐,2026-09-08T01:38:00+00:00
expanded,google_web,Google Web 联想,https://suggestqueries.google.com/complete/search?client=firefox&hl=zh-CN&gl=cn&q=%E5%85%8D%E8%B4%B9%E5%8A%A0%E9%80%9F%E5%99%A8vpn,免费加速器vpn,二级扩展,3,免费加速器vpn下载,免费加速器vpn下载,2026-09-08T01:38:00+00:00
expanded,google_youtube,Google/YouTube 联想,https://suggestqueries.google.com/complete/search?client=firefox&hl=zh-CN&gl=cn&ds=yt&q=%E5%85%8D%E8%B4%B9%E5%8A%A0%E9%80%9F%E5%99%A8vpn,免费加速器vpn,二级扩展,1,免费加速器vpn,免费加速器vpn,2026-09-08T01:38:00+00:00
expanded,google_youtube,Google/YouTube 联想,https://suggestqueries.google.com/complete/search?client=firefox&hl=zh-CN&gl=cn&ds=yt&q=%E5%85%8D%E8%B4%B9%E5%8A%A0%E9%80%9F%E5%99%A8vpn,免费加速器vpn,二级扩展,2,免费的vpn软件,免费的vpn软件,2026-09-08T01:38:00+00:00
expanded,bing_cn,Bing 中文联想,https://api.bing.com/osjson.aspx?query=%E5%85%8D%E8%B4%B9%E5%8A%A0%E9%80%9F%E5%99%A8vpn&mkt=zh-CN,免费加速器vpn,二级扩展,1,免费加速器vpn,免费加速器vpn,2026-09-08T01:38:00+00:00
expanded,bing_cn,Bing 中文联想,https://api.bing.com/osjson.aspx?query=%E5%85%8D%E8%B4%B9%E5%8A%A0%E9%80%9F%E5%99%A8vpn&mkt=zh-CN,免费加速器vpn,二级扩展,2,免费加速器vpn梯子,免费加速器vpn梯子,2026-09-08T01:38:00+00:00
expanded,bing_cn,Bing 中文联想,https://api.bing.com/osjson.aspx?query=%E5%85%8D%E8%B4%B9%E5%8A%A0%E9%80%9F%E5%99%A8vpn&mkt=zh-CN,免费加速器vpn,二级扩展,3,免费加速器vpn下载,免费加速器vpn下载,2026-09-08T01:38:00+00:00
expanded,bing_cn,Bing 中文联想,https://api.bing.com/osjson.aspx?query=%E5%85%8D%E8%B4%B9%E5%8A%A0%E9%80%9F%E5%99%A8vpn&mkt=zh-CN,免费加速器vpn,二级扩展,4,免费加速器vpn梯子下载,免费加速器vpn梯子下载,2026-09-08T01:38:00+00:00
expanded,bing_cn,Bing 中文联想,https://api.bing.com/osjson.aspx?query=%E5%85%8D%E8%B4%B9%E5%8A%A0%E9%80%9F%E5%99%A8vpn&mkt=zh-CN,免费加速器vpn,二级扩展,5,免费加速器vpn梯子手机,免费加速器vpn梯子手机,2026-09-08T01:38:00+00:00
expanded,bing_cn,Bing 中文联想,https://api.bing.com/osjson.aspx?query=%E5%85%8D%E8%B4%B9%E5%8A%A0%E9%80%9F%E5%99%A8vpn&mkt=zh-CN,免费加速器vpn,二级扩展,6,免费加速器vpn永久免费,免费加速器vpn永久免费,2026-09-08T01:38:00+00:00
expanded,bing_cn,Bing 中文联想,https://api.bing.com/osjson.aspx?query=%E5%85%8D%E8%B4%B9%E5%8A%A0%E9%80%9F%E5%99%A8vpn&mkt=zh-CN,免费加速器vpn,二级扩展,7,免费加速器vpn推荐,免费加速器vpn推荐,2026-09-08T01:38:00+00:00
expanded,bing_cn,Bing 中文联想,https://api.bing.com/osjson.aspx?query=%E5%85%8D%E8%B4%B9%E5%8A%A0%E9%80%9F%E5%99%A8vpn&mkt=zh-CN,免费加速器vpn,二级扩展,8,免费加速器vpn教程,免费加速器vpn教程,2026-09-08T01:38:00+00:00
expanded,bing_cn,Bing 中文联想,https://api.bing.com/osjson.aspx?query=%E5%85%8D%E8%B4%B9%E5%8A%A0%E9%80%9F%E5%99%A8vpn&mkt=zh-CN,免费加速器vpn,二级扩展,9,免费加速器vpn对比,免费加速器vpn对比,2026-09-08T01:38:00+00:00
expanded,bing_cn,Bing 中文联想,https://api.bing.com/osjson.aspx?query=%E5%85%8D%E8%B4%B9%E5%8A%A0%E9%80%9F%E5%99%A8vpn&mkt=zh-CN,免费加速器vpn,二级扩展,10,免费加速器vpn评测,免费加速器vpn评测,2026-09-08T01:38:00+00:00
expanded,bing_cn,Bing 中文联想,https://api.bing.com/osjson.aspx?query=%E5%85%8D%E8%B4%B9%E5%8A%A0%E9%80%9F%E5%99%A8vpn&mkt=zh-CN,免费加速器vpn,二级扩展,11,免费加速器vpn优缺点,免费加速器vpn优缺点,2026-09-08T01:38:00+00:00
expanded,bing_cn,Bing 中文联想,https://api.bing.com/osjson.aspx?query=%E5%85%8D%E8%B4%B9%E5%8A%A0%E9%80%9F%E5%99%A8vpn&mkt=zh-CN,免费加速器vpn,二级扩展,12,免费加速器vpn哪个好,免费加速器vpn哪个好,2026-09-08T01:38:00+00:00
expanded,google_web,Google Web 联想,https://suggestqueries.google.com/complete/search?client=firefox&hl=zh-CN&gl=cn&q=%E9%9D%99%E6%80%81ip%E6%80%8E%E4%B9%88%E8%AE%BE%E7%BD%AE,静态ip怎么设置,二级扩展,1,静态ip怎么设置,静态ip怎么设置,2026-09-08T01:38:00+00:00
expanded,google_youtube,Google/YouTube 联想,https://suggestqueries.google.com/complete/search?client=firefox&hl=zh-CN&gl=cn&ds=yt&q=%E9%9D%99%E6%80%81ip%E6%80%8E%E4%B9%88%E8%AE%BE%E7%BD%AE,静态ip怎么设置,二级扩展,1,静态ip怎么设置,静态ip怎么设置,2026-09-08T01:38:00+00:00
expanded,bing_cn,Bing 中文联想,https://api.bing.com/osjson.aspx?query=%E9%9D%99%E6%80%81ip%E6%80%8E%E4%B9%88%E8%AE%BE%E7%BD%AE&mkt=zh-CN,静态ip怎么设置,二级扩展,1,静态ip怎么设置,静态ip怎么设置,2026-09-08T01:38:00+00:00
expanded,bing_cn,Bing 中文联想,https://api.bing.com/osjson.aspx?query=%E9%9D%99%E6%80%81ip%E6%80%8E%E4%B9%88%E8%AE%BE%E7%BD%AE&mkt=zh-CN,静态ip怎么设置,二级扩展,2,静态ip怎么设置路由器,静态ip怎么设置路由器,2026-09-08T01:38:00+00:00
expanded,bing_cn,Bing 中文联想,https://api.bing.com/osjson.aspx?query=%E9%9D%99%E6%80%81ip%E6%80%8E%E4%B9%88%E8%AE%BE%E7%BD%AE&mkt=zh-CN,静态ip怎么设置,二级扩展,3,静态ip怎么设置dns,静态ip怎么设置dns,2026-09-08T01:38:00+00:00
expanded,bing_cn,Bing 中文联想,https://api.bing.com/osjson.aspx?query=%E9%9D%99%E6%80%81ip%E6%80%8E%E4%B9%88%E8%AE%BE%E7%BD%AE&mkt=zh-CN,静态ip怎么设置,二级扩展,4,路由器静态ip怎么设置,路由器静态ip怎么设置,2026-09-08T01:38:00+00:00
expanded,bing_cn,Bing 中文联想,https://api.bing.com/osjson.aspx?query=%E9%9D%99%E6%80%81ip%E6%80%8E%E4%B9%88%E8%AE%BE%E7%BD%AE&mkt=zh-CN,静态ip怎么设置,二级扩展,5,怎么设置静态ip,怎么设置静态ip,2026-09-08T01:38:00+00:00
expanded,bing_cn,Bing 中文联想,https://api.bing.com/osjson.aspx?query=%E9%9D%99%E6%80%81ip%E6%80%8E%E4%B9%88%E8%AE%BE%E7%BD%AE&mkt=zh-CN,静态ip怎么设置,二级扩展,6,电脑静态ip怎么设置,电脑静态ip怎么设置,2026-09-08T01:38:00+00:00
expanded,bing_cn,Bing 中文联想,https://api.bing.com/osjson.aspx?query=%E9%9D%99%E6%80%81ip%E6%80%8E%E4%B9%88%E8%AE%BE%E7%BD%AE&mkt=zh-CN,静态ip怎么设置,二级扩展,7,手机静态ip怎么设置,手机静态ip怎么设置,2026-09-08T01:38:00+00:00
expanded,bing_cn,Bing 中文联想,https://api.bing.com/osjson.aspx?query=%E9%9D%99%E6%80%81ip%E6%80%8E%E4%B9%88%E8%AE%BE%E7%BD%AE&mkt=zh-CN,静态ip怎么设置,二级扩展,8,电脑怎么设置静态ip,电脑怎么设置静态ip,2026-09-08T01:38:00+00:00
expanded,bing_cn,Bing 中文联想,https://api.bing.com/osjson.aspx?query=%E9%9D%99%E6%80%81ip%E6%80%8E%E4%B9%88%E8%AE%BE%E7%BD%AE&mkt=zh-CN,静态ip怎么设置,二级扩展,9,怎么设置静态ip地址,怎么设置静态ip地址,2026-09-08T01:38:00+00:00
expanded,baidu,百度联想,https://suggestion.baidu.com/su?wd=%E9%9D%99%E6%80%81ip%E6%80%8E%E4%B9%88%E8%AE%BE%E7%BD%AE&cb=cb,静态ip怎么设置,二级扩展,1,静态ip怎么设置网速快,静态ip怎么设置网速快,2026-09-08T01:38:00+00:00
expanded,baidu,百度联想,https://suggestion.baidu.com/su?wd=%E9%9D%99%E6%80%81ip%E6%80%8E%E4%B9%88%E8%AE%BE%E7%BD%AE&cb=cb,静态ip怎么设置,二级扩展,2,静态ip怎么设置路由器,静态ip怎么设置路由器,2026-09-08T01:38:00+00:00
expanded,baidu,百度联想,https://suggestion.baidu.com/su?wd=%E9%9D%99%E6%80%81ip%E6%80%8E%E4%B9%88%E8%AE%BE%E7%BD%AE&cb=cb,静态ip怎么设置,二级扩展,3,静态ip怎么设置手机,静态ip怎么设置手机,2026-09-08T01:38:00+00:00
expanded,baidu,百度联想,https://suggestion.baidu.com/su?wd=%E9%9D%99%E6%80%81ip%E6%80%8E%E4%B9%88%E8%AE%BE%E7%BD%AE&cb=cb,静态ip怎么设置,二级扩展,4,静态ip怎么设置参数,静态ip怎么设置参数,2026-09-08T01:38:00+00:00
expanded,baidu,百度联想,https://suggestion.baidu.com/su?wd=%E9%9D%99%E6%80%81ip%E6%80%8E%E4%B9%88%E8%AE%BE%E7%BD%AE&cb=cb,静态ip怎么设置,二级扩展,5,静态ip怎么设置linux,静态ip怎么设置linux,2026-09-08T01:38:00+00:00
expanded,baidu,百度联想,https://suggestion.baidu.com/su?wd=%E9%9D%99%E6%80%81ip%E6%80%8E%E4%B9%88%E8%AE%BE%E7%BD%AE&cb=cb,静态ip怎么设置,二级扩展,6,静态ip怎么设置才能上网,静态ip怎么设置才能上网,2026-09-08T01:38:00+00:00
expanded,baidu,百度联想,https://suggestion.baidu.com/su?wd=%E9%9D%99%E6%80%81ip%E6%80%8E%E4%B9%88%E8%AE%BE%E7%BD%AE&cb=cb,静态ip怎么设置,二级扩展,7,无线网静态ip怎么设置,无线网静态ip怎么设置,2026-09-08T01:38:00+00:00
expanded,baidu,百度联想,https://suggestion.baidu.com/su?wd=%E9%9D%99%E6%80%81ip%E6%80%8E%E4%B9%88%E8%AE%BE%E7%BD%AE&cb=cb,静态ip怎么设置,二级扩展,8,静态ip怎么设置dns,静态ip怎么设置dns,2026-09-08T01:38:00+00:00
expanded,baidu,百度联想,https://suggestion.baidu.com/su?wd=%E9%9D%99%E6%80%81ip%E6%80%8E%E4%B9%88%E8%AE%BE%E7%BD%AE&cb=cb,静态ip怎么设置,二级扩展,9,静态ip怎么设置电脑,静态ip怎么设置电脑,2026-09-08T01:38:00+00:00
expanded,baidu,百度联想,https://suggestion.baidu.com/su?wd=%E9%9D%99%E6%80%81ip%E6%80%8E%E4%B9%88%E8%AE%BE%E7%BD%AE&cb=cb,静态ip怎么设置,二级扩展,10,静态ip怎么设置?路由器上设置和电脑上设置有什么区别?,静态ip怎么设置?路由器上设置和电脑上设置有什么区别,2026-09-08T01:38:00+00:00
expanded,google_web,Google Web 联想,https://suggestqueries.google.com/complete/search?client=firefox&hl=zh-CN&gl=cn&q=vpn%E5%93%AA%E4%B8%AA%E5%A5%BD%E7%94%A8,vpn哪个好用,二级扩展,1,vpn哪个好用,vpn哪个好用,2026-09-08T01:38:00+00:00
expanded,google_youtube,Google/YouTube 联想,https://suggestqueries.google.com/complete/search?client=firefox&hl=zh-CN&gl=cn&ds=yt&q=vpn%E5%93%AA%E4%B8%AA%E5%A5%BD%E7%94%A8,vpn哪个好用,二级扩展,1,vpn哪个好用,vpn哪个好用,2026-09-08T01:38:00+00:00
expanded,google_youtube,Google/YouTube 联想,https://suggestqueries.google.com/complete/search?client=firefox&hl=zh-CN&gl=cn&ds=yt&q=vpn%E5%93%AA%E4%B8%AA%E5%A5%BD%E7%94%A8,vpn哪个好用,二级扩展,2,vpn稳定推荐,vpn稳定推荐,2026-09-08T01:38:00+00:00
expanded,google_youtube,Google/YouTube 联想,https://suggestqueries.google.com/complete/search?client=firefox&hl=zh-CN&gl=cn&ds=yt&q=vpn%E5%93%AA%E4%B8%AA%E5%A5%BD%E7%94%A8,vpn哪个好用,二级扩展,3,vpn免费推荐,vpn免费推荐,2026-09-08T01:38:00+00:00
expanded,bing_cn,Bing 中文联想,https://api.bing.com/osjson.aspx?query=vpn%E5%93%AA%E4%B8%AA%E5%A5%BD%E7%94%A8&mkt=zh-CN,vpn哪个好用,二级扩展,1,vpn哪个好用,vpn哪个好用,2026-09-08T01:38:00+00:00
expanded,bing_cn,Bing 中文联想,https://api.bing.com/osjson.aspx?query=vpn%E5%93%AA%E4%B8%AA%E5%A5%BD%E7%94%A8&mkt=zh-CN,vpn哪个好用,二级扩展,2,vpn哪个好用 知乎,vpn哪个好用知乎,2026-09-08T01:38:00+00:00
expanded,bing_cn,Bing 中文联想,https://api.bing.com/osjson.aspx?query=vpn%E5%93%AA%E4%B8%AA%E5%A5%BD%E7%94%A8&mkt=zh-CN,vpn哪个好用,二级扩展,3,vpn哪个好用安全,vpn哪个好用安全,2026-09-08T01:38:00+00:00
expanded,bing_cn,Bing 中文联想,https://api.bing.com/osjson.aspx?query=vpn%E5%93%AA%E4%B8%AA%E5%A5%BD%E7%94%A8&mkt=zh-CN,vpn哪个好用,二级扩展,4,vpn哪个好用评测,vpn哪个好用评测,2026-09-08T01:38:00+00:00
expanded,bing_cn,Bing 中文联想,https://api.bing.com/osjson.aspx?query=vpn%E5%93%AA%E4%B8%AA%E5%A5%BD%E7%94%A8&mkt=zh-CN,vpn哪个好用,二级扩展,5,vpn哪个好用又安全,vpn哪个好用又安全,2026-09-08T01:38:00+00:00
expanded,bing_cn,Bing 中文联想,https://api.bing.com/osjson.aspx?query=vpn%E5%93%AA%E4%B8%AA%E5%A5%BD%E7%94%A8&mkt=zh-CN,vpn哪个好用,二级扩展,6,vpn哪个好用又稳定,vpn哪个好用又稳定,2026-09-08T01:38:00+00:00
expanded,bing_cn,Bing 中文联想,https://api.bing.com/osjson.aspx?query=vpn%E5%93%AA%E4%B8%AA%E5%A5%BD%E7%94%A8&mkt=zh-CN,vpn哪个好用,二级扩展,7,vpn哪个好用排行榜,vpn哪个好用排行榜,2026-09-08T01:38:00+00:00
expanded,bing_cn,Bing 中文联想,https://api.bing.com/osjson.aspx?query=vpn%E5%93%AA%E4%B8%AA%E5%A5%BD%E7%94%A8&mkt=zh-CN,vpn哪个好用,二级扩展,8,vpn哪个好用不被封,vpn哪个好用不被封,2026-09-08T01:38:00+00:00
expanded,bing_cn,Bing 中文联想,https://api.bing.com/osjson.aspx?query=vpn%E5%93%AA%E4%B8%AA%E5%A5%BD%E7%94%A8&mkt=zh-CN,vpn哪个好用,二级扩展,9,vpn哪个好用有优惠,vpn哪个好用有优惠,2026-09-08T01:38:00+00:00
expanded,bing_cn,Bing 中文联想,https://api.bing.com/osjson.aspx?query=vpn%E5%93%AA%E4%B8%AA%E5%A5%BD%E7%94%A8&mkt=zh-CN,vpn哪个好用,二级扩展,10,vpn哪个好用不被封锁,vpn哪个好用不被封锁,2026-09-08T01:38:00+00:00
expanded,bing_cn,Bing 中文联想,https://api.bing.com/osjson.aspx?query=vpn%E5%93%AA%E4%B8%AA%E5%A5%BD%E7%94%A8&mkt=zh-CN,vpn哪个好用,二级扩展,11,vpn哪个好用不限流量,vpn哪个好用不限流量,2026-09-08T01:38:00+00:00
expanded,bing_cn,Bing 中文联想,https://api.bing.com/osjson.aspx?query=vpn%E5%93%AA%E4%B8%AA%E5%A5%BD%E7%94%A8&mkt=zh-CN,vpn哪个好用,二级扩展,12,vpn哪个好用免费试用,vpn哪个好用免费试用,2026-09-08T01:38:00+00:00
expanded,google_web,Google Web 联想,https://suggestqueries.google.com/complete/search?client=firefox&hl=zh-CN&gl=cn&q=vpn%E8%8A%82%E7%82%B9%E8%AE%A2%E9%98%85,vpn节点订阅,二级扩展,1,vpn 节点 订阅,vpn节点订阅,2026-09-08T01:38:00+00:00
expanded,google_youtube,Google/YouTube 联想,https://suggestqueries.google.com/complete/search?client=firefox&hl=zh-CN&gl=cn&ds=yt&q=vpn%E8%8A%82%E7%82%B9%E8%AE%A2%E9%98%85,vpn节点订阅,二级扩展,1,vpn节点订阅,vpn节点订阅,2026-09-08T01:38:00+00:00
expanded,bing_cn,Bing 中文联想,https://api.bing.com/osjson.aspx?query=vpn%E8%8A%82%E7%82%B9%E8%AE%A2%E9%98%85&mkt=zh-CN,vpn节点订阅,二级扩展,1,vpn节点订阅,vpn节点订阅,2026-09-08T01:38:00+00:00
expanded,bing_cn,Bing 中文联想,https://api.bing.com/osjson.aspx?query=vpn%E8%8A%82%E7%82%B9%E8%AE%A2%E9%98%85&mkt=zh-CN,vpn节点订阅,二级扩展,2,vpn节点订阅免费,vpn节点订阅免费,2026-09-08T01:38:00+00:00
expanded,bing_cn,Bing 中文联想,https://api.bing.com/osjson.aspx?query=vpn%E8%8A%82%E7%82%B9%E8%AE%A2%E9%98%85&mkt=zh-CN,vpn节点订阅,二级扩展,3,vpn节点订阅购买,vpn节点订阅购买,2026-09-08T01:38:00+00:00
expanded,bing_cn,Bing 中文联想,https://api.bing.com/osjson.aspx?query=vpn%E8%8A%82%E7%82%B9%E8%AE%A2%E9%98%85&mkt=zh-CN,vpn节点订阅,二级扩展,4,vpn节点订阅地址,vpn节点订阅地址,2026-09-08T01:38:00+00:00
expanded,bing_cn,Bing 中文联想,https://api.bing.com/osjson.aspx?query=vpn%E8%8A%82%E7%82%B9%E8%AE%A2%E9%98%85&mkt=zh-CN,vpn节点订阅,二级扩展,5,vpn节点订阅网站,vpn节点订阅网站,2026-09-08T01:38:00+00:00
expanded,bing_cn,Bing 中文联想,https://api.bing.com/osjson.aspx?query=vpn%E8%8A%82%E7%82%B9%E8%AE%A2%E9%98%85&mkt=zh-CN,vpn节点订阅,二级扩展,6,vpn节点订阅推荐,vpn节点订阅推荐,2026-09-08T01:38:00+00:00
expanded,bing_cn,Bing 中文联想,https://api.bing.com/osjson.aspx?query=vpn%E8%8A%82%E7%82%B9%E8%AE%A2%E9%98%85&mkt=zh-CN,vpn节点订阅,二级扩展,7,vpn节点订阅链接,vpn节点订阅链接,2026-09-08T01:38:00+00:00
expanded,bing_cn,Bing 中文联想,https://api.bing.com/osjson.aspx?query=vpn%E8%8A%82%E7%82%B9%E8%AE%A2%E9%98%85&mkt=zh-CN,vpn节点订阅,二级扩展,8,vpn订阅节点,vpn订阅节点,2026-09-08T01:38:00+00:00
expanded,bing_cn,Bing 中文联想,https://api.bing.com/osjson.aspx?query=vpn%E8%8A%82%E7%82%B9%E8%AE%A2%E9%98%85&mkt=zh-CN,vpn节点订阅,二级扩展,9,免费vpn节点订阅,免费vpn节点订阅,2026-09-08T01:38:00+00:00
expanded,bing_cn,Bing 中文联想,https://api.bing.com/osjson.aspx?query=vpn%E8%8A%82%E7%82%B9%E8%AE%A2%E9%98%85&mkt=zh-CN,vpn节点订阅,二级扩展,10,免费vpn订阅节点,免费vpn订阅节点,2026-09-08T01:38:00+00:00
expanded,google_web,Google Web 联想,https://suggestqueries.google.com/complete/search?client=firefox&hl=zh-CN&gl=cn&q=%E4%BB%A3%E7%90%86%E6%9C%8D%E5%8A%A1%E5%99%A8%E8%BD%AF%E4%BB%B6,代理服务器软件,二级扩展,1,代理服务器软件,代理服务器软件,2026-09-08T01:38:00+00:00
expanded,google_youtube,Google/YouTube 联想,https://suggestqueries.google.com/complete/search?client=firefox&hl=zh-CN&gl=cn&ds=yt&q=%E4%BB%A3%E7%90%86%E6%9C%8D%E5%8A%A1%E5%99%A8%E8%BD%AF%E4%BB%B6,代理服务器软件,二级扩展,1,代理服务器推荐,代理服务器推荐,2026-09-08T01:38:00+00:00
expanded,bing_cn,Bing 中文联想,https://api.bing.com/osjson.aspx?query=%E4%BB%A3%E7%90%86%E6%9C%8D%E5%8A%A1%E5%99%A8%E8%BD%AF%E4%BB%B6&mkt=zh-CN,代理服务器软件,二级扩展,1,代理服务器软件,代理服务器软件,2026-09-08T01:38:00+00:00
expanded,bing_cn,Bing 中文联想,https://api.bing.com/osjson.aspx?query=%E4%BB%A3%E7%90%86%E6%9C%8D%E5%8A%A1%E5%99%A8%E8%BD%AF%E4%BB%B6&mkt=zh-CN,代理服务器软件,二级扩展,2,代理服务器软件 免费,代理服务器软件免费,2026-09-08T01:38:00+00:00
expanded,bing_cn,Bing 中文联想,https://api.bing.com/osjson.aspx?query=%E4%BB%A3%E7%90%86%E6%9C%8D%E5%8A%A1%E5%99%A8%E8%BD%AF%E4%BB%B6&mkt=zh-CN,代理服务器软件,二级扩展,3,代理服务器软件下载,代理服务器软件下载,2026-09-08T01:38:00+00:00
expanded,bing_cn,Bing 中文联想,https://api.bing.com/osjson.aspx?query=%E4%BB%A3%E7%90%86%E6%9C%8D%E5%8A%A1%E5%99%A8%E8%BD%AF%E4%BB%B6&mkt=zh-CN,代理服务器软件,二级扩展,4,代理服务器软件ccproxy,代理服务器软件ccproxy,2026-09-08T01:38:00+00:00
expanded,bing_cn,Bing 中文联想,https://api.bing.com/osjson.aspx?query=%E4%BB%A3%E7%90%86%E6%9C%8D%E5%8A%A1%E5%99%A8%E8%BD%AF%E4%BB%B6&mkt=zh-CN,代理服务器软件,二级扩展,5,代理服务器软件推荐,代理服务器软件推荐,2026-09-08T01:38:00+00:00
expanded,bing_cn,Bing 中文联想,https://api.bing.com/osjson.aspx?query=%E4%BB%A3%E7%90%86%E6%9C%8D%E5%8A%A1%E5%99%A8%E8%BD%AF%E4%BB%B6&mkt=zh-CN,代理服务器软件,二级扩展,6,代理服务器软件有哪些,代理服务器软件有哪些,2026-09-08T01:38:00+00:00
expanded,bing_cn,Bing 中文联想,https://api.bing.com/osjson.aspx?query=%E4%BB%A3%E7%90%86%E6%9C%8D%E5%8A%A1%E5%99%A8%E8%BD%AF%E4%BB%B6&mkt=zh-CN,代理服务器软件,二级扩展,7,代理服务器软件是什么,代理服务器软件是什么,2026-09-08T01:38:00+00:00
expanded,bing_cn,Bing 中文联想,https://api.bing.com/osjson.aspx?query=%E4%BB%A3%E7%90%86%E6%9C%8D%E5%8A%A1%E5%99%A8%E8%BD%AF%E4%BB%B6&mkt=zh-CN,代理服务器软件,二级扩展,8,代理服务器软件哪个好,代理服务器软件哪个好,2026-09-08T01:38:00+00:00
expanded,bing_cn,Bing 中文联想,https://api.bing.com/osjson.aspx?query=%E4%BB%A3%E7%90%86%E6%9C%8D%E5%8A%A1%E5%99%A8%E8%BD%AF%E4%BB%B6&mkt=zh-CN,代理服务器软件,二级扩展,9,代理服务器软件 免费 windows,代理服务器软件免费windows,2026-09-08T01:38:00+00:00
expanded,bing_cn,Bing 中文联想,https://api.bing.com/osjson.aspx?query=%E4%BB%A3%E7%90%86%E6%9C%8D%E5%8A%A1%E5%99%A8%E8%BD%AF%E4%BB%B6&mkt=zh-CN,代理服务器软件,二级扩展,10,代理服务器软件 安卓,代理服务器软件安卓,2026-09-08T01:38:00+00:00
expanded,bing_cn,Bing 中文联想,https://api.bing.com/osjson.aspx?query=%E4%BB%A3%E7%90%86%E6%9C%8D%E5%8A%A1%E5%99%A8%E8%BD%AF%E4%BB%B6&mkt=zh-CN,代理服务器软件,二级扩展,11,代理服务器软件 开源,代理服务器软件开源,2026-09-08T01:38:00+00:00
expanded,bing_cn,Bing 中文联想,https://api.bing.com/osjson.aspx?query=%E4%BB%A3%E7%90%86%E6%9C%8D%E5%8A%A1%E5%99%A8%E8%BD%AF%E4%BB%B6&mkt=zh-CN,代理服务器软件,二级扩展,12,代理服务器软件 windows,代理服务器软件windows,2026-09-08T01:38:00+00:00
expanded,baidu,百度联想,https://suggestion.baidu.com/su?wd=%E4%BB%A3%E7%90%86%E6%9C%8D%E5%8A%A1%E5%99%A8%E8%BD%AF%E4%BB%B6&cb=cb,代理服务器软件,二级扩展,1,代理服务器软件,代理服务器软件,2026-09-08T01:38:00+00:00
expanded,baidu,百度联想,https://suggestion.baidu.com/su?wd=%E4%BB%A3%E7%90%86%E6%9C%8D%E5%8A%A1%E5%99%A8%E8%BD%AF%E4%BB%B6&cb=cb,代理服务器软件,二级扩展,2,代理服务器软件下载,代理服务器软件下载,2026-09-08T01:38:00+00:00
expanded,baidu,百度联想,https://suggestion.baidu.com/su?wd=%E4%BB%A3%E7%90%86%E6%9C%8D%E5%8A%A1%E5%99%A8%E8%BD%AF%E4%BB%B6&cb=cb,代理服务器软件,二级扩展,3,代理服务器软件哪个好,代理服务器软件哪个好,2026-09-08T01:38:00+00:00
expanded,baidu,百度联想,https://suggestion.baidu.com/su?wd=%E4%BB%A3%E7%90%86%E6%9C%8D%E5%8A%A1%E5%99%A8%E8%BD%AF%E4%BB%B6&cb=cb,代理服务器软件,二级扩展,4,代理服务器软件推荐,代理服务器软件推荐,2026-09-08T01:38:00+00:00
expanded,baidu,百度联想,https://suggestion.baidu.com/su?wd=%E4%BB%A3%E7%90%86%E6%9C%8D%E5%8A%A1%E5%99%A8%E8%BD%AF%E4%BB%B6&cb=cb,代理服务器软件,二级扩展,5,代理服务器软件部署,代理服务器软件部署,2026-09-08T01:38:00+00:00
expanded,baidu,百度联想,https://suggestion.baidu.com/su?wd=%E4%BB%A3%E7%90%86%E6%9C%8D%E5%8A%A1%E5%99%A8%E8%BD%AF%E4%BB%B6&cb=cb,代理服务器软件,二级扩展,6,代理服务器软件有哪些,代理服务器软件有哪些,2026-09-08T01:38:00+00:00
expanded,baidu,百度联想,https://suggestion.baidu.com/su?wd=%E4%BB%A3%E7%90%86%E6%9C%8D%E5%8A%A1%E5%99%A8%E8%BD%AF%E4%BB%B6&cb=cb,代理服务器软件,二级扩展,7,代理服务器软件有哪些l开头,代理服务器软件有哪些l开头,2026-09-08T01:38:00+00:00
expanded,baidu,百度联想,https://suggestion.baidu.com/su?wd=%E4%BB%A3%E7%90%86%E6%9C%8D%E5%8A%A1%E5%99%A8%E8%BD%AF%E4%BB%B6&cb=cb,代理服务器软件,二级扩展,8,代理服务器软件安卓下载,代理服务器软件安卓下载,2026-09-08T01:38:00+00:00
expanded,baidu,百度联想,https://suggestion.baidu.com/su?wd=%E4%BB%A3%E7%90%86%E6%9C%8D%E5%8A%A1%E5%99%A8%E8%BD%AF%E4%BB%B6&cb=cb,代理服务器软件,二级扩展,9,代理服务器软件美国,代理服务器软件美国,2026-09-08T01:38:00+00:00
expanded,baidu,百度联想,https://suggestion.baidu.com/su?wd=%E4%BB%A3%E7%90%86%E6%9C%8D%E5%8A%A1%E5%99%A8%E8%BD%AF%E4%BB%B6&cb=cb,代理服务器软件,二级扩展,10,代理服务器软件下载手机版安装,代理服务器软件下载手机版安装,2026-09-08T01:38:00+00:00
expanded,google_web,Google Web 联想,https://suggestqueries.google.com/complete/search?client=firefox&hl=zh-CN&gl=cn&q=%E8%B7%A8%E5%A2%83%E7%BD%91%E7%BB%9C%E6%9C%8D%E5%8A%A1%E5%95%86,跨境网络服务商,二级扩展,1,跨境网络服务商,跨境网络服务商,2026-09-08T01:38:00+00:00
expanded,bing_cn,Bing 中文联想,https://api.bing.com/osjson.aspx?query=%E8%B7%A8%E5%A2%83%E7%BD%91%E7%BB%9C%E6%9C%8D%E5%8A%A1%E5%95%86&mkt=zh-CN,跨境网络服务商,二级扩展,1,跨境网络服务商,跨境网络服务商,2026-09-08T01:38:00+00:00
expanded,bing_cn,Bing 中文联想,https://api.bing.com/osjson.aspx?query=%E8%B7%A8%E5%A2%83%E7%BD%91%E7%BB%9C%E6%9C%8D%E5%8A%A1%E5%95%86&mkt=zh-CN,跨境网络服务商,二级扩展,2,跨境网络服务商推荐,跨境网络服务商推荐,2026-09-08T01:38:00+00:00
expanded,bing_cn,Bing 中文联想,https://api.bing.com/osjson.aspx?query=%E8%B7%A8%E5%A2%83%E7%BD%91%E7%BB%9C%E6%9C%8D%E5%8A%A1%E5%95%86&mkt=zh-CN,跨境网络服务商,二级扩展,3,跨境网络专线服务商,跨境网络专线服务商,2026-09-08T01:38:00+00:00
expanded,bing_cn,Bing 中文联想,https://api.bing.com/osjson.aspx?query=%E8%B7%A8%E5%A2%83%E7%BD%91%E7%BB%9C%E6%9C%8D%E5%8A%A1%E5%95%86&mkt=zh-CN,跨境网络服务商,二级扩展,4,跨境电商网络服务,跨境电商网络服务,2026-09-08T01:38:00+00:00
expanded,bing_cn,Bing 中文联想,https://api.bing.com/osjson.aspx?query=%E8%B7%A8%E5%A2%83%E7%BD%91%E7%BB%9C%E6%9C%8D%E5%8A%A1%E5%95%86&mkt=zh-CN,跨境网络服务商,二级扩展,5,跨境电商网络服务商,跨境电商网络服务商,2026-09-08T01:38:00+00:00
expanded,bing_cn,Bing 中文联想,https://api.bing.com/osjson.aspx?query=%E8%B7%A8%E5%A2%83%E7%BD%91%E7%BB%9C%E6%9C%8D%E5%8A%A1%E5%95%86&mkt=zh-CN,跨境网络服务商,二级扩展,6,青岛打造跨境电商海外仓智慧服务网络赋能外贸企业扬帆出海,青岛打造跨境电商海外仓智慧服务网络赋能外贸企业扬帆出海,2026-09-08T01:38:00+00:00
expanded,bing_cn,Bing 中文联想,https://api.bing.com/osjson.aspx?query=%E8%B7%A8%E5%A2%83%E7%BD%91%E7%BB%9C%E6%9C%8D%E5%8A%A1%E5%95%86&mkt=zh-CN,跨境网络服务商,二级扩展,7,顶某国际贸易公司与某跨境电商平台网络服务合同纠纷案,顶某国际贸易公司与某跨境电商平台网络服务合同纠纷案,2026-09-08T01:38:00+00:00
expanded,bing_cn,Bing 中文联想,https://api.bing.com/osjson.aspx?query=%E8%B7%A8%E5%A2%83%E7%BD%91%E7%BB%9C%E6%9C%8D%E5%8A%A1%E5%95%86&mkt=zh-CN,跨境网络服务商,二级扩展,8,跨境网络服务提供商,跨境网络服务提供商,2026-09-08T01:38:00+00:00
expanded,bing_cn,Bing 中文联想,https://api.bing.com/osjson.aspx?query=%E8%B7%A8%E5%A2%83%E7%BD%91%E7%BB%9C%E6%9C%8D%E5%8A%A1%E5%95%86&mkt=zh-CN,跨境网络服务商,二级扩展,9,新加坡公民诉某跨境电商平台网络服务合同纠纷案,新加坡公民诉某跨境电商平台网络服务合同纠纷案,2026-09-08T01:38:00+00:00
expanded,baidu,百度联想,https://suggestion.baidu.com/su?wd=%E8%B7%A8%E5%A2%83%E7%BD%91%E7%BB%9C%E6%9C%8D%E5%8A%A1%E5%95%86&cb=cb,跨境网络服务商,二级扩展,1,跨境网络服务商去哪找,跨境网络服务商去哪找,2026-09-08T01:38:00+00:00
expanded,baidu,百度联想,https://suggestion.baidu.com/su?wd=%E8%B7%A8%E5%A2%83%E7%BD%91%E7%BB%9C%E6%9C%8D%E5%8A%A1%E5%95%86&cb=cb,跨境网络服务商,二级扩展,2,跨境网络服务商怎么选,跨境网络服务商怎么选,2026-09-08T01:38:00+00:00
expanded,baidu,百度联想,https://suggestion.baidu.com/su?wd=%E8%B7%A8%E5%A2%83%E7%BD%91%E7%BB%9C%E6%9C%8D%E5%8A%A1%E5%95%86&cb=cb,跨境网络服务商,二级扩展,3,跨境网络<独享>,跨境网络<独享>,2026-09-08T01:38:00+00:00
expanded,baidu,百度联想,https://suggestion.baidu.com/su?wd=%E8%B7%A8%E5%A2%83%E7%BD%91%E7%BB%9C%E6%9C%8D%E5%8A%A1%E5%95%86&cb=cb,跨境网络服务商,二级扩展,4,跨境网络服务商有哪些,跨境网络服务商有哪些,2026-09-08T01:38:00+00:00
expanded,baidu,百度联想,https://suggestion.baidu.com/su?wd=%E8%B7%A8%E5%A2%83%E7%BD%91%E7%BB%9C%E6%9C%8D%E5%8A%A1%E5%95%86&cb=cb,跨境网络服务商,二级扩展,5,跨境网络服务商是指,跨境网络服务商是指,2026-09-08T01:38:00+00:00
expanded,baidu,百度联想,https://suggestion.baidu.com/su?wd=%E8%B7%A8%E5%A2%83%E7%BD%91%E7%BB%9C%E6%9C%8D%E5%8A%A1%E5%95%86&cb=cb,跨境网络服务商,二级扩展,6,跨境网络服务商名词解释,跨境网络服务商名词解释,2026-09-08T01:38:00+00:00
expanded,baidu,百度联想,https://suggestion.baidu.com/su?wd=%E8%B7%A8%E5%A2%83%E7%BD%91%E7%BB%9C%E6%9C%8D%E5%8A%A1%E5%95%86&cb=cb,跨境网络服务商,二级扩展,7,国际跨境网络服务商,国际跨境网络服务商,2026-09-08T01:38:00+00:00
expanded,baidu,百度联想,https://suggestion.baidu.com/su?wd=%E8%B7%A8%E5%A2%83%E7%BD%91%E7%BB%9C%E6%9C%8D%E5%8A%A1%E5%95%86&cb=cb,跨境网络服务商,二级扩展,8,跨境电商的网络服务商,跨境电商的网络服务商,2026-09-08T01:38:00+00:00
expanded,baidu,百度联想,https://suggestion.baidu.com/su?wd=%E8%B7%A8%E5%A2%83%E7%BD%91%E7%BB%9C%E6%9C%8D%E5%8A%A1%E5%95%86&cb=cb,跨境网络服务商,二级扩展,9,跨境服务电商平台,跨境服务电商平台,2026-09-08T01:38:00+00:00
expanded,baidu,百度联想,https://suggestion.baidu.com/su?wd=%E8%B7%A8%E5%A2%83%E7%BD%91%E7%BB%9C%E6%9C%8D%E5%8A%A1%E5%95%86&cb=cb,跨境网络服务商,二级扩展,10,跨境网络平台,跨境网络平台,2026-09-08T01:38:00+00:00
expanded,google_web,Google Web 联想,https://suggestqueries.google.com/complete/search?client=firefox&hl=zh-CN&gl=cn&q=vpn%E7%94%B5%E8%84%91%E7%89%88,vpn电脑版,二级扩展,1,vpn电脑版,vpn电脑版,2026-09-08T01:38:00+00:00
expanded,google_web,Google Web 联想,https://suggestqueries.google.com/complete/search?client=firefox&hl=zh-CN&gl=cn&q=vpn%E7%94%B5%E8%84%91%E7%89%88,vpn电脑版,二级扩展,2,vpn电脑版免费,vpn电脑版免费,2026-09-08T01:38:00+00:00
expanded,google_web,Google Web 联想,https://suggestqueries.google.com/complete/search?client=firefox&hl=zh-CN&gl=cn&q=vpn%E7%94%B5%E8%84%91%E7%89%88,vpn电脑版,二级扩展,3,vpn电脑版下载,vpn电脑版下载,2026-09-08T01:38:00+00:00
expanded,google_web,Google Web 联想,https://suggestqueries.google.com/complete/search?client=firefox&hl=zh-CN&gl=cn&q=vpn%E7%94%B5%E8%84%91%E7%89%88,vpn电脑版,二级扩展,4,vpn电脑版推荐,vpn电脑版推荐,2026-09-08T01:38:00+00:00
expanded,google_web,Google Web 联想,https://suggestqueries.google.com/complete/search?client=firefox&hl=zh-CN&gl=cn&q=vpn%E7%94%B5%E8%84%91%E7%89%88,vpn电脑版,二级扩展,5,thunder vpn电脑版,thunder vpn电脑版,2026-09-08T01:38:00+00:00
expanded,google_web,Google Web 联想,https://suggestqueries.google.com/complete/search?client=firefox&hl=zh-CN&gl=cn&q=vpn%E7%94%B5%E8%84%91%E7%89%88,vpn电脑版,二级扩展,6,surfshark vpn电脑版,surfshark vpn电脑版,2026-09-08T01:38:00+00:00
expanded,google_web,Google Web 联想,https://suggestqueries.google.com/complete/search?client=firefox&hl=zh-CN&gl=cn&q=vpn%E7%94%B5%E8%84%91%E7%89%88,vpn电脑版,二级扩展,7,proton vpn电脑版,proton vpn电脑版,2026-09-08T01:38:00+00:00
expanded,google_youtube,Google/YouTube 联想,https://suggestqueries.google.com/complete/search?client=firefox&hl=zh-CN&gl=cn&ds=yt&q=vpn%E7%94%B5%E8%84%91%E7%89%88,vpn电脑版,二级扩展,1,vpn电脑版,vpn电脑版,2026-09-08T01:38:00+00:00
expanded,google_youtube,Google/YouTube 联想,https://suggestqueries.google.com/complete/search?client=firefox&hl=zh-CN&gl=cn&ds=yt&q=vpn%E7%94%B5%E8%84%91%E7%89%88,vpn电脑版,二级扩展,2,vpn电脑版下载,vpn电脑版下载,2026-09-08T01:38:00+00:00
expanded,google_youtube,Google/YouTube 联想,https://suggestqueries.google.com/complete/search?client=firefox&hl=zh-CN&gl=cn&ds=yt&q=vpn%E7%94%B5%E8%84%91%E7%89%88,vpn电脑版,二级扩展,3,vpn电脑版免费,vpn电脑版免费,2026-09-08T01:38:00+00:00
expanded,google_youtube,Google/YouTube 联想,https://suggestqueries.google.com/complete/search?client=firefox&hl=zh-CN&gl=cn&ds=yt&q=vpn%E7%94%B5%E8%84%91%E7%89%88,vpn电脑版,二级扩展,4,protonvpn电脑版,protonvpn电脑版,2026-09-08T01:38:00+00:00
expanded,bing_cn,Bing 中文联想,https://api.bing.com/osjson.aspx?query=vpn%E7%94%B5%E8%84%91%E7%89%88&mkt=zh-CN,vpn电脑版,二级扩展,1,vpn电脑版,vpn电脑版,2026-09-08T01:38:00+00:00
expanded,bing_cn,Bing 中文联想,https://api.bing.com/osjson.aspx?query=vpn%E7%94%B5%E8%84%91%E7%89%88&mkt=zh-CN,vpn电脑版,二级扩展,2,vpn电脑版下载,vpn电脑版下载,2026-09-08T01:38:00+00:00
expanded,bing_cn,Bing 中文联想,https://api.bing.com/osjson.aspx?query=vpn%E7%94%B5%E8%84%91%E7%89%88&mkt=zh-CN,vpn电脑版,二级扩展,3,vpn电脑版免费,vpn电脑版免费,2026-09-08T01:38:00+00:00
expanded,bing_cn,Bing 中文联想,https://api.bing.com/osjson.aspx?query=vpn%E7%94%B5%E8%84%91%E7%89%88&mkt=zh-CN,vpn电脑版,二级扩展,4,vpn电脑版本,vpn电脑版本,2026-09-08T01:38:00+00:00
expanded,bing_cn,Bing 中文联想,https://api.bing.com/osjson.aspx?query=vpn%E7%94%B5%E8%84%91%E7%89%88&mkt=zh-CN,vpn电脑版,二级扩展,5,vpn电脑版对比,vpn电脑版对比,2026-09-08T01:38:00+00:00
expanded,bing_cn,Bing 中文联想,https://api.bing.com/osjson.aspx?query=vpn%E7%94%B5%E8%84%91%E7%89%88&mkt=zh-CN,vpn电脑版,二级扩展,6,vpn电脑版推荐,vpn电脑版推荐,2026-09-08T01:38:00+00:00
expanded,bing_cn,Bing 中文联想,https://api.bing.com/osjson.aspx?query=vpn%E7%94%B5%E8%84%91%E7%89%88&mkt=zh-CN,vpn电脑版,二级扩展,7,vpn电脑版教程,vpn电脑版教程,2026-09-08T01:38:00+00:00
expanded,bing_cn,Bing 中文联想,https://api.bing.com/osjson.aspx?query=vpn%E7%94%B5%E8%84%91%E7%89%88&mkt=zh-CN,vpn电脑版,二级扩展,8,vpn电脑版设置,vpn电脑版设置,2026-09-08T01:38:00+00:00
expanded,bing_cn,Bing 中文联想,https://api.bing.com/osjson.aspx?query=vpn%E7%94%B5%E8%84%91%E7%89%88&mkt=zh-CN,vpn电脑版,二级扩展,9,vpn电脑版试用,vpn电脑版试用,2026-09-08T01:38:00+00:00
expanded,bing_cn,Bing 中文联想,https://api.bing.com/osjson.aspx?query=vpn%E7%94%B5%E8%84%91%E7%89%88&mkt=zh-CN,vpn电脑版,二级扩展,10,vpn电脑版下载推荐,vpn电脑版下载推荐,2026-09-08T01:38:00+00:00
expanded,bing_cn,Bing 中文联想,https://api.bing.com/osjson.aspx?query=vpn%E7%94%B5%E8%84%91%E7%89%88&mkt=zh-CN,vpn电脑版,二级扩展,11,vpn电脑版下载教程,vpn电脑版下载教程,2026-09-08T01:38:00+00:00
expanded,bing_cn,Bing 中文联想,https://api.bing.com/osjson.aspx?query=vpn%E7%94%B5%E8%84%91%E7%89%88&mkt=zh-CN,vpn电脑版,二级扩展,12,vpn电脑版下载方法,vpn电脑版下载方法,2026-09-08T01:38:00+00:00
expanded,google_web,Google Web 联想,https://suggestqueries.google.com/complete/search?client=firefox&hl=zh-CN&gl=cn&q=%E6%B5%B7%E5%A4%96%E7%BD%91%E7%BB%9C%E7%8E%AF%E5%A2%83,海外网络环境,二级扩展,1,海外网络环境,海外网络环境,2026-09-08T01:38:00+00:00
expanded,google_youtube,Google/YouTube 联想,https://suggestqueries.google.com/complete/search?client=firefox&hl=zh-CN&gl=cn&ds=yt&q=%E6%B5%B7%E5%A4%96%E7%BD%91%E7%BB%9C%E7%8E%AF%E5%A2%83,海外网络环境,二级扩展,1,海外节点搭建,海外节点搭建,2026-09-08T01:38:00+00:00
expanded,google_youtube,Google/YouTube 联想,https://suggestqueries.google.com/complete/search?client=firefox&hl=zh-CN&gl=cn&ds=yt&q=%E6%B5%B7%E5%A4%96%E7%BD%91%E7%BB%9C%E7%8E%AF%E5%A2%83,海外网络环境,二级扩展,2,国外住宅ip,国外住宅ip,2026-09-08T01:38:00+00:00
expanded,bing_cn,Bing 中文联想,https://api.bing.com/osjson.aspx?query=%E6%B5%B7%E5%A4%96%E7%BD%91%E7%BB%9C%E7%8E%AF%E5%A2%83&mkt=zh-CN,海外网络环境,二级扩展,1,海外网络环境,海外网络环境,2026-09-08T01:38:00+00:00
expanded,bing_cn,Bing 中文联想,https://api.bing.com/osjson.aspx?query=%E6%B5%B7%E5%A4%96%E7%BD%91%E7%BB%9C%E7%8E%AF%E5%A2%83&mkt=zh-CN,海外网络环境,二级扩展,2,海外网络环境搭建,海外网络环境搭建,2026-09-08T01:38:00+00:00
expanded,bing_cn,Bing 中文联想,https://api.bing.com/osjson.aspx?query=%E6%B5%B7%E5%A4%96%E7%BD%91%E7%BB%9C%E7%8E%AF%E5%A2%83&mkt=zh-CN,海外网络环境,二级扩展,3,海外网络环境是什么意思,海外网络环境是什么意思,2026-09-08T01:38:00+00:00
expanded,bing_cn,Bing 中文联想,https://api.bing.com/osjson.aspx?query=%E6%B5%B7%E5%A4%96%E7%BD%91%E7%BB%9C%E7%8E%AF%E5%A2%83&mkt=zh-CN,海外网络环境,二级扩展,4,如何搭建海外网络环境,如何搭建海外网络环境,2026-09-08T01:38:00+00:00
expanded,bing_cn,Bing 中文联想,https://api.bing.com/osjson.aspx?query=%E6%B5%B7%E5%A4%96%E7%BD%91%E7%BB%9C%E7%8E%AF%E5%A2%83&mkt=zh-CN,海外网络环境,二级扩展,5,搭建海外网络环境,搭建海外网络环境,2026-09-08T01:38:00+00:00
expanded,bing_cn,Bing 中文联想,https://api.bing.com/osjson.aspx?query=%E6%B5%B7%E5%A4%96%E7%BD%91%E7%BB%9C%E7%8E%AF%E5%A2%83&mkt=zh-CN,海外网络环境,二级扩展,6,全局海外网络环境,全局海外网络环境,2026-09-08T01:38:00+00:00
expanded,bing_cn,Bing 中文联想,https://api.bing.com/osjson.aspx?query=%E6%B5%B7%E5%A4%96%E7%BD%91%E7%BB%9C%E7%8E%AF%E5%A2%83&mkt=zh-CN,海外网络环境,二级扩展,7,怎么搭建海外网络环境,怎么搭建海外网络环境,2026-09-08T01:38:00+00:00
expanded,bing_cn,Bing 中文联想,https://api.bing.com/osjson.aspx?query=%E6%B5%B7%E5%A4%96%E7%BD%91%E7%BB%9C%E7%8E%AF%E5%A2%83&mkt=zh-CN,海外网络环境,二级扩展,8,怎么配置海外网络环境,怎么配置海外网络环境,2026-09-08T01:38:00+00:00
expanded,bing_cn,Bing 中文联想,https://api.bing.com/osjson.aspx?query=%E6%B5%B7%E5%A4%96%E7%BD%91%E7%BB%9C%E7%8E%AF%E5%A2%83&mkt=zh-CN,海外网络环境,二级扩展,9,手把手教程用住宅ip搭建海外网络环境,手把手教程用住宅ip搭建海外网络环境,2026-09-08T01:38:00+00:00
expanded,baidu,百度联想,https://suggestion.baidu.com/su?wd=%E6%B5%B7%E5%A4%96%E7%BD%91%E7%BB%9C%E7%8E%AF%E5%A2%83&cb=cb,海外网络环境,二级扩展,1,海外网络环境是什么意思,海外网络环境是什么意思,2026-09-08T01:38:00+00:00
expanded,baidu,百度联想,https://suggestion.baidu.com/su?wd=%E6%B5%B7%E5%A4%96%E7%BD%91%E7%BB%9C%E7%8E%AF%E5%A2%83&cb=cb,海外网络环境,二级扩展,2,海外网络环境vivo,海外网络环境vivo,2026-09-08T01:38:00+00:00
expanded,baidu,百度联想,https://suggestion.baidu.com/su?wd=%E6%B5%B7%E5%A4%96%E7%BD%91%E7%BB%9C%E7%8E%AF%E5%A2%83&cb=cb,海外网络环境,二级扩展,3,海外网络环境的搭建,海外网络环境的搭建,2026-09-08T01:38:00+00:00
expanded,baidu,百度联想,https://suggestion.baidu.com/su?wd=%E6%B5%B7%E5%A4%96%E7%BD%91%E7%BB%9C%E7%8E%AF%E5%A2%83&cb=cb,海外网络环境,二级扩展,4,海外网络环境搭建需要多久,海外网络环境搭建需要多久,2026-09-08T01:38:00+00:00
expanded,baidu,百度联想,https://suggestion.baidu.com/su?wd=%E6%B5%B7%E5%A4%96%E7%BD%91%E7%BB%9C%E7%8E%AF%E5%A2%83&cb=cb,海外网络环境,二级扩展,5,海外网络环境分析报告,海外网络环境分析报告,2026-09-08T01:38:00+00:00
expanded,baidu,百度联想,https://suggestion.baidu.com/su?wd=%E6%B5%B7%E5%A4%96%E7%BD%91%E7%BB%9C%E7%8E%AF%E5%A2%83&cb=cb,海外网络环境,二级扩展,6,海外网络环境是指什么,海外网络环境是指什么,2026-09-08T01:38:00+00:00
expanded,baidu,百度联想,https://suggestion.baidu.com/su?wd=%E6%B5%B7%E5%A4%96%E7%BD%91%E7%BB%9C%E7%8E%AF%E5%A2%83&cb=cb,海外网络环境,二级扩展,7,海外稳定网络,海外稳定网络,2026-09-08T01:38:00+00:00
expanded,baidu,百度联想,https://suggestion.baidu.com/su?wd=%E6%B5%B7%E5%A4%96%E7%BD%91%E7%BB%9C%E7%8E%AF%E5%A2%83&cb=cb,海外网络环境,二级扩展,8,海外网络服务,海外网络服务,2026-09-08T01:38:00+00:00
expanded,baidu,百度联想,https://suggestion.baidu.com/su?wd=%E6%B5%B7%E5%A4%96%E7%BD%91%E7%BB%9C%E7%8E%AF%E5%A2%83&cb=cb,海外网络环境,二级扩展,9,什么是海外网络,什么是海外网络,2026-09-08T01:38:00+00:00
expanded,baidu,百度联想,https://suggestion.baidu.com/su?wd=%E6%B5%B7%E5%A4%96%E7%BD%91%E7%BB%9C%E7%8E%AF%E5%A2%83&cb=cb,海外网络环境,二级扩展,10,国际网络环境,国际网络环境,2026-09-08T01:38:00+00:00
expanded,google_web,Google Web 联想,https://suggestqueries.google.com/complete/search?client=firefox&hl=zh-CN&gl=cn&q=%E8%B7%A8%E5%A2%83%E7%BD%91%E7%BB%9C%E6%90%AD%E5%BB%BA,跨境网络搭建,二级扩展,1,跨境网络搭建,跨境网络搭建,2026-09-08T01:38:00+00:00
expanded,google_youtube,Google/YouTube 联想,https://suggestqueries.google.com/complete/search?client=firefox&hl=zh-CN&gl=cn&ds=yt&q=%E8%B7%A8%E5%A2%83%E7%BD%91%E7%BB%9C%E6%90%AD%E5%BB%BA,跨境网络搭建,二级扩展,1,跨境网络搭建,跨境网络搭建,2026-09-08T01:38:00+00:00
expanded,bing_cn,Bing 中文联想,https://api.bing.com/osjson.aspx?query=%E8%B7%A8%E5%A2%83%E7%BD%91%E7%BB%9C%E6%90%AD%E5%BB%BA&mkt=zh-CN,跨境网络搭建,二级扩展,1,跨境网络搭建,跨境网络搭建,2026-09-08T01:38:00+00:00
expanded,bing_cn,Bing 中文联想,https://api.bing.com/osjson.aspx?query=%E8%B7%A8%E5%A2%83%E7%BD%91%E7%BB%9C%E6%90%AD%E5%BB%BA&mkt=zh-CN,跨境网络搭建,二级扩展,2,跨境网络搭建教程,跨境网络搭建教程,2026-09-08T01:38:00+00:00
expanded,bing_cn,Bing 中文联想,https://api.bing.com/osjson.aspx?query=%E8%B7%A8%E5%A2%83%E7%BD%91%E7%BB%9C%E6%90%AD%E5%BB%BA&mkt=zh-CN,跨境网络搭建,二级扩展,3,跨境电商网络搭建,跨境电商网络搭建,2026-09-08T01:38:00+00:00
expanded,bing_cn,Bing 中文联想,https://api.bing.com/osjson.aspx?query=%E8%B7%A8%E5%A2%83%E7%BD%91%E7%BB%9C%E6%90%AD%E5%BB%BA&mkt=zh-CN,跨境网络搭建,二级扩展,4,跨境电商网络环境搭建,跨境电商网络环境搭建,2026-09-08T01:38:00+00:00
expanded,bing_cn,Bing 中文联想,https://api.bing.com/osjson.aspx?query=%E8%B7%A8%E5%A2%83%E7%BD%91%E7%BB%9C%E6%90%AD%E5%BB%BA&mkt=zh-CN,跨境网络搭建,二级扩展,5,跨境电商网络搭建教程,跨境电商网络搭建教程,2026-09-08T01:38:00+00:00
expanded,bing_cn,Bing 中文联想,https://api.bing.com/osjson.aspx?query=%E8%B7%A8%E5%A2%83%E7%BD%91%E7%BB%9C%E6%90%AD%E5%BB%BA&mkt=zh-CN,跨境网络搭建,二级扩展,6,tk跨境网络搭建,tk跨境网络搭建,2026-09-08T01:38:00+00:00
expanded,bing_cn,Bing 中文联想,https://api.bing.com/osjson.aspx?query=%E8%B7%A8%E5%A2%83%E7%BD%91%E7%BB%9C%E6%90%AD%E5%BB%BA&mkt=zh-CN,跨境网络搭建,二级扩展,7,跨境电商如何搭建网络环境,跨境电商如何搭建网络环境,2026-09-08T01:38:00+00:00
expanded,bing_cn,Bing 中文联想,https://api.bing.com/osjson.aspx?query=%E8%B7%A8%E5%A2%83%E7%BD%91%E7%BB%9C%E6%90%AD%E5%BB%BA&mkt=zh-CN,跨境网络搭建,二级扩展,8,跨境电商怎么搭建网络,跨境电商怎么搭建网络,2026-09-08T01:38:00+00:00
expanded,bing_cn,Bing 中文联想,https://api.bing.com/osjson.aspx?query=%E8%B7%A8%E5%A2%83%E7%BD%91%E7%BB%9C%E6%90%AD%E5%BB%BA&mkt=zh-CN,跨境网络搭建,二级扩展,9,跨境网络怎么搭建,跨境网络怎么搭建,2026-09-08T01:38:00+00:00
expanded,baidu,百度联想,https://suggestion.baidu.com/su?wd=%E8%B7%A8%E5%A2%83%E7%BD%91%E7%BB%9C%E6%90%AD%E5%BB%BA&cb=cb,跨境网络搭建,二级扩展,1,跨境网络搭建教程,跨境网络搭建教程,2026-09-08T01:38:00+00:00
expanded,baidu,百度联想,https://suggestion.baidu.com/su?wd=%E8%B7%A8%E5%A2%83%E7%BD%91%E7%BB%9C%E6%90%AD%E5%BB%BA&cb=cb,跨境网络搭建,二级扩展,2,跨境网络搭建怎么解决,跨境网络搭建怎么解决,2026-09-08T01:38:00+00:00
expanded,baidu,百度联想,https://suggestion.baidu.com/su?wd=%E8%B7%A8%E5%A2%83%E7%BD%91%E7%BB%9C%E6%90%AD%E5%BB%BA&cb=cb,跨境网络搭建,二级扩展,3,跨境网络搭建成都公司,跨境网络搭建成都公司,2026-09-08T01:38:00+00:00
expanded,baidu,百度联想,https://suggestion.baidu.com/su?wd=%E8%B7%A8%E5%A2%83%E7%BD%91%E7%BB%9C%E6%90%AD%E5%BB%BA&cb=cb,跨境网络搭建,二级扩展,4,跨境网络搭建浏流程,跨境网络搭建浏流程,2026-09-08T01:38:00+00:00
expanded,baidu,百度联想,https://suggestion.baidu.com/su?wd=%E8%B7%A8%E5%A2%83%E7%BD%91%E7%BB%9C%E6%90%AD%E5%BB%BA&cb=cb,跨境网络搭建,二级扩展,5,跨境网络搭建费用,跨境网络搭建费用,2026-09-08T01:38:00+00:00
expanded,baidu,百度联想,https://suggestion.baidu.com/su?wd=%E8%B7%A8%E5%A2%83%E7%BD%91%E7%BB%9C%E6%90%AD%E5%BB%BA&cb=cb,跨境网络搭建,二级扩展,6,跨境网络搭建怎么解决风险,跨境网络搭建怎么解决风险,2026-09-08T01:38:00+00:00
expanded,baidu,百度联想,https://suggestion.baidu.com/su?wd=%E8%B7%A8%E5%A2%83%E7%BD%91%E7%BB%9C%E6%90%AD%E5%BB%BA&cb=cb,跨境网络搭建,二级扩展,7,跨境网络搭建方案,跨境网络搭建方案,2026-09-08T01:38:00+00:00
expanded,baidu,百度联想,https://suggestion.baidu.com/su?wd=%E8%B7%A8%E5%A2%83%E7%BD%91%E7%BB%9C%E6%90%AD%E5%BB%BA&cb=cb,跨境网络搭建,二级扩展,8,跨境电商网络搭建大概要花费多少钱,跨境电商网络搭建大概要花费多少钱,2026-09-08T01:38:00+00:00
expanded,baidu,百度联想,https://suggestion.baidu.com/su?wd=%E8%B7%A8%E5%A2%83%E7%BD%91%E7%BB%9C%E6%90%AD%E5%BB%BA&cb=cb,跨境网络搭建,二级扩展,9,跨境网站建设,跨境网站建设,2026-09-08T01:38:00+00:00
expanded,baidu,百度联想,https://suggestion.baidu.com/su?wd=%E8%B7%A8%E5%A2%83%E7%BD%91%E7%BB%9C%E6%90%AD%E5%BB%BA&cb=cb,跨境网络搭建,二级扩展,10,跨境网络解决方案,跨境网络解决方案,2026-09-08T01:38:00+00:00
expanded,google_web,Google Web 联想,https://suggestqueries.google.com/complete/search?client=firefox&hl=zh-CN&gl=cn&q=%E7%BD%91%E7%BB%9C%E5%8A%A0%E9%80%9F%E5%99%A8,网络加速器,二级扩展,1,网络加速器,网络加速器,2026-09-08T01:38:00+00:00
expanded,google_web,Google Web 联想,https://suggestqueries.google.com/complete/search?client=firefox&hl=zh-CN&gl=cn&q=%E7%BD%91%E7%BB%9C%E5%8A%A0%E9%80%9F%E5%99%A8,网络加速器,二级扩展,2,网络加速器vpn,网络加速器vpn,2026-09-08T01:38:00+00:00
expanded,google_web,Google Web 联想,https://suggestqueries.google.com/complete/search?client=firefox&hl=zh-CN&gl=cn&q=%E7%BD%91%E7%BB%9C%E5%8A%A0%E9%80%9F%E5%99%A8,网络加速器,二级扩展,3,网络加速器下载,网络加速器下载,2026-09-08T01:38:00+00:00
expanded,google_web,Google Web 联想,https://suggestqueries.google.com/complete/search?client=firefox&hl=zh-CN&gl=cn&q=%E7%BD%91%E7%BB%9C%E5%8A%A0%E9%80%9F%E5%99%A8,网络加速器,二级扩展,4,网络加速器香港,网络加速器香港,2026-09-08T01:38:00+00:00
expanded,google_youtube,Google/YouTube 联想,https://suggestqueries.google.com/complete/search?client=firefox&hl=zh-CN&gl=cn&ds=yt&q=%E7%BD%91%E7%BB%9C%E5%8A%A0%E9%80%9F%E5%99%A8,网络加速器,二级扩展,1,网络加速器,网络加速器,2026-09-08T01:38:00+00:00
expanded,google_youtube,Google/YouTube 联想,https://suggestqueries.google.com/complete/search?client=firefox&hl=zh-CN&gl=cn&ds=yt&q=%E7%BD%91%E7%BB%9C%E5%8A%A0%E9%80%9F%E5%99%A8,网络加速器,二级扩展,2,电脑vpn翻墙,电脑vpn翻墙,2026-09-08T01:38:00+00:00
expanded,bing_cn,Bing 中文联想,https://api.bing.com/osjson.aspx?query=%E7%BD%91%E7%BB%9C%E5%8A%A0%E9%80%9F%E5%99%A8&mkt=zh-CN,网络加速器,二级扩展,1,网络加速器,网络加速器,2026-09-08T01:38:00+00:00
expanded,bing_cn,Bing 中文联想,https://api.bing.com/osjson.aspx?query=%E7%BD%91%E7%BB%9C%E5%8A%A0%E9%80%9F%E5%99%A8&mkt=zh-CN,网络加速器,二级扩展,2,网络加速器下载,网络加速器下载,2026-09-08T01:38:00+00:00
expanded,bing_cn,Bing 中文联想,https://api.bing.com/osjson.aspx?query=%E7%BD%91%E7%BB%9C%E5%8A%A0%E9%80%9F%E5%99%A8&mkt=zh-CN,网络加速器,二级扩展,3,网络加速器免费,网络加速器免费,2026-09-08T01:38:00+00:00
expanded,bing_cn,Bing 中文联想,https://api.bing.com/osjson.aspx?query=%E7%BD%91%E7%BB%9C%E5%8A%A0%E9%80%9F%E5%99%A8&mkt=zh-CN,网络加速器,二级扩展,4,网络加速器vpn,网络加速器vpn,2026-09-08T01:38:00+00:00
expanded,bing_cn,Bing 中文联想,https://api.bing.com/osjson.aspx?query=%E7%BD%91%E7%BB%9C%E5%8A%A0%E9%80%9F%E5%99%A8&mkt=zh-CN,网络加速器,二级扩展,5,网络加速器推荐,网络加速器推荐,2026-09-08T01:38:00+00:00
expanded,bing_cn,Bing 中文联想,https://api.bing.com/osjson.aspx?query=%E7%BD%91%E7%BB%9C%E5%8A%A0%E9%80%9F%E5%99%A8&mkt=zh-CN,网络加速器,二级扩展,6,网络加速器-免费vpn 免费代理,网络加速器-免费vpn免费代理,2026-09-08T01:38:00+00:00
expanded,bing_cn,Bing 中文联想,https://api.bing.com/osjson.aspx?query=%E7%BD%91%E7%BB%9C%E5%8A%A0%E9%80%9F%E5%99%A8&mkt=zh-CN,网络加速器,二级扩展,7,网络加速器试用,网络加速器试用,2026-09-08T01:38:00+00:00
expanded,bing_cn,Bing 中文联想,https://api.bing.com/osjson.aspx?query=%E7%BD%91%E7%BB%9C%E5%8A%A0%E9%80%9F%E5%99%A8&mkt=zh-CN,网络加速器,二级扩展,8,网络加速器原理,网络加速器原理,2026-09-08T01:38:00+00:00
expanded,bing_cn,Bing 中文联想,https://api.bing.com/osjson.aspx?query=%E7%BD%91%E7%BB%9C%E5%8A%A0%E9%80%9F%E5%99%A8&mkt=zh-CN,网络加速器,二级扩展,9,网络加速器免费版,网络加速器免费版,2026-09-08T01:38:00+00:00
expanded,bing_cn,Bing 中文联想,https://api.bing.com/osjson.aspx?query=%E7%BD%91%E7%BB%9C%E5%8A%A0%E9%80%9F%E5%99%A8&mkt=zh-CN,网络加速器,二级扩展,10,网络加速器app,网络加速器app,2026-09-08T01:38:00+00:00
expanded,bing_cn,Bing 中文联想,https://api.bing.com/osjson.aspx?query=%E7%BD%91%E7%BB%9C%E5%8A%A0%E9%80%9F%E5%99%A8&mkt=zh-CN,网络加速器,二级扩展,11,网络加速器免费下载,网络加速器免费下载,2026-09-08T01:38:00+00:00
expanded,bing_cn,Bing 中文联想,https://api.bing.com/osjson.aspx?query=%E7%BD%91%E7%BB%9C%E5%8A%A0%E9%80%9F%E5%99%A8&mkt=zh-CN,网络加速器,二级扩展,12,网络加速器免费加速,网络加速器免费加速,2026-09-08T01:38:00+00:00
expanded,google_web,Google Web 联想,https://suggestqueries.google.com/complete/search?client=firefox&hl=zh-CN&gl=cn&q=tiktok%E6%97%A0%E7%BD%91%E7%BB%9C%E8%BF%9E%E6%8E%A5%E6%80%8E%E4%B9%88%E5%8A%9E,tiktok无网络连接怎么办,二级扩展,1,tiktok无网络连接怎么办,tiktok无网络连接怎么办,2026-09-08T01:38:00+00:00
expanded,google_web,Google Web 联想,https://suggestqueries.google.com/complete/search?client=firefox&hl=zh-CN&gl=cn&q=tiktok%E6%97%A0%E7%BD%91%E7%BB%9C%E8%BF%9E%E6%8E%A5%E6%80%8E%E4%B9%88%E5%8A%9E,tiktok无网络连接怎么办,二级扩展,2,tiktok 无 网络 连接 怎么 办 安卓,tiktok无网络连接怎么办安卓,2026-09-08T01:38:00+00:00
expanded,google_youtube,Google/YouTube 联想,https://suggestqueries.google.com/complete/search?client=firefox&hl=zh-CN&gl=cn&ds=yt&q=tiktok%E6%97%A0%E7%BD%91%E7%BB%9C%E8%BF%9E%E6%8E%A5%E6%80%8E%E4%B9%88%E5%8A%9E,tiktok无网络连接怎么办,二级扩展,1,tiktok无网络连接怎么办,tiktok无网络连接怎么办,2026-09-08T01:38:00+00:00
expanded,google_youtube,Google/YouTube 联想,https://suggestqueries.google.com/complete/search?client=firefox&hl=zh-CN&gl=cn&ds=yt&q=tiktok%E6%97%A0%E7%BD%91%E7%BB%9C%E8%BF%9E%E6%8E%A5%E6%80%8E%E4%B9%88%E5%8A%9E,tiktok无网络连接怎么办,二级扩展,2,tiktok无网络连接怎么解决,tiktok无网络连接怎么解决,2026-09-08T01:38:00+00:00
expanded,bing_cn,Bing 中文联想,https://api.bing.com/osjson.aspx?query=tiktok%E6%97%A0%E7%BD%91%E7%BB%9C%E8%BF%9E%E6%8E%A5%E6%80%8E%E4%B9%88%E5%8A%9E&mkt=zh-CN,tiktok无网络连接怎么办,二级扩展,1,tik tok无网络连接怎么办,tik tok无网络连接怎么办,2026-09-08T01:38:00+00:00
expanded,bing_cn,Bing 中文联想,https://api.bing.com/osjson.aspx?query=tiktok%E6%97%A0%E7%BD%91%E7%BB%9C%E8%BF%9E%E6%8E%A5%E6%80%8E%E4%B9%88%E5%8A%9E&mkt=zh-CN,tiktok无网络连接怎么办,二级扩展,2,tiktok无网络连接怎么办安卓,tiktok无网络连接怎么办安卓,2026-09-08T01:38:00+00:00
expanded,bing_cn,Bing 中文联想,https://api.bing.com/osjson.aspx?query=tiktok%E6%97%A0%E7%BD%91%E7%BB%9C%E8%BF%9E%E6%8E%A5%E6%80%8E%E4%B9%88%E5%8A%9E&mkt=zh-CN,tiktok无网络连接怎么办,二级扩展,3,tiktok显示无网络连接怎么办,tiktok显示无网络连接怎么办,2026-09-08T01:38:00+00:00
expanded,bing_cn,Bing 中文联想,https://api.bing.com/osjson.aspx?query=tiktok%E6%97%A0%E7%BD%91%E7%BB%9C%E8%BF%9E%E6%8E%A5%E6%80%8E%E4%B9%88%E5%8A%9E&mkt=zh-CN,tiktok无网络连接怎么办,二级扩展,4,安卓手机tiktok无网络连接怎么办,安卓手机tiktok无网络连接怎么办,2026-09-08T01:38:00+00:00
expanded,bing_cn,Bing 中文联想,https://api.bing.com/osjson.aspx?query=tiktok%E6%97%A0%E7%BD%91%E7%BB%9C%E8%BF%9E%E6%8E%A5%E6%80%8E%E4%B9%88%E5%8A%9E&mkt=zh-CN,tiktok无网络连接怎么办,二级扩展,5,挂了梯子tiktok无网络连接怎么办,挂了梯子tiktok无网络连接怎么办,2026-09-08T01:38:00+00:00
expanded,bing_cn,Bing 中文联想,https://api.bing.com/osjson.aspx?query=tiktok%E6%97%A0%E7%BD%91%E7%BB%9C%E8%BF%9E%E6%8E%A5%E6%80%8E%E4%B9%88%E5%8A%9E&mkt=zh-CN,tiktok无网络连接怎么办,二级扩展,6,苹果手机tiktok显示无网络连接怎么办,苹果手机tiktok显示无网络连接怎么办,2026-09-08T01:38:00+00:00
expanded,bing_cn,Bing 中文联想,https://api.bing.com/osjson.aspx?query=tiktok%E6%97%A0%E7%BD%91%E7%BB%9C%E8%BF%9E%E6%8E%A5%E6%80%8E%E4%B9%88%E5%8A%9E&mkt=zh-CN,tiktok无网络连接怎么办,二级扩展,7,www.tiktok.com 关闭了连接,www.tiktok.com关闭了连接,2026-09-08T01:38:00+00:00
expanded,bing_cn,Bing 中文联想,https://api.bing.com/osjson.aspx?query=tiktok%E6%97%A0%E7%BD%91%E7%BB%9C%E8%BF%9E%E6%8E%A5%E6%80%8E%E4%B9%88%E5%8A%9E&mkt=zh-CN,tiktok无网络连接怎么办,二级扩展,8,tiktok no internet connection怎么解决,tiktok no internet connection怎么解决,2026-09-08T01:38:00+00:00
expanded,bing_cn,Bing 中文联想,https://api.bing.com/osjson.aspx?query=tiktok%E6%97%A0%E7%BD%91%E7%BB%9C%E8%BF%9E%E6%8E%A5%E6%80%8E%E4%B9%88%E5%8A%9E&mkt=zh-CN,tiktok无网络连接怎么办,二级扩展,9,www.tiktok.com 打不开,www.tiktok.com打不开,2026-09-08T01:38:00+00:00
expanded,bing_cn,Bing 中文联想,https://api.bing.com/osjson.aspx?query=tiktok%E6%97%A0%E7%BD%91%E7%BB%9C%E8%BF%9E%E6%8E%A5%E6%80%8E%E4%B9%88%E5%8A%9E&mkt=zh-CN,tiktok无网络连接怎么办,二级扩展,10,https://www.tiktok.com怎么打开,https://www.tiktok.com怎么打开,2026-09-08T01:38:00+00:00
expanded,bing_cn,Bing 中文联想,https://api.bing.com/osjson.aspx?query=tiktok%E6%97%A0%E7%BD%91%E7%BB%9C%E8%BF%9E%E6%8E%A5%E6%80%8E%E4%B9%88%E5%8A%9E&mkt=zh-CN,tiktok无网络连接怎么办,二级扩展,11,tiktok.下载,tiktok.下载,2026-09-08T01:38:00+00:00
expanded,bing_cn,Bing 中文联想,https://api.bing.com/osjson.aspx?query=tiktok%E6%97%A0%E7%BD%91%E7%BB%9C%E8%BF%9E%E6%8E%A5%E6%80%8E%E4%B9%88%E5%8A%9E&mkt=zh-CN,tiktok无网络连接怎么办,二级扩展,12,no internet connection tiktok,no internet connection tiktok,2026-09-08T01:38:00+00:00
expanded,baidu,百度联想,https://suggestion.baidu.com/su?wd=tiktok%E6%97%A0%E7%BD%91%E7%BB%9C%E8%BF%9E%E6%8E%A5%E6%80%8E%E4%B9%88%E5%8A%9E&cb=cb,tiktok无网络连接怎么办,二级扩展,1,tiktok无网络连接怎么办安卓,tiktok无网络连接怎么办安卓,2026-09-08T01:38:00+00:00
expanded,baidu,百度联想,https://suggestion.baidu.com/su?wd=tiktok%E6%97%A0%E7%BD%91%E7%BB%9C%E8%BF%9E%E6%8E%A5%E6%80%8E%E4%B9%88%E5%8A%9E&cb=cb,tiktok无网络连接怎么办,二级扩展,2,tiktok无网络连接怎么办苹果,tiktok无网络连接怎么办苹果,2026-09-08T01:38:00+00:00
expanded,baidu,百度联想,https://suggestion.baidu.com/su?wd=tiktok%E6%97%A0%E7%BD%91%E7%BB%9C%E8%BF%9E%E6%8E%A5%E6%80%8E%E4%B9%88%E5%8A%9E&cb=cb,tiktok无网络连接怎么办,二级扩展,3,tiktok无网络连接怎么办安卓机,tiktok无网络连接怎么办安卓机,2026-09-08T01:38:00+00:00
expanded,baidu,百度联想,https://suggestion.baidu.com/su?wd=tiktok%E6%97%A0%E7%BD%91%E7%BB%9C%E8%BF%9E%E6%8E%A5%E6%80%8E%E4%B9%88%E5%8A%9E&cb=cb,tiktok无网络连接怎么办,二级扩展,4,tiktok无网络连接怎么解决,tiktok无网络连接怎么解决,2026-09-08T01:38:00+00:00
expanded,baidu,百度联想,https://suggestion.baidu.com/su?wd=tiktok%E6%97%A0%E7%BD%91%E7%BB%9C%E8%BF%9E%E6%8E%A5%E6%80%8E%E4%B9%88%E5%8A%9E&cb=cb,tiktok无网络连接怎么办,二级扩展,5,tiktok无网络连接的解决方法,tiktok无网络连接的解决方法,2026-09-08T01:38:00+00:00
expanded,baidu,百度联想,https://suggestion.baidu.com/su?wd=tiktok%E6%97%A0%E7%BD%91%E7%BB%9C%E8%BF%9E%E6%8E%A5%E6%80%8E%E4%B9%88%E5%8A%9E&cb=cb,tiktok无网络连接怎么办,二级扩展,6,TikTok无网络怎么办,tiktok无网络怎么办,2026-09-08T01:38:00+00:00
expanded,baidu,百度联想,https://suggestion.baidu.com/su?wd=tiktok%E6%97%A0%E7%BD%91%E7%BB%9C%E8%BF%9E%E6%8E%A5%E6%80%8E%E4%B9%88%E5%8A%9E&cb=cb,tiktok无网络连接怎么办,二级扩展,7,tiktok没有网络连接的解决办法,tiktok没有网络连接的解决办法,2026-09-08T01:38:00+00:00
expanded,baidu,百度联想,https://suggestion.baidu.com/su?wd=tiktok%E6%97%A0%E7%BD%91%E7%BB%9C%E8%BF%9E%E6%8E%A5%E6%80%8E%E4%B9%88%E5%8A%9E&cb=cb,tiktok无网络连接怎么办,二级扩展,8,tiktok无网络连接原因及解决方法,tiktok无网络连接原因及解决方法,2026-09-08T01:38:00+00:00
expanded,baidu,百度联想,https://suggestion.baidu.com/su?wd=tiktok%E6%97%A0%E7%BD%91%E7%BB%9C%E8%BF%9E%E6%8E%A5%E6%80%8E%E4%B9%88%E5%8A%9E&cb=cb,tiktok无网络连接怎么办,二级扩展,9,tiktok无网络连接的原因,tiktok无网络连接的原因,2026-09-08T01:38:00+00:00
expanded,baidu,百度联想,https://suggestion.baidu.com/su?wd=tiktok%E6%97%A0%E7%BD%91%E7%BB%9C%E8%BF%9E%E6%8E%A5%E6%80%8E%E4%B9%88%E5%8A%9E&cb=cb,tiktok无网络连接怎么办,二级扩展,10,TikTok显示无网络连接怎么办,tiktok显示无网络连接怎么办,2026-09-08T01:38:00+00:00
expanded,google_web,Google Web 联想,https://suggestqueries.google.com/complete/search?client=firefox&hl=zh-CN&gl=cn&q=proton%20vpn%E5%AE%89%E5%85%A8%E5%90%97,proton vpn安全吗,二级扩展,1,proton vpn安全吗,proton vpn安全吗,2026-09-08T01:38:00+00:00
expanded,google_youtube,Google/YouTube 联想,https://suggestqueries.google.com/complete/search?client=firefox&hl=zh-CN&gl=cn&ds=yt&q=proton%20vpn%E5%AE%89%E5%85%A8%E5%90%97,proton vpn安全吗,二级扩展,1,proton vpn安全吗,proton vpn安全吗,2026-09-08T01:38:00+00:00
expanded,bing_cn,Bing 中文联想,https://api.bing.com/osjson.aspx?query=proton%20vpn%E5%AE%89%E5%85%A8%E5%90%97&mkt=zh-CN,proton vpn安全吗,二级扩展,1,proton vpn安全吗,proton vpn安全吗,2026-09-08T01:38:00+00:00
expanded,bing_cn,Bing 中文联想,https://api.bing.com/osjson.aspx?query=proton%20vpn%E5%AE%89%E5%85%A8%E5%90%97&mkt=zh-CN,proton vpn安全吗,二级扩展,2,proton vpn免费安全吗,proton vpn免费安全吗,2026-09-08T01:38:00+00:00
expanded,bing_cn,Bing 中文联想,https://api.bing.com/osjson.aspx?query=proton%20vpn%E5%AE%89%E5%85%A8%E5%90%97&mkt=zh-CN,proton vpn安全吗,二级扩展,3,proton vpn国内怎么用安全吗,proton vpn国内怎么用安全吗,2026-09-08T01:38:00+00:00
expanded,bing_cn,Bing 中文联想,https://api.bing.com/osjson.aspx?query=proton%20vpn%E5%AE%89%E5%85%A8%E5%90%97&mkt=zh-CN,proton vpn安全吗,二级扩展,4,proton vpn免费版安全吗,proton vpn免费版安全吗,2026-09-08T01:38:00+00:00
expanded,bing_cn,Bing 中文联想,https://api.bing.com/osjson.aspx?query=proton%20vpn%E5%AE%89%E5%85%A8%E5%90%97&mkt=zh-CN,proton vpn安全吗,二级扩展,5,proton vpn for pc功能介绍,proton vpn for pc功能介绍,2026-09-08T01:38:00+00:00
expanded,bing_cn,Bing 中文联想,https://api.bing.com/osjson.aspx?query=proton%20vpn%E5%AE%89%E5%85%A8%E5%90%97&mkt=zh-CN,proton vpn安全吗,二级扩展,6,proton vpn‌下载,proton vpn‌下载,2026-09-08T01:38:00+00:00
expanded,bing_cn,Bing 中文联想,https://api.bing.com/osjson.aspx?query=proton%20vpn%E5%AE%89%E5%85%A8%E5%90%97&mkt=zh-CN,proton vpn安全吗,二级扩展,7,🥈 proton vpn下载,🥈 proton vpn下载,2026-09-08T01:38:00+00:00
expanded,bing_cn,Bing 中文联想,https://api.bing.com/osjson.aspx?query=proton%20vpn%E5%AE%89%E5%85%A8%E5%90%97&mkt=zh-CN,proton vpn安全吗,二级扩展,8,proton vpn for pc评测,proton vpn for pc评测,2026-09-08T01:38:00+00:00
expanded,bing_cn,Bing 中文联想,https://api.bing.com/osjson.aspx?query=proton%20vpn%E5%AE%89%E5%85%A8%E5%90%97&mkt=zh-CN,proton vpn安全吗,二级扩展,9,proton vpn for pc设置,proton vpn for pc设置,2026-09-08T01:38:00+00:00
expanded,bing_cn,Bing 中文联想,https://api.bing.com/osjson.aspx?query=proton%20vpn%E5%AE%89%E5%85%A8%E5%90%97&mkt=zh-CN,proton vpn安全吗,二级扩展,10,‌proton vpn下载,‌proton vpn下载,2026-09-08T01:38:00+00:00
expanded,bing_cn,Bing 中文联想,https://api.bing.com/osjson.aspx?query=proton%20vpn%E5%AE%89%E5%85%A8%E5%90%97&mkt=zh-CN,proton vpn安全吗,二级扩展,11,proton vpn pc 下载,proton vpn pc下载,2026-09-08T01:38:00+00:00
expanded,bing_cn,Bing 中文联想,https://api.bing.com/osjson.aspx?query=proton%20vpn%E5%AE%89%E5%85%A8%E5%90%97&mkt=zh-CN,proton vpn安全吗,二级扩展,12,proton vpn for pc免费试用,proton vpn for pc免费试用,2026-09-08T01:38:00+00:00
expanded,google_web,Google Web 联想,https://suggestqueries.google.com/complete/search?client=firefox&hl=zh-CN&gl=cn&q=tiktok%E7%BD%91%E7%BB%9C%E4%B8%8D%E7%A8%B3%E5%AE%9A,tiktok网络不稳定,二级扩展,1,tiktok网络不稳定,tiktok网络不稳定,2026-09-08T01:38:00+00:00
expanded,google_web,Google Web 联想,https://suggestqueries.google.com/complete/search?client=firefox&hl=zh-CN&gl=cn&q=tiktok%E7%BD%91%E7%BB%9C%E4%B8%8D%E7%A8%B3%E5%AE%9A,tiktok网络不稳定,二级扩展,2,tiktok 网络 不 稳定 怎么 解决,tiktok网络不稳定怎么解决,2026-09-08T01:38:00+00:00
expanded,google_web,Google Web 联想,https://suggestqueries.google.com/complete/search?client=firefox&hl=zh-CN&gl=cn&q=tiktok%E7%BD%91%E7%BB%9C%E4%B8%8D%E7%A8%B3%E5%AE%9A,tiktok网络不稳定,二级扩展,3,tiktok网络不稳定怎么办,tiktok网络不稳定怎么办,2026-09-08T01:38:00+00:00
expanded,google_youtube,Google/YouTube 联想,https://suggestqueries.google.com/complete/search?client=firefox&hl=zh-CN&gl=cn&ds=yt&q=tiktok%E7%BD%91%E7%BB%9C%E4%B8%8D%E7%A8%B3%E5%AE%9A,tiktok网络不稳定,二级扩展,1,tiktok网络不稳定,tiktok网络不稳定,2026-09-08T01:38:00+00:00
expanded,bing_cn,Bing 中文联想,https://api.bing.com/osjson.aspx?query=tiktok%E7%BD%91%E7%BB%9C%E4%B8%8D%E7%A8%B3%E5%AE%9A&mkt=zh-CN,tiktok网络不稳定,二级扩展,1,tiktok网络不稳定,tiktok网络不稳定,2026-09-08T01:38:00+00:00
expanded,bing_cn,Bing 中文联想,https://api.bing.com/osjson.aspx?query=tiktok%E7%BD%91%E7%BB%9C%E4%B8%8D%E7%A8%B3%E5%AE%9A&mkt=zh-CN,tiktok网络不稳定,二级扩展,2,tiktok网络不稳定怎么解决,tiktok网络不稳定怎么解决,2026-09-08T01:38:00+00:00
expanded,bing_cn,Bing 中文联想,https://api.bing.com/osjson.aspx?query=tiktok%E7%BD%91%E7%BB%9C%E4%B8%8D%E7%A8%B3%E5%AE%9A&mkt=zh-CN,tiktok网络不稳定,二级扩展,3,tiktok网络不稳定怎么办,tiktok网络不稳定怎么办,2026-09-08T01:38:00+00:00
expanded,bing_cn,Bing 中文联想,https://api.bing.com/osjson.aspx?query=tiktok%E7%BD%91%E7%BB%9C%E4%B8%8D%E7%A8%B3%E5%AE%9A&mkt=zh-CN,tiktok网络不稳定,二级扩展,4,tiktok网络不稳定ios,tiktok网络不稳定ios,2026-09-08T01:38:00+00:00
expanded,bing_cn,Bing 中文联想,https://api.bing.com/osjson.aspx?query=tiktok%E7%BD%91%E7%BB%9C%E4%B8%8D%E7%A8%B3%E5%AE%9A&mkt=zh-CN,tiktok网络不稳定,二级扩展,5,tiktok网络连接不稳定,tiktok网络连接不稳定,2026-09-08T01:38:00+00:00
expanded,bing_cn,Bing 中文联想,https://api.bing.com/osjson.aspx?query=tiktok%E7%BD%91%E7%BB%9C%E4%B8%8D%E7%A8%B3%E5%AE%9A&mkt=zh-CN,tiktok网络不稳定,二级扩展,6,tiktok注册网络连接不稳定,tiktok注册网络连接不稳定,2026-09-08T01:38:00+00:00
expanded,bing_cn,Bing 中文联想,https://api.bing.com/osjson.aspx?query=tiktok%E7%BD%91%E7%BB%9C%E4%B8%8D%E7%A8%B3%E5%AE%9A&mkt=zh-CN,tiktok网络不稳定,二级扩展,7,tiktok登录网络连接不稳定,tiktok登录网络连接不稳定,2026-09-08T01:38:00+00:00
expanded,bing_cn,Bing 中文联想,https://api.bing.com/osjson.aspx?query=tiktok%E7%BD%91%E7%BB%9C%E4%B8%8D%E7%A8%B3%E5%AE%9A&mkt=zh-CN,tiktok网络不稳定,二级扩展,8,tiktok网络连接不稳定ios,tiktok网络连接不稳定ios,2026-09-08T01:38:00+00:00
expanded,bing_cn,Bing 中文联想,https://api.bing.com/osjson.aspx?query=tiktok%E7%BD%91%E7%BB%9C%E4%B8%8D%E7%A8%B3%E5%AE%9A&mkt=zh-CN,tiktok网络不稳定,二级扩展,9,登录tiktok显示网络连接不稳定,登录tiktok显示网络连接不稳定,2026-09-08T01:38:00+00:00
expanded,baidu,百度联想,https://suggestion.baidu.com/su?wd=tiktok%E7%BD%91%E7%BB%9C%E4%B8%8D%E7%A8%B3%E5%AE%9A&cb=cb,tiktok网络不稳定,二级扩展,1,tiktok网络不稳定怎么解决,tiktok网络不稳定怎么解决,2026-09-08T01:38:00+00:00
expanded,baidu,百度联想,https://suggestion.baidu.com/su?wd=tiktok%E7%BD%91%E7%BB%9C%E4%B8%8D%E7%A8%B3%E5%AE%9A&cb=cb,tiktok网络不稳定,二级扩展,2,tiktok网络不稳定登录不上,tiktok网络不稳定登录不上,2026-09-08T01:38:00+00:00
expanded,baidu,百度联想,https://suggestion.baidu.com/su?wd=tiktok%E7%BD%91%E7%BB%9C%E4%B8%8D%E7%A8%B3%E5%AE%9A&cb=cb,tiktok网络不稳定,二级扩展,3,tiktok网络不稳定注册不了,tiktok网络不稳定注册不了,2026-09-08T01:38:00+00:00
expanded,baidu,百度联想,https://suggestion.baidu.com/su?wd=tiktok%E7%BD%91%E7%BB%9C%E4%B8%8D%E7%A8%B3%E5%AE%9A&cb=cb,tiktok网络不稳定,二级扩展,4,tiktok网络不稳定怎么办苹果,tiktok网络不稳定怎么办苹果,2026-09-08T01:38:00+00:00
expanded,baidu,百度联想,https://suggestion.baidu.com/su?wd=tiktok%E7%BD%91%E7%BB%9C%E4%B8%8D%E7%A8%B3%E5%AE%9A&cb=cb,tiktok网络不稳定,二级扩展,5,tiktok网络不稳定如何解决,tiktok网络不稳定如何解决,2026-09-08T01:38:00+00:00
expanded,baidu,百度联想,https://suggestion.baidu.com/su?wd=tiktok%E7%BD%91%E7%BB%9C%E4%B8%8D%E7%A8%B3%E5%AE%9A&cb=cb,tiktok网络不稳定,二级扩展,6,登录tiktok网络不稳定,登录tiktok网络不稳定,2026-09-08T01:38:00+00:00
expanded,baidu,百度联想,https://suggestion.baidu.com/su?wd=tiktok%E7%BD%91%E7%BB%9C%E4%B8%8D%E7%A8%B3%E5%AE%9A&cb=cb,tiktok网络不稳定,二级扩展,7,tiktok网络不稳定登陆不上,tiktok网络不稳定登陆不上,2026-09-08T01:38:00+00:00
expanded,baidu,百度联想,https://suggestion.baidu.com/su?wd=tiktok%E7%BD%91%E7%BB%9C%E4%B8%8D%E7%A8%B3%E5%AE%9A&cb=cb,tiktok网络不稳定,二级扩展,8,tiktok网络不稳定怎么弄,tiktok网络不稳定怎么弄,2026-09-08T01:38:00+00:00
expanded,baidu,百度联想,https://suggestion.baidu.com/su?wd=tiktok%E7%BD%91%E7%BB%9C%E4%B8%8D%E7%A8%B3%E5%AE%9A&cb=cb,tiktok网络不稳定,二级扩展,9,tiktok网络不稳定什么情况,tiktok网络不稳定什么情况,2026-09-08T01:38:00+00:00
expanded,baidu,百度联想,https://suggestion.baidu.com/su?wd=tiktok%E7%BD%91%E7%BB%9C%E4%B8%8D%E7%A8%B3%E5%AE%9A&cb=cb,tiktok网络不稳定,二级扩展,10,tiktok网络不稳定怎么注册,tiktok网络不稳定怎么注册,2026-09-08T01:38:00+00:00
expanded,google_web,Google Web 联想,https://suggestqueries.google.com/complete/search?client=firefox&hl=zh-CN&gl=cn&q=tiktok%E7%BD%91%E7%BB%9C%E6%90%AD%E5%BB%BA,tiktok网络搭建,二级扩展,1,tiktok网络搭建,tiktok网络搭建,2026-09-08T01:38:00+00:00
expanded,google_youtube,Google/YouTube 联想,https://suggestqueries.google.com/complete/search?client=firefox&hl=zh-CN&gl=cn&ds=yt&q=tiktok%E7%BD%91%E7%BB%9C%E6%90%AD%E5%BB%BA,tiktok网络搭建,二级扩展,1,tiktok网络搭建,tiktok网络搭建,2026-09-08T01:38:00+00:00
expanded,google_youtube,Google/YouTube 联想,https://suggestqueries.google.com/complete/search?client=firefox&hl=zh-CN&gl=cn&ds=yt&q=tiktok%E7%BD%91%E7%BB%9C%E6%90%AD%E5%BB%BA,tiktok网络搭建,二级扩展,2,tiktok网络搭建教程,tiktok网络搭建教程,2026-09-08T01:38:00+00:00
expanded,bing_cn,Bing 中文联想,https://api.bing.com/osjson.aspx?query=tiktok%E7%BD%91%E7%BB%9C%E6%90%AD%E5%BB%BA&mkt=zh-CN,tiktok网络搭建,二级扩展,1,tiktok网络搭建,tiktok网络搭建,2026-09-08T01:38:00+00:00
expanded,bing_cn,Bing 中文联想,https://api.bing.com/osjson.aspx?query=tiktok%E7%BD%91%E7%BB%9C%E6%90%AD%E5%BB%BA&mkt=zh-CN,tiktok网络搭建,二级扩展,2,tiktok网络搭建详细流程,tiktok网络搭建详细流程,2026-09-08T01:38:00+00:00
expanded,bing_cn,Bing 中文联想,https://api.bing.com/osjson.aspx?query=tiktok%E7%BD%91%E7%BB%9C%E6%90%AD%E5%BB%BA&mkt=zh-CN,tiktok网络搭建,二级扩展,3,tiktok网络环境搭建,tiktok网络环境搭建,2026-09-08T01:38:00+00:00
expanded,bing_cn,Bing 中文联想,https://api.bing.com/osjson.aspx?query=tiktok%E7%BD%91%E7%BB%9C%E6%90%AD%E5%BB%BA&mkt=zh-CN,tiktok网络搭建,二级扩展,4,tiktok直播网络搭建,tiktok直播网络搭建,2026-09-08T01:38:00+00:00
expanded,bing_cn,Bing 中文联想,https://api.bing.com/osjson.aspx?query=tiktok%E7%BD%91%E7%BB%9C%E6%90%AD%E5%BB%BA&mkt=zh-CN,tiktok网络搭建,二级扩展,5,如何搭建tiktok专线网络,如何搭建tiktok专线网络,2026-09-08T01:38:00+00:00
expanded,bing_cn,Bing 中文联想,https://api.bing.com/osjson.aspx?query=tiktok%E7%BD%91%E7%BB%9C%E6%90%AD%E5%BB%BA&mkt=zh-CN,tiktok网络搭建,二级扩展,6,tiktok怎么搭建网络环境,tiktok怎么搭建网络环境,2026-09-08T01:38:00+00:00
expanded,bing_cn,Bing 中文联想,https://api.bing.com/osjson.aspx?query=tiktok%E7%BD%91%E7%BB%9C%E6%90%AD%E5%BB%BA&mkt=zh-CN,tiktok网络搭建,二级扩展,7,tiktok跨境电商网络搭建,tiktok跨境电商网络搭建,2026-09-08T01:38:00+00:00
expanded,bing_cn,Bing 中文联想,https://api.bing.com/osjson.aspx?query=tiktok%E7%BD%91%E7%BB%9C%E6%90%AD%E5%BB%BA&mkt=zh-CN,tiktok网络搭建,二级扩展,8,tiktok怎么搭建独享网络环境,tiktok怎么搭建独享网络环境,2026-09-08T01:38:00+00:00
expanded,bing_cn,Bing 中文联想,https://api.bing.com/osjson.aspx?query=tiktok%E7%BD%91%E7%BB%9C%E6%90%AD%E5%BB%BA&mkt=zh-CN,tiktok网络搭建,二级扩展,9,tiktok网络怎么搭建,tiktok网络怎么搭建,2026-09-08T01:38:00+00:00
expanded,baidu,百度联想,https://suggestion.baidu.com/su?wd=tiktok%E7%BD%91%E7%BB%9C%E6%90%AD%E5%BB%BA&cb=cb,tiktok网络搭建,二级扩展,1,tiktok网络搭建需要下载什么软件,tiktok网络搭建需要下载什么软件,2026-09-08T01:38:00+00:00
expanded,baidu,百度联想,https://suggestion.baidu.com/su?wd=tiktok%E7%BD%91%E7%BB%9C%E6%90%AD%E5%BB%BA&cb=cb,tiktok网络搭建,二级扩展,2,TikTok网络搭建多少钱,tiktok网络搭建多少钱,2026-09-08T01:38:00+00:00
expanded,baidu,百度联想,https://suggestion.baidu.com/su?wd=tiktok%E7%BD%91%E7%BB%9C%E6%90%AD%E5%BB%BA&cb=cb,tiktok网络搭建,二级扩展,3,TikTok网络搭建教程,tiktok网络搭建教程,2026-09-08T01:38:00+00:00
expanded,baidu,百度联想,https://suggestion.baidu.com/su?wd=tiktok%E7%BD%91%E7%BB%9C%E6%90%AD%E5%BB%BA&cb=cb,tiktok网络搭建,二级扩展,4,tiktok网络连接不上怎么办,tiktok网络连接不上怎么办,2026-09-08T01:38:00+00:00
expanded,baidu,百度联想,https://suggestion.baidu.com/su?wd=tiktok%E7%BD%91%E7%BB%9C%E6%90%AD%E5%BB%BA&cb=cb,tiktok网络搭建,二级扩展,5,tiktok注册网络不稳定怎么解决,tiktok注册网络不稳定怎么解决,2026-09-08T01:38:00+00:00
expanded,baidu,百度联想,https://suggestion.baidu.com/su?wd=tiktok%E7%BD%91%E7%BB%9C%E6%90%AD%E5%BB%BA&cb=cb,tiktok网络搭建,二级扩展,6,tiktok下载了为什么没网络连接,tiktok下载了为什么没网络连接,2026-09-08T01:38:00+00:00
expanded,baidu,百度联想,https://suggestion.baidu.com/su?wd=tiktok%E7%BD%91%E7%BB%9C%E6%90%AD%E5%BB%BA&cb=cb,tiktok网络搭建,二级扩展,7,tiktok网络不稳定,tiktok网络不稳定,2026-09-08T01:38:00+00:00
expanded,baidu,百度联想,https://suggestion.baidu.com/su?wd=tiktok%E7%BD%91%E7%BB%9C%E6%90%AD%E5%BB%BA&cb=cb,tiktok网络搭建,二级扩展,8,tiktok下载了无网络怎么办,tiktok下载了无网络怎么办,2026-09-08T01:38:00+00:00
expanded,baidu,百度联想,https://suggestion.baidu.com/su?wd=tiktok%E7%BD%91%E7%BB%9C%E6%90%AD%E5%BB%BA&cb=cb,tiktok网络搭建,二级扩展,9,tiktok网络无法连接怎么办?,tiktok网络无法连接怎么办,2026-09-08T01:38:00+00:00
expanded,baidu,百度联想,https://suggestion.baidu.com/su?wd=tiktok%E7%BD%91%E7%BB%9C%E6%90%AD%E5%BB%BA&cb=cb,tiktok网络搭建,二级扩展,10,tiktok网络无连接,tiktok网络无连接,2026-09-08T01:38:00+00:00
expanded,google_web,Google Web 联想,https://suggestqueries.google.com/complete/search?client=firefox&hl=zh-CN&gl=cn&q=vpn%E8%BF%9E%E6%8E%A5%E5%90%8E%E6%97%A0%E6%B3%95%E4%B8%8A%E7%BD%91,vpn连接后无法上网,二级扩展,1,vpn连接后无法上网,vpn连接后无法上网,2026-09-08T01:38:00+00:00
expanded,google_youtube,Google/YouTube 联想,https://suggestqueries.google.com/complete/search?client=firefox&hl=zh-CN&gl=cn&ds=yt&q=vpn%E8%BF%9E%E6%8E%A5%E5%90%8E%E6%97%A0%E6%B3%95%E4%B8%8A%E7%BD%91,vpn连接后无法上网,二级扩展,1,vpn连接后无法上网,vpn连接后无法上网,2026-09-08T01:38:00+00:00
expanded,bing_cn,Bing 中文联想,https://api.bing.com/osjson.aspx?query=vpn%E8%BF%9E%E6%8E%A5%E5%90%8E%E6%97%A0%E6%B3%95%E4%B8%8A%E7%BD%91&mkt=zh-CN,vpn连接后无法上网,二级扩展,1,vpn连接后无法上网,vpn连接后无法上网,2026-09-08T01:38:00+00:00
expanded,bing_cn,Bing 中文联想,https://api.bing.com/osjson.aspx?query=vpn%E8%BF%9E%E6%8E%A5%E5%90%8E%E6%97%A0%E6%B3%95%E4%B8%8A%E7%BD%91&mkt=zh-CN,vpn连接后无法上网,二级扩展,2,连接vpn后无法上网,连接vpn后无法上网,2026-09-08T01:38:00+00:00
expanded,bing_cn,Bing 中文联想,https://api.bing.com/osjson.aspx?query=vpn%E8%BF%9E%E6%8E%A5%E5%90%8E%E6%97%A0%E6%B3%95%E4%B8%8A%E7%BD%91&mkt=zh-CN,vpn连接后无法上网,二级扩展,3,电脑连接vpn后无法上网,电脑连接vpn后无法上网,2026-09-08T01:38:00+00:00
expanded,bing_cn,Bing 中文联想,https://api.bing.com/osjson.aspx?query=vpn%E8%BF%9E%E6%8E%A5%E5%90%8E%E6%97%A0%E6%B3%95%E4%B8%8A%E7%BD%91&mkt=zh-CN,vpn连接后无法上网,二级扩展,4,手机连接vpn后无法上网,手机连接vpn后无法上网,2026-09-08T01:38:00+00:00
expanded,bing_cn,Bing 中文联想,https://api.bing.com/osjson.aspx?query=vpn%E8%BF%9E%E6%8E%A5%E5%90%8E%E6%97%A0%E6%B3%95%E4%B8%8A%E7%BD%91&mkt=zh-CN,vpn连接后无法上网,二级扩展,5,安卓手机连接vpn后无法上网,安卓手机连接vpn后无法上网,2026-09-08T01:38:00+00:00
expanded,bing_cn,Bing 中文联想,https://api.bing.com/osjson.aspx?query=vpn%E8%BF%9E%E6%8E%A5%E5%90%8E%E6%97%A0%E6%B3%95%E4%B8%8A%E7%BD%91&mkt=zh-CN,vpn连接后无法上网,二级扩展,6,连接vpn后无法上网如何修复,连接vpn后无法上网如何修复,2026-09-08T01:38:00+00:00
expanded,bing_cn,Bing 中文联想,https://api.bing.com/osjson.aspx?query=vpn%E8%BF%9E%E6%8E%A5%E5%90%8E%E6%97%A0%E6%B3%95%E4%B8%8A%E7%BD%91&mkt=zh-CN,vpn连接后无法上网,二级扩展,7,连接vpn后无法上网如何检查,连接vpn后无法上网如何检查,2026-09-08T01:38:00+00:00
expanded,bing_cn,Bing 中文联想,https://api.bing.com/osjson.aspx?query=vpn%E8%BF%9E%E6%8E%A5%E5%90%8E%E6%97%A0%E6%B3%95%E4%B8%8A%E7%BD%91&mkt=zh-CN,vpn连接后无法上网,二级扩展,8,mac连接vpn后无法上网,mac连接vpn后无法上网,2026-09-08T01:38:00+00:00
expanded,bing_cn,Bing 中文联想,https://api.bing.com/osjson.aspx?query=vpn%E8%BF%9E%E6%8E%A5%E5%90%8E%E6%97%A0%E6%B3%95%E4%B8%8A%E7%BD%91&mkt=zh-CN,vpn连接后无法上网,二级扩展,9,连接vpn后无法上网如何排除故障,连接vpn后无法上网如何排除故障,2026-09-08T01:38:00+00:00
expanded,google_web,Google Web 联想,https://suggestqueries.google.com/complete/search?client=firefox&hl=zh-CN&gl=cn&q=vpn%E5%8A%A0%E9%80%9F%E5%99%A8%E5%85%8D%E8%B4%B9,vpn加速器免费,二级扩展,1,vpn加速器免费,vpn加速器免费,2026-09-08T01:38:00+00:00
expanded,google_web,Google Web 联想,https://suggestqueries.google.com/complete/search?client=firefox&hl=zh-CN&gl=cn&q=vpn%E5%8A%A0%E9%80%9F%E5%99%A8%E5%85%8D%E8%B4%B9,vpn加速器免费,二级扩展,2,vpn加速器免费试用,vpn加速器免费试用,2026-09-08T01:38:00+00:00
expanded,google_youtube,Google/YouTube 联想,https://suggestqueries.google.com/complete/search?client=firefox&hl=zh-CN&gl=cn&ds=yt&q=vpn%E5%8A%A0%E9%80%9F%E5%99%A8%E5%85%8D%E8%B4%B9,vpn加速器免费,二级扩展,1,vpn gate 教学,vpn gate教学,2026-09-08T01:38:00+00:00
expanded,google_youtube,Google/YouTube 联想,https://suggestqueries.google.com/complete/search?client=firefox&hl=zh-CN&gl=cn&ds=yt&q=vpn%E5%8A%A0%E9%80%9F%E5%99%A8%E5%85%8D%E8%B4%B9,vpn加速器免费,二级扩展,2,vpn免费,vpn免费,2026-09-08T01:38:00+00:00
expanded,bing_cn,Bing 中文联想,https://api.bing.com/osjson.aspx?query=vpn%E5%8A%A0%E9%80%9F%E5%99%A8%E5%85%8D%E8%B4%B9&mkt=zh-CN,vpn加速器免费,二级扩展,1,vpn加速器免费,vpn加速器免费,2026-09-08T01:38:00+00:00
expanded,bing_cn,Bing 中文联想,https://api.bing.com/osjson.aspx?query=vpn%E5%8A%A0%E9%80%9F%E5%99%A8%E5%85%8D%E8%B4%B9&mkt=zh-CN,vpn加速器免费,二级扩展,2,vpn加速器免费下载,vpn加速器免费下载,2026-09-08T01:38:00+00:00
expanded,bing_cn,Bing 中文联想,https://api.bing.com/osjson.aspx?query=vpn%E5%8A%A0%E9%80%9F%E5%99%A8%E5%85%8D%E8%B4%B9&mkt=zh-CN,vpn加速器免费,二级扩展,3,vpn加速器免费试用,vpn加速器免费试用,2026-09-08T01:38:00+00:00
expanded,bing_cn,Bing 中文联想,https://api.bing.com/osjson.aspx?query=vpn%E5%8A%A0%E9%80%9F%E5%99%A8%E5%85%8D%E8%B4%B9&mkt=zh-CN,vpn加速器免费,二级扩展,4,vpn加速器免费版,vpn加速器免费版,2026-09-08T01:38:00+00:00
expanded,bing_cn,Bing 中文联想,https://api.bing.com/osjson.aspx?query=vpn%E5%8A%A0%E9%80%9F%E5%99%A8%E5%85%8D%E8%B4%B9&mkt=zh-CN,vpn加速器免费,二级扩展,5,vpn加速器免费加速,vpn加速器免费加速,2026-09-08T01:38:00+00:00
expanded,bing_cn,Bing 中文联想,https://api.bing.com/osjson.aspx?query=vpn%E5%8A%A0%E9%80%9F%E5%99%A8%E5%85%8D%E8%B4%B9&mkt=zh-CN,vpn加速器免费,二级扩展,6,vpn加速器免费排行榜,vpn加速器免费排行榜,2026-09-08T01:38:00+00:00
expanded,bing_cn,Bing 中文联想,https://api.bing.com/osjson.aspx?query=vpn%E5%8A%A0%E9%80%9F%E5%99%A8%E5%85%8D%E8%B4%B9&mkt=zh-CN,vpn加速器免费,二级扩展,7,vpn加速器免费体验,vpn加速器免费体验,2026-09-08T01:38:00+00:00
expanded,bing_cn,Bing 中文联想,https://api.bing.com/osjson.aspx?query=vpn%E5%8A%A0%E9%80%9F%E5%99%A8%E5%85%8D%E8%B4%B9&mkt=zh-CN,vpn加速器免费,二级扩展,8,vpn加速器免费使用,vpn加速器免费使用,2026-09-08T01:38:00+00:00
expanded,bing_cn,Bing 中文联想,https://api.bing.com/osjson.aspx?query=vpn%E5%8A%A0%E9%80%9F%E5%99%A8%E5%85%8D%E8%B4%B9&mkt=zh-CN,vpn加速器免费,二级扩展,9,vpn加速器免费版下载,vpn加速器免费版下载,2026-09-08T01:38:00+00:00
expanded,bing_cn,Bing 中文联想,https://api.bing.com/osjson.aspx?query=vpn%E5%8A%A0%E9%80%9F%E5%99%A8%E5%85%8D%E8%B4%B9&mkt=zh-CN,vpn加速器免费,二级扩展,10,vpn加速器免费一小时,vpn加速器免费一小时,2026-09-08T01:38:00+00:00
expanded,bing_cn,Bing 中文联想,https://api.bing.com/osjson.aspx?query=vpn%E5%8A%A0%E9%80%9F%E5%99%A8%E5%85%8D%E8%B4%B9&mkt=zh-CN,vpn加速器免费,二级扩展,11,vpn加速器免费手机版,vpn加速器免费手机版,2026-09-08T01:38:00+00:00
expanded,bing_cn,Bing 中文联想,https://api.bing.com/osjson.aspx?query=vpn%E5%8A%A0%E9%80%9F%E5%99%A8%E5%85%8D%E8%B4%B9&mkt=zh-CN,vpn加速器免费,二级扩展,12,vpn加速器免费试用一天,vpn加速器免费试用一天,2026-09-08T01:38:00+00:00
expanded,google_web,Google Web 联想,https://suggestqueries.google.com/complete/search?client=firefox&hl=zh-CN&gl=cn&q=vpn%E5%8A%A0%E9%80%9F%E5%99%A8%E6%8E%A8%E8%8D%90,vpn加速器推荐,二级扩展,1,vpn 加速器 推荐,vpn加速器推荐,2026-09-08T01:38:00+00:00
expanded,google_youtube,Google/YouTube 联想,https://suggestqueries.google.com/complete/search?client=firefox&hl=zh-CN&gl=cn&ds=yt&q=vpn%E5%8A%A0%E9%80%9F%E5%99%A8%E6%8E%A8%E8%8D%90,vpn加速器推荐,二级扩展,1,vpn加速器推荐,vpn加速器推荐,2026-09-08T01:38:00+00:00
expanded,google_youtube,Google/YouTube 联想,https://suggestqueries.google.com/complete/search?client=firefox&hl=zh-CN&gl=cn&ds=yt&q=vpn%E5%8A%A0%E9%80%9F%E5%99%A8%E6%8E%A8%E8%8D%90,vpn加速器推荐,二级扩展,2,vpn稳定推荐,vpn稳定推荐,2026-09-08T01:38:00+00:00
expanded,bing_cn,Bing 中文联想,https://api.bing.com/osjson.aspx?query=vpn%E5%8A%A0%E9%80%9F%E5%99%A8%E6%8E%A8%E8%8D%90&mkt=zh-CN,vpn加速器推荐,二级扩展,1,vpn加速器推荐,vpn加速器推荐,2026-09-08T01:38:00+00:00
expanded,bing_cn,Bing 中文联想,https://api.bing.com/osjson.aspx?query=vpn%E5%8A%A0%E9%80%9F%E5%99%A8%E6%8E%A8%E8%8D%90&mkt=zh-CN,vpn加速器推荐,二级扩展,2,vpn加速器推荐梯子免费,vpn加速器推荐梯子免费,2026-09-08T01:38:00+00:00
expanded,bing_cn,Bing 中文联想,https://api.bing.com/osjson.aspx?query=vpn%E5%8A%A0%E9%80%9F%E5%99%A8%E6%8E%A8%E8%8D%90&mkt=zh-CN,vpn加速器推荐,二级扩展,3,vpn加速器推荐pc,vpn加速器推荐pc,2026-09-08T01:38:00+00:00
expanded,bing_cn,Bing 中文联想,https://api.bing.com/osjson.aspx?query=vpn%E5%8A%A0%E9%80%9F%E5%99%A8%E6%8E%A8%E8%8D%90&mkt=zh-CN,vpn加速器推荐,二级扩展,4,vpn加速器推荐游戏,vpn加速器推荐游戏,2026-09-08T01:38:00+00:00
expanded,bing_cn,Bing 中文联想,https://api.bing.com/osjson.aspx?query=vpn%E5%8A%A0%E9%80%9F%E5%99%A8%E6%8E%A8%E8%8D%90&mkt=zh-CN,vpn加速器推荐,二级扩展,5,vpn加速器推荐免费,vpn加速器推荐免费,2026-09-08T01:38:00+00:00
expanded,bing_cn,Bing 中文联想,https://api.bing.com/osjson.aspx?query=vpn%E5%8A%A0%E9%80%9F%E5%99%A8%E6%8E%A8%E8%8D%90&mkt=zh-CN,vpn加速器推荐,二级扩展,6,vpn加速器推荐国外,vpn加速器推荐国外,2026-09-08T01:38:00+00:00
expanded,bing_cn,Bing 中文联想,https://api.bing.com/osjson.aspx?query=vpn%E5%8A%A0%E9%80%9F%E5%99%A8%E6%8E%A8%E8%8D%90&mkt=zh-CN,vpn加速器推荐,二级扩展,7,vpn加速器推荐理由,vpn加速器推荐理由,2026-09-08T01:38:00+00:00
expanded,bing_cn,Bing 中文联想,https://api.bing.com/osjson.aspx?query=vpn%E5%8A%A0%E9%80%9F%E5%99%A8%E6%8E%A8%E8%8D%90&mkt=zh-CN,vpn加速器推荐,二级扩展,8,vpn加速器推荐网站,vpn加速器推荐网站,2026-09-08T01:38:00+00:00
expanded,bing_cn,Bing 中文联想,https://api.bing.com/osjson.aspx?query=vpn%E5%8A%A0%E9%80%9F%E5%99%A8%E6%8E%A8%E8%8D%90&mkt=zh-CN,vpn加速器推荐,二级扩展,9,vpn加速器推荐软件,vpn加速器推荐软件,2026-09-08T01:38:00+00:00
expanded,bing_cn,Bing 中文联想,https://api.bing.com/osjson.aspx?query=vpn%E5%8A%A0%E9%80%9F%E5%99%A8%E6%8E%A8%E8%8D%90&mkt=zh-CN,vpn加速器推荐,二级扩展,10,vpn加速器推荐ios,vpn加速器推荐ios,2026-09-08T01:38:00+00:00
expanded,bing_cn,Bing 中文联想,https://api.bing.com/osjson.aspx?query=vpn%E5%8A%A0%E9%80%9F%E5%99%A8%E6%8E%A8%E8%8D%90&mkt=zh-CN,vpn加速器推荐,二级扩展,11,vpn加速器推荐mac,vpn加速器推荐mac,2026-09-08T01:38:00+00:00
expanded,bing_cn,Bing 中文联想,https://api.bing.com/osjson.aspx?query=vpn%E5%8A%A0%E9%80%9F%E5%99%A8%E6%8E%A8%E8%8D%90&mkt=zh-CN,vpn加速器推荐,二级扩展,12,vpn加速器推荐2021,vpn加速器推荐2021,2026-09-08T01:38:00+00:00
expanded,google_web,Google Web 联想,https://suggestqueries.google.com/complete/search?client=firefox&hl=zh-CN&gl=cn&q=vpn%E6%9C%8D%E5%8A%A1%E5%99%A8%E5%9C%B0%E5%9D%80,vpn服务器地址,二级扩展,1,vpn服务器地址,vpn服务器地址,2026-09-08T01:38:00+00:00
expanded,google_youtube,Google/YouTube 联想,https://suggestqueries.google.com/complete/search?client=firefox&hl=zh-CN&gl=cn&ds=yt&q=vpn%E6%9C%8D%E5%8A%A1%E5%99%A8%E5%9C%B0%E5%9D%80,vpn服务器地址,二级扩展,1,vpn服务器地址,vpn服务器地址,2026-09-08T01:38:00+00:00
expanded,google_youtube,Google/YouTube 联想,https://suggestqueries.google.com/complete/search?client=firefox&hl=zh-CN&gl=cn&ds=yt&q=vpn%E6%9C%8D%E5%8A%A1%E5%99%A8%E5%9C%B0%E5%9D%80,vpn服务器地址,二级扩展,2,vpn网站,vpn网站,2026-09-08T01:38:00+00:00
expanded,bing_cn,Bing 中文联想,https://api.bing.com/osjson.aspx?query=vpn%E6%9C%8D%E5%8A%A1%E5%99%A8%E5%9C%B0%E5%9D%80&mkt=zh-CN,vpn服务器地址,二级扩展,1,vpn服务器地址,vpn服务器地址,2026-09-08T01:38:00+00:00
expanded,bing_cn,Bing 中文联想,https://api.bing.com/osjson.aspx?query=vpn%E6%9C%8D%E5%8A%A1%E5%99%A8%E5%9C%B0%E5%9D%80&mkt=zh-CN,vpn服务器地址,二级扩展,2,vpn服务器地址怎么填,vpn服务器地址怎么填,2026-09-08T01:38:00+00:00
expanded,bing_cn,Bing 中文联想,https://api.bing.com/osjson.aspx?query=vpn%E6%9C%8D%E5%8A%A1%E5%99%A8%E5%9C%B0%E5%9D%80&mkt=zh-CN,vpn服务器地址,二级扩展,3,vpn服务器地址大全,vpn服务器地址大全,2026-09-08T01:38:00+00:00
expanded,bing_cn,Bing 中文联想,https://api.bing.com/osjson.aspx?query=vpn%E6%9C%8D%E5%8A%A1%E5%99%A8%E5%9C%B0%E5%9D%80&mkt=zh-CN,vpn服务器地址,二级扩展,4,vpn服务器地址教程,vpn服务器地址教程,2026-09-08T01:38:00+00:00
expanded,bing_cn,Bing 中文联想,https://api.bing.com/osjson.aspx?query=vpn%E6%9C%8D%E5%8A%A1%E5%99%A8%E5%9C%B0%E5%9D%80&mkt=zh-CN,vpn服务器地址,二级扩展,5,vpn服务器地址更换,vpn服务器地址更换,2026-09-08T01:38:00+00:00
expanded,bing_cn,Bing 中文联想,https://api.bing.com/osjson.aspx?query=vpn%E6%9C%8D%E5%8A%A1%E5%99%A8%E5%9C%B0%E5%9D%80&mkt=zh-CN,vpn服务器地址,二级扩展,6,vpn服务器地址更新,vpn服务器地址更新,2026-09-08T01:38:00+00:00
expanded,bing_cn,Bing 中文联想,https://api.bing.com/osjson.aspx?query=vpn%E6%9C%8D%E5%8A%A1%E5%99%A8%E5%9C%B0%E5%9D%80&mkt=zh-CN,vpn服务器地址,二级扩展,7,vpn服务器地址测试,vpn服务器地址测试,2026-09-08T01:38:00+00:00
expanded,bing_cn,Bing 中文联想,https://api.bing.com/osjson.aspx?query=vpn%E6%9C%8D%E5%8A%A1%E5%99%A8%E5%9C%B0%E5%9D%80&mkt=zh-CN,vpn服务器地址,二级扩展,8,vpn服务器地址澳门,vpn服务器地址澳门,2026-09-08T01:38:00+00:00
expanded,bing_cn,Bing 中文联想,https://api.bing.com/osjson.aspx?query=vpn%E6%9C%8D%E5%8A%A1%E5%99%A8%E5%9C%B0%E5%9D%80&mkt=zh-CN,vpn服务器地址,二级扩展,9,vpn服务器地址中国,vpn服务器地址中国,2026-09-08T01:38:00+00:00
expanded,bing_cn,Bing 中文联想,https://api.bing.com/osjson.aspx?query=vpn%E6%9C%8D%E5%8A%A1%E5%99%A8%E5%9C%B0%E5%9D%80&mkt=zh-CN,vpn服务器地址,二级扩展,10,vpn服务器地址设置,vpn服务器地址设置,2026-09-08T01:38:00+00:00
expanded,bing_cn,Bing 中文联想,https://api.bing.com/osjson.aspx?query=vpn%E6%9C%8D%E5%8A%A1%E5%99%A8%E5%9C%B0%E5%9D%80&mkt=zh-CN,vpn服务器地址,二级扩展,11,vpn服务器地址选择,vpn服务器地址选择,2026-09-08T01:38:00+00:00
expanded,bing_cn,Bing 中文联想,https://api.bing.com/osjson.aspx?query=vpn%E6%9C%8D%E5%8A%A1%E5%99%A8%E5%9C%B0%E5%9D%80&mkt=zh-CN,vpn服务器地址,二级扩展,12,vpn服务器地址怎么设置,vpn服务器地址怎么设置,2026-09-08T01:38:00+00:00
expanded,google_web,Google Web 联想,https://suggestqueries.google.com/complete/search?client=firefox&hl=zh-CN&gl=cn&q=vpn%E8%B7%AF%E7%94%B1%E5%99%A8%E6%8E%A8%E8%8D%90,vpn路由器推荐,二级扩展,1,vpn 路由器 推荐 ptt,vpn路由器推荐ptt,2026-09-08T01:38:00+00:00
expanded,google_web,Google Web 联想,https://suggestqueries.google.com/complete/search?client=firefox&hl=zh-CN&gl=cn&q=vpn%E8%B7%AF%E7%94%B1%E5%99%A8%E6%8E%A8%E8%8D%90,vpn路由器推荐,二级扩展,2,vpn路由器推荐,vpn路由器推荐,2026-09-08T01:38:00+00:00
expanded,google_youtube,Google/YouTube 联想,https://suggestqueries.google.com/complete/search?client=firefox&hl=zh-CN&gl=cn&ds=yt&q=vpn%E8%B7%AF%E7%94%B1%E5%99%A8%E6%8E%A8%E8%8D%90,vpn路由器推荐,二级扩展,1,vpn路由器推荐,vpn路由器推荐,2026-09-08T01:38:00+00:00
expanded,google_youtube,Google/YouTube 联想,https://suggestqueries.google.com/complete/search?client=firefox&hl=zh-CN&gl=cn&ds=yt&q=vpn%E8%B7%AF%E7%94%B1%E5%99%A8%E6%8E%A8%E8%8D%90,vpn路由器推荐,二级扩展,2,vpn路由,vpn路由,2026-09-08T01:38:00+00:00
expanded,google_youtube,Google/YouTube 联想,https://suggestqueries.google.com/complete/search?client=firefox&hl=zh-CN&gl=cn&ds=yt&q=vpn%E8%B7%AF%E7%94%B1%E5%99%A8%E6%8E%A8%E8%8D%90,vpn路由器推荐,二级扩展,3,vpn软路由,vpn软路由,2026-09-08T01:38:00+00:00
expanded,bing_cn,Bing 中文联想,https://api.bing.com/osjson.aspx?query=vpn%E8%B7%AF%E7%94%B1%E5%99%A8%E6%8E%A8%E8%8D%90&mkt=zh-CN,vpn路由器推荐,二级扩展,1,vpn 路由器推荐,vpn路由器推荐,2026-09-08T01:38:00+00:00
expanded,bing_cn,Bing 中文联想,https://api.bing.com/osjson.aspx?query=vpn%E8%B7%AF%E7%94%B1%E5%99%A8%E6%8E%A8%E8%8D%90&mkt=zh-CN,vpn路由器推荐,二级扩展,2,路由器vpn推荐,路由器vpn推荐,2026-09-08T01:38:00+00:00
expanded,bing_cn,Bing 中文联想,https://api.bing.com/osjson.aspx?query=vpn%E8%B7%AF%E7%94%B1%E5%99%A8%E6%8E%A8%E8%8D%90&mkt=zh-CN,vpn路由器推荐,二级扩展,3,路由器vpn设置推荐,路由器vpn设置推荐,2026-09-08T01:38:00+00:00
expanded,bing_cn,Bing 中文联想,https://api.bing.com/osjson.aspx?query=vpn%E8%B7%AF%E7%94%B1%E5%99%A8%E6%8E%A8%E8%8D%90&mkt=zh-CN,vpn路由器推荐,二级扩展,4,路由器设置vpn推荐,路由器设置vpn推荐,2026-09-08T01:38:00+00:00
expanded,bing_cn,Bing 中文联想,https://api.bing.com/osjson.aspx?query=vpn%E8%B7%AF%E7%94%B1%E5%99%A8%E6%8E%A8%E8%8D%90&mkt=zh-CN,vpn路由器推荐,二级扩展,5,路由器vpn设置推荐软件,路由器vpn设置推荐软件,2026-09-08T01:38:00+00:00
expanded,bing_cn,Bing 中文联想,https://api.bing.com/osjson.aspx?query=vpn%E8%B7%AF%E7%94%B1%E5%99%A8%E6%8E%A8%E8%8D%90&mkt=zh-CN,vpn路由器推荐,二级扩展,6,路由器挂vpn的推荐软件,路由器挂vpn的推荐软件,2026-09-08T01:38:00+00:00
expanded,bing_cn,Bing 中文联想,https://api.bing.com/osjson.aspx?query=vpn%E8%B7%AF%E7%94%B1%E5%99%A8%E6%8E%A8%E8%8D%90&mkt=zh-CN,vpn路由器推荐,二级扩展,7,路由器设置vpn的推荐品牌,路由器设置vpn的推荐品牌,2026-09-08T01:38:00+00:00
expanded,bing_cn,Bing 中文联想,https://api.bing.com/osjson.aspx?query=vpn%E8%B7%AF%E7%94%B1%E5%99%A8%E6%8E%A8%E8%8D%90&mkt=zh-CN,vpn路由器推荐,二级扩展,8,路由器设置vpn的推荐软件,路由器设置vpn的推荐软件,2026-09-08T01:38:00+00:00
expanded,bing_cn,Bing 中文联想,https://api.bing.com/osjson.aspx?query=vpn%E8%B7%AF%E7%94%B1%E5%99%A8%E6%8E%A8%E8%8D%90&mkt=zh-CN,vpn路由器推荐,二级扩展,9,路由器搭建vpn的软件推荐,路由器搭建vpn的软件推荐,2026-09-08T01:38:00+00:00
expanded,google_web,Google Web 联想,https://suggestqueries.google.com/complete/search?client=firefox&hl=zh-CN&gl=cn&q=vpn%E8%B7%AF%E7%94%B1%E5%99%A8%E8%AE%BE%E7%BD%AE,vpn路由器设置,二级扩展,1,vpn路由器设置,vpn路由器设置,2026-09-08T01:38:00+00:00
expanded,google_youtube,Google/YouTube 联想,https://suggestqueries.google.com/complete/search?client=firefox&hl=zh-CN&gl=cn&ds=yt&q=vpn%E8%B7%AF%E7%94%B1%E5%99%A8%E8%AE%BE%E7%BD%AE,vpn路由器设置,二级扩展,1,vpn路由器设置,vpn路由器设置,2026-09-08T01:38:00+00:00
expanded,google_youtube,Google/YouTube 联想,https://suggestqueries.google.com/complete/search?client=firefox&hl=zh-CN&gl=cn&ds=yt&q=vpn%E8%B7%AF%E7%94%B1%E5%99%A8%E8%AE%BE%E7%BD%AE,vpn路由器设置,二级扩展,2,vpn路由器翻墙,vpn路由器翻墙,2026-09-08T01:38:00+00:00
expanded,bing_cn,Bing 中文联想,https://api.bing.com/osjson.aspx?query=vpn%E8%B7%AF%E7%94%B1%E5%99%A8%E8%AE%BE%E7%BD%AE&mkt=zh-CN,vpn路由器设置,二级扩展,1,vpn路由器设置,vpn路由器设置,2026-09-08T01:38:00+00:00
expanded,bing_cn,Bing 中文联想,https://api.bing.com/osjson.aspx?query=vpn%E8%B7%AF%E7%94%B1%E5%99%A8%E8%AE%BE%E7%BD%AE&mkt=zh-CN,vpn路由器设置,二级扩展,2,路由器设置vpn,路由器设置vpn,2026-09-08T01:38:00+00:00
expanded,bing_cn,Bing 中文联想,https://api.bing.com/osjson.aspx?query=vpn%E8%B7%AF%E7%94%B1%E5%99%A8%E8%AE%BE%E7%BD%AE&mkt=zh-CN,vpn路由器设置,二级扩展,3,路由器vpn设置,路由器vpn设置,2026-09-08T01:38:00+00:00
expanded,bing_cn,Bing 中文联想,https://api.bing.com/osjson.aspx?query=vpn%E8%B7%AF%E7%94%B1%E5%99%A8%E8%AE%BE%E7%BD%AE&mkt=zh-CN,vpn路由器设置,二级扩展,4,小米路由器vpn设置,小米路由器vpn设置,2026-09-08T01:38:00+00:00
expanded,bing_cn,Bing 中文联想,https://api.bing.com/osjson.aspx?query=vpn%E8%B7%AF%E7%94%B1%E5%99%A8%E8%AE%BE%E7%BD%AE&mkt=zh-CN,vpn路由器设置,二级扩展,5,如何在路由器上设置vpn,如何在路由器上设置vpn,2026-09-08T01:38:00+00:00
expanded,bing_cn,Bing 中文联想,https://api.bing.com/osjson.aspx?query=vpn%E8%B7%AF%E7%94%B1%E5%99%A8%E8%AE%BE%E7%BD%AE&mkt=zh-CN,vpn路由器设置,二级扩展,6,小米路由器设置vpn,小米路由器设置vpn,2026-09-08T01:38:00+00:00
expanded,bing_cn,Bing 中文联想,https://api.bing.com/osjson.aspx?query=vpn%E8%B7%AF%E7%94%B1%E5%99%A8%E8%AE%BE%E7%BD%AE&mkt=zh-CN,vpn路由器设置,二级扩展,7,华硕路由器vpn设置,华硕路由器vpn设置,2026-09-08T01:38:00+00:00
expanded,bing_cn,Bing 中文联想,https://api.bing.com/osjson.aspx?query=vpn%E8%B7%AF%E7%94%B1%E5%99%A8%E8%AE%BE%E7%BD%AE&mkt=zh-CN,vpn路由器设置,二级扩展,8,路由器怎么设置vpn,路由器怎么设置vpn,2026-09-08T01:38:00+00:00
expanded,bing_cn,Bing 中文联想,https://api.bing.com/osjson.aspx?query=vpn%E8%B7%AF%E7%94%B1%E5%99%A8%E8%AE%BE%E7%BD%AE&mkt=zh-CN,vpn路由器设置,二级扩展,9,小米路由器vpn怎么设置,小米路由器vpn怎么设置,2026-09-08T01:38:00+00:00
expanded,bing_cn,Bing 中文联想,https://api.bing.com/osjson.aspx?query=vpn%E8%B7%AF%E7%94%B1%E5%99%A8%E8%AE%BE%E7%BD%AE&mkt=zh-CN,vpn路由器设置,二级扩展,10,vpn、怎么设置,vpn、怎么设置,2026-09-08T01:38:00+00:00
expanded,bing_cn,Bing 中文联想,https://api.bing.com/osjson.aspx?query=vpn%E8%B7%AF%E7%94%B1%E5%99%A8%E8%AE%BE%E7%BD%AE&mkt=zh-CN,vpn路由器设置,二级扩展,11,192.168.0.1 路由器设置vpn,192.168.0.1路由器设置vpn,2026-09-08T01:38:00+00:00
expanded,bing_cn,Bing 中文联想,https://api.bing.com/osjson.aspx?query=vpn%E8%B7%AF%E7%94%B1%E5%99%A8%E8%AE%BE%E7%BD%AE&mkt=zh-CN,vpn路由器设置,二级扩展,12,如何 在 服务器 上搭建vpn,如何在服务器上搭建vpn,2026-09-08T01:38:00+00:00
expanded,google_web,Google Web 联想,https://suggestqueries.google.com/complete/search?client=firefox&hl=zh-CN&gl=cn&q=%E6%B5%B7%E5%A4%96iphone,海外iphone,二级扩展,1,海外iphone esim,海外iphone esim,2026-09-08T01:38:00+00:00
expanded,google_web,Google Web 联想,https://suggestqueries.google.com/complete/search?client=firefox&hl=zh-CN&gl=cn&q=%E6%B5%B7%E5%A4%96iphone,海外iphone,二级扩展,2,海外iphone 中国esim,海外iphone中国esim,2026-09-08T01:38:00+00:00
expanded,google_web,Google Web 联想,https://suggestqueries.google.com/complete/search?client=firefox&hl=zh-CN&gl=cn&q=%E6%B5%B7%E5%A4%96iphone,海外iphone,二级扩展,3,海外iphone 技适,海外iphone技适,2026-09-08T01:38:00+00:00
expanded,google_web,Google Web 联想,https://suggestqueries.google.com/complete/search?client=firefox&hl=zh-CN&gl=cn&q=%E6%B5%B7%E5%A4%96iphone,海外iphone,二级扩展,4,海外iphone 設定,海外iphone設定,2026-09-08T01:38:00+00:00
expanded,google_web,Google Web 联想,https://suggestqueries.google.com/complete/search?client=firefox&hl=zh-CN&gl=cn&q=%E6%B5%B7%E5%A4%96iphone,海外iphone,二级扩展,5,海外iphone シャッター音,海外iphone シャッター音,2026-09-08T01:38:00+00:00
expanded,google_web,Google Web 联想,https://suggestqueries.google.com/complete/search?client=firefox&hl=zh-CN&gl=cn&q=%E6%B5%B7%E5%A4%96iphone,海外iphone,二级扩展,6,海外iphone 技適マーク,海外iphone技適マーク,2026-09-08T01:38:00+00:00
expanded,google_web,Google Web 联想,https://suggestqueries.google.com/complete/search?client=firefox&hl=zh-CN&gl=cn&q=%E6%B5%B7%E5%A4%96iphone,海外iphone,二级扩展,7,海外iphone suica,海外iphone suica,2026-09-08T01:38:00+00:00
expanded,google_web,Google Web 联想,https://suggestqueries.google.com/complete/search?client=firefox&hl=zh-CN&gl=cn&q=%E6%B5%B7%E5%A4%96iphone,海外iphone,二级扩展,8,海外iphone felica,海外iphone felica,2026-09-08T01:38:00+00:00
expanded,google_web,Google Web 联想,https://suggestqueries.google.com/complete/search?client=firefox&hl=zh-CN&gl=cn&q=%E6%B5%B7%E5%A4%96iphone,海外iphone,二级扩展,9,海外iphone simロック解除,海外iphone simロック解除,2026-09-08T01:38:00+00:00
expanded,google_web,Google Web 联想,https://suggestqueries.google.com/complete/search?client=firefox&hl=zh-CN&gl=cn&q=%E6%B5%B7%E5%A4%96iphone,海外iphone,二级扩展,10,海外iphone カメラ音,海外iphone カメラ音,2026-09-08T01:38:00+00:00
expanded,google_youtube,Google/YouTube 联想,https://suggestqueries.google.com/complete/search?client=firefox&hl=zh-CN&gl=cn&ds=yt&q=%E6%B5%B7%E5%A4%96iphone,海外iphone,二级扩展,1,海外iphone,海外iphone,2026-09-08T01:38:00+00:00
expanded,google_youtube,Google/YouTube 联想,https://suggestqueries.google.com/complete/search?client=firefox&hl=zh-CN&gl=cn&ds=yt&q=%E6%B5%B7%E5%A4%96iphone,海外iphone,二级扩展,2,海外iphone設定,海外iphone設定,2026-09-08T01:38:00+00:00
expanded,google_youtube,Google/YouTube 联想,https://suggestqueries.google.com/complete/search?client=firefox&hl=zh-CN&gl=cn&ds=yt&q=%E6%B5%B7%E5%A4%96iphone,海外iphone,二级扩展,3,海外iphone シャッター音,海外iphone シャッター音,2026-09-08T01:38:00+00:00
expanded,google_youtube,Google/YouTube 联想,https://suggestqueries.google.com/complete/search?client=firefox&hl=zh-CN&gl=cn&ds=yt&q=%E6%B5%B7%E5%A4%96iphone,海外iphone,二级扩展,4,海外ip,海外ip,2026-09-08T01:38:00+00:00
expanded,google_youtube,Google/YouTube 联想,https://suggestqueries.google.com/complete/search?client=firefox&hl=zh-CN&gl=cn&ds=yt&q=%E6%B5%B7%E5%A4%96iphone,海外iphone,二级扩展,5,外国手机,外国手机,2026-09-08T01:38:00+00:00
expanded,bing_cn,Bing 中文联想,https://api.bing.com/osjson.aspx?query=%E6%B5%B7%E5%A4%96iphone&mkt=zh-CN,海外iphone,二级扩展,1,海外iphone,海外iphone,2026-09-08T01:38:00+00:00
expanded,bing_cn,Bing 中文联想,https://api.bing.com/osjson.aspx?query=%E6%B5%B7%E5%A4%96iphone&mkt=zh-CN,海外iphone,二级扩展,2,海外iphone 購入,海外iphone購入,2026-09-08T01:38:00+00:00
expanded,bing_cn,Bing 中文联想,https://api.bing.com/osjson.aspx?query=%E6%B5%B7%E5%A4%96iphone&mkt=zh-CN,海外iphone,二级扩展,3,海外 iphone 設定,海外iphone設定,2026-09-08T01:38:00+00:00
expanded,bing_cn,Bing 中文联想,https://api.bing.com/osjson.aspx?query=%E6%B5%B7%E5%A4%96iphone&mkt=zh-CN,海外iphone,二级扩展,4,海外iphone账号,海外iphone账号,2026-09-08T01:38:00+00:00
expanded,bing_cn,Bing 中文联想,https://api.bing.com/osjson.aspx?query=%E6%B5%B7%E5%A4%96iphone&mkt=zh-CN,海外iphone,二级扩展,5,海外iphone 買取,海外iphone買取,2026-09-08T01:38:00+00:00
expanded,bing_cn,Bing 中文联想,https://api.bing.com/osjson.aspx?query=%E6%B5%B7%E5%A4%96iphone&mkt=zh-CN,海外iphone,二级扩展,6,海外 iphone 盗難,海外iphone盗難,2026-09-08T01:38:00+00:00
expanded,bing_cn,Bing 中文联想,https://api.bing.com/osjson.aspx?query=%E6%B5%B7%E5%A4%96iphone&mkt=zh-CN,海外iphone,二级扩展,7,海外 iphone 設定 docomo,海外iphone設定docomo,2026-09-08T01:38:00+00:00
expanded,bing_cn,Bing 中文联想,https://api.bing.com/osjson.aspx?query=%E6%B5%B7%E5%A4%96iphone&mkt=zh-CN,海外iphone,二级扩展,8,海外 iphone 充電,海外iphone充電,2026-09-08T01:38:00+00:00
expanded,bing_cn,Bing 中文联想,https://api.bing.com/osjson.aspx?query=%E6%B5%B7%E5%A4%96iphone&mkt=zh-CN,海外iphone,二级扩展,9,海外 iphone sim,海外iphone sim,2026-09-08T01:38:00+00:00
expanded,bing_cn,Bing 中文联想,https://api.bing.com/osjson.aspx?query=%E6%B5%B7%E5%A4%96iphone&mkt=zh-CN,海外iphone,二级扩展,10,海外 iphone esim,海外iphone esim,2026-09-08T01:38:00+00:00
expanded,bing_cn,Bing 中文联想,https://api.bing.com/osjson.aspx?query=%E6%B5%B7%E5%A4%96iphone&mkt=zh-CN,海外iphone,二级扩展,11,海外iphone 日本で使う,海外iphone日本で使う,2026-09-08T01:38:00+00:00
expanded,bing_cn,Bing 中文联想,https://api.bing.com/osjson.aspx?query=%E6%B5%B7%E5%A4%96iphone&mkt=zh-CN,海外iphone,二级扩展,12,海外iphone 日本で使用,海外iphone日本で使用,2026-09-08T01:38:00+00:00
expanded,baidu,百度联想,https://suggestion.baidu.com/su?wd=%E6%B5%B7%E5%A4%96iphone&cb=cb,海外iphone,二级扩展,1,海外iphoneid购买,海外iphoneid购买,2026-09-08T01:38:00+00:00
expanded,baidu,百度联想,https://suggestion.baidu.com/su?wd=%E6%B5%B7%E5%A4%96iphone&cb=cb,海外iphone,二级扩展,2,海外iphone id,海外iphone id,2026-09-08T01:38:00+00:00
expanded,baidu,百度联想,https://suggestion.baidu.com/su?wd=%E6%B5%B7%E5%A4%96iphone&cb=cb,海外iphone,二级扩展,3,海外iphone国内保修吗,海外iphone国内保修吗,2026-09-08T01:38:00+00:00
expanded,baidu,百度联想,https://suggestion.baidu.com/su?wd=%E6%B5%B7%E5%A4%96iphone&cb=cb,海外iphone,二级扩展,4,海外iphone听国内音乐,海外iphone听国内音乐,2026-09-08T01:38:00+00:00
expanded,baidu,百度联想,https://suggestion.baidu.com/su?wd=%E6%B5%B7%E5%A4%96iphone&cb=cb,海外iphone,二级扩展,5,海外iphoneid注册,海外iphoneid注册,2026-09-08T01:38:00+00:00
expanded,baidu,百度联想,https://suggestion.baidu.com/su?wd=%E6%B5%B7%E5%A4%96iphone&cb=cb,海外iphone,二级扩展,6,海外iphone 国内esim,海外iphone国内esim,2026-09-08T01:38:00+00:00
expanded,baidu,百度联想,https://suggestion.baidu.com/su?wd=%E6%B5%B7%E5%A4%96iphone&cb=cb,海外iphone,二级扩展,7,海外iphone在国内怎么用双卡,海外iphone在国内怎么用双卡,2026-09-08T01:38:00+00:00
expanded,baidu,百度联想,https://suggestion.baidu.com/su?wd=%E6%B5%B7%E5%A4%96iphone&cb=cb,海外iphone,二级扩展,8,海外iphone账号共享,海外iphone账号共享,2026-09-08T01:38:00+00:00
expanded,baidu,百度联想,https://suggestion.baidu.com/su?wd=%E6%B5%B7%E5%A4%96iphone&cb=cb,海外iphone,二级扩展,9,海外iphone上市时间,海外iphone上市时间,2026-09-08T01:38:00+00:00
expanded,baidu,百度联想,https://suggestion.baidu.com/su?wd=%E6%B5%B7%E5%A4%96iphone&cb=cb,海外iphone,二级扩展,10,海外iphone air可以用中国esim吗,海外iphone air可以用中国esim吗,2026-09-08T01:38:00+00:00
expanded,google_web,Google Web 联想,https://suggestqueries.google.com/complete/search?client=firefox&hl=zh-CN&gl=cn&q=%E7%8B%AC%E7%AB%8Bip%20vpn,独立ip vpn,二级扩展,1,独立ip vpn,独立ip vpn,2026-09-08T01:38:00+00:00
expanded,google_web,Google Web 联想,https://suggestqueries.google.com/complete/search?client=firefox&hl=zh-CN&gl=cn&q=%E7%8B%AC%E7%AB%8Bip%20vpn,独立ip vpn,二级扩展,2,独立ip vpn推荐,独立ip vpn推荐,2026-09-08T01:38:00+00:00
expanded,google_youtube,Google/YouTube 联想,https://suggestqueries.google.com/complete/search?client=firefox&hl=zh-CN&gl=cn&ds=yt&q=%E7%8B%AC%E7%AB%8Bip%20vpn,独立ip vpn,二级扩展,1,独立ip vpn,独立ip vpn,2026-09-08T01:38:00+00:00
expanded,bing_cn,Bing 中文联想,https://api.bing.com/osjson.aspx?query=%E7%8B%AC%E7%AB%8Bip%20vpn&mkt=zh-CN,独立ip vpn,二级扩展,1,独立ip vpn,独立ip vpn,2026-09-08T01:38:00+00:00
expanded,bing_cn,Bing 中文联想,https://api.bing.com/osjson.aspx?query=%E7%8B%AC%E7%AB%8Bip%20vpn&mkt=zh-CN,独立ip vpn,二级扩展,2,独立ip vpn推荐,独立ip vpn推荐,2026-09-08T01:38:00+00:00
expanded,bing_cn,Bing 中文联想,https://api.bing.com/osjson.aspx?query=%E7%8B%AC%E7%AB%8Bip%20vpn&mkt=zh-CN,独立ip vpn,二级扩展,3,vpn独立ip,vpn独立ip,2026-09-08T01:38:00+00:00
expanded,bing_cn,Bing 中文联想,https://api.bing.com/osjson.aspx?query=%E7%8B%AC%E7%AB%8Bip%20vpn&mkt=zh-CN,独立ip vpn,二级扩展,4,独立ip的vpn,独立ip的vpn,2026-09-08T01:38:00+00:00
expanded,bing_cn,Bing 中文联想,https://api.bing.com/osjson.aspx?query=%E7%8B%AC%E7%AB%8Bip%20vpn&mkt=zh-CN,独立ip vpn,二级扩展,5,ip-vpn方式,ip-vpn方式,2026-09-08T01:38:00+00:00
expanded,bing_cn,Bing 中文联想,https://api.bing.com/osjson.aspx?query=%E7%8B%AC%E7%AB%8Bip%20vpn&mkt=zh-CN,独立ip vpn,二级扩展,6,vpn ip-vpn,vpn ip-vpn,2026-09-08T01:38:00+00:00
expanded,bing_cn,Bing 中文联想,https://api.bing.com/osjson.aspx?query=%E7%8B%AC%E7%AB%8Bip%20vpn&mkt=zh-CN,独立ip vpn,二级扩展,7,ip-vpn インターネット,ip-vpn インターネット,2026-09-08T01:38:00+00:00
expanded,bing_cn,Bing 中文联想,https://api.bing.com/osjson.aspx?query=%E7%8B%AC%E7%AB%8Bip%20vpn&mkt=zh-CN,独立ip vpn,二级扩展,8,ip-vpn通信,ip-vpn通信,2026-09-08T01:38:00+00:00
expanded,bing_cn,Bing 中文联想,https://api.bing.com/osjson.aspx?query=%E7%8B%AC%E7%AB%8Bip%20vpn&mkt=zh-CN,独立ip vpn,二级扩展,9,ip-vpnとインターネットvpn,ip-vpnとインターネットvpn,2026-09-08T01:38:00+00:00
expanded,bing_cn,Bing 中文联想,https://api.bing.com/osjson.aspx?query=%E7%8B%AC%E7%AB%8Bip%20vpn&mkt=zh-CN,独立ip vpn,二级扩展,10,ip-vpn インターネットvpn,ip-vpn インターネットvpn,2026-09-08T01:38:00+00:00
expanded,bing_cn,Bing 中文联想,https://api.bing.com/osjson.aspx?query=%E7%8B%AC%E7%AB%8Bip%20vpn&mkt=zh-CN,独立ip vpn,二级扩展,11,ip-vpn 設定,ip-vpn設定,2026-09-08T01:38:00+00:00
expanded,bing_cn,Bing 中文联想,https://api.bing.com/osjson.aspx?query=%E7%8B%AC%E7%AB%8Bip%20vpn&mkt=zh-CN,独立ip vpn,二级扩展,12,ip-vpn接続,ip-vpn接続,2026-09-08T01:38:00+00:00
expanded,google_web,Google Web 联想,https://suggestqueries.google.com/complete/search?client=firefox&hl=zh-CN&gl=cn&q=vpn%E5%85%8D%E8%B4%B9%E8%8A%82%E7%82%B9,vpn免费节点,二级扩展,1,vpn免费节点,vpn免费节点,2026-09-08T01:38:00+00:00
expanded,google_youtube,Google/YouTube 联想,https://suggestqueries.google.com/complete/search?client=firefox&hl=zh-CN&gl=cn&ds=yt&q=vpn%E5%85%8D%E8%B4%B9%E8%8A%82%E7%82%B9,vpn免费节点,二级扩展,1,vpn免费节点,vpn免费节点,2026-09-08T01:38:00+00:00
expanded,bing_cn,Bing 中文联想,https://api.bing.com/osjson.aspx?query=vpn%E5%85%8D%E8%B4%B9%E8%8A%82%E7%82%B9&mkt=zh-CN,vpn免费节点,二级扩展,1,vpn免费节点,vpn免费节点,2026-09-08T01:38:00+00:00
expanded,bing_cn,Bing 中文联想,https://api.bing.com/osjson.aspx?query=vpn%E5%85%8D%E8%B4%B9%E8%8A%82%E7%82%B9&mkt=zh-CN,vpn免费节点,二级扩展,2,vpn免费节点分享,vpn免费节点分享,2026-09-08T01:38:00+00:00
expanded,bing_cn,Bing 中文联想,https://api.bing.com/osjson.aspx?query=vpn%E5%85%8D%E8%B4%B9%E8%8A%82%E7%82%B9&mkt=zh-CN,vpn免费节点,二级扩展,3,vpn免费节点安全,vpn免费节点安全,2026-09-08T01:38:00+00:00
expanded,bing_cn,Bing 中文联想,https://api.bing.com/osjson.aspx?query=vpn%E5%85%8D%E8%B4%B9%E8%8A%82%E7%82%B9&mkt=zh-CN,vpn免费节点,二级扩展,4,vpn免费节点排行,vpn免费节点排行,2026-09-08T01:38:00+00:00
expanded,bing_cn,Bing 中文联想,https://api.bing.com/osjson.aspx?query=vpn%E5%85%8D%E8%B4%B9%E8%8A%82%E7%82%B9&mkt=zh-CN,vpn免费节点,二级扩展,5,vpn免费节点教程,vpn免费节点教程,2026-09-08T01:38:00+00:00
expanded,bing_cn,Bing 中文联想,https://api.bing.com/osjson.aspx?query=vpn%E5%85%8D%E8%B4%B9%E8%8A%82%E7%82%B9&mkt=zh-CN,vpn免费节点,二级扩展,6,vpn免费节点测试,vpn免费节点测试,2026-09-08T01:38:00+00:00
expanded,bing_cn,Bing 中文联想,https://api.bing.com/osjson.aspx?query=vpn%E5%85%8D%E8%B4%B9%E8%8A%82%E7%82%B9&mkt=zh-CN,vpn免费节点,二级扩展,7,vpn免费节点获取,vpn免费节点获取,2026-09-08T01:38:00+00:00
expanded,bing_cn,Bing 中文联想,https://api.bing.com/osjson.aspx?query=vpn%E5%85%8D%E8%B4%B9%E8%8A%82%E7%82%B9&mkt=zh-CN,vpn免费节点,二级扩展,8,vpn免费节点速度,vpn免费节点速度,2026-09-08T01:38:00+00:00
expanded,bing_cn,Bing 中文联想,https://api.bing.com/osjson.aspx?query=vpn%E5%85%8D%E8%B4%B9%E8%8A%82%E7%82%B9&mkt=zh-CN,vpn免费节点,二级扩展,9,vpn免费节点推荐,vpn免费节点推荐,2026-09-08T01:38:00+00:00
expanded,bing_cn,Bing 中文联想,https://api.bing.com/osjson.aspx?query=vpn%E5%85%8D%E8%B4%B9%E8%8A%82%E7%82%B9&mkt=zh-CN,vpn免费节点,二级扩展,10,vpn免费节点订阅,vpn免费节点订阅,2026-09-08T01:38:00+00:00
expanded,bing_cn,Bing 中文联想,https://api.bing.com/osjson.aspx?query=vpn%E5%85%8D%E8%B4%B9%E8%8A%82%E7%82%B9&mkt=zh-CN,vpn免费节点,二级扩展,11,vpn免费节点加速器,vpn免费节点加速器,2026-09-08T01:38:00+00:00
expanded,bing_cn,Bing 中文联想,https://api.bing.com/osjson.aspx?query=vpn%E5%85%8D%E8%B4%B9%E8%8A%82%E7%82%B9&mkt=zh-CN,vpn免费节点,二级扩展,12,vpn免费节点网站,vpn免费节点网站,2026-09-08T01:38:00+00:00
expanded,google_web,Google Web 联想,https://suggestqueries.google.com/complete/search?client=firefox&hl=zh-CN&gl=cn&q=vpn%E5%AE%89%E5%8D%93%E4%B8%8B%E8%BD%BD,vpn安卓下载,二级扩展,1,vpn安卓下载,vpn安卓下载,2026-09-08T01:38:00+00:00
expanded,google_youtube,Google/YouTube 联想,https://suggestqueries.google.com/complete/search?client=firefox&hl=zh-CN&gl=cn&ds=yt&q=vpn%E5%AE%89%E5%8D%93%E4%B8%8B%E8%BD%BD,vpn安卓下载,二级扩展,1,vpn安卓下载,vpn安卓下载,2026-09-08T01:38:00+00:00
expanded,google_youtube,Google/YouTube 联想,https://suggestqueries.google.com/complete/search?client=firefox&hl=zh-CN&gl=cn&ds=yt&q=vpn%E5%AE%89%E5%8D%93%E4%B8%8B%E8%BD%BD,vpn安卓下载,二级扩展,2,vpn免費安卓下载,vpn免费安卓下载,2026-09-08T01:38:00+00:00
expanded,bing_cn,Bing 中文联想,https://api.bing.com/osjson.aspx?query=vpn%E5%AE%89%E5%8D%93%E4%B8%8B%E8%BD%BD&mkt=zh-CN,vpn安卓下载,二级扩展,1,vpn安卓下载,vpn安卓下载,2026-09-08T01:38:00+00:00
expanded,bing_cn,Bing 中文联想,https://api.bing.com/osjson.aspx?query=vpn%E5%AE%89%E5%8D%93%E4%B8%8B%E8%BD%BD&mkt=zh-CN,vpn安卓下载,二级扩展,2,vpn安卓下载免费,vpn安卓下载免费,2026-09-08T01:38:00+00:00
expanded,bing_cn,Bing 中文联想,https://api.bing.com/osjson.aspx?query=vpn%E5%AE%89%E5%8D%93%E4%B8%8B%E8%BD%BD&mkt=zh-CN,vpn安卓下载,二级扩展,3,vpn安卓下载apk,vpn安卓下载apk,2026-09-08T01:38:00+00:00
expanded,bing_cn,Bing 中文联想,https://api.bing.com/osjson.aspx?query=vpn%E5%AE%89%E5%8D%93%E4%B8%8B%E8%BD%BD&mkt=zh-CN,vpn安卓下载,二级扩展,4,vpn安卓下载安装,vpn安卓下载安装,2026-09-08T01:38:00+00:00
expanded,bing_cn,Bing 中文联想,https://api.bing.com/osjson.aspx?query=vpn%E5%AE%89%E5%8D%93%E4%B8%8B%E8%BD%BD&mkt=zh-CN,vpn安卓下载,二级扩展,5,vpn安卓下载最新,vpn安卓下载最新,2026-09-08T01:38:00+00:00
expanded,bing_cn,Bing 中文联想,https://api.bing.com/osjson.aspx?query=vpn%E5%AE%89%E5%8D%93%E4%B8%8B%E8%BD%BD&mkt=zh-CN,vpn安卓下载,二级扩展,6,安卓vpn下载,安卓vpn下载,2026-09-08T01:38:00+00:00
expanded,bing_cn,Bing 中文联想,https://api.bing.com/osjson.aspx?query=vpn%E5%AE%89%E5%8D%93%E4%B8%8B%E8%BD%BD&mkt=zh-CN,vpn安卓下载,二级扩展,7,vpn下载安卓,vpn下载安卓,2026-09-08T01:38:00+00:00
expanded,bing_cn,Bing 中文联想,https://api.bing.com/osjson.aspx?query=vpn%E5%AE%89%E5%8D%93%E4%B8%8B%E8%BD%BD&mkt=zh-CN,vpn安卓下载,二级扩展,8,快连vpn安卓下载,快连vpn安卓下载,2026-09-08T01:38:00+00:00
expanded,bing_cn,Bing 中文联想,https://api.bing.com/osjson.aspx?query=vpn%E5%AE%89%E5%8D%93%E4%B8%8B%E8%BD%BD&mkt=zh-CN,vpn安卓下载,二级扩展,9,绿茶vpn下载安卓,绿茶vpn下载安卓,2026-09-08T01:38:00+00:00
expanded,bing_cn,Bing 中文联想,https://api.bing.com/osjson.aspx?query=vpn%E5%AE%89%E5%8D%93%E4%B8%8B%E8%BD%BD&mkt=zh-CN,vpn安卓下载,二级扩展,10,安卓vpn免费下载,安卓vpn免费下载,2026-09-08T01:38:00+00:00
expanded,google_web,Google Web 联想,https://suggestqueries.google.com/complete/search?client=firefox&hl=zh-CN&gl=cn&q=vpn%E5%AE%89%E5%8D%93%E5%85%8D%E8%B4%B9,vpn安卓免费,二级扩展,1,vpn安卓免费,vpn安卓免费,2026-09-08T01:38:00+00:00
expanded,google_youtube,Google/YouTube 联想,https://suggestqueries.google.com/complete/search?client=firefox&hl=zh-CN&gl=cn&ds=yt&q=vpn%E5%AE%89%E5%8D%93%E5%85%8D%E8%B4%B9,vpn安卓免费,二级扩展,1,vpn安卓免费,vpn安卓免费,2026-09-08T01:38:00+00:00
expanded,bing_cn,Bing 中文联想,https://api.bing.com/osjson.aspx?query=vpn%E5%AE%89%E5%8D%93%E5%85%8D%E8%B4%B9&mkt=zh-CN,vpn安卓免费,二级扩展,1,vpn安卓免费,vpn安卓免费,2026-09-08T01:38:00+00:00
expanded,bing_cn,Bing 中文联想,https://api.bing.com/osjson.aspx?query=vpn%E5%AE%89%E5%8D%93%E5%85%8D%E8%B4%B9&mkt=zh-CN,vpn安卓免费,二级扩展,2,vpn安卓免费下载,vpn安卓免费下载,2026-09-08T01:38:00+00:00
expanded,bing_cn,Bing 中文联想,https://api.bing.com/osjson.aspx?query=vpn%E5%AE%89%E5%8D%93%E5%85%8D%E8%B4%B9&mkt=zh-CN,vpn安卓免费,二级扩展,3,vpn安卓免费版,vpn安卓免费版,2026-09-08T01:38:00+00:00
expanded,bing_cn,Bing 中文联想,https://api.bing.com/osjson.aspx?query=vpn%E5%AE%89%E5%8D%93%E5%85%8D%E8%B4%B9&mkt=zh-CN,vpn安卓免费,二级扩展,4,vpn安卓免费推荐,vpn安卓免费推荐,2026-09-08T01:38:00+00:00
expanded,bing_cn,Bing 中文联想,https://api.bing.com/osjson.aspx?query=vpn%E5%AE%89%E5%8D%93%E5%85%8D%E8%B4%B9&mkt=zh-CN,vpn安卓免费,二级扩展,5,vpn安卓免费试用,vpn安卓免费试用,2026-09-08T01:38:00+00:00
expanded,bing_cn,Bing 中文联想,https://api.bing.com/osjson.aspx?query=vpn%E5%AE%89%E5%8D%93%E5%85%8D%E8%B4%B9&mkt=zh-CN,vpn安卓免费,二级扩展,6,vpn安卓免费软件,vpn安卓免费软件,2026-09-08T01:38:00+00:00
expanded,bing_cn,Bing 中文联想,https://api.bing.com/osjson.aspx?query=vpn%E5%AE%89%E5%8D%93%E5%85%8D%E8%B4%B9&mkt=zh-CN,vpn安卓免费,二级扩展,7,vpn安卓免费版下载,vpn安卓免费版下载,2026-09-08T01:38:00+00:00
expanded,bing_cn,Bing 中文联想,https://api.bing.com/osjson.aspx?query=vpn%E5%AE%89%E5%8D%93%E5%85%8D%E8%B4%B9&mkt=zh-CN,vpn安卓免费,二级扩展,8,vpn安卓免费使用下载,vpn安卓免费使用下载,2026-09-08T01:38:00+00:00
expanded,bing_cn,Bing 中文联想,https://api.bing.com/osjson.aspx?query=vpn%E5%AE%89%E5%8D%93%E5%85%8D%E8%B4%B9&mkt=zh-CN,vpn安卓免费,二级扩展,9,安卓免费vpn,安卓免费vpn,2026-09-08T01:38:00+00:00
expanded,bing_cn,Bing 中文联想,https://api.bing.com/osjson.aspx?query=vpn%E5%AE%89%E5%8D%93%E5%85%8D%E8%B4%B9&mkt=zh-CN,vpn安卓免费,二级扩展,10,免费vpn安卓,免费vpn安卓,2026-09-08T01:38:00+00:00
expanded,google_web,Google Web 联想,https://suggestqueries.google.com/complete/search?client=firefox&hl=zh-CN&gl=cn&q=vpn%E6%89%8B%E6%9C%BA%E5%85%8D%E8%B4%B9,vpn手机免费,二级扩展,1,vpn手机免费,vpn手机免费,2026-09-08T01:38:00+00:00
expanded,google_youtube,Google/YouTube 联想,https://suggestqueries.google.com/complete/search?client=firefox&hl=zh-CN&gl=cn&ds=yt&q=vpn%E6%89%8B%E6%9C%BA%E5%85%8D%E8%B4%B9,vpn手机免费,二级扩展,1,vpn手机免費,vpn手机免费,2026-09-08T01:38:00+00:00
expanded,bing_cn,Bing 中文联想,https://api.bing.com/osjson.aspx?query=vpn%E6%89%8B%E6%9C%BA%E5%85%8D%E8%B4%B9&mkt=zh-CN,vpn手机免费,二级扩展,1,vpn手机免费,vpn手机免费,2026-09-08T01:38:00+00:00
expanded,bing_cn,Bing 中文联想,https://api.bing.com/osjson.aspx?query=vpn%E6%89%8B%E6%9C%BA%E5%85%8D%E8%B4%B9&mkt=zh-CN,vpn手机免费,二级扩展,2,vpn手机免费下载,vpn手机免费下载,2026-09-08T01:38:00+00:00
expanded,bing_cn,Bing 中文联想,https://api.bing.com/osjson.aspx?query=vpn%E6%89%8B%E6%9C%BA%E5%85%8D%E8%B4%B9&mkt=zh-CN,vpn手机免费,二级扩展,3,vpn手机免费版,vpn手机免费版,2026-09-08T01:38:00+00:00
expanded,bing_cn,Bing 中文联想,https://api.bing.com/osjson.aspx?query=vpn%E6%89%8B%E6%9C%BA%E5%85%8D%E8%B4%B9&mkt=zh-CN,vpn手机免费,二级扩展,4,vpn手机免费试用,vpn手机免费试用,2026-09-08T01:38:00+00:00
expanded,bing_cn,Bing 中文联想,https://api.bing.com/osjson.aspx?query=vpn%E6%89%8B%E6%9C%BA%E5%85%8D%E8%B4%B9&mkt=zh-CN,vpn手机免费,二级扩展,5,vpn手机免费软件,vpn手机免费软件,2026-09-08T01:38:00+00:00
expanded,bing_cn,Bing 中文联想,https://api.bing.com/osjson.aspx?query=vpn%E6%89%8B%E6%9C%BA%E5%85%8D%E8%B4%B9&mkt=zh-CN,vpn手机免费,二级扩展,6,vpn手机免费加速器,vpn手机免费加速器,2026-09-08T01:38:00+00:00
expanded,bing_cn,Bing 中文联想,https://api.bing.com/osjson.aspx?query=vpn%E6%89%8B%E6%9C%BA%E5%85%8D%E8%B4%B9&mkt=zh-CN,vpn手机免费,二级扩展,7,vpn手机免费ios,vpn手机免费ios,2026-09-08T01:38:00+00:00
expanded,bing_cn,Bing 中文联想,https://api.bing.com/osjson.aspx?query=vpn%E6%89%8B%E6%9C%BA%E5%85%8D%E8%B4%B9&mkt=zh-CN,vpn手机免费,二级扩展,8,手机免费vpn,手机免费vpn,2026-09-08T01:38:00+00:00
expanded,bing_cn,Bing 中文联想,https://api.bing.com/osjson.aspx?query=vpn%E6%89%8B%E6%9C%BA%E5%85%8D%E8%B4%B9&mkt=zh-CN,vpn手机免费,二级扩展,9,手机vpn免费,手机vpn免费,2026-09-08T01:38:00+00:00
expanded,bing_cn,Bing 中文联想,https://api.bing.com/osjson.aspx?query=vpn%E6%89%8B%E6%9C%BA%E5%85%8D%E8%B4%B9&mkt=zh-CN,vpn手机免费,二级扩展,10,免费手机vpn,免费手机vpn,2026-09-08T01:38:00+00:00
expanded,google_web,Google Web 联想,https://suggestqueries.google.com/complete/search?client=firefox&hl=zh-CN&gl=cn&q=vpn%E6%8E%A8%E8%8D%90%E4%BE%BF%E5%AE%9C,vpn推荐便宜,二级扩展,1,vpn 推荐 便宜,vpn推荐便宜,2026-09-08T01:38:00+00:00
expanded,google_web,Google Web 联想,https://suggestqueries.google.com/complete/search?client=firefox&hl=zh-CN&gl=cn&q=vpn%E6%8E%A8%E8%8D%90%E4%BE%BF%E5%AE%9C,vpn推荐便宜,二级扩展,2,vpn 推荐 便宜 好 用,vpn推荐便宜好用,2026-09-08T01:38:00+00:00
expanded,google_youtube,Google/YouTube 联想,https://suggestqueries.google.com/complete/search?client=firefox&hl=zh-CN&gl=cn&ds=yt&q=vpn%E6%8E%A8%E8%8D%90%E4%BE%BF%E5%AE%9C,vpn推荐便宜,二级扩展,1,vpn推荐便宜,vpn推荐便宜,2026-09-08T01:38:00+00:00
expanded,bing_cn,Bing 中文联想,https://api.bing.com/osjson.aspx?query=vpn%E6%8E%A8%E8%8D%90%E4%BE%BF%E5%AE%9C&mkt=zh-CN,vpn推荐便宜,二级扩展,1,vpn推荐便宜,vpn推荐便宜,2026-09-08T01:38:00+00:00
expanded,bing_cn,Bing 中文联想,https://api.bing.com/osjson.aspx?query=vpn%E6%8E%A8%E8%8D%90%E4%BE%BF%E5%AE%9C&mkt=zh-CN,vpn推荐便宜,二级扩展,2,vpn推荐便宜好用,vpn推荐便宜好用,2026-09-08T01:38:00+00:00
expanded,bing_cn,Bing 中文联想,https://api.bing.com/osjson.aspx?query=vpn%E6%8E%A8%E8%8D%90%E4%BE%BF%E5%AE%9C&mkt=zh-CN,vpn推荐便宜,二级扩展,3,便宜vpn推荐,便宜vpn推荐,2026-09-08T01:38:00+00:00
expanded,bing_cn,Bing 中文联想,https://api.bing.com/osjson.aspx?query=vpn%E6%8E%A8%E8%8D%90%E4%BE%BF%E5%AE%9C&mkt=zh-CN,vpn推荐便宜,二级扩展,4,便宜的vpn推荐,便宜的vpn推荐,2026-09-08T01:38:00+00:00
expanded,bing_cn,Bing 中文联想,https://api.bing.com/osjson.aspx?query=vpn%E6%8E%A8%E8%8D%90%E4%BE%BF%E5%AE%9C&mkt=zh-CN,vpn推荐便宜,二级扩展,5,便宜好用的vpn推荐,便宜好用的vpn推荐,2026-09-08T01:38:00+00:00
expanded,bing_cn,Bing 中文联想,https://api.bing.com/osjson.aspx?query=vpn%E6%8E%A8%E8%8D%90%E4%BE%BF%E5%AE%9C&mkt=zh-CN,vpn推荐便宜,二级扩展,6,vpn便宜推荐,vpn便宜推荐,2026-09-08T01:38:00+00:00
expanded,bing_cn,Bing 中文联想,https://api.bing.com/osjson.aspx?query=vpn%E6%8E%A8%E8%8D%90%E4%BE%BF%E5%AE%9C&mkt=zh-CN,vpn推荐便宜,二级扩展,7,好用便宜的vpn推荐,好用便宜的vpn推荐,2026-09-08T01:38:00+00:00
expanded,bing_cn,Bing 中文联想,https://api.bing.com/osjson.aspx?query=vpn%E6%8E%A8%E8%8D%90%E4%BE%BF%E5%AE%9C&mkt=zh-CN,vpn推荐便宜,二级扩展,8,2026年便宜好用的翻墙vpn机场推荐评测,2026年便宜好用的翻墙vpn机场推荐评测,2026-09-08T01:38:00+00:00
expanded,bing_cn,Bing 中文联想,https://api.bing.com/osjson.aspx?query=vpn%E6%8E%A8%E8%8D%90%E4%BE%BF%E5%AE%9C&mkt=zh-CN,vpn推荐便宜,二级扩展,9,便宜好用vpn推荐,便宜好用vpn推荐,2026-09-08T01:38:00+00:00
expanded,google_web,Google Web 联想,https://suggestqueries.google.com/complete/search?client=firefox&hl=zh-CN&gl=cn&q=vpn%E8%8A%82%E7%82%B9%E8%B4%AD%E4%B9%B0,vpn节点购买,二级扩展,1,vpn节点购买,vpn节点购买,2026-09-08T01:38:00+00:00
expanded,google_youtube,Google/YouTube 联想,https://suggestqueries.google.com/complete/search?client=firefox&hl=zh-CN&gl=cn&ds=yt&q=vpn%E8%8A%82%E7%82%B9%E8%B4%AD%E4%B9%B0,vpn节点购买,二级扩展,1,vpn节点购买,vpn节点购买,2026-09-08T01:38:00+00:00
expanded,bing_cn,Bing 中文联想,https://api.bing.com/osjson.aspx?query=vpn%E8%8A%82%E7%82%B9%E8%B4%AD%E4%B9%B0&mkt=zh-CN,vpn节点购买,二级扩展,1,vpn节点购买,vpn节点购买,2026-09-08T01:38:00+00:00
expanded,bing_cn,Bing 中文联想,https://api.bing.com/osjson.aspx?query=vpn%E8%8A%82%E7%82%B9%E8%B4%AD%E4%B9%B0&mkt=zh-CN,vpn节点购买,二级扩展,2,vpn节点购买网站,vpn节点购买网站,2026-09-08T01:38:00+00:00
expanded,bing_cn,Bing 中文联想,https://api.bing.com/osjson.aspx?query=vpn%E8%8A%82%E7%82%B9%E8%B4%AD%E4%B9%B0&mkt=zh-CN,vpn节点购买,二级扩展,3,vpn节点购买平台,vpn节点购买平台,2026-09-08T01:38:00+00:00
expanded,bing_cn,Bing 中文联想,https://api.bing.com/osjson.aspx?query=vpn%E8%8A%82%E7%82%B9%E8%B4%AD%E4%B9%B0&mkt=zh-CN,vpn节点购买,二级扩展,4,vpn节点购买技巧,vpn节点购买技巧,2026-09-08T01:38:00+00:00
expanded,bing_cn,Bing 中文联想,https://api.bing.com/osjson.aspx?query=vpn%E8%8A%82%E7%82%B9%E8%B4%AD%E4%B9%B0&mkt=zh-CN,vpn节点购买,二级扩展,5,vpn节点购买攻略,vpn节点购买攻略,2026-09-08T01:38:00+00:00
expanded,bing_cn,Bing 中文联想,https://api.bing.com/osjson.aspx?query=vpn%E8%8A%82%E7%82%B9%E8%B4%AD%E4%B9%B0&mkt=zh-CN,vpn节点购买,二级扩展,6,vpn节点购买教程,vpn节点购买教程,2026-09-08T01:38:00+00:00
expanded,bing_cn,Bing 中文联想,https://api.bing.com/osjson.aspx?query=vpn%E8%8A%82%E7%82%B9%E8%B4%AD%E4%B9%B0&mkt=zh-CN,vpn节点购买,二级扩展,7,vpn节点购买方法,vpn节点购买方法,2026-09-08T01:38:00+00:00
expanded,bing_cn,Bing 中文联想,https://api.bing.com/osjson.aspx?query=vpn%E8%8A%82%E7%82%B9%E8%B4%AD%E4%B9%B0&mkt=zh-CN,vpn节点购买,二级扩展,8,vpn节点购买比较,vpn节点购买比较,2026-09-08T01:38:00+00:00
expanded,bing_cn,Bing 中文联想,https://api.bing.com/osjson.aspx?query=vpn%E8%8A%82%E7%82%B9%E8%B4%AD%E4%B9%B0&mkt=zh-CN,vpn节点购买,二级扩展,9,vpn节点购买渠道,vpn节点购买渠道,2026-09-08T01:38:00+00:00
expanded,bing_cn,Bing 中文联想,https://api.bing.com/osjson.aspx?query=vpn%E8%8A%82%E7%82%B9%E8%B4%AD%E4%B9%B0&mkt=zh-CN,vpn节点购买,二级扩展,10,vpn节点购买评测,vpn节点购买评测,2026-09-08T01:38:00+00:00
expanded,bing_cn,Bing 中文联想,https://api.bing.com/osjson.aspx?query=vpn%E8%8A%82%E7%82%B9%E8%B4%AD%E4%B9%B0&mkt=zh-CN,vpn节点购买,二级扩展,11,vpn节点购买需求,vpn节点购买需求,2026-09-08T01:38:00+00:00
expanded,bing_cn,Bing 中文联想,https://api.bing.com/osjson.aspx?query=vpn%E8%8A%82%E7%82%B9%E8%B4%AD%E4%B9%B0&mkt=zh-CN,vpn节点购买,二级扩展,12,vpn节点购买优惠,vpn节点购买优惠,2026-09-08T01:38:00+00:00
expanded,google_web,Google Web 联想,https://suggestqueries.google.com/complete/search?client=firefox&hl=zh-CN&gl=cn&q=vpn%E8%8B%B9%E6%9E%9C%E6%89%8B%E6%9C%BA,vpn苹果手机,二级扩展,1,vpn苹果手机,vpn苹果手机,2026-09-08T01:38:00+00:00
expanded,google_youtube,Google/YouTube 联想,https://suggestqueries.google.com/complete/search?client=firefox&hl=zh-CN&gl=cn&ds=yt&q=vpn%E8%8B%B9%E6%9E%9C%E6%89%8B%E6%9C%BA,vpn苹果手机,二级扩展,1,vpn苹果手机,vpn苹果手机,2026-09-08T01:38:00+00:00
expanded,bing_cn,Bing 中文联想,https://api.bing.com/osjson.aspx?query=vpn%E8%8B%B9%E6%9E%9C%E6%89%8B%E6%9C%BA&mkt=zh-CN,vpn苹果手机,二级扩展,1,vpn苹果手机,vpn苹果手机,2026-09-08T01:38:00+00:00
expanded,bing_cn,Bing 中文联想,https://api.bing.com/osjson.aspx?query=vpn%E8%8B%B9%E6%9E%9C%E6%89%8B%E6%9C%BA&mkt=zh-CN,vpn苹果手机,二级扩展,2,vpn苹果手机怎么用,vpn苹果手机怎么用,2026-09-08T01:38:00+00:00
expanded,bing_cn,Bing 中文联想,https://api.bing.com/osjson.aspx?query=vpn%E8%8B%B9%E6%9E%9C%E6%89%8B%E6%9C%BA&mkt=zh-CN,vpn苹果手机,二级扩展,3,vpn苹果手机免费,vpn苹果手机免费,2026-09-08T01:38:00+00:00
expanded,bing_cn,Bing 中文联想,https://api.bing.com/osjson.aspx?query=vpn%E8%8B%B9%E6%9E%9C%E6%89%8B%E6%9C%BA&mkt=zh-CN,vpn苹果手机,二级扩展,4,vpn苹果手机下载,vpn苹果手机下载,2026-09-08T01:38:00+00:00
expanded,bing_cn,Bing 中文联想,https://api.bing.com/osjson.aspx?query=vpn%E8%8B%B9%E6%9E%9C%E6%89%8B%E6%9C%BA&mkt=zh-CN,vpn苹果手机,二级扩展,5,vpn苹果手机推荐,vpn苹果手机推荐,2026-09-08T01:38:00+00:00
expanded,bing_cn,Bing 中文联想,https://api.bing.com/osjson.aspx?query=vpn%E8%8B%B9%E6%9E%9C%E6%89%8B%E6%9C%BA&mkt=zh-CN,vpn苹果手机,二级扩展,6,vpn苹果手机版,vpn苹果手机版,2026-09-08T01:38:00+00:00
expanded,bing_cn,Bing 中文联想,https://api.bing.com/osjson.aspx?query=vpn%E8%8B%B9%E6%9E%9C%E6%89%8B%E6%9C%BA&mkt=zh-CN,vpn苹果手机,二级扩展,7,vpn苹果手机设置,vpn苹果手机设置,2026-09-08T01:38:00+00:00
expanded,bing_cn,Bing 中文联想,https://api.bing.com/osjson.aspx?query=vpn%E8%8B%B9%E6%9E%9C%E6%89%8B%E6%9C%BA&mkt=zh-CN,vpn苹果手机,二级扩展,8,vpn苹果手机软件,vpn苹果手机软件,2026-09-08T01:38:00+00:00
expanded,bing_cn,Bing 中文联想,https://api.bing.com/osjson.aspx?query=vpn%E8%8B%B9%E6%9E%9C%E6%89%8B%E6%9C%BA&mkt=zh-CN,vpn苹果手机,二级扩展,9,vpn 苹果手机端,vpn苹果手机端,2026-09-08T01:38:00+00:00
expanded,bing_cn,Bing 中文联想,https://api.bing.com/osjson.aspx?query=vpn%E8%8B%B9%E6%9E%9C%E6%89%8B%E6%9C%BA&mkt=zh-CN,vpn苹果手机,二级扩展,10,苹果手机vpn,苹果手机vpn,2026-09-08T01:38:00+00:00
expanded,google_web,Google Web 联想,https://suggestqueries.google.com/complete/search?client=firefox&hl=zh-CN&gl=cn&q=vpn%E8%BD%AF%E4%BB%B6%E6%8E%A8%E8%8D%90,vpn软件推荐,二级扩展,1,vpn软件推荐,vpn软件推荐,2026-09-08T01:38:00+00:00
expanded,google_youtube,Google/YouTube 联想,https://suggestqueries.google.com/complete/search?client=firefox&hl=zh-CN&gl=cn&ds=yt&q=vpn%E8%BD%AF%E4%BB%B6%E6%8E%A8%E8%8D%90,vpn软件推荐,二级扩展,1,vpn软件推荐,vpn软件推荐,2026-09-08T01:38:00+00:00
expanded,bing_cn,Bing 中文联想,https://api.bing.com/osjson.aspx?query=vpn%E8%BD%AF%E4%BB%B6%E6%8E%A8%E8%8D%90&mkt=zh-CN,vpn软件推荐,二级扩展,1,vpn软件推荐,vpn软件推荐,2026-09-08T01:38:00+00:00
expanded,bing_cn,Bing 中文联想,https://api.bing.com/osjson.aspx?query=vpn%E8%BD%AF%E4%BB%B6%E6%8E%A8%E8%8D%90&mkt=zh-CN,vpn软件推荐,二级扩展,2,vpn软件推荐安卓,vpn软件推荐安卓,2026-09-08T01:38:00+00:00
expanded,bing_cn,Bing 中文联想,https://api.bing.com/osjson.aspx?query=vpn%E8%BD%AF%E4%BB%B6%E6%8E%A8%E8%8D%90&mkt=zh-CN,vpn软件推荐,二级扩展,3,vpn软件推荐稳定,vpn软件推荐稳定,2026-09-08T01:38:00+00:00
expanded,bing_cn,Bing 中文联想,https://api.bing.com/osjson.aspx?query=vpn%E8%BD%AF%E4%BB%B6%E6%8E%A8%E8%8D%90&mkt=zh-CN,vpn软件推荐,二级扩展,4,vpn软件推荐苹果,vpn软件推荐苹果,2026-09-08T01:38:00+00:00
expanded,bing_cn,Bing 中文联想,https://api.bing.com/osjson.aspx?query=vpn%E8%BD%AF%E4%BB%B6%E6%8E%A8%E8%8D%90&mkt=zh-CN,vpn软件推荐,二级扩展,5,vpn软件推荐ios,vpn软件推荐ios,2026-09-08T01:38:00+00:00
expanded,bing_cn,Bing 中文联想,https://api.bing.com/osjson.aspx?query=vpn%E8%BD%AF%E4%BB%B6%E6%8E%A8%E8%8D%90&mkt=zh-CN,vpn软件推荐,二级扩展,6,vpn软件推荐mac,vpn软件推荐mac,2026-09-08T01:38:00+00:00
expanded,bing_cn,Bing 中文联想,https://api.bing.com/osjson.aspx?query=vpn%E8%BD%AF%E4%BB%B6%E6%8E%A8%E8%8D%90&mkt=zh-CN,vpn软件推荐,二级扩展,7,vpn软件推荐排行榜,vpn软件推荐排行榜,2026-09-08T01:38:00+00:00
expanded,bing_cn,Bing 中文联想,https://api.bing.com/osjson.aspx?query=vpn%E8%BD%AF%E4%BB%B6%E6%8E%A8%E8%8D%90&mkt=zh-CN,vpn软件推荐,二级扩展,8,vpn软件推荐2021,vpn软件推荐2021,2026-09-08T01:38:00+00:00
expanded,bing_cn,Bing 中文联想,https://api.bing.com/osjson.aspx?query=vpn%E8%BD%AF%E4%BB%B6%E6%8E%A8%E8%8D%90&mkt=zh-CN,vpn软件推荐,二级扩展,9,vpn软件推荐linux,vpn软件推荐linux,2026-09-08T01:38:00+00:00
expanded,bing_cn,Bing 中文联想,https://api.bing.com/osjson.aspx?query=vpn%E8%BD%AF%E4%BB%B6%E6%8E%A8%E8%8D%90&mkt=zh-CN,vpn软件推荐,二级扩展,10,vpn软件推荐reddit,vpn软件推荐reddit,2026-09-08T01:38:00+00:00
expanded,bing_cn,Bing 中文联想,https://api.bing.com/osjson.aspx?query=vpn%E8%BD%AF%E4%BB%B6%E6%8E%A8%E8%8D%90&mkt=zh-CN,vpn软件推荐,二级扩展,11,vpn软件推荐window,vpn软件推荐window,2026-09-08T01:38:00+00:00
expanded,bing_cn,Bing 中文联想,https://api.bing.com/osjson.aspx?query=vpn%E8%BD%AF%E4%BB%B6%E6%8E%A8%E8%8D%90&mkt=zh-CN,vpn软件推荐,二级扩展,12,vpn软件推荐youtube,vpn软件推荐youtube,2026-09-08T01:38:00+00:00
expanded,google_web,Google Web 联想,https://suggestqueries.google.com/complete/search?client=firefox&hl=zh-CN&gl=cn&q=vpn%E9%85%8D%E7%BD%AE%E6%96%87%E4%BB%B6,vpn配置文件,二级扩展,1,vpn配置文件,vpn配置文件,2026-09-08T01:38:00+00:00
expanded,google_web,Google Web 联想,https://suggestqueries.google.com/complete/search?client=firefox&hl=zh-CN&gl=cn&q=vpn%E9%85%8D%E7%BD%AE%E6%96%87%E4%BB%B6,vpn配置文件,二级扩展,2,vpn 配置 文件 下载,vpn配置文件下载,2026-09-08T01:38:00+00:00
expanded,google_web,Google Web 联想,https://suggestqueries.google.com/complete/search?client=firefox&hl=zh-CN&gl=cn&q=vpn%E9%85%8D%E7%BD%AE%E6%96%87%E4%BB%B6,vpn配置文件,二级扩展,3,vpn 配置 文件 github,vpn配置文件github,2026-09-08T01:38:00+00:00
expanded,google_youtube,Google/YouTube 联想,https://suggestqueries.google.com/complete/search?client=firefox&hl=zh-CN&gl=cn&ds=yt&q=vpn%E9%85%8D%E7%BD%AE%E6%96%87%E4%BB%B6,vpn配置文件,二级扩展,1,vpn配置文件,vpn配置文件,2026-09-08T01:38:00+00:00
expanded,bing_cn,Bing 中文联想,https://api.bing.com/osjson.aspx?query=vpn%E9%85%8D%E7%BD%AE%E6%96%87%E4%BB%B6&mkt=zh-CN,vpn配置文件,二级扩展,1,vpn配置文件,vpn配置文件,2026-09-08T01:38:00+00:00
expanded,bing_cn,Bing 中文联想,https://api.bing.com/osjson.aspx?query=vpn%E9%85%8D%E7%BD%AE%E6%96%87%E4%BB%B6&mkt=zh-CN,vpn配置文件,二级扩展,2,vpn配置文件下载,vpn配置文件下载,2026-09-08T01:38:00+00:00
expanded,bing_cn,Bing 中文联想,https://api.bing.com/osjson.aspx?query=vpn%E9%85%8D%E7%BD%AE%E6%96%87%E4%BB%B6&mkt=zh-CN,vpn配置文件,二级扩展,3,vpn配置文件购买,vpn配置文件购买,2026-09-08T01:38:00+00:00
expanded,bing_cn,Bing 中文联想,https://api.bing.com/osjson.aspx?query=vpn%E9%85%8D%E7%BD%AE%E6%96%87%E4%BB%B6&mkt=zh-CN,vpn配置文件,二级扩展,4,vpn配置文件是什么,vpn配置文件是什么,2026-09-08T01:38:00+00:00
expanded,bing_cn,Bing 中文联想,https://api.bing.com/osjson.aspx?query=vpn%E9%85%8D%E7%BD%AE%E6%96%87%E4%BB%B6&mkt=zh-CN,vpn配置文件,二级扩展,5,vpn配置文件的位置,vpn配置文件的位置,2026-09-08T01:38:00+00:00
expanded,bing_cn,Bing 中文联想,https://api.bing.com/osjson.aspx?query=vpn%E9%85%8D%E7%BD%AE%E6%96%87%E4%BB%B6&mkt=zh-CN,vpn配置文件,二级扩展,6,vpn配置文件的作用,vpn配置文件的作用,2026-09-08T01:38:00+00:00
expanded,bing_cn,Bing 中文联想,https://api.bing.com/osjson.aspx?query=vpn%E9%85%8D%E7%BD%AE%E6%96%87%E4%BB%B6&mkt=zh-CN,vpn配置文件,二级扩展,7,vpn配置文件的修改,vpn配置文件的修改,2026-09-08T01:38:00+00:00
expanded,bing_cn,Bing 中文联想,https://api.bing.com/osjson.aspx?query=vpn%E9%85%8D%E7%BD%AE%E6%96%87%E4%BB%B6&mkt=zh-CN,vpn配置文件,二级扩展,8,vpn配置文件的备份,vpn配置文件的备份,2026-09-08T01:38:00+00:00
expanded,bing_cn,Bing 中文联想,https://api.bing.com/osjson.aspx?query=vpn%E9%85%8D%E7%BD%AE%E6%96%87%E4%BB%B6&mkt=zh-CN,vpn配置文件,二级扩展,9,vpn配置文件的导出,vpn配置文件的导出,2026-09-08T01:38:00+00:00
expanded,bing_cn,Bing 中文联想,https://api.bing.com/osjson.aspx?query=vpn%E9%85%8D%E7%BD%AE%E6%96%87%E4%BB%B6&mkt=zh-CN,vpn配置文件,二级扩展,10,vpn配置文件的恢复,vpn配置文件的恢复,2026-09-08T01:38:00+00:00
expanded,bing_cn,Bing 中文联想,https://api.bing.com/osjson.aspx?query=vpn%E9%85%8D%E7%BD%AE%E6%96%87%E4%BB%B6&mkt=zh-CN,vpn配置文件,二级扩展,11,vpn配置文件的格式,vpn配置文件的格式,2026-09-08T01:38:00+00:00
expanded,bing_cn,Bing 中文联想,https://api.bing.com/osjson.aspx?query=vpn%E9%85%8D%E7%BD%AE%E6%96%87%E4%BB%B6&mkt=zh-CN,vpn配置文件,二级扩展,12,vpn配置文件的示例,vpn配置文件的示例,2026-09-08T01:38:00+00:00
expanded,google_web,Google Web 联想,https://suggestqueries.google.com/complete/search?client=firefox&hl=zh-CN&gl=cn&q=%E4%BB%A3%E7%90%86%E6%9C%8D%E5%8A%A1%E5%99%A8%E6%90%AD%E5%BB%BA,代理服务器搭建,二级扩展,1,代理服务器搭建,代理服务器搭建,2026-09-08T01:38:00+00:00
expanded,google_youtube,Google/YouTube 联想,https://suggestqueries.google.com/complete/search?client=firefox&hl=zh-CN&gl=cn&ds=yt&q=%E4%BB%A3%E7%90%86%E6%9C%8D%E5%8A%A1%E5%99%A8%E6%90%AD%E5%BB%BA,代理服务器搭建,二级扩展,1,代理服务器搭建,代理服务器搭建,2026-09-08T01:38:00+00:00
expanded,google_youtube,Google/YouTube 联想,https://suggestqueries.google.com/complete/search?client=firefox&hl=zh-CN&gl=cn&ds=yt&q=%E4%BB%A3%E7%90%86%E6%9C%8D%E5%8A%A1%E5%99%A8%E6%90%AD%E5%BB%BA,代理服务器搭建,二级扩展,2,怎么搭建软路由,怎么搭建软路由,2026-09-08T01:38:00+00:00
expanded,bing_cn,Bing 中文联想,https://api.bing.com/osjson.aspx?query=%E4%BB%A3%E7%90%86%E6%9C%8D%E5%8A%A1%E5%99%A8%E6%90%AD%E5%BB%BA&mkt=zh-CN,代理服务器搭建,二级扩展,1,代理服务器搭建,代理服务器搭建,2026-09-08T01:38:00+00:00
expanded,bing_cn,Bing 中文联想,https://api.bing.com/osjson.aspx?query=%E4%BB%A3%E7%90%86%E6%9C%8D%E5%8A%A1%E5%99%A8%E6%90%AD%E5%BB%BA&mkt=zh-CN,代理服务器搭建,二级扩展,2,代理服务器搭建 windows,代理服务器搭建windows,2026-09-08T01:38:00+00:00
expanded,bing_cn,Bing 中文联想,https://api.bing.com/osjson.aspx?query=%E4%BB%A3%E7%90%86%E6%9C%8D%E5%8A%A1%E5%99%A8%E6%90%AD%E5%BB%BA&mkt=zh-CN,代理服务器搭建,二级扩展,3,代理服务器搭建优势,代理服务器搭建优势,2026-09-08T01:38:00+00:00
expanded,bing_cn,Bing 中文联想,https://api.bing.com/osjson.aspx?query=%E4%BB%A3%E7%90%86%E6%9C%8D%E5%8A%A1%E5%99%A8%E6%90%AD%E5%BB%BA&mkt=zh-CN,代理服务器搭建,二级扩展,4,代理服务器搭建原理,代理服务器搭建原理,2026-09-08T01:38:00+00:00
expanded,bing_cn,Bing 中文联想,https://api.bing.com/osjson.aspx?query=%E4%BB%A3%E7%90%86%E6%9C%8D%E5%8A%A1%E5%99%A8%E6%90%AD%E5%BB%BA&mkt=zh-CN,代理服务器搭建,二级扩展,5,代理服务器搭建视频,代理服务器搭建视频,2026-09-08T01:38:00+00:00
expanded,bing_cn,Bing 中文联想,https://api.bing.com/osjson.aspx?query=%E4%BB%A3%E7%90%86%E6%9C%8D%E5%8A%A1%E5%99%A8%E6%90%AD%E5%BB%BA&mkt=zh-CN,代理服务器搭建,二级扩展,6,代理服务器搭建需求,代理服务器搭建需求,2026-09-08T01:38:00+00:00
expanded,bing_cn,Bing 中文联想,https://api.bing.com/osjson.aspx?query=%E4%BB%A3%E7%90%86%E6%9C%8D%E5%8A%A1%E5%99%A8%E6%90%AD%E5%BB%BA&mkt=zh-CN,代理服务器搭建,二级扩展,7,代理服务器搭建注意事项,代理服务器搭建注意事项,2026-09-08T01:38:00+00:00
expanded,bing_cn,Bing 中文联想,https://api.bing.com/osjson.aspx?query=%E4%BB%A3%E7%90%86%E6%9C%8D%E5%8A%A1%E5%99%A8%E6%90%AD%E5%BB%BA&mkt=zh-CN,代理服务器搭建,二级扩展,8,代理服务器搭建教程,代理服务器搭建教程,2026-09-08T01:38:00+00:00
expanded,bing_cn,Bing 中文联想,https://api.bing.com/osjson.aspx?query=%E4%BB%A3%E7%90%86%E6%9C%8D%E5%8A%A1%E5%99%A8%E6%90%AD%E5%BB%BA&mkt=zh-CN,代理服务器搭建,二级扩展,9,代理服务器搭建 linux,代理服务器搭建linux,2026-09-08T01:38:00+00:00
expanded,bing_cn,Bing 中文联想,https://api.bing.com/osjson.aspx?query=%E4%BB%A3%E7%90%86%E6%9C%8D%E5%8A%A1%E5%99%A8%E6%90%AD%E5%BB%BA&mkt=zh-CN,代理服务器搭建,二级扩展,10,代理服务器搭建工具,代理服务器搭建工具,2026-09-08T01:38:00+00:00
expanded,bing_cn,Bing 中文联想,https://api.bing.com/osjson.aspx?query=%E4%BB%A3%E7%90%86%E6%9C%8D%E5%8A%A1%E5%99%A8%E6%90%AD%E5%BB%BA&mkt=zh-CN,代理服务器搭建,二级扩展,11,代理服务器搭建方法,代理服务器搭建方法,2026-09-08T01:38:00+00:00
expanded,bing_cn,Bing 中文联想,https://api.bing.com/osjson.aspx?query=%E4%BB%A3%E7%90%86%E6%9C%8D%E5%8A%A1%E5%99%A8%E6%90%AD%E5%BB%BA&mkt=zh-CN,代理服务器搭建,二级扩展,12,代理服务器搭建步骤,代理服务器搭建步骤,2026-09-08T01:38:00+00:00
expanded,baidu,百度联想,https://suggestion.baidu.com/su?wd=%E4%BB%A3%E7%90%86%E6%9C%8D%E5%8A%A1%E5%99%A8%E6%90%AD%E5%BB%BA&cb=cb,代理服务器搭建,二级扩展,1,代理服务器搭建,代理服务器搭建,2026-09-08T01:38:00+00:00
expanded,baidu,百度联想,https://suggestion.baidu.com/su?wd=%E4%BB%A3%E7%90%86%E6%9C%8D%E5%8A%A1%E5%99%A8%E6%90%AD%E5%BB%BA&cb=cb,代理服务器搭建,二级扩展,2,代理服务器搭建教程,代理服务器搭建教程,2026-09-08T01:38:00+00:00
expanded,baidu,百度联想,https://suggestion.baidu.com/su?wd=%E4%BB%A3%E7%90%86%E6%9C%8D%E5%8A%A1%E5%99%A8%E6%90%AD%E5%BB%BA&cb=cb,代理服务器搭建,二级扩展,3,代理服务器搭建工具,代理服务器搭建工具,2026-09-08T01:38:00+00:00
expanded,baidu,百度联想,https://suggestion.baidu.com/su?wd=%E4%BB%A3%E7%90%86%E6%9C%8D%E5%8A%A1%E5%99%A8%E6%90%AD%E5%BB%BA&cb=cb,代理服务器搭建,二级扩展,4,代理服务器搭建有哪些工具,代理服务器搭建有哪些工具,2026-09-08T01:38:00+00:00
expanded,baidu,百度联想,https://suggestion.baidu.com/su?wd=%E4%BB%A3%E7%90%86%E6%9C%8D%E5%8A%A1%E5%99%A8%E6%90%AD%E5%BB%BA&cb=cb,代理服务器搭建,二级扩展,5,代理服务器搭建方案,代理服务器搭建方案,2026-09-08T01:38:00+00:00
expanded,baidu,百度联想,https://suggestion.baidu.com/su?wd=%E4%BB%A3%E7%90%86%E6%9C%8D%E5%8A%A1%E5%99%A8%E6%90%AD%E5%BB%BA&cb=cb,代理服务器搭建,二级扩展,6,代理服务器搭建方法,代理服务器搭建方法,2026-09-08T01:38:00+00:00
expanded,baidu,百度联想,https://suggestion.baidu.com/su?wd=%E4%BB%A3%E7%90%86%E6%9C%8D%E5%8A%A1%E5%99%A8%E6%90%AD%E5%BB%BA&cb=cb,代理服务器搭建,二级扩展,7,代理服务器部署,代理服务器部署,2026-09-08T01:38:00+00:00
expanded,baidu,百度联想,https://suggestion.baidu.com/su?wd=%E4%BB%A3%E7%90%86%E6%9C%8D%E5%8A%A1%E5%99%A8%E6%90%AD%E5%BB%BA&cb=cb,代理服务器搭建,二级扩展,8,代理服务器v,代理服务器v,2026-09-08T01:38:00+00:00
expanded,baidu,百度联想,https://suggestion.baidu.com/su?wd=%E4%BB%A3%E7%90%86%E6%9C%8D%E5%8A%A1%E5%99%A8%E6%90%AD%E5%BB%BA&cb=cb,代理服务器搭建,二级扩展,9,代理服务器安装配置,代理服务器安装配置,2026-09-08T01:38:00+00:00
expanded,baidu,百度联想,https://suggestion.baidu.com/su?wd=%E4%BB%A3%E7%90%86%E6%9C%8D%E5%8A%A1%E5%99%A8%E6%90%AD%E5%BB%BA&cb=cb,代理服务器搭建,二级扩展,10,代理服务器使用方法,代理服务器使用方法,2026-09-08T01:38:00+00:00
expanded,bing_cn,Bing 中文联想,https://api.bing.com/osjson.aspx?query=%E5%9B%9E%E5%9B%BD%E5%8A%A0%E9%80%9F%E5%99%A8%E5%85%8D%E8%B4%B9&mkt=zh-CN,回国加速器免费,二级扩展,1,回国加速器免费,回国加速器免费,2026-09-08T01:38:00+00:00
expanded,bing_cn,Bing 中文联想,https://api.bing.com/osjson.aspx?query=%E5%9B%9E%E5%9B%BD%E5%8A%A0%E9%80%9F%E5%99%A8%E5%85%8D%E8%B4%B9&mkt=zh-CN,回国加速器免费,二级扩展,2,回国加速器免费永久版,回国加速器免费永久版,2026-09-08T01:38:00+00:00
expanded,bing_cn,Bing 中文联想,https://api.bing.com/osjson.aspx?query=%E5%9B%9E%E5%9B%BD%E5%8A%A0%E9%80%9F%E5%99%A8%E5%85%8D%E8%B4%B9&mkt=zh-CN,回国加速器免费,二级扩展,3,回国加速器免费 电脑,回国加速器免费电脑,2026-09-08T01:38:00+00:00
expanded,bing_cn,Bing 中文联想,https://api.bing.com/osjson.aspx?query=%E5%9B%9E%E5%9B%BD%E5%8A%A0%E9%80%9F%E5%99%A8%E5%85%8D%E8%B4%B9&mkt=zh-CN,回国加速器免费,二级扩展,4,回国加速器免费下载,回国加速器免费下载,2026-09-08T01:38:00+00:00
expanded,bing_cn,Bing 中文联想,https://api.bing.com/osjson.aspx?query=%E5%9B%9E%E5%9B%BD%E5%8A%A0%E9%80%9F%E5%99%A8%E5%85%8D%E8%B4%B9&mkt=zh-CN,回国加速器免费,二级扩展,5,回国加速器免费推荐,回国加速器免费推荐,2026-09-08T01:38:00+00:00
expanded,bing_cn,Bing 中文联想,https://api.bing.com/osjson.aspx?query=%E5%9B%9E%E5%9B%BD%E5%8A%A0%E9%80%9F%E5%99%A8%E5%85%8D%E8%B4%B9&mkt=zh-CN,回国加速器免费,二级扩展,6,回国加速器免费版,回国加速器免费版,2026-09-08T01:38:00+00:00
expanded,bing_cn,Bing 中文联想,https://api.bing.com/osjson.aspx?query=%E5%9B%9E%E5%9B%BD%E5%8A%A0%E9%80%9F%E5%99%A8%E5%85%8D%E8%B4%B9&mkt=zh-CN,回国加速器免费,二级扩展,7,回国加速器免费加速,回国加速器免费加速,2026-09-08T01:38:00+00:00
expanded,bing_cn,Bing 中文联想,https://api.bing.com/osjson.aspx?query=%E5%9B%9E%E5%9B%BD%E5%8A%A0%E9%80%9F%E5%99%A8%E5%85%8D%E8%B4%B9&mkt=zh-CN,回国加速器免费,二级扩展,8,免费回国加速器,免费回国加速器,2026-09-08T01:38:00+00:00
expanded,bing_cn,Bing 中文联想,https://api.bing.com/osjson.aspx?query=%E5%9B%9E%E5%9B%BD%E5%8A%A0%E9%80%9F%E5%99%A8%E5%85%8D%E8%B4%B9&mkt=zh-CN,回国加速器免费,二级扩展,9,加速器回国免费,加速器回国免费,2026-09-08T01:38:00+00:00
expanded,bing_cn,Bing 中文联想,https://api.bing.com/osjson.aspx?query=%E5%9B%9E%E5%9B%BD%E5%8A%A0%E9%80%9F%E5%99%A8%E5%85%8D%E8%B4%B9&mkt=zh-CN,回国加速器免费,二级扩展,10,回国免费加速器,回国免费加速器,2026-09-08T01:38:00+00:00
expanded,google_web,Google Web 联想,https://suggestqueries.google.com/complete/search?client=firefox&hl=zh-CN&gl=cn&q=%E6%89%8B%E6%B8%B8%E5%8A%A0%E9%80%9F%E5%99%A8%E6%8E%A8%E8%8D%90,手游加速器推荐,二级扩展,1,手游加速器推荐,手游加速器推荐,2026-09-08T01:38:00+00:00
expanded,google_youtube,Google/YouTube 联想,https://suggestqueries.google.com/complete/search?client=firefox&hl=zh-CN&gl=cn&ds=yt&q=%E6%89%8B%E6%B8%B8%E5%8A%A0%E9%80%9F%E5%99%A8%E6%8E%A8%E8%8D%90,手游加速器推荐,二级扩展,1,手游加速器推荐,手游加速器推荐,2026-09-08T01:38:00+00:00
expanded,bing_cn,Bing 中文联想,https://api.bing.com/osjson.aspx?query=%E6%89%8B%E6%B8%B8%E5%8A%A0%E9%80%9F%E5%99%A8%E6%8E%A8%E8%8D%90&mkt=zh-CN,手游加速器推荐,二级扩展,1,手游加速器推荐,手游加速器推荐,2026-09-08T01:38:00+00:00
expanded,bing_cn,Bing 中文联想,https://api.bing.com/osjson.aspx?query=%E6%89%8B%E6%B8%B8%E5%8A%A0%E9%80%9F%E5%99%A8%E6%8E%A8%E8%8D%90&mkt=zh-CN,手游加速器推荐,二级扩展,2,手游加速器推荐免费,手游加速器推荐免费,2026-09-08T01:38:00+00:00
expanded,bing_cn,Bing 中文联想,https://api.bing.com/osjson.aspx?query=%E6%89%8B%E6%B8%B8%E5%8A%A0%E9%80%9F%E5%99%A8%E6%8E%A8%E8%8D%90&mkt=zh-CN,手游加速器推荐,二级扩展,3,加速器排行榜免费游戏网游手游网络游戏加速器推荐,加速器排行榜免费游戏网游手游网络游戏加速器推荐,2026-09-08T01:38:00+00:00
expanded,bing_cn,Bing 中文联想,https://api.bing.com/osjson.aspx?query=%E6%89%8B%E6%B8%B8%E5%8A%A0%E9%80%9F%E5%99%A8%E6%8E%A8%E8%8D%90&mkt=zh-CN,手游加速器推荐,二级扩展,4,免费的手游加速器推荐,免费的手游加速器推荐,2026-09-08T01:38:00+00:00
expanded,bing_cn,Bing 中文联想,https://api.bing.com/osjson.aspx?query=%E6%89%8B%E6%B8%B8%E5%8A%A0%E9%80%9F%E5%99%A8%E6%8E%A8%E8%8D%90&mkt=zh-CN,手游加速器推荐,二级扩展,5,逆水寒手游加速器推荐,逆水寒手游加速器推荐,2026-09-08T01:38:00+00:00
expanded,bing_cn,Bing 中文联想,https://api.bing.com/osjson.aspx?query=%E6%89%8B%E6%B8%B8%E5%8A%A0%E9%80%9F%E5%99%A8%E6%8E%A8%E8%8D%90&mkt=zh-CN,手游加速器推荐,二级扩展,6,免费手游加速器推荐,免费手游加速器推荐,2026-09-08T01:38:00+00:00
expanded,bing_cn,Bing 中文联想,https://api.bing.com/osjson.aspx?query=%E6%89%8B%E6%B8%B8%E5%8A%A0%E9%80%9F%E5%99%A8%E6%8E%A8%E8%8D%90&mkt=zh-CN,手游加速器推荐,二级扩展,7,dnf韩服手游加速器推荐,dnf韩服手游加速器推荐,2026-09-08T01:38:00+00:00
expanded,bing_cn,Bing 中文联想,https://api.bing.com/osjson.aspx?query=%E6%89%8B%E6%B8%B8%E5%8A%A0%E9%80%9F%E5%99%A8%E6%8E%A8%E8%8D%90&mkt=zh-CN,手游加速器推荐,二级扩展,8,逆水寒手游血河加速器推荐,逆水寒手游血河加速器推荐,2026-09-08T01:38:00+00:00
expanded,bing_cn,Bing 中文联想,https://api.bing.com/osjson.aspx?query=%E6%89%8B%E6%B8%B8%E5%8A%A0%E9%80%9F%E5%99%A8%E6%8E%A8%E8%8D%90&mkt=zh-CN,手游加速器推荐,二级扩展,9,宝可梦冠军手游加速器推荐,宝可梦冠军手游加速器推荐,2026-09-08T01:38:00+00:00
expanded,bing_cn,Bing 中文联想,https://api.bing.com/osjson.aspx?query=%E6%89%8B%E6%B8%B8%E5%8A%A0%E9%80%9F%E5%99%A8%E6%8E%A8%E8%8D%90&mkt=zh-CN,手游加速器推荐,二级扩展,10,手游免费加速器推荐,手游免费加速器推荐,2026-09-08T01:38:00+00:00
input,project_seed,项目种子词,,vpn,VPN核心,0,vpn,vpn,2026-09-08T01:38:00+00:00
input,project_seed,项目种子词,,vpn是什么,VPN核心,0,vpn是什么,vpn是什么,2026-09-08T01:38:00+00:00
input,project_seed,项目种子词,,vpn怎么用,VPN核心,0,vpn怎么用,vpn怎么用,2026-09-08T01:38:00+00:00
input,project_seed,项目种子词,,vpn安全吗,VPN核心,0,vpn安全吗,vpn安全吗,2026-09-08T01:38:00+00:00
input,project_seed,项目种子词,,vpn哪个好,VPN核心,0,vpn哪个好,vpn哪个好,2026-09-08T01:38:00+00:00
input,project_seed,项目种子词,,vpn软件,VPN产品,0,vpn软件,vpn软件,2026-09-08T01:38:00+00:00
input,project_seed,项目种子词,,vpn加速器,VPN产品,0,vpn加速器,vpn加速器,2026-09-08T01:38:00+00:00
input,project_seed,项目种子词,,vpn下载,VPN产品,0,vpn下载,vpn下载,2026-09-08T01:38:00+00:00
input,project_seed,项目种子词,,vpn免费,VPN产品,0,vpn免费,vpn免费,2026-09-08T01:38:00+00:00
input,project_seed,项目种子词,,vpn推荐,VPN产品,0,vpn推荐,vpn推荐,2026-09-08T01:38:00+00:00
input,project_seed,项目种子词,,vpn连接,VPN技术,0,vpn连接,vpn连接,2026-09-08T01:38:00+00:00
input,project_seed,项目种子词,,vpn配置,VPN技术,0,vpn配置,vpn配置,2026-09-08T01:38:00+00:00
input,project_seed,项目种子词,,vpn设置,VPN技术,0,vpn设置,vpn设置,2026-09-08T01:38:00+00:00
input,project_seed,项目种子词,,vpn服务器,VPN技术,0,vpn服务器,vpn服务器,2026-09-08T01:38:00+00:00
input,project_seed,项目种子词,,vpn客户端,VPN产品,0,vpn客户端,vpn客户端,2026-09-08T01:38:00+00:00
input,project_seed,项目种子词,,vpn节点,VPN技术,0,vpn节点,vpn节点,2026-09-08T01:38:00+00:00
input,project_seed,项目种子词,,vpn协议,VPN技术,0,vpn协议,vpn协议,2026-09-08T01:38:00+00:00
input,project_seed,项目种子词,,vpn路由器,VPN技术,0,vpn路由器,vpn路由器,2026-09-08T01:38:00+00:00
input,project_seed,项目种子词,,vpn电脑,VPN产品,0,vpn电脑,vpn电脑,2026-09-08T01:38:00+00:00
input,project_seed,项目种子词,,vpn手机,VPN产品,0,vpn手机,vpn手机,2026-09-08T01:38:00+00:00
input,project_seed,项目种子词,,vpn安卓,VPN产品,0,vpn安卓,vpn安卓,2026-09-08T01:38:00+00:00
input,project_seed,项目种子词,,vpn苹果,VPN产品,0,vpn苹果,vpn苹果,2026-09-08T01:38:00+00:00
input,project_seed,项目种子词,,企业vpn,企业办公,0,企业vpn,企业vpn,2026-09-08T01:38:00+00:00
input,project_seed,项目种子词,,远程办公vpn,企业办公,0,远程办公vpn,远程办公vpn,2026-09-08T01:38:00+00:00
input,project_seed,项目种子词,,虚拟专用网络,VPN核心,0,虚拟专用网络,虚拟专用网络,2026-09-08T01:38:00+00:00
input,project_seed,项目种子词,,虚拟私人网络,VPN核心,0,虚拟私人网络,虚拟私人网络,2026-09-08T01:38:00+00:00
input,project_seed,项目种子词,,ssl vpn,VPN协议,0,ssl vpn,ssl vpn,2026-09-08T01:38:00+00:00
input,project_seed,项目种子词,,ipsec vpn,VPN协议,0,ipsec vpn,ipsec vpn,2026-09-08T01:38:00+00:00
input,project_seed,项目种子词,,openvpn,VPN协议,0,openvpn,openvpn,2026-09-08T01:38:00+00:00
input,project_seed,项目种子词,,wireguard,VPN协议,0,wireguard,wireguard,2026-09-08T01:38:00+00:00
input,project_seed,项目种子词,,跨境网络,跨境外贸,0,跨境网络,跨境网络,2026-09-08T01:38:00+00:00
input,project_seed,项目种子词,,跨境电商网络,跨境外贸,0,跨境电商网络,跨境电商网络,2026-09-08T01:38:00+00:00
input,project_seed,项目种子词,,外贸网络,跨境外贸,0,外贸网络,外贸网络,2026-09-08T01:38:00+00:00
input,project_seed,项目种子词,,海外网络,跨境外贸,0,海外网络,海外网络,2026-09-08T01:38:00+00:00
input,project_seed,项目种子词,,海外专线,跨境外贸,0,海外专线,海外专线,2026-09-08T01:38:00+00:00
input,project_seed,项目种子词,,国际专线,跨境外贸,0,国际专线,国际专线,2026-09-08T01:38:00+00:00
input,project_seed,项目种子词,,跨境专线,跨境外贸,0,跨境专线,跨境专线,2026-09-08T01:38:00+00:00
input,project_seed,项目种子词,,海外加速器,跨境外贸,0,海外加速器,海外加速器,2026-09-08T01:38:00+00:00
input,project_seed,项目种子词,,国际网络加速,跨境外贸,0,国际网络加速,国际网络加速,2026-09-08T01:38:00+00:00
input,project_seed,项目种子词,,tiktok网络,跨境平台,0,tiktok网络,tiktok网络,2026-09-08T01:38:00+00:00
input,project_seed,项目种子词,,亚马逊网络,跨境平台,0,亚马逊网络,亚马逊网络,2026-09-08T01:38:00+00:00
input,project_seed,项目种子词,,海外直播网络,跨境直播,0,海外直播网络,海外直播网络,2026-09-08T01:38:00+00:00
input,project_seed,项目种子词,,跨境直播网络,跨境直播,0,跨境直播网络,跨境直播网络,2026-09-08T01:38:00+00:00
input,project_seed,项目种子词,,回国加速器,跨境网络,0,回国加速器,回国加速器,2026-09-08T01:38:00+00:00
input,project_seed,项目种子词,,网络加速,网络加速,0,网络加速,网络加速,2026-09-08T01:38:00+00:00
input,project_seed,项目种子词,,网络加速器,网络加速,0,网络加速器,网络加速器,2026-09-08T01:38:00+00:00
input,project_seed,项目种子词,,游戏加速器,游戏加速,0,游戏加速器,游戏加速器,2026-09-08T01:38:00+00:00
input,project_seed,项目种子词,,代理服务器,代理IP,0,代理服务器,代理服务器,2026-09-08T01:38:00+00:00
input,project_seed,项目种子词,,静态ip,代理IP,0,静态ip,静态ip,2026-09-08T01:38:00+00:00
input,project_seed,项目种子词,,独立ip,代理IP,0,独立ip,独立ip,2026-09-08T01:38:00+00:00
input,project_seed,项目种子词,,海外ip,代理IP,0,海外ip,海外ip,2026-09-08T01:38:00+00:00
input,project_seed,项目种子词,,住宅ip,代理IP,0,住宅ip,住宅ip,2026-09-08T01:38:00+00:00
input,project_seed,项目种子词,,异地组网,企业办公,0,异地组网,异地组网,2026-09-08T01:38:00+00:00
input,project_seed,项目种子词,,内网穿透,企业办公,0,内网穿透,内网穿透,2026-09-08T01:38:00+00:00
input,project_seed,项目种子词,,防关联,跨境店群,0,防关联,防关联,2026-09-08T01:38:00+00:00
input,project_seed,项目种子词,,多店铺防关联,跨境店群,0,多店铺防关联,多店铺防关联,2026-09-08T01:38:00+00:00
input,project_seed,项目种子词,,sd-wan,企业办公,0,sd-wan,sd-wan,2026-09-08T01:38:00+00:00
input,project_seed,项目种子词,,sase,企业办公,0,sase,sase,2026-09-08T01:38:00+00:00
input,kuaishou_sample,快手视频样本词根,快手视频链接.xlsx,苹果手机vpn设置,快手样本-VPN设置,0,苹果手机vpn设置,苹果手机vpn设置,2026-09-08T01:38:00+00:00
input,kuaishou_sample,快手视频样本词根,快手视频链接.xlsx,手机vpn设置,快手样本-VPN设置,0,手机vpn设置,手机vpn设置,2026-09-08T01:38:00+00:00
input,kuaishou_sample,快手视频样本词根,快手视频链接.xlsx,vpn速度慢,快手样本-VPN排障,0,vpn速度慢,vpn速度慢,2026-09-08T01:38:00+00:00
input,kuaishou_sample,快手视频样本词根,快手视频链接.xlsx,vpn节点超时,快手样本-VPN排障,0,vpn节点超时,vpn节点超时,2026-09-08T01:38:00+00:00
input,kuaishou_sample,快手视频样本词根,快手视频链接.xlsx,vpn原理,快手样本-VPN科普,0,vpn原理,vpn原理,2026-09-08T01:38:00+00:00
input,kuaishou_sample,快手视频样本词根,快手视频链接.xlsx,vpn修改,快手样本-VPN设置,0,vpn修改,vpn修改,2026-09-08T01:38:00+00:00
input,kuaishou_sample,快手视频样本词根,快手视频链接.xlsx,vpn违法吗,快手样本-VPN法律,0,vpn违法吗,vpn违法吗,2026-09-08T01:38:00+00:00
input,kuaishou_sample,快手视频样本词根,快手视频链接.xlsx,用vpn会被抓吗,快手样本-VPN法律,0,用vpn会被抓吗,用vpn会被抓吗,2026-09-08T01:38:00+00:00
input,kuaishou_sample,快手视频样本词根,快手视频链接.xlsx,翻墙违法吗,快手样本-VPN法律,0,翻墙违法吗,翻墙违法吗,2026-09-08T01:38:00+00:00
input,kuaishou_sample,快手视频样本词根,快手视频链接.xlsx,翻墙会被抓吗,快手样本-VPN法律,0,翻墙会被抓吗,翻墙会被抓吗,2026-09-08T01:38:00+00:00
input,kuaishou_sample,快手视频样本词根,快手视频链接.xlsx,vpn和翻墙的区别,快手样本-VPN科普,0,vpn和翻墙的区别,vpn和翻墙的区别,2026-09-08T01:38:00+00:00
input,kuaishou_sample,快手视频样本词根,快手视频链接.xlsx,vpn法律风险,快手样本-VPN法律,0,vpn法律风险,vpn法律风险,2026-09-08T01:38:00+00:00
input,kuaishou_sample,快手视频样本词根,快手视频链接.xlsx,vpn行政处罚,快手样本-VPN法律,0,vpn行政处罚,vpn行政处罚,2026-09-08T01:38:00+00:00
input,kuaishou_sample,快手视频样本词根,快手视频链接.xlsx,翻墙,快手样本-关联表达,0,翻墙,翻墙,2026-09-08T01:38:00+00:00
input,kuaishou_sample,快手视频样本词根,快手视频链接.xlsx,外网,快手样本-关联表达,0,外网,外网,2026-09-08T01:38:00+00:00
input,kuaishou_sample,快手视频样本词根,快手视频链接.xlsx,访问外网,快手样本-关联表达,0,访问外网,访问外网,2026-09-08T01:38:00+00:00
input,kuaishou_sample,快手视频样本词根,快手视频链接.xlsx,梯子,快手样本-关联表达,0,梯子,梯子,2026-09-08T01:38:00+00:00
input,kuaishou_sample,快手视频样本词根,快手视频链接.xlsx,网络用语梯子,快手样本-关联表达,0,网络用语梯子,网络用语梯子,2026-09-08T01:38:00+00:00
input,kuaishou_sample,快手视频样本词根,快手视频链接.xlsx,科学上网,快手样本-关联表达,0,科学上网,科学上网,2026-09-08T01:38:00+00:00
input,kuaishou_sample,快手视频样本词根,快手视频链接.xlsx,魔法上网,快手样本-关联表达,0,魔法上网,魔法上网,2026-09-08T01:38:00+00:00
input,kuaishou_sample,快手视频样本词根,快手视频链接.xlsx,境外网站,快手样本-海外访问,0,境外网站,境外网站,2026-09-08T01:38:00+00:00
input,kuaishou_sample,快手视频样本词根,快手视频链接.xlsx,国外软件不能用,快手样本-海外访问,0,国外软件不能用,国外软件不能用,2026-09-08T01:38:00+00:00
input,kuaishou_sample,快手视频样本词根,快手视频链接.xlsx,海外软件下载,快手样本-海外访问,0,海外软件下载,海外软件下载,2026-09-08T01:38:00+00:00
input,kuaishou_sample,快手视频样本词根,快手视频链接.xlsx,海外应用商店,快手样本-海外访问,0,海外应用商店,海外应用商店,2026-09-08T01:38:00+00:00
input,kuaishou_sample,快手视频样本词根,快手视频链接.xlsx,海外app下载,快手样本-海外访问,0,海外app下载,海外app下载,2026-09-08T01:38:00+00:00
input,kuaishou_sample,快手视频样本词根,快手视频链接.xlsx,锁国区,快手样本-海外访问,0,锁国区,锁国区,2026-09-08T01:38:00+00:00
input,kuaishou_sample,快手视频样本词根,快手视频链接.xlsx,国区限制,快手样本-海外访问,0,国区限制,国区限制,2026-09-08T01:38:00+00:00
input,kuaishou_sample,快手视频样本词根,快手视频链接.xlsx,tiktok网络环境异常,快手样本-跨境平台,0,tiktok网络环境异常,tiktok网络环境异常,2026-09-08T01:38:00+00:00
input,kuaishou_sample,快手视频样本词根,快手视频链接.xlsx,tiktok无网络连接,快手样本-跨境平台,0,tiktok无网络连接,tiktok无网络连接,2026-09-08T01:38:00+00:00
input,kuaishou_sample,快手视频样本词根,快手视频链接.xlsx,telegram一直连接中,快手样本-跨境平台,0,telegram一直连接中,telegram一直连接中,2026-09-08T01:38:00+00:00
input,kuaishou_sample,快手视频样本词根,快手视频链接.xlsx,telegram连接不上,快手样本-跨境平台,0,telegram连接不上,telegram连接不上,2026-09-08T01:38:00+00:00
input,kuaishou_sample,快手视频样本词根,快手视频链接.xlsx,shadowrocket连接不上,快手样本-跨境平台,0,shadowrocket连接不上,shadowrocket连接不上,2026-09-08T01:38:00+00:00
input,kuaishou_sample,快手视频样本词根,快手视频链接.xlsx,跨境电商网络环境,快手样本-跨境电商,0,跨境电商网络环境,跨境电商网络环境,2026-09-08T01:38:00+00:00
input,kuaishou_sample,快手视频样本词根,快手视频链接.xlsx,跨境电商网络环境搭建,快手样本-跨境电商,0,跨境电商网络环境搭建,跨境电商网络环境搭建,2026-09-08T01:38:00+00:00
input,kuaishou_sample,快手视频样本词根,快手视频链接.xlsx,虚拟局域网,快手样本-网络技术,0,虚拟局域网,虚拟局域网,2026-09-08T01:38:00+00:00
input,kuaishou_sample,快手视频样本词根,快手视频链接.xlsx,apn设置,快手样本-移动网络,0,apn设置,apn设置,2026-09-08T01:38:00+00:00
input,kuaishou_sample,快手视频样本词根,快手视频链接.xlsx,全球节点,快手样本-节点,0,全球节点,全球节点,2026-09-08T01:38:00+00:00
input,kuaishou_sample,快手视频样本词根,快手视频链接.xlsx,网络延迟卡顿,快手样本-网络排障,0,网络延迟卡顿,网络延迟卡顿,2026-09-08T01:38:00+00:00
input,kuaishou_sample,快手视频样本词根,快手视频链接.xlsx,游戏网络延迟,快手样本-游戏网络,0,游戏网络延迟,游戏网络延迟,2026-09-08T01:38:00+00:00
input,kuaishou_sample,快手视频样本词根,快手视频链接.xlsx,海外网络卡顿,快手样本-海外访问,0,海外网络卡顿,海外网络卡顿,2026-09-08T01:38:00+00:00
input,kuaishou_sample,快手视频样本词根,快手视频链接.xlsx,海外留学生网络卡顿,快手样本-海外访问,0,海外留学生网络卡顿,海外留学生网络卡顿,2026-09-08T01:38:00+00:00
input,kuaishou_sample,快手视频样本词根,快手视频链接.xlsx,校园网卡顿,快手样本-校园网,0,校园网卡顿,校园网卡顿,2026-09-08T01:38:00+00:00
input,kuaishou_sample,快手视频样本词根,快手视频链接.xlsx,校园网vpn,快手样本-校园网,0,校园网vpn,校园网vpn,2026-09-08T01:38:00+00:00
input,kuaishou_sample,快手视频样本词根,快手视频链接.xlsx,高ping,快手样本-网络排障,0,高ping,高ping,2026-09-08T01:38:00+00:00
input,kuaishou_sample,快手视频样本词根,快手视频链接.xlsx,随身wifi,快手样本-移动网络,0,随身wifi,随身wifi,2026-09-08T01:38:00+00:00
input,kuaishou_sample,快手视频样本词根,快手视频链接.xlsx,随身无线宽带,快手样本-移动网络,0,随身无线宽带,随身无线宽带,2026-09-08T01:38:00+00:00
input,kuaishou_sample,快手视频样本词根,快手视频链接.xlsx,上网卡,快手样本-移动网络,0,上网卡,上网卡,2026-09-08T01:38:00+00:00
input,kuaishou_sample,快手视频样本词根,快手视频链接.xlsx,手机卡上外网,快手样本-移动网络,0,手机卡上外网,手机卡上外网,2026-09-08T01:38:00+00:00
input,kuaishou_sample,快手视频样本词根,快手视频链接.xlsx,免费加速器,快手样本-加速器,0,免费加速器,免费加速器,2026-09-08T01:38:00+00:00
input,kuaishou_sample,快手视频样本词根,快手视频链接.xlsx,永久免费加速器,快手样本-加速器,0,永久免费加速器,永久免费加速器,2026-09-08T01:38:00+00:00
input,kuaishou_sample,快手视频样本词根,快手视频链接.xlsx,加速器测评,快手样本-加速器,0,加速器测评,加速器测评,2026-09-08T01:38:00+00:00
input,kuaishou_sample,快手视频样本词根,快手视频链接.xlsx,ios加速器测评,快手样本-加速器,0,ios加速器测评,ios加速器测评,2026-09-08T01:38:00+00:00
input,kuaishou_sample,快手视频样本词根,快手视频链接.xlsx,加速器排行榜,快手样本-加速器,0,加速器排行榜,加速器排行榜,2026-09-08T01:38:00+00:00
input,kuaishou_sample,快手视频样本词根,快手视频链接.xlsx,游戏加速器推荐,快手样本-加速器,0,游戏加速器推荐,游戏加速器推荐,2026-09-08T01:38:00+00:00
input,kuaishou_sample,快手视频样本词根,快手视频链接.xlsx,游戏加速器下载,快手样本-加速器,0,游戏加速器下载,游戏加速器下载,2026-09-08T01:38:00+00:00
input,kuaishou_sample,快手视频样本词根,快手视频链接.xlsx,加速器延迟高,快手样本-加速器,0,加速器延迟高,加速器延迟高,2026-09-08T01:38:00+00:00
input,kuaishou_sample,快手视频样本词根,快手视频链接.xlsx,加速器卡顿,快手样本-加速器,0,加速器卡顿,加速器卡顿,2026-09-08T01:38:00+00:00
input,kuaishou_sample,快手视频样本词根,快手视频链接.xlsx,加速器免费时长,快手样本-加速器,0,加速器免费时长,加速器免费时长,2026-09-08T01:38:00+00:00
input,kuaishou_sample,快手视频样本词根,快手视频链接.xlsx,加速器直装,快手样本-加速器,0,加速器直装,加速器直装,2026-09-08T01:38:00+00:00
input,kuaishou_sample,快手视频样本词根,快手视频链接.xlsx,国际服加速器,快手样本-游戏加速,0,国际服加速器,国际服加速器,2026-09-08T01:38:00+00:00
input,kuaishou_sample,快手视频样本词根,快手视频链接.xlsx,国际服下载加速,快手样本-游戏加速,0,国际服下载加速,国际服下载加速,2026-09-08T01:38:00+00:00
input,kuaishou_sample,快手视频样本词根,快手视频链接.xlsx,steam游戏加速器,快手样本-游戏加速,0,steam游戏加速器,steam游戏加速器,2026-09-08T01:38:00+00:00
input,kuaishou_sample,快手视频样本词根,快手视频链接.xlsx,pubg加速器,快手样本-游戏加速,0,pubg加速器,pubg加速器,2026-09-08T01:38:00+00:00
input,kuaishou_sample,快手视频样本词根,快手视频链接.xlsx,和平精英加速器,快手样本-游戏加速,0,和平精英加速器,和平精英加速器,2026-09-08T01:38:00+00:00
input,kuaishou_sample,快手视频样本词根,快手视频链接.xlsx,地铁逃生加速器,快手样本-游戏加速,0,地铁逃生加速器,地铁逃生加速器,2026-09-08T01:38:00+00:00
input,kuaishou_sample,快手视频样本词根,快手视频链接.xlsx,apex英雄加速器,快手样本-游戏加速,0,apex英雄加速器,apex英雄加速器,2026-09-08T01:38:00+00:00
input,kuaishou_sample,快手视频样本词根,快手视频链接.xlsx,对峙2加速器,快手样本-游戏加速,0,对峙2加速器,对峙2加速器,2026-09-08T01:38:00+00:00
input,kuaishou_sample,快手视频样本词根,快手视频链接.xlsx,荒野乱斗国际服加速器,快手样本-游戏加速,0,荒野乱斗国际服加速器,荒野乱斗国际服加速器,2026-09-08T01:38:00+00:00
input,kuaishou_sample,快手视频样本词根,快手视频链接.xlsx,氧化物生存岛加速器,快手样本-游戏加速,0,氧化物生存岛加速器,氧化物生存岛加速器,2026-09-08T01:38:00+00:00
input,kuaishou_sample,快手视频样本词根,快手视频链接.xlsx,三角洲日服加速器,快手样本-游戏加速,0,三角洲日服加速器,三角洲日服加速器,2026-09-08T01:38:00+00:00
input,kuaishou_sample,快手视频样本词根,快手视频链接.xlsx,球球大作战加速器,快手样本-游戏加速,0,球球大作战加速器,球球大作战加速器,2026-09-08T01:38:00+00:00
input,kuaishou_sample,快手视频样本词根,快手视频链接.xlsx,迅游加速器,快手样本-加速器品牌,0,迅游加速器,迅游加速器,2026-09-08T01:38:00+00:00
input,kuaishou_sample,快手视频样本词根,快手视频链接.xlsx,雷神加速器,快手样本-加速器品牌,0,雷神加速器,雷神加速器,2026-09-08T01:38:00+00:00
input,kuaishou_sample,快手视频样本词根,快手视频链接.xlsx,奇游手游加速器,快手样本-加速器品牌,0,奇游手游加速器,奇游手游加速器,2026-09-08T01:38:00+00:00
input,kuaishou_sample,快手视频样本词根,快手视频链接.xlsx,tt加速器,快手样本-加速器品牌,0,tt加速器,tt加速器,2026-09-08T01:38:00+00:00
input,kuaishou_sample,快手视频样本词根,快手视频链接.xlsx,火箭加速器,快手样本-加速器品牌,0,火箭加速器,火箭加速器,2026-09-08T01:38:00+00:00
input,kuaishou_sample,快手视频样本词根,快手视频链接.xlsx,主机游戏加速器,快手样本-游戏加速,0,主机游戏加速器,主机游戏加速器,2026-09-08T01:38:00+00:00
input,kuaishou_sample,快手视频样本词根,快手视频链接.xlsx,联机游戏加速器,快手样本-游戏加速,0,联机游戏加速器,联机游戏加速器,2026-09-08T01:38:00+00:00
input,kuaishou_sample,快手视频样本词根,快手视频链接.xlsx,手游加速器,快手样本-游戏加速,0,手游加速器,手游加速器,2026-09-08T01:38:00+00:00
input,kuaishou_sample,快手视频样本词根,快手视频链接.xlsx,手机游戏加速器,快手样本-游戏加速,0,手机游戏加速器,手机游戏加速器,2026-09-08T01:38:00+00:00
input,kuaishou_sample,快手视频样本词根,快手视频链接.xlsx,电脑游戏加速器,快手样本-游戏加速,0,电脑游戏加速器,电脑游戏加速器,2026-09-08T01:38:00+00:00
seo_platform_index,5118_index,5118公开长尾词索引,https://www.5118.com/seo/newwords/e6l07l67l15f7de65128666b57295cae47135/,vpn,VPN核心,1,北京大学校园网vpn,北京大学校园网vpn,2026-09-08T01:38:00+00:00
